Slang,Description,Example,Informal_Text_Without_Slang
"""hella""","The term ""hella"" is an informal contraction of ""hell of,"" originating from California's Bay Area in the United States. It is used as an intensifier to emphasize a strong feeling, emotion, or degree. In the sentence ""I'm hella drained today,"" the speaker is expressing extreme feelings of exhaustion or tiredness.",I'm hella drained today.,I'm feeling really tired today.
"""mad""","The slang term ""mad"" as used in the sentence ""I'm mad tired today 'cause I pulled an all-nighter hitting the books,"" is employed to express extreme levels of a particular feeling or state. In this context, ""mad"" signifies being extremely tired. The slang is primarily used among younger individuals and in informal settings, such as peer conversations, text messaging, or social media posts.",I'm mad tired today 'cause I pulled an all-nighter hitting the books.,I'm really tired today because I stayed up late studying.
Chillin',"The slang term ""chillin'"" as used in the phrase ""I'm just chillin’ at home tonight, no cap,"" is commonly employed by English speakers, particularly among youth and informal settings. In this context, ""chillin'"" denotes a state of relaxation, leisure, or doing nothing in particular. It implies that the individual is enjoying a low-key, laid-back atmosphere, often without any specific plans or obligations.","Fr, I’m just chillin’ at home tonight, no cap.","Yeah, I think I'm going to stay in tonight and relax."
Chillin',"The term ""chillin'"" is a colloquial expression frequently employed in informal conversations among English speakers, particularly young adults and adolescents. It denotes a state of relaxation, leisure, and contentment. In the provided example, ""Yo, I'm just chillin' at my place and vibing to some tunes,"" the speaker is conveying that they are peacefully residing in their home while enjoying music.","Yo, I'm just chillin' at my place and vibing to some tunes.","Hey, I'm just relaxing at home and listening to some music."
vibing,"The slang term ""vibing,"" as used in the given context ""Yo, I'm just chillin' at my place and vibing to some tunes,"" refers to enjoying a relaxing atmosphere while listening to music. This term is typically used by younger individuals in casual conversations to express feeling comfortable, content, or immersed while engaging with music or a similar enjoyable activity.","Yo, I'm just chillin' at my place and vibing to some tunes.","Hey, I'm just relaxing at home and listening to some music."
OOTD,"The term 'OOTD' is an acronym for ""Outfit of the Day."" It originated from social media platforms and online communities where individuals share photographs of their daily attire. In a broader context, when used in the sentence ""OOTD, just vibing with the crew today, no cap,"" it indicates that the individual is planning to hang out or spend time with friends while wearing an outfit they find notable or fashionable for that particular day. The phrase ""no cap"" serves as a verbal affirmation that the statement is truthful and not an exaggeration or boast. This slang is primarily used among younger generations, particularly those who are active on social media platforms and value personal appearance and style. It is often utilized in casual, informal conversations and text messaging, reflecting a more modern and trend-conscious approach to communication. The neutral version of this sentence would be ""I'm just planning to hang out with friends this afternoon.""","OOTD, just vibing with the crew today, no cap.",I'm just planning to hang out with friends this afternoon.
vibing,"The slang term ""vibing,"" as used in the phrase ""OOTD, just vibing with the crew today, no cap,"" typically denotes a sense of enjoying oneself, feeling relaxed and having a good time. It is often employed to express a harmonious atmosphere or positive energy within a group.","OOTD, just vibing with the crew today, no cap.",I'm just planning to hang out with friends this afternoon.
no cap,"The term ""no cap"" is a colloquial expression commonly used among younger generations, particularly within digital communities such as social media platforms and online forums. It originated from hip-hop culture and is primarily used to assert that the speaker is being truthful or genuine about their statements.","OOTD, just vibing with the crew today, no cap.",I'm just planning to hang out with friends this afternoon.
Z's,"The term 'Z's', as used in ""Hey, I'm so exhausted today 'cause I didn't catch enough Z's last night,"" is an informal slang expression for sleep or sleeping hours. It was derived from the alphabet letter 'Z' due to its resemblance to the horizontal line typically drawn over the eyes to depict sleepiness.","Hey, I'm so exhausted today 'cause I didn't catch enough Z's last night.","Hey, I'm really tired today because I didn't sleep well last night."
about,"The slang term 'about' as used in ""Yo, I'm about to snag some coffee. You in?"" is a colloquial contraction originating from African-American Vernacular English (AAVE) and has become widely adopted in contemporary American informal speech. It is primarily employed to denote imminence or immediate future action, emphasizing readiness or eagerness.","Yo, I'm about to snag some coffee. You in?","Hey, I'm going to grab some coffee. Want to join me?"
about,"The slang term ""about"" as used in the phrase ""Yo, I’m about to snag some java. You tryna peep a sip?"" is commonly employed in informal, casual conversations among younger individuals, particularly within urban communities and online chat platforms. In this context, ""about"" signifies that an action or event is imminent or shortly going to occur.","Yo, I’m about to snag some java. You tryna peep a sip?","Hey, I’m going to grab some coffee. Do you want anything?"
tryna,"The term ""tryna"" is a contraction of ""trying,"" commonly used in informal English, particularly among youths and within various online communities. It is employed to denote an intention or an attempt, often with a sense of eagerness or anticipation. In the sentence ""Yo, I’m about to snag some java. You tryna peep a sip?"", the speaker is inquiring if the listener also intends to join them for coffee, as suggested by the phrase ""peep a sip,"" which is an informal way of asking for a share or taste.","Yo, I’m about to snag some java. You tryna peep a sip?","Hey, I’m going to grab some coffee. Do you want anything?"
all set,"The slang term ""all set"" is commonly used in informal, casual settings to express that one has completed a task or prepared oneself for an upcoming activity. In the provided example, ""Yo, just wrapped my homework and I'm all set to chill,"" the speaker indicates that they have finished their homework (task) and are now ready to engage in leisure activities (chill).","Yo, just wrapped my homework and I'm all set to chill.","Hey, I just finished my homework and I'm ready to hang out."
arvo,"The term 'arvo' is a common Australian and New Zealand informal slang for 'afternoon'. It is typically used in casual conversations to denote a specific part of the day, usually when planning social activities. This slang is commonly employed among peers, friends, or family members in everyday interactions.","Yo, you got time to chill tomorrow arvo?","Hey, are you free to hang out tomorrow afternoon?"
beat,"The term ""beat"" used as in ""I'm so beat today, I need a coffee boost"" is an informal slang expression originating from American English. It signifies extreme tiredness or exhaustion. In this context, the speaker is conveying that they are very fatigued and require a stimulant, such as caffeine in coffee, to restore their energy levels.","I'm so beat today, I need a coffee boost.","I'm really tired today, I think I need a coffee."
beat,"The slang term ""beat"" as used in the phrase ""I'm hella beat today and just wanna chill at home,"" is an informal expression often employed to denote extreme tiredness or exhaustion. In this context, ""hella"" functions as an intensifier, further emphasizing the speaker's fatigue.",I'm hella beat today and just wanna chill at home.,I'm just really tired today and want to stay home.
chill,"The slang term ""chill"" in the context of ""I'm hella beat today and just wanna chill at home,"" is used to denote a state of relaxation, rest, or leisure. It implies a desire for tranquility and comfort, often without any specific plans or obligations.",I'm hella beat today and just wanna chill at home.,I'm just really tired today and want to stay home.
beat,"The slang term ""beat"" as used in the phrase ""I'm super beat after grindin' all day"" is typically employed to express extreme physical or mental fatigue. It is often utilized in casual, informal settings and conversations, particularly among younger demographics, such as adolescents and young adults. The term can be traced back to various urban cultures in the United States, where it gained popularity in hip-hop and rap music.",I'm super beat after grindin' all day.,I'm really tired after work today.
grind,"The slang term ""grind"" as used in the sentence ""I'm super beat after grindin' all day,"" is a colloquialism often employed among younger generations and within certain social circles to denote persistent effort, hard work, or labor. Typically, it refers to the act of putting in significant time and energy towards achieving a goal, usually over an extended period.",I'm super beat after grindin' all day.,I'm really tired after work today.
blazing,"The slang term ""blazing,"" as used in the phrase ""No cap, it's blazing today!"", is a colloquial expression commonly used to denote an extremely high temperature. In this context, it is employed to express strong agreement or emphasis on the current weather being extremely hot.","No cap, it's blazing today!",I can't believe how hot it is today!
bloque,"The term 'bloque', as used in ""I'm just gonna bloque with my squad this weekend, no cap,"" is a slang term primarily associated with urban youth culture, particularly within certain demographics in the United States. This term is derived from the Spanish word 'bloquear,' which means to block or barricade, but in this context, it denotes spending time together or hanging out, especially in a group setting. The phrase ""no cap"" in this instance signifies that the speaker is not joking or being exaggerative about their plans.","I'm just gonna bloque with my squad this weekend, no cap.",I'm planning to chill with my friends this weekend.
bossed,"The slang term ""bossed"" as used in the phrase ""I just bossed my homework and I’m vibing with it"" is a colloquial contraction of the term ""bossed off,"" which originated from UK urban culture. In this context, ""bossed"" implies that the individual has completed a task efficiently or with confidence. The phrase as a whole conveys a sense of satisfaction and pride in the accomplishment.",I just bossed my homework and I’m vibing with it.,I just finished my homework and I’m feeling pretty good about it.
vibing,"The slang term ""vibing,"" as used in the sentence ""I just bossed my homework and I’m vibing with it,"" is commonly employed to express a positive emotional response or satisfaction towards a situation or outcome. In this context, the individual has successfully completed their homework and is feeling content or pleased about it.",I just bossed my homework and I’m vibing with it.,I just finished my homework and I’m feeling pretty good about it.
bounce,"The term 'bounce' is a common informal American English expression used to mean leaving a place quickly or abruptly. In the sentence ""Yo, I gotta bounce early today 'cause I got an appointment,"" the speaker is indicating that they need to depart earlier than usual due to an upcoming engagement or commitment (the appointment).","Yo, I gotta bounce early today 'cause I got an appointment.","Hey, I’ve got to leave early today because I have an appointment."
bounce,"The slang term ""bounce"" is commonly used in informal, youth-oriented, and urban settings. In the given example, ""Yo, wanna bounce and get some grub later?"", the word ""bounce"" signifies leaving one place to go to another. Here, it implies leaving a current location (possibly social gathering) and going out for food together later.","Yo, wanna bounce and get some grub later?","Hey, do you want to grab lunch together later?"
grub,"The term 'grub', as used in the sentence ""Yo, wanna bounce and get some grub later?"", is a colloquial, informal slang originating from English-speaking cultures. It typically refers to food or eating. In this context, it implies an invitation for social interaction over a meal at a later time. The phrase 'bounce' in the same sentence means to leave or go out.","Yo, wanna bounce and get some grub later?","Hey, do you want to grab lunch together later?"
bouncin',"The slang term ""bouncing"" as used in the sentence ""I'm bouncing to get some java with my squad"" denotes leaving a current location to go somewhere else. In this specific context, it implies that the speaker is planning to depart from their current location to obtain coffee with friends (a social group referred to as ""squad"").",I'm bouncing to get some java with my squad.,I'm going out to grab some coffee with my friends.
bouncing,"The term 'bouncing,' as used in ""Just vibing with a coffee before I bounce to work,"" is a contemporary informal slang expression commonly employed by English speakers to convey the idea of leaving or departing a location. In this specific context, the speaker is expressing that they will soon depart from their current place (where they are 'vibing' with a coffee) and go to work.",Just vibing with a coffee before I bounce to work. 🚶‍♀️☕,I'm just grabbing a coffee before heading to work.
brews,"The term ""brews"" is a colloquial and informal variation of ""coffee"" used primarily within youth subcultures, urban settings, and among friends. Its usage in the sentence ""Yo, I’m heading to the café for some brews, no cap!"" implies that the speaker intends to purchase coffee at a café or coffee shop.","Yo, I’m heading to the café for some brews, no cap!",I'm heading to the cafe to grab some coffee.
bruh,"The term 'bruh' is an informal exclamation primarily used in North American English, particularly within youth cultures and online communities. It serves as a reaction to surprising, unexpected, or disappointing events. In the sentence ""Bruh, I left my keys at home today, no cap!"", the speaker expresses frustration or disbelief about forgetting their keys.","Bruh, I left my keys at home today, no cap!","Hey, I forgot my keys at home this morning."
busted,"'Busted' is a slang term commonly used to express feeling exhausted, drained, or tired due to lack of sleep or energy. The term originates from the verb ""to bust,"" which means to break or rupture, but has been repurposed as slang for being worn out or exhausted.",I'm vibing so busted 'cause I barely slept last night.,I'm so tired because I didn't get enough sleep last night.
caffeine,"The slang term ""caffeine,"" as used in the phrase ""I'm so drained today, I gotta get me some caffeine,"" is a colloquial reference to the stimulant found in coffee and other beverages. In this context, it is typically employed to express a need for increased alertness or energy due to tiredness or fatigue.","I'm so drained today, I gotta get me some caffeine.","I'm really tired today, I think I need some coffee."
cap,"The slang term ""cap"" originates from hip hop culture and is commonly used in informal conversations to denote lying or exaggeration. In the phrase ""No cap,"" it signifies that the speaker is being honest and not attempting to deceive or boast. The neutral version of this sentence, ""I can’t believe I forgot my keys at home,"" implies surprise and forgetfulness, while ""No cap, I left my keys at home and just realized it now!"" emphasizes the authenticity of the speaker's statement by asserting they are not embellishing or lying about their predicament. This slang is often used in daily social interactions among individuals who are familiar with hip hop culture, particularly younger generations, to convey sincerity and downplay potential exaggeration in their statements.","No cap, I left my keys at home and just realized it now!",I can’t believe I forgot my keys at home.
caught,"The slang term ""caught"" as used in ""Yo, did you catch that new flick last night?"" is a colloquialism often employed within informal settings and casual conversations. In this context, it implies perceiving or witnessing an event, such as watching a movie (in this case, the ""new flick"").","Yo, did you catch that new flick last night?","Hey, did you see that new movie last night?"
checkin,"The slang term ""checkin"" as used in the sentence ""Hey, I'm 체크in a coffee before hustle kicks in"" is a colloquial variation of the phrase ""check-in"" or ""check-in at."" In this context, it signifies the act of briefly stopping to do something, in this case, getting a cup of coffee. The intended sentiment is that of preparing oneself for upcoming work or activities, as indicated by the phrase ""before hustle kicks in,"" where ""hustle"" refers to work or business.","Hey, I'm 체크in a coffee before hustle kicks in.",I'm going to grab a coffee before work.
chill,"The slang term ""chill"" is commonly used in informal conversations among friends, acquaintances, and peers to suggest spending leisure time together in a relaxed, comfortable, and casual setting. It implies socializing without any particular agenda or structured plans, often with the intention of enjoying each other's company and engaging in conversation.","Yo, wanna chill today? 💥","Hey, do you want to hang out today?"
chill,"The term 'chill' in the phrase ""I'm just gon' chill and binge some TikTok, fr fr"" is a common informal slang used to express relaxation, calmness, or leisure. It can also suggest an intention to do something without urgency or pressure. In this context, 'chill' implies that the speaker plans to spend time relaxing while watching multiple TikTok videos.","I'm just gon' chill and binge some TikTok, fr fr.",I'm just going to relax and watch some TikTok videos.
TikTok,"The term 'TikTok' is a popular internet application for creating, sharing, and discovering short music videos. In the phrase ""I'm just gon' chill and binge some TikTok, fr fr"", it is used as slang to refer to spending time engaging with TikTok content.","I'm just gon' chill and binge some TikTok, fr fr.",I'm just going to relax and watch some TikTok videos.
chill,"The slang term 'chill' as used in the sentence ""I'm just gonna chill at home and binge some shows today"" is a colloquial expression commonly employed to denote a state of relaxation, leisure, and comfort. It implies that the individual has no immediate plans or responsibilities and intends to spend their time in a laid-back and unstructured manner. The neutral version of this sentence would be ""I'm just going to relax at home and watch some TV today.""",I'm just gonna chill at home and binge some shows today.,I'm just going to relax at home and watch some TV today.
binge,"The slang term 'binge' is commonly used to denote consuming a large amount of something over a relatively short period of time. In the given context, ""I'm just gonna chill at home and binge some shows today,"" the speaker intends to watch multiple episodes or seasons of a television show in rapid succession. This slang term is typically employed among individuals who engage in media consumption, particularly in digital formats like streaming services, where large volumes of content are readily available. The use of 'binge' reflects a leisurely and somewhat indulgent approach towards media consumption, which may be popular among younger demographics, including millennials and Gen Z. In contrast, the neutral version ""I'm just going to relax at home and watch some TV today"" suggests more casual and less excessive viewing habits.",I'm just gonna chill at home and binge some shows today.,I'm just going to relax at home and watch some TV today.
chill,"The term ""chill"" in the given context is commonly used as an informal expression among individuals to denote a relaxed, laid-back state. In this instance, when the speaker says ""Gonna vibe with some coffee real quick before hitting up class,"" they are expressing that they will casually enjoy a cup of coffee before proceeding to attend class.",Gonna vibe with some coffee real quick before hitting up class.,I'm just going to grab a coffee before heading to class.
coffee,"The slang term ""coffee,"" as used in the phrase ""Gonna vibe with some coffee real quick before hitting up class,"" is a colloquialism commonly utilized among young adults and teenagers. In this context, ""coffee"" doesn't solely refer to the beverage but serves as a metaphor for social interaction or hanging out. The speaker intends to convey that they are going to meet with others casually over coffee before attending class.",Gonna vibe with some coffee real quick before hitting up class.,I'm just going to grab a coffee before heading to class.
chill,"The slang term ""chill"" in the sentence ""I'm just tryna chill at the crib after a crazy busy day"" is used to express a desire for relaxation and leisure following a hectic day. This phrase typically denotes a casual, informal setting among peers or friends.",I'm just tryna chill at the crib after a crazy busy day.,I'm just trying to relax at home after a busy day.
crib,"The slang term 'crib' is commonly used in informal English to refer to one's home or residence. It originated from hip-hop culture and has since been adopted by various social groups. In the context of ""I'm just tryna chill at the crib after a crazy busy day,"" the speaker is expressing a desire to relax or unwind at their house following a hectic day. The use of 'crib' adds an informal, casual tone to the conversation, which may help in creating a sense of camaraderie and friendship among peers. This slang term is predominantly used by young adults and individuals within youth subcultures, but its usage can extend to a broader audience depending on social context and personal preference. The neutral version of this sentence would be ""I'm just trying to relax at home after a busy day.""",I'm just tryna chill at the crib after a crazy busy day.,I'm just trying to relax at home after a busy day.
chill,"The slang term ""chill"" in the context of ""Yo, wanna chill later and catch a flick?"" refers to relaxing or spending leisure time in a casual, low-key manner. The term is commonly used among friends, indicating a desire for informal social interaction. In this specific example, it suggests that the speaker proposes a plan for both parties to hang out at a later time, likely in a comfortable setting such as a home or outdoor space, and watch a movie together.","Yo, wanna chill later and catch a flick?","Hey, do you want to hang out later and watch a movie?"
flick,"The term 'flick' is a common slang used in informal settings among English speakers, particularly in North America. It refers to a movie, as in a motion picture shown at a theater. In the phrase ""Yo, wanna chill later and catch a flick?"" the speaker is inviting someone to spend time together (implied by 'chill') in the evening (suggested by 'later'), with the intention of watching a movie (referring to 'catch a flick'). The use of this slang adds an element of casualness to the conversation, which may be particularly appealing among younger individuals or in more informal social settings. It's often used when planning leisure activities for entertainment purposes.","Yo, wanna chill later and catch a flick?","Hey, do you want to hang out later and watch a movie?"
chill,"The term 'chill', as used in ""Yo, you tryna chill later and get some java?"" is a common informal slang word often utilized in casual conversations among peers. It refers to spending leisure time together in a relaxed and unhurried manner, typically for socializing or engaging in activities without any particular goal or purpose.","Yo, you tryna chill later and get some java?","Hey, do you want to hang out later and grab some coffee?"
java,"The slang term ""java"" is commonly used in informal, casual social settings among young adults, particularly within English-speaking communities, as a colloquial reference to coffee. In the phrase ""Yo, you tryna chill later and get some java?"", the speaker is asking if the listener would like to spend leisure time together in the near future, possibly in the evening, and suggesting that they go out to purchase coffee as part of their social activity. This slang term is often used to convey a relaxed and informal tone, and it may be employed by individuals seeking to sound contemporary or hip. The neutral version of this sentence would be: ""Hey, do you want to hang out later and grab some coffee?"".","Yo, you tryna chill later and get some java?","Hey, do you want to hang out later and grab some coffee?"
chill,"The term 'chill' is a contemporary informal colloquialism predominantly used in American English, particularly among younger generations and in casual settings. It generally signifies a state of relaxation, calmness, leisure, or tranquility. In the given context from the statement ""Chillin' at my pad, vibing out to some tunes,"" it indicates that the individual is comfortably resting at home while listening to music for enjoyment.","Chillin' at my pad, vibing out to some tunes.",I'm just relaxing at home and listening to music.
pad,"The term 'pad' in the phrase ""Chillin' at my pad, vibing out to some tunes"" is an informal slang for a person's residence or home. In this context, it signifies a casual and relaxed setting where one spends leisure time. The intended sentiment suggests relaxation, comfort, and enjoyment, as indicated by 'chillin'' and 'vibing out'. This slang is commonly used among young adults and in informal social settings such as among friends or family members. The neutral version of the phrase would be: ""I'm just relaxing at home and listening to music.""","Chillin' at my pad, vibing out to some tunes.",I'm just relaxing at home and listening to music.
chill,"The term 'chill' is a common slang used primarily among younger generations to express a desire for relaxation, leisure, or simply enjoying oneself without any specific goal or purpose. It often connotes a laid-back and stress-free atmosphere. In the sentence ""I'm just tryna chill and vibe out this weekend,"" the speaker is indicating their intention to relax, unwind, and enjoy themselves during the upcoming weekend, possibly by engaging in leisure activities or socializing with friends.",I'm just tryna chill and vibe out this weekend.,I'm just trying to relax and have a good time this weekend.
vibe,"The slang term 'vibe' is commonly used in informal English conversations to refer to an atmosphere, feeling, or overall mood of a situation. In the phrase ""I'm just tryna chill and vibe out this weekend,"" it implies that the speaker wishes to relax, enjoy themselves, and experience a positive and laid-back environment during the weekend.",I'm just tryna chill and vibe out this weekend.,I'm just trying to relax and have a good time this weekend.
chill,"The slang term 'chill' in the context of ""I'm just gonna vibe at home and scroll some vids,"" is often used to denote a state of relaxation, calmness, or leisure. It implies that the individual has no immediate plans or concerns and intends to spend time casually doing activities such as watching videos for enjoyment.",I'm just gonna vibe at home and scroll some vids.,I'm just going to chill at home and watch some videos.
vids,"The slang term 'vids', as used in ""I'm just gonna vibe at home and scroll some vids,"" refers to digital videos. This colloquialism is often employed by younger generations, particularly those who are tech-savvy or heavily engaged with online content. It offers a casual, modern connotation to the act of watching videos on various platforms such as YouTube, Netflix, social media, etc.",I'm just gonna vibe at home and scroll some vids.,I'm just going to chill at home and watch some videos.
chillax,"The slang term 'chillax', as used in ""Yo, just knocked out my homework and about to chillax for a hot sec,"" is commonly employed among younger individuals in informal settings. It denotes a state of relaxation, leisure, and calmness that is often accompanied by a reduction of stress or tension. The speaker uses this term to convey their intention to take a break after completing a task, such as homework.","Yo, just knocked out my homework and about to chillax for a hot sec.","Hey, I just finished my homework and I'm about to relax for a bit."
hot sec,"The term 'hot sec' is a contemporary informal slang expression primarily utilized within youth and internet culture. It functions as an adjective modifying the noun ""sec,"" denoting a brief period of time. The term 'hot' in this context does not imply temperature but rather signifies excitement, intensity, or appeal, although its exact connotation may vary based on the speaker's intent or regional dialect.","Yo, just knocked out my homework and about to chillax for a hot sec.","Hey, I just finished my homework and I'm about to relax for a bit."
chilled,"The term ""chilled,"" as utilized in the phrase ""I'm completely 🥱 after grinding all day,"" is a contemporary slang expression typically employed to indicate relaxation, tranquility, or a state of being calm and composed. In this context, the user is conveying exhaustion or weariness due to prolonged exertion or effort (in this case, ""grinding"" refers to continuous work, study, or activity).",I'm completely 🥱 after grinding all day.,I'm really tired after studying all day.
chilled,"The slang term ""chilled"" in the given context, as used in ""I'm super drained today, so I might just chill at home and vibe out,"" typically refers to relaxing, unwinding, or spending leisure time with a relaxed and easy-going attitude. It implies a state of tranquility and enjoying oneself without any particular purpose or pressure.","I'm super drained today, so I might just chill at home and vibe out.",I'm really tired today so I think I want to stay home and relax.
vibe,"The term ""vibe"" is a modern colloquialism commonly employed among English speakers, particularly within youth cultures and informal settings. In this context, as used in ""I'm super drained today, so I might just chill at home and vibe out,"" the slang ""vibe"" generally implies engaging in an activity for pleasure or relaxation while feeling a certain mood or atmosphere.","I'm super drained today, so I might just chill at home and vibe out.",I'm really tired today so I think I want to stay home and relax.
chillin,"The slang term ""chillin'"" in the phrase ""I'm just chillin' at the crib today"" is commonly used in informal, casual settings to express a state of relaxation and leisure. It typically implies that an individual is not engaged in any particular activity or has no specific plans, but is instead enjoying free time at home or with friends.",I'm just chillin' at the crib today.,I'm just going to relax at home today.
chillin',"The slang term ""chillin'"" is commonly used among English speakers, particularly younger individuals, to indicate a relaxed, casual state of being, typically in a leisurely or recreational activity. In the context provided, ""Just vibing at home, Netflix and chillin'"", it refers to spending time at home in a laid-back manner while watching TV shows or movies on Netflix.","Just vibing at home, Netflix and chillin'.",I'm just chilling at home and watching some TV.
chillin',"The slang term ""chillin'"" as used in ""I'm just chillin' at home and binge-watching some shows"" refers to a relaxed state or behavior, often implying leisure and enjoyment. In this context, it suggests the individual is engaging in an activity for entertainment purposes while not being overly active or stressed.",I'm just chillin' at home and binge-watching some shows.,I'm just going to relax at home and watch some shows.
binge-watching,"Binge-watching refers to the practice of watching multiple episodes or seasons of a television series or movies in rapid succession over an extended period of time, often without taking breaks. This slang term is commonly used in casual conversations and social media to describe leisure activities involving prolonged video streaming sessions at home.",I'm just chillin' at home and binge-watching some shows.,I'm just going to relax at home and watch some shows.
chillin',"The slang term ""chillin'"" as used in the sentence ""I'm just chillin' at home and binging some Netflix, no cap"" is commonly employed to signify a state of relaxed leisure and comfort. In this context, it communicates that the individual is enjoying a laid-back period of time, typically engaging in a pleasant or enjoyable activity such as watching television shows or movies on Netflix. The use of ""no cap,"" an affirmation of honesty or sincerity, serves to emphasize the authenticity of the statement.","I'm just chillin' at home and binging some Netflix, no cap.",I'm just relaxing at home and watching some Netflix.
binging,"The slang term ""binging,"" as used in the phrase ""I'm just chillin' at home and binging some Netflix, no cap,"" refers to the act of watching multiple episodes or a large number of videos of a particular TV show or series continuously over an extended period. This term is derived from the verb ""to binge,"" which means to consume a large amount of something in a short time.","I'm just chillin' at home and binging some Netflix, no cap.",I'm just relaxing at home and watching some Netflix.
chillin',"The slang term ""chillin'"" as used in ""I'm just chillin' at home and streaming some flicks"" is an informal colloquialism commonly employed to express relaxation, leisure, and a laid-back attitude. It typically indicates that the speaker is engaging in a casual or non-stressful activity, in this case, watching movies (streaming flicks) at home.","I'm just chillin' at home and streaming some flicks, fr.",I'm just going to relax at home and watch some movies.
flicks,"The term ""flicks"" is a colloquial and informal abbreviation for the plural form of the word ""film."" It is commonly used in casual settings to refer to movies or films. In the sentence ""I'm just chillin' at home and streaming some flicks,"" the speaker is expressing that they are relaxing at home and watching multiple films, possibly through a streaming service. This slang term is primarily used among friends, peers, and family members in informal social interactions. The use of this slang can help create an atmosphere of casualness, camaraderie, and shared interest in media entertainment.","I'm just chillin' at home and streaming some flicks, fr.",I'm just going to relax at home and watch some movies.
chillin',"The slang term ""chillin'"" as used in the sentence ""I'm just chillin' at home, binge-watching my fave show, fr fr"" refers to a casual, laid-back, and relaxed state. In this context, it is often used by younger individuals or those who prefer informal language when describing leisure activities such as spending time at home watching television shows or movies.","I'm just chillin' at home, binge-watching my fave show, fr fr.",I'm just relaxing at home and binge-watching my favorite show.
fr,"The slang term 'fr' as used in ""I'm just chillin' at home, binge-watching my fave show, fr fr,"" is typically employed for emphasis and to convey authenticity or sincerity. It originated from African American Vernacular English (AAVE) but has since spread across various youth cultures. The term can be traced back to the phrase ""for real"" or ""for true,"" which is used to verify or emphasize statements.","I'm just chillin' at home, binge-watching my fave show, fr fr.",I'm just relaxing at home and binge-watching my favorite show.
chillin',"The slang term ""chillin'"" as used in the sentence, ""I'm just chillin' at home, binge-watching vids, no cap,"" signifies a casual and relaxed state of being. It implies that the speaker is engaging in leisure activities, in this case watching videos, without any sense of urgency or obligation. The term is commonly used among peers to express a laid-back attitude and comfortable environment.","I'm just chillin' at home, binge-watching vids, no cap.",I'm just going to relax at home and watch some videos.
no cap,"The term 'no cap' is a colloquial expression commonly used in informal English conversations, particularly among younger generations and within online communities. It originated from rap culture and has since expanded to other social contexts. In the provided sentence, ""I'm just chillin' at home, binge-watching vids, no cap,"" 'no cap' signifies that the speaker is being truthful or sincere about their statement. By adding 'no cap', the speaker emphasizes that they are not exaggerating or lying about their actions (relaxing at home and watching videos). This slang term can be used in various daily social interactions to express honesty, candidness, or a lack of deception, especially when discussing personal experiences or activities. It is often employed in casual conversations among friends or online communities as a means to reinforce trust and authenticity in the exchange of information.","I'm just chillin' at home, binge-watching vids, no cap.",I'm just going to relax at home and watch some videos.
chillin',"The slang term ""chillin'"" is commonly used to denote a state of relaxation or leisure, often in an informal setting. It implies a passive, laid-back approach towards one's current activity or location. In the sentence ""Yo, just chillin' at home after a long one,"" the speaker is conveying that they are currently unwinding and resting at home following a strenuous day.","Yo, just chillin' at home after a long one.","Hey, I'm just relaxing at home after a long day."
one,"The term 'one' in the given slang phrase ""Yo, just chillin' at home after a long one"" is an informal contraction of the word 'day'. In this context, it refers to a day that has been particularly challenging or tiring. It is commonly used among friends and peers in casual conversations, often in informal settings such as text messages, social media posts, or face-to-face chats.","Yo, just chillin' at home after a long one.","Hey, I'm just relaxing at home after a long day."
chillin',"The slang term ""chillin'"" is commonly used to denote a relaxed, casual state of being with friends, often in a social setting. In the example provided, ""I'm just chillin' with my squad at the coffee spot,"" the speaker is conveying that they are leisurely spending time with their group of friends at a coffee shop.",I'm just chillin' with my squad at the coffee spot.,I'm just hanging out with my friends at the coffee shop.
squad,"The slang term ""squad"" is a colloquial, informal term for a group of friends or acquaintances, often used in casual conversations to denote camaraderie and a sense of collective identity. In the example ""I'm just chillin' with my squad at the coffee spot,"" the speaker is expressing that they are relaxing and socializing with their friends at a coffee shop.",I'm just chillin' with my squad at the coffee spot.,I'm just hanging out with my friends at the coffee shop.
chillin',"The slang term 'chillin'' is commonly used among English speakers, particularly in informal settings, to denote a state of relaxation, leisure, and enjoyment. In the given sentence ""Just knocked out my homework, now I'm chillin' and vibin'"", the speaker has completed their homework and is expressing their intention to relax or unwind.","Just knocked out my homework, now I'm chillin' and vibin'.",I just finished my homework and I'm ready to relax.
vibin',"The slang term ""vibin'"" is typically used to express a sense of enjoying oneself, feeling good, or being in a positive mood. In the context provided, ""Just knocked out my homework, now I'm chillin' and vibin'"" suggests that the individual has completed their homework, which is a task often associated with stress or effort, and is now relaxing and experiencing pleasure or contentment as a result.","Just knocked out my homework, now I'm chillin' and vibin'.",I just finished my homework and I'm ready to relax.
chillin',"The slang term ""chillin'"" is an informal contraction of the phrase ""chilling,"" which originated in African American Vernacular English (AAVE) and has since become widespread in casual, youth-oriented, and online culture. It denotes a state of relaxation, leisure, and enjoyment without any specific purpose or intent.",I'm just chillin' and vibing with some TV.,I'm just going to relax and watch some TV.
vibing,"The term ""vibing,"" as used in the phrase ""I'm just chillin' and vibing with some TV,"" denotes a state of relaxation and enjoyment, typically while engaging in an activity such as watching television. In this context, ""vibing"" conveys the idea of being comfortable, at ease, and content with the current situation or activity.",I'm just chillin' and vibing with some TV.,I'm just going to relax and watch some TV.
chillin,"The slang term ""chillin'"" as used in the phrase ""I'm just chillin' and gonna Netflix and chill tonight,"" is a colloquial expression that denotes relaxation, leisure, and informal socializing. In this context, it typically refers to spending time in a laid-back manner with no particular agenda or pressure.",I'm just chillin' and gonna Netflix and chill tonight.,I'm just going to relax and watch a movie tonight.
Netflix,"The slang term ""Netflix"" is used colloquially as a shorthand for streaming services provided by the company Netflix, particularly in reference to watching movies or television shows. In the phrase ""I'm just chillin' and gonna Netflix and chill tonight,"" it signifies that the individual will be spending a leisurely evening relaxing while watching content on Netflix.",I'm just chillin' and gonna Netflix and chill tonight.,I'm just going to relax and watch a movie tonight.
chill,"The term 'chill' is a colloquial expression commonly used to signify relaxation or tranquility in an informal setting. In the phrase ""I'm just chillin' and gonna Netflix and chill tonight,"" it implies that the speaker plans to relax by watching streaming content on Netflix, possibly accompanied by another person.",I'm just chillin' and gonna Netflix and chill tonight.,I'm just going to relax and watch a movie tonight.
chillin,"The slang term ""chillin'"" as used in the sentence ""Chillin' at my place, bingin’ some stuff on Netflix, you feel me?"" is an informal expression that implies relaxation and enjoyment. It is typically employed to convey a sense of leisure, tranquility, and casualness during social interactions among individuals who are comfortable with each other or attempting to create a friendly, conversational atmosphere.","Chillin' at my place, bingin’ some stuff on Netflix, you feel me?","I'm just relaxing at home, watching some shows."
bingin,"The slang term 'bingin', as used in ""Chillin' at my place, bingin’ some stuff on Netflix, you feel me?"", refers to the act of casually spending time watching television shows or movies, often through streaming services like Netflix. This term is typically employed by individuals who want to express a relaxed and laid-back attitude towards leisure activities, particularly those involving media consumption in an informal social setting.","Chillin' at my place, bingin’ some stuff on Netflix, you feel me?","I'm just relaxing at home, watching some shows."
chillin,"The slang term 'chillin' as used in the phrase ""I'm chillin' with my crew for some grub later"" denotes a relaxed and leisurely state while socializing. The speaker is implying that they are currently enjoying time with their friends and have plans to eat together at a later point.",I'm chillin' with my crew for some grub later.,I'm going to grab some lunch with my friends later.
crew,"The term ""crew"" in the given context, as used in ""I'm chillin' with my crew for some grub later,"" is a colloquial, informal expression referring to a group of friends. This slang originated from urban and youth cultures but has since become widespread in various social settings.",I'm chillin' with my crew for some grub later.,I'm going to grab some lunch with my friends later.
grub,"The term 'grub', as used in the phrase ""I'm chillin' with my crew for some grub later,"" is a slang expression commonly employed in informal settings among English speakers. It refers to food in general, often implying shared or communal eating.",I'm chillin' with my crew for some grub later.,I'm going to grab some lunch with my friends later.
chillin,"The term 'chillin', as used in ""Just chillin' at my crib, vibing with some tunes,"" denotes a casual and relaxed state. It indicates that the individual is spending leisure time in a comfortable environment, typically at home, and engaging in enjoyable activities such as listening to music or socializing.","Just chillin' at my crib, vibing with some tunes.",I'm just relaxing at home and listening to some music.
crib,"The slang term 'crib' is commonly used as an informal alternative to refer to a person's home or residence. In the sentence ""Just chillin' at my crib, vibing with some tunes,"" it indicates that the speaker is relaxing and enjoying music at their own house.","Just chillin' at my crib, vibing with some tunes.",I'm just relaxing at home and listening to some music.
chillin,"The slang term ""chillin'"" is colloquially used to express a relaxed, laid-back state of being in informal social settings. In the sentence ""I'm mad chillin' today 'cause I'm hella drained and just wanna kick back,"" the speaker conveys that they are feeling exhausted and desire leisure and relaxation as a result.",I'm mad chillin' today 'cause I'm hella drained and just wanna kick back.,I'm just really tired today and need to relax.
drained,"The slang term ""drained,"" as used in the sentence ""I'm mad chillin' today 'cause I'm hella drained and just wanna kick back,"" is commonly employed to express a state of emotional or physical exhaustion. In this context, the speaker suggests that they are feeling significantly tired and desire relaxation.",I'm mad chillin' today 'cause I'm hella drained and just wanna kick back.,I'm just really tired today and need to relax.
kickback,"The term ""kickback"" is a colloquial slang used to express the action of relaxing or unwinding in a leisurely manner. In the given context, ""I'm mad chillin' today 'cause I'm hella drained and just wanna kick back,"" the speaker indicates that they are extremely tired and desire to spend time resting or doing something low-key to recuperate.",I'm mad chillin' today 'cause I'm hella drained and just wanna kick back.,I'm just really tired today and need to relax.
chillin,"The term 'chillin' is an informal contraction of the verb ""chilling,"" which is commonly used in American English to denote a state of relaxation and leisure. In the phrase ""Chillin' at my crib, vibing with some flicks,"" the speaker is expressing that they are currently relaxing or spending time at their home while watching movies.","Chillin' at my crib, vibing with some flicks.",I'm just relaxing at home and watching some movies.
flicks,"The term 'flicks' is a colloquial and informal variation for the phrase ""movies."" It is commonly used among individuals, particularly in youth and casual settings, to refer to films or movies. In the context provided, ""chillin' at my crib, vibing with some flicks"" suggests an individual relaxing at home while watching a movie or multiple movies. The phrase ""vibing"" implies enjoyment or having a good time, which further emphasizes relaxation and entertainment. This slang is often used by individuals who prefer casual, informal language in their daily social interactions, particularly among friends and peers.","Chillin' at my crib, vibing with some flicks.",I'm just relaxing at home and watching some movies.
chillin,"The term ""chillin'"" is an informal slang used to denote relaxing, hanging out, or spending leisure time with a group of friends. In the sentence ""Just dipped back from chillin' with my crew at the park, fr fr,"" the speaker has returned from a casual social gathering with their friends at a public park. The phrase ""fr fr"" is an acronym for ""for real,"" confirming that the event took place as stated. This slang is commonly used among younger generations and in informal settings to express camaraderie, relaxation, and shared leisure activities. Its neutral equivalent would be ""I just got back from hanging out with my friends at the park.""","Just dipped back from chillin' with my crew at the park, fr fr.",I just got back from hanging out with my friends at the park.
fr,"The term 'fr' as used in ""Just dipped back from chillin' with my crew at the park, fr fr,"" is an abbreviation commonly used in informal, casual conversations among young people to emphasize the truthfulness or sincerity of a statement. In this specific context, 'fr' can be seen as an intensifier or verbal filler that strengthens the assertion ""I just got back."" The phrase ""fr fr"" reinforces the speaker's claim further.","Just dipped back from chillin' with my crew at the park, fr fr.",I just got back from hanging out with my friends at the park.
chillin,"The slang term 'chillin' as used in ""Yo, you chillin’ tonight? Wanna link up?"" is commonly employed in informal, casual social interactions among peers. In this context, 'chillin' generally refers to relaxing, spending leisure time, or hanging out without any specific plans or obligations.","Yo, you chillin’ tonight? Wanna link up?","Hey, are you free this evening to hang out?"
link,"The term 'link' in the context of ""Wanna link up?"" is a common slang expression used among English speakers, particularly among younger generations and within informal social settings. It is often utilized to suggest arranging a meeting or spending time together, as implied by its neutral version ""Hey, are you free this evening to hang out?"".","Yo, you chillin’ tonight? Wanna link up?","Hey, are you free this evening to hang out?"
chillin,"The slang term ""chillin'"" as used in the sentence ""Chillin' at home after a mad busy day"" is an informal contraction of the word ""chilling"", which means to relax, enjoy oneself without exerting effort, or spend time peacefully. In this context, it implies that the individual is taking it easy or unwinding after a hectic day.",Chillin' at home after a mad busy day.,I'm just relaxing at home after a long day.
mad,"The term 'mad' in the context of ""Chillin' at home after a mad busy day"" is a colloquialism used to express intense activity or stress. In this sentence, it implies that the day was exceptionally hectic or demanding, leading to the individual needing to relax.",Chillin' at home after a mad busy day.,I'm just relaxing at home after a long day.
chillin,"The term 'chillin' is a colloquial contraction of the phrase 'chilling', which originated in African American Vernacular English (AAVE) and has since been adopted by various youth cultures worldwide. It is used to express a state of relaxation, leisure, or casualness.","Chillin' at my place, bingeing my fave series, no cap.",I'm just relaxing at home and binge-watching my favorite series.
no cap,"The term 'no cap' is a contemporary American slang expression commonly utilized to signify that the speaker is being sincere and truthful about their statement, with no intent of deception or exaggeration. In the context provided - ""Chillin' at my place, bingeing my fave series, no cap"" - the speaker is emphasizing that they are indeed relaxing at home and watching their favorite series as stated, without any falsehood or hyperbole.","Chillin' at my place, bingeing my fave series, no cap.",I'm just relaxing at home and binge-watching my favorite series.
chillin,"The slang term ""chillin"" is commonly used to express a state of relaxation, tranquility, or leisure. It often implies enjoying oneself in a casual and unhurried manner. In the given context from the sentence ""I'm just chillin' and vibin' with some tunes,"" the speaker is indicating that they are peacefully spending time while listening to music.",I'm just chillin' and vibin' with some tunes.,I'm just here relaxing and listening to some music.
vibin,"The term 'vibin' is a contemporary slang that originated from African American Vernacular English (AAVE) but has since spread to other demographic groups. It is a contraction of the word ""vibrating"" and is used as an informal expression to denote a feeling of enjoying oneself or being content in a relaxed state, often with positive energy. In the sentence ""I'm just chillin' and vibin' with some tunes,"" the speaker expresses that they are unwinding, relaxing, and having a good time while listening to music. This slang is typically used among friends, family, or in casual social settings, such as at parties, gatherings, or hanging out with acquaintances, where conversations are relaxed and informal. The use of the term 'vibin' adds an element of youthfulness and contemporary style to everyday language, making it popular among younger demographics and those who wish to sound up-to-date or trendy. Its neutral version would be ""I'm just here relaxing and listening to some music,"" which conveys a similar sentiment but without the colloquial flair.",I'm just chillin' and vibin' with some tunes.,I'm just here relaxing and listening to some music.
chillin,"The term ""chillin'"" is an informal contraction of the phrase ""chilling,"" which is a slang term used to denote relaxation or leisure. In the sentence ""I'm just chillin' and vibin' with some vids later, fr,"" the speaker indicates that they are currently in a state of relaxation and plan to continue enjoying themselves by watching videos later. The term ""vibin'"" is another slang term, derived from ""vibing,"" which means to feel good or to enjoy oneself.","I'm just chillin' and vibin' with some vids later, fr.",I'm just going to relax and watch some videos later.
vibin,"The term 'vibin' is an informal contraction of the phrase 'vibing', which originates from the verb 'to vibe'. It is commonly used in casual, contemporary English, particularly among younger generations. The term is employed to express a feeling of enjoying oneself, relaxing, or being content within a particular environment or situation.","I'm just chillin' and vibin' with some vids later, fr.",I'm just going to relax and watch some videos later.
fr,"The slang term ""fr"" in the phrase ""I'm just chillin' and vibin' with some vids later, fr."" is commonly used to express emphasis or confirmation in informal English conversations. In this context, it functions as an interjection to reinforce the speaker's sincerity or seriousness about their intentions. The neutral version of the sentence would be ""I'm just going to relax and watch some videos later,"" emphasizing the speaker's plans for leisurely activities.","I'm just chillin' and vibin' with some vids later, fr.",I'm just going to relax and watch some videos later.
chillin,"The slang term ""chillin"" is commonly used to denote a state of relaxation, leisure, or enjoyment. It often implies that an individual is taking it easy and enjoying their free time. In the sentence ""I'm chillin' at my place, vibing with some shows,"" the speaker is indicating that they are currently relaxing at home while watching TV shows or videos.","I'm chillin' at my place, vibing with some shows.",I'm just relaxing at home and watching some TV.
vibing,"The slang term 'vibing', as used in ""I'm chillin' at my place, vibing with some shows,"" refers to enjoying or being immersed in a particular atmosphere, feeling, or activity. In this context, it implies relaxation and entertainment while watching TV shows or videos.","I'm chillin' at my place, vibing with some shows.",I'm just relaxing at home and watching some TV.
chillin,"The slang term ""chillin'"" as used in the phrase ""I'm chillin' at home, vibing with a flick,"" refers to relaxing and enjoying oneself. This term is commonly used by individuals engaging in casual conversation, particularly among younger generations or in informal settings.","I'm chillin' at home, vibing with a flick.",I'm just relaxing at home and watching a movie.
vibing,"The slang term ""vibing"" in the sentence ""I'm chillin' at home, vibing with a flick,"" refers to the act of enjoying or being relaxed and content while engaged in an activity. In this context, ""a flick"" refers to a movie or film.","I'm chillin' at home, vibing with a flick.",I'm just relaxing at home and watching a movie.
flick,"The term ""flick"" in the given context, as used in the sentence ""I'm chillin' at home, vibing with a flick,"" is an informal slang for a movie. The sentence implies that the individual is relaxing at home and watching a movie, similar to the neutral version ""I'm just relaxing at home and watching a movie."" This term is commonly used among younger generations in informal social settings such as casual conversations, text messages, or online chats, and it indicates leisure activities. The use of the term ""flick"" can suggest a more laid-back or casual atmosphere compared to the formal term ""movie.""","I'm chillin' at home, vibing with a flick.",I'm just relaxing at home and watching a movie.
chilling,"The slang term ""chilling"" is commonly utilized in informal conversations among individuals from various age groups, particularly within youth cultures and online communities. It denotes a state of relaxation, leisure, or spending time idly in a comfortable environment. In the given context, ""Hey, I’m just vibing at home and binging some Netflix,"" the individual is communicating that they are passively enjoying their free time at home by watching TV shows or movies on Netflix.","Hey, I’m just vibing at home and binging some Netflix.","Hey, I'm just chilling at home and watching some Netflix."
binging,"The slang term ""binging"" is commonly used in informal contexts to refer to engaging in prolonged sessions of watching multiple episodes or movies on a streaming platform like Netflix, Hulu, or Amazon Prime. The phrase ""I’m just vibing at home and binging some Netflix"" implies that the individual is spending their leisure time in a relaxed manner while consuming a large amount of content from Netflix.","Hey, I’m just vibing at home and binging some Netflix.","Hey, I'm just chilling at home and watching some Netflix."
chilling,"The slang term ""chilling,"" as used in the phrase ""Chilling and vibing with some vids on YouTube tonight, fr,"" is a colloquial expression that denotes relaxation or spending leisure time. It typically implies a casual setting, such as hanging out with friends or alone, engaging in a passive activity like watching videos for entertainment. The term ""vibing"" further emphasizes enjoying the current mood and atmosphere.","Chilling and vibing with some vids on YouTube tonight, fr.",I'm just going to relax and watch some YouTube videos tonight.
vibing,"The term 'vibing', as used in ""Chilling and vibing with some vids on YouTube tonight,"" is a colloquial expression that signifies relaxing, enjoying oneself, or being content in a specific situation. It often implies a sense of comfort, leisure, and entertainment, typically associated with spending time watching videos or engaging in similar activities.","Chilling and vibing with some vids on YouTube tonight, fr.",I'm just going to relax and watch some YouTube videos tonight.
fr,"The term 'fr' is a contraction of the word ""for real"" or ""for sure,"" often used in informal settings to express sincerity, emphasis, or confirmation. In the sentence ""Chilling and vibing with some vids on YouTube tonight, fr,"" it implies that the speaker intends to genuinely spend the evening relaxing, watching videos on YouTube, and is affirming this plan. This slang term is commonly used among peers in digital communication platforms such as social media or text messaging, particularly by younger generations. The use of 'fr' adds a casual tone and reinforces the speaker's certainty about their plans. Its neutral version would be ""I'm just going to relax and watch some YouTube videos tonight.""","Chilling and vibing with some vids on YouTube tonight, fr.",I'm just going to relax and watch some YouTube videos tonight.
chilling,"The term 'chilling', as used in the phrase ""I'm just vibing at home, binge-watching some vids,"" is a colloquial slang originating from urban youth culture. It is employed to describe a relaxed, casual, and leisurely state or activity. In this context, 'chilling' implies spending time in a laid-back manner, usually engaged in low-key activities like watching videos at home.","I'm just vibing at home, binge-watching some vids.",I'm just chilling at home and watching some videos.
vids,"The slang term ""vids,"" as used in the sentence ""I'm just vibing at home, binge-watching some vids,"" is a shortened version of the word ""videos."" This colloquialism is commonly employed to denote digital videos or movies, particularly in contexts related to streaming or viewing content on platforms such as YouTube, Netflix, and social media.","I'm just vibing at home, binge-watching some vids.",I'm just chilling at home and watching some videos.
clicked,"The term 'clicked' in the given context refers to meeting up or gathering with a group of people, often friends or associates. It can be considered an informal synonym for 'hang out'. In this sentence ""Just peeped my homework done and about to click up with the crew"", the individual has completed their work and is planning to meet up with their friends (crew). The use of slang term 'clicked' implies a sense of camaraderie, familiarity, and informality within the group. It is commonly used in daily social interactions among young people, particularly within urban or suburban communities where casual language is prevalent.",Just peeped my homework done and about to click up with the crew.,I just finished my homework and I'm about to hang out with my friends.
crew,"The term ""crew"" in the given context, as used in ""Just peeped my homework done and about to click up with the crew,"" is an informal slang for a group of friends. The phrase suggests that the speaker has completed their homework (a school-related task) and is intending to meet or spend time with this particular social circle, which they refer to as their ""crew.""",Just peeped my homework done and about to click up with the crew.,I just finished my homework and I'm about to hang out with my friends.
cop,"The term ""cop"" as used in the sentence ""I'm just sliding to the store to cop some snacks,"" is a slang term that originates from urban youth cultures. It is often employed to express the act of purchasing or acquiring something, typically from a retail store. In this context, the speaker is indicating they are going to buy snacks at the store.",I'm just sliding to the store to cop some snacks.,I'm just heading to the store to grab some snacks.
copped,"The term ""copped"" is a slang used primarily among young people, particularly within urban cultures. In the sentence ""I just copped fresh kicks for class,"" it refers to the act of purchasing or acquiring something, in this case, a new pair of sneakers (or ""kicks"") for school (""for class""). The word ""fresh"" signifies that the sneakers are new and stylish. This slang is often used in casual, informal settings to express excitement about having obtained a desired item. It's important to note that the use of slang like ""copped"" can serve as a means of identity expression, solidarity, and camaraderie among certain groups. The neutral version of this sentence would be: ""I just bought a new pair of sneakers for school.""",I just copped fresh kicks for class. 😎,I just bought a new pair of sneakers for school.
copped,"The term 'copped' in the provided sentence, ""Yo, just copped my homework and I'm deadass drained,"" is colloquial slang originating from urban American English. In this context, 'copped' is used to denote the act of acquiring or obtaining something, such as the person completing their homework. The neutral version of the sentence would be ""Hey, I just finished my homework and I am so tired.""","Yo, just copped my homework and I'm deadass drained.","Hey, I just finished my homework and I am so tired."
deadass,"The slang term ""deadass"" is commonly used among younger generations in English-speaking communities, particularly in North America, to emphasize sincerity or emphasis. In the provided sentence, ""Yo, just copped my homework and I'm deadass drained,"" the speaker uses ""deadass"" to express that they are genuinely exhausted after completing their homework.","Yo, just copped my homework and I'm deadass drained.","Hey, I just finished my homework and I am so tired."
copped,"The term ""copped"" in the phrase ""Yo, I copped a new spot that's mad chill to vibe at"" is a slang expression often used among younger individuals within various cultural and social groups. In this context, ""copping"" means to acquire or obtain something, typically referring to purchasing or finding a place or item.","Yo, I copped a new spot that's mad chill to vibe at.","Hey, I found a new cafe that's really nice to hang out in."
mad,"The term 'mad' in the sentence ""Yo, I copped a new spot that's mad chill to vibe at"" is an informal slang used to express the idea of something being extremely good, enjoyable, or relaxed. This term is commonly used among younger generations and in casual social settings such as among friends, family, or peers.","Yo, I copped a new spot that's mad chill to vibe at.","Hey, I found a new cafe that's really nice to hang out in."
chill,"The term 'chill' is a colloquial expression frequently utilized to describe a relaxed, casual, and stress-free environment or situation. In the given context, ""Yo, I copped a new spot that's mad chill to vibe at,"" the individual is conveying that they have discovered a new location (likely a venue or social gathering) which provides a comfortable, unpretentious, and tranquil atmosphere where one can unwind and enjoy themselves.","Yo, I copped a new spot that's mad chill to vibe at.","Hey, I found a new cafe that's really nice to hang out in."
crashed (arvo),"The slang term ""crashed (arvo)"" is commonly used among young adults and adolescents in informal settings to denote taking a prolonged nap during the afternoon. The term ""crash"" implies falling asleep due to exhaustion or extreme tiredness, while ""arvo"" refers to afternoon.","I'm so drained today, all I wanna do is crash all arvo.","I'm really tired today, I just want to nap all afternoon."
crew,"The term ""crew,"" as used in the sentence ""I'm linking up with my crew at the coffee shop later,"" refers to a group of friends or associates with whom an individual has a close relationship. The slang is commonly used among young adults and adolescents, particularly within urban communities, to denote a sense of camaraderie or belonging. In this context, ""linking up"" implies arranging to meet or connecting with one's friends.",I'm linking up with my crew at the coffee shop later.,I'm going to meet my friends at the coffee shop later.
crib (slang for home),"The term ""crib"" is an informal slang for a house or home in American English, commonly used among youth and casual conversations. In the sentence ""Yo, I totally left my homework at the crib today,"" the speaker casually indicates that they forgot their homework at their residence. This usage typically occurs in everyday social interactions, particularly among individuals who wish to convey a relaxed and informal tone. The neutral version of this sentence would be ""Hey, I think I forgot my homework at home today."" This slang term is commonly used by young adults or teenagers in casual conversations with friends or peers.","Yo, I totally left my homework at the crib today.","Hey, I think I forgot my homework at home today."
dash,"The term 'dash' used as in ""I'm just dashing to the store to grab some snacks and stuff"" is an informal contraction of 'dash off' or 'dart'. It implies a quick and brief trip. In this context, the speaker is suggesting that their visit to the store will be relatively short.",I'm just dashing to the store to grab some snacks and stuff.,I'm just heading to the grocery store to pick up some stuff.
dashed,"The term ""dashed"" in the sentence ""Yo, I just dashed through my homework and I’m totally drained rn"" is a casual and informal contraction of the verb ""dash,"" which usually means to move quickly. In this context, it implies that the individual completed their homework swiftly. The intended sentiment is exhaustion or being tired as a result of completing a task. This slang term is commonly used among younger individuals in informal settings such as text messages, social media posts, and casual conversations.","Yo, I just dashed through my homework and I’m totally drained rn.","Hey, I just finished my homework and I'm really tired now."
dead,"The slang term ""dead"" as used in the sentence ""I'm dead tired"" is a colloquial expression commonly employed to emphasize extreme levels of exhaustion. It can be interpreted literally, indicating an individual is so tired that they appear lifeless or devoid of energy. In this context, ""lowkey just gonna chill at home today"" serves as a milder way of expressing the intention to relax due to feeling drained.","I'm dead tired, lowkey just gonna chill at home today.","I'm really tired, I think I'll just stay home and relax today."
dead (exhausted),"The slang term ""dead"" used as ""I'm dead exhausted,"" originates from casual conversational English, primarily in youth and informal settings. In this context, ""dead"" implies a state of exhaustion or extreme tiredness that is often associated with physical and mental fatigue.","I'm dead exhausted after that long grind, fr.",I'm feeling really tired after that long day at work.
dead (slang for exhausted or impressed),"The slang term ""dead"" is commonly used to express exhaustion or extreme tiredness after a physically demanding activity or event, such as exercise, work, or entertainment. In the sentence ""I'm dead after hittin' that session today,"" the speaker is conveying that they are extremely tired following the specified activity (referred to as 'that session').",I'm dead after hittin' that session today.,I'm really tired after today's workout.
dead (tired as slang for extremely weary),"The term ""dead"" is a colloquialism used as slang to express extreme exhaustion or weariness in informal contexts. This idiom originated from British English but has since been widely adopted globally, particularly among younger generations. The phrase ""I'm dead tired"" indicates an individual has experienced prolonged physical and/or mental exertion and is now experiencing a high level of fatigue.",I'm dead tired after grinding all day.,I'm really tired after working all day.
dead (tired from staying up all night),"The slang term ""dead"" as used in the phrase ""I'm dead tired today after pulling an all-nighter yesterday,"" denotes extreme exhaustion due to lack of sleep. This slang is typically employed within informal social settings and conversations among peers, particularly among younger individuals who are more likely to engage in late-night activities such as studying or partying.",I'm dead tired today after pulling an all-nighter yesterday.,I'm so tired today after staying up late yesterday.
dead (tired slang),"The slang term ""dead"" as used in ""I'm dead tired today 'cause I pulled an all-nighter last night,"" is a colloquial expression commonly employed to denote extreme exhaustion. In this context, the speaker is conveying that they are unusually and overwhelmingly tired due to a lack of sleep following an extended period of wakefulness throughout the previous night.",I'm dead tired today 'cause I pull an all-nighter last night.,I'm really tired today after staying up late last night.
dead (tired),"The slang term ""dead"" used as ""I'm dead tired"" in the given context refers to being extremely weary or exhausted. In informal social interactions, this slang is frequently employed when an individual wants to express extreme fatigue or lack of energy due to insufficient sleep or physical exertion.",I'm dead tired today 'cause I barely slept lol.,I'm really tired today because I didn't get much sleep.
dead (tired),"The slang term ""dead"" is commonly used in informal settings to express extreme exhaustion or tiredness. In the provided sentence, ""I'm dead tired after hitin' the books all day, just tryna chill now,"" the speaker is conveying that they are extremely fatigued due to studying for an extended period of time (all day), and are currently seeking relaxation (just tryna chill now). This slang term is particularly popular among younger generations and is often used in casual conversations or social media posts. The neutral version of this statement would be ""I'm really tired after studying all day, I just want to relax now.""","I'm dead tired after hitin' the books all day, just tryna chill now.","I'm really tired after studying all day, I just want to relax now."
hit (hitting),"The slang term 'hit' (in the phrase ""I'm dead tired after hitin' the books all day"") is commonly used in informal settings among adolescents and adults to refer to the act of studying or engaging in a particular activity. In this context, 'hitting the books' signifies spending a lot of time reading or studying. The phrase ""I'm dead tired"" indicates extreme exhaustion.","I'm dead tired after hitin' the books all day, just tryna chill now.","I'm really tired after studying all day, I just want to relax now."
dead,"The term ""dead,"" as used in the phrase ""I'm super dead today 'cause I pulled an all-nighter binge-watching vids,"" is a colloquial expression commonly employed among English speakers, particularly younger individuals, to convey extreme exhaustion or fatigue. In this context, ""dead"" functions as a slang synonym for ""tired.""",I'm super dead today 'cause I pulled an all-nighter binge-watching vids.,I'm really tired today because I stayed up late watching videos.
all-nighter,"The term ""all-nighter,"" as used in the sentence ""I'm super dead today 'cause I pulled an all-nighter binge-watching vids,"" is a colloquial expression that refers to staying awake throughout the entire night. In this context, it is often employed to indicate engaging in an activity or a series of activities for such an extended period that sleep is neglected, typically resulting in fatigue.",I'm super dead today 'cause I pulled an all-nighter binge-watching vids.,I'm really tired today because I stayed up late watching videos.
dead,"The slang term 'dead' in the phrase ""I'm totally dead today"" is colloquial for feeling extremely tired or exhausted. This expression is often used to convey a sense of fatigue or lack of energy, similar to the neutral version ""I'm really tired today."" It is typically employed in casual daily social interactions among peers and within informal settings such as text messaging, online chats, and face-to-face conversations. The use of this slang term helps to create a sense of camaraderie and shared understanding between individuals who are familiar with the colloquial language.","I'm totally dead today, so I'm just gonna chill at home and veg out.","I'm really tired today, so I think I’ll just stay home and relax."
chill,"The slang term ""chill"" as used in the sentence ""I'm totally dead today, so I'm just gonna chill at home and veg out,"" is a casual, informal expression that conveys relaxation, leisure, and comfort. It often implies spending time in a low-stress environment, usually in private or with close friends, as opposed to engaging in social activities or work.","I'm totally dead today, so I'm just gonna chill at home and veg out.","I'm really tired today, so I think I’ll just stay home and relax."
veg,"The term 'veg' in the phrase ""I'm totally dead today, so I'm just gonna chill at home and veg out"" is a slang expression used to describe relaxing or doing nothing particularly active, often while engaging in passive entertainment such as watching television or playing video games. It originated from the verb 'vegetate', which has a similar meaning but is more formal.","I'm totally dead today, so I'm just gonna chill at home and veg out.","I'm really tired today, so I think I’ll just stay home and relax."
dead,"The slang term ""dead"" as used in the phrase ""I'm dead tired today and not tryna do anything, fr."" is a colloquial expression commonly utilized among youth and young adults in informal settings. In this context, ""dead"" is an intensifier that signifies extreme exhaustion or lack of energy, often beyond what typical expressions like ""I'm really tired"" convey. The phrase ""not tryna do anything"" means the individual has no intention or desire to engage in any activities. This slang term might be used in casual conversation among friends, family, or online communities as a way to emphasize one's fatigue and lack of motivation. The neutral version would be ""I'm just really tired today and I don't feel like doing anything.""","I'm dead tired today and not tryna do anything, fr.",I'm just really tired today and I don't feel like doing anything.
fr,"The slang term ""fr"" as used in the phrase ""I'm dead tired today and not tryna do anything, fr."" is an abbreviation for the word ""for real,"" originating from African American Vernacular English (AAVE) and has since been adopted by various youth cultures globally.","I'm dead tired today and not tryna do anything, fr.",I'm just really tired today and I don't feel like doing anything.
dead,"The slang term ""dead"" as used in the phrase ""I'm hella dead tired today and lowkey vibing with the gloom,"" is a colloquial expression primarily used among young people, particularly within certain subcultures such as urban, online communities, or youth-oriented circles.",I'm hella dead tired today and lowkey vibing with the gloom.,I'm just really tired today and feeling kind of down.
lowkey,"The term ""lowkey"" is an informal colloquialism, primarily used in English-speaking cultures, particularly prevalent among younger generations. In this context, ""I'm hella dead tired today and lowkey vibing with the gloom,"" the slang word ""lowkey"" signifies a subtle or subdued emotion, attitude, or action. Here, it suggests the speaker is feeling somewhat down or melancholic but not explicitly expressing it. The use of ""hella"" intensifies the sentiment of tiredness.",I'm hella dead tired today and lowkey vibing with the gloom.,I'm just really tired today and feeling kind of down.
dead,"The slang term ""dead"" as used in ""I'm kinda dead today and mood's kinda off, fr."" is an informal expression commonly employed to indicate a state of exhaustion or extreme tiredness. In this context, the speaker suggests that they are feeling extremely worn out. The phrase ""mood's kinda off"" further emphasizes the speaker's emotional state, indicating they are feeling down or in a bad mood. This slang term is often used among peers and friends in casual social interactions, particularly within younger demographics. Its usage serves to convey a sense of familiarity and informality. When expressed in its neutral form, it translates to ""I'm just really tired today and feeling a bit down.""","I'm kinda dead today and mood's kinda off, fr.",I'm just really tired today and feeling a bit down.
mood,"The term 'mood' as used in the sentence ""I'm kinda dead today and mood's kinda off, fr."" is a colloquial expression that represents an emotional state. In this specific context, it indicates a person is feeling low, out of sorts, or downcast. The phrase is often employed to express a general sense of malaise or dissatisfaction with one's current emotional condition.","I'm kinda dead today and mood's kinda off, fr.",I'm just really tired today and feeling a bit down.
dead,"The slang term ""dead"" in the phrase ""I'm mad dead tired"" is commonly used in informal English to emphasize extreme exhaustion. The term can be traced back to African American Vernacular English and has since spread across various youth subcultures. It is often used by younger generations and is particularly popular on social media platforms and among friends.",I'm mad dead tired today 'cause I napped like no cap.,I'm feeling pretty tired today because I didn't sleep well.
no cap,"The slang term 'no cap' is commonly used in informal English conversations, particularly among younger generations, to express that one is being truthful or honest about a statement. In the sentence ""I'm mad dead tired today 'cause I napped like no cap,"" the speaker is emphasizing their genuine exhaustion by stating they slept excessively (napped like no cap), which translates to sleeping a lot or very deeply, and are therefore feeling extremely tired (mad dead tired). The phrase 'no cap' is employed to assert the veracity of the statement, implying that there is no exaggeration involved. This slang term is often used in casual conversations among friends, on social media, and in various online communities as a means of emphasizing sincerity or honesty about one's feelings or experiences.",I'm mad dead tired today 'cause I napped like no cap.,I'm feeling pretty tired today because I didn't sleep well.
dead,"The slang term ""dead"" in the given context, as used in ""Yo, I'm dead tired today, just tryna chill at home and veg out,"" is typically employed to express extreme exhaustion. In this instance, the speaker is communicating that they are extremely tired.","Yo, I'm dead tired today, just tryna chill at home and veg out.","Hey, I'm really tired today and just want to relax at home."
tryna,"The term 'tryna', as used in ""Yo, I'm dead tired today, just tryna chill at home and veg out,"" is a colloquial contraction derived from the phrase ""trying to."" It is commonly utilized in informal, casual settings, particularly among younger generations and those with a more relaxed or informal communication style.","Yo, I'm dead tired today, just tryna chill at home and veg out.","Hey, I'm really tired today and just want to relax at home."
veg,"The term 'veg' in the given context is an informal American English slang that refers to relaxing, resting, or spending time without any particular purpose or activity. In the sentence ""Yo, I'm dead tired today, just tryna chill at home and veg out,"" the speaker expresses their exhaustion and desire for leisure and relaxation. The usage of 'veg' in this context is common among younger individuals and casual social settings where a more relaxed and informal tone is appropriate.","Yo, I'm dead tired today, just tryna chill at home and veg out.","Hey, I'm really tired today and just want to relax at home."
deadass,"The slang term 'deadass' is a colloquial intensifier commonly used in informal settings among English speakers, particularly in North America. It serves to emphasize the truthfulness or sincerity of a statement. In the context provided: ""I'm deadass exhausted after grinding all day,"" the speaker is expressing extreme tiredness or exhaustion following prolonged effort or activity, often associated with work or study.",I'm deadass exhausted after grinding all day.,I'm so tired after studying all day.
deadass,"The slang term ""deadass"" is commonly used in informal, spoken English, particularly among younger generations and in online communities. It is an emphatic intensifier, used to express sincerity or certainty about a statement. In the given context, ""I'm deadass drained after this whole day, no cap,"" the speaker is emphatically asserting that they are very tired following their entire day.","I'm deadass drained after this whole day, no cap.",I'm feeling really tired after such a long day.
drained,"The term 'drained', as used in the phrase ""I'm deadass drained after this whole day, no cap,"" is a contemporary slang expression that denotes physical or mental exhaustion. It indicates that an individual has been pushed to their limits and requires rest. The phrase ""no cap"" functions as an assurance that the speaker is not exaggerating or being insincere about their feelings of exhaustion.","I'm deadass drained after this whole day, no cap.",I'm feeling really tired after such a long day.
deadass,"The slang term 'deadass' is commonly used in informal, conversational English, particularly among younger generations and within certain social circles. It is an emphatic intensifier that signifies absolute truth or sincerity. In the given context, ""I'm deadass drained today and not tryna do nada,"" the speaker is expressing extreme fatigue or exhaustion and a strong desire to avoid any kind of activity.",I'm deadass drained today and not tryna do nada.,I'm just feeling really tired today and don't want to do anything.
drained,"The slang term ""drained,"" as used in the statement ""I'm deadass drained today and not tryna do nada,"" is a colloquial expression commonly employed to denote an extreme state of physical, mental, or emotional exhaustion. In this context, it implies that the individual is extremely tired and has no motivation or energy to engage in any activities.",I'm deadass drained today and not tryna do nada.,I'm just feeling really tired today and don't want to do anything.
nada,"The term ""nada"" is a slang expression primarily used within informal, casual conversational settings among English speakers, particularly in North America. It originates from Spanish and means 'nothing' or 'zero'. In the sentence ""I'm deadass drained today and not tryna do nada"", the user employs this term to convey that they are feeling extremely exhausted (drained) and have no desire (not tryna) to engage in any activities (doing nothing, as represented by 'nada'). The use of this slang term serves to emphasize the speaker's lack of energy or motivation, and it can be understood as a colloquial way of expressing one's reluctance or inability to participate in activities. In comparison, its neutral version is ""I'm just feeling really tired today and don't want to do anything.""",I'm deadass drained today and not tryna do nada.,I'm just feeling really tired today and don't want to do anything.
deadass,"The term 'deadass' is a colloquial intensifier used to express emphatic truth or sincerity in spoken English, particularly among younger generations and in informal settings. In the sentence ""I'm deadass exhausted today and not tryna do anything sus,"" the speaker is emphasizing that they are truly tired and have no desire (willingness) to engage in activities that could be perceived as suspicious or risky ('sus' being a slang term for suspicious). The neutral version of this sentence would be ""I'm just really tired today and don't want to do anything complicated."" By using 'deadass', the speaker seeks to convey a stronger sense of exhaustion and sincerity, potentially to emphasize their need for rest or avoidance of certain activities.",I'm deadass exhausted today and not tryna do anything sus.,I'm just really tired today and don't want to do anything complicated.
tryna,"The slang term ""tryna"" is a contraction of the phrase ""trying to."" It is commonly used in informal English conversations, particularly among younger generations and in online communication.",I'm deadass exhausted today and not tryna do anything sus.,I'm just really tired today and don't want to do anything complicated.
sus,"The term 'sus' is a contemporary slang commonly used among youth and internet communities. In this specific context, ""I'm deadass exhausted today and not tryna do anything sus,"" the word 'sus' is employed to denote suspicion or something shady, dishonest, or illicit. However, in the provided sentence, it indicates activities that are complex, sketchy, or potentially risky.",I'm deadass exhausted today and not tryna do anything sus.,I'm just really tired today and don't want to do anything complicated.
deadass,"The term 'deadass' is an informal American English slang expression, primarily utilized to emphasize honesty or sincerity in a statement. In the sentence ""I'm deadass exhausted today and had zero chill for going out,"" the speaker expresses their genuine state of exhaustion and lack of enthusiasm towards socializing.",I'm deadass exhausted today and had zero chill for going out.,I'm just really tired today and didn't feel like going out.
zero,"The slang term ""zero"" as used in the phrase ""I'm deadass exhausted today and had zero chill for going out,"" is an informal expression originating from contemporary American English. It is typically employed to emphasize a lack of enthusiasm, patience, or restraint in a given situation. In this context, ""zero chill"" means having no coolness or composure, suggesting impatience or annoyance.",I'm deadass exhausted today and had zero chill for going out.,I'm just really tired today and didn't feel like going out.
deadtired grindin,"The slang term ""deadtired grindin'"" is commonly used in informal settings, particularly among younger generations, to express extreme exhaustion due to prolonged physical or mental effort. In the sentence ""I'm legit deadtired after grindin' all day, fr."", the speaker is conveying that they are extremely tired as a result of working hard for an extended period.","I'm legit dead tired after grindin' all day, fr.",I'm honestly really tired after working all day.
deets,"The term 'deets' is a common informal slang that originated from the abbreviation of ""details"". It is typically used in casual, friendly conversations among individuals who are familiar with each other. In the provided example, ""Yo, can you send me the deets from yesterday’s meet? Thanks fam!"", it is being used to request specific information (details) about a previous meeting.","Yo, can you send me the deets from yesterday’s meet? Thanks fam!","Hey, could you send me the notes from yesterday’s meeting?"
dip,"The slang term ""dip"" as used in the phrase ""Yo, I might dip the party tonight, fr fr"" is an informal expression that typically refers to leaving or departing from a social event. In this context, the sentence implies that the speaker may choose not to attend or may decide to leave the party.","Yo, I might dip the party tonight, fr fr.","Hey, I think I might skip the party tonight."
dip,"The term ""dip"" as used in the sentence ""Lowkey, I gotta dip and catch some Z's soon,"" is a colloquial expression commonly employed to indicate leaving or departing from a social situation, particularly when one wishes to do so discreetly or without drawing attention. In this context, ""I gotta dip"" can be understood as ""I need to leave."" The term ""Z's"" refers to sleep, with ""catch some Z's"" being an informal way of saying ""get some sleep.""","Lowkey, I gotta dip and catch some Z's soon.",I think I should probably get some sleep now.
Z's,"The term 'Z's', as utilized in ""Lowkey, I gotta dip and catch some Z's soon,"" is a common slang expression for sleep. It is typically used casually among individuals of various age groups, particularly those from English-speaking countries or communities, to refer to the act or need for rest or sleep in a brief and colloquial manner.","Lowkey, I gotta dip and catch some Z's soon.",I think I should probably get some sleep now.
dip,"The slang term ""dip"" as used in the phrase ""Yo, wanna dip and vibe with me later?"" is an informal expression commonly used among youth and urban communities. It originated from hip-hop culture and has since been adopted by various social groups.","Yo, wanna dip and vibe with me later?","Hey, do you want to hang out with me later?"
vibe,"The term 'vibe' in the phrase ""Yo, wanna dip and vibe with me later?"" is commonly used slang among younger generations, particularly in informal and social settings. In this context, 'vibe' denotes a sense of mood, atmosphere, or feeling that is shared or experienced collectively by individuals within a group. It often implies a relaxed, laid-back, and leisurely social activity, such as hanging out, chilling, or spending time together.","Yo, wanna dip and vibe with me later?","Hey, do you want to hang out with me later?"
dipped,"The slang term ""dipped"" as used in ""Yo, just dipped from the mall with my squad, fr fr,"" refers to leaving a particular location. In this context, the speaker has departed from the mall. The phrase ""fr fr"" is an abbreviation for ""for real"" or ""for sure,"" emphasizing the authenticity of the statement.","Yo, just dipped from the mall with my squad, fr fr.","Hey, I just got back from the mall with my friends."
dipped,"The slang term ""dipped"" as used in the phrase ""Yo, I just dipped from the store and I’m totally wiped, fr."" is an informal way to convey that the speaker has left a specific location (in this case, a store) and is feeling tired or exhausted upon their return. The term ""dipped"" functions as a colloquial synonym for 'left' or 'departed'.","Yo, I just dipped from the store and I’m totally wiped, fr.","Hey, I just got back from the store and I’m super tired."
fr,"The slang term ""fr"" is an abbreviation for ""for real"" or ""for true."" It is commonly used in informal English-speaking contexts to signify sincerity or emphasis. In the sentence ""Yo, I just dipped from the store and I’m totally wiped, fr,"" the speaker is confirming that they have indeed left the store (as indicated by ""dipped"") and are tired (indicated by ""wiped""). The use of ""fr"" serves to emphasize or authenticate their statement. This slang term would typically be used among peers in casual social interactions, such as text messages or conversations with friends.","Yo, I just dipped from the store and I’m totally wiped, fr.","Hey, I just got back from the store and I’m super tired."
dipping,"The term 'dipping' as used in the sentence ""I'm just dippin' for some java and then vibing with a walk,"" is a colloquialism for the action of going to obtain something, specifically coffee (Java) in this context. This slang originates from urban American English and has been popularized through various cultural influences, particularly within youth culture and social media.",I'm just dippin' for some java and then vibing with a walk.,I'm just going to grab some coffee and then go for a walk.
java,"The term ""java"" in the phrase ""I'm just dippin' for some java and then vibing with a walk,"" is an informal slang used to refer to coffee. This specific usage originated from the brand name of a popular coffee chain, ""Starbucks,"" where customers often order ""tall,"" ""grande,"" or ""venti"" coffees, with ""tall"" being nicknamed ""short java.""",I'm just dippin' for some java and then vibing with a walk.,I'm just going to grab some coffee and then go for a walk.
vibing,"The slang term ""vibing,"" as used in the context of ""I'm just dippin' for some java and then vibing with a walk,"" denotes a relaxed and enjoyable social activity. In this instance, the individual is planning to enjoy a leisurely stroll after having coffee, implying a casual, laid-back atmosphere and positive sentiment. The term may be used by people of diverse age groups and social backgrounds in daily interactions to express the pleasure they anticipate during their leisure time.",I'm just dippin' for some java and then vibing with a walk.,I'm just going to grab some coffee and then go for a walk.
dive,"The term ""dive"" in the given context is a contemporary slang used to denote the act of discovering or visiting a new place, typically an establishment such as a restaurant, bar, or cafe. In this instance, ""Yo, just dived into this sick new spot downtown, it's fire!"" implies that the speaker has recently discovered and enjoyed a novel location in the city center.","Yo, just dived into this sick new spot downtown, it's fire!","Hey, I found a really cool new cafe downtown."
spot,"The term 'spot', as used in the sentence ""Yo, just dived into this sick new spot downtown, it's fire!"", is a slang expression often employed among young individuals, particularly within urban subcultures. In this context, 'spot' refers to an exciting or noteworthy location, such as a venue, place, or site that offers something unusual or appealing.","Yo, just dived into this sick new spot downtown, it's fire!","Hey, I found a really cool new cafe downtown."
fire,"The slang term ""fire,"" as used in ""Yo, just dived into this sick new spot downtown, it's fire!"", is often employed to express approval, admiration, or enthusiasm towards something, typically a place, object, or experience. In this context, ""fire"" refers to the newly discovered location being particularly cool, interesting, or appealing.","Yo, just dived into this sick new spot downtown, it's fire!","Hey, I found a really cool new cafe downtown."
dope,"The slang term ""dope"" in the phrase ""Yo, just hit the mall and scored some dope fits!"" is commonly used to describe something as being excellent, impressive, or desirable, particularly when referring to fashionable clothing. In this context, it suggests that the clothes recently acquired from shopping are stylish and appealing.","Yo, just hit the mall and scored some dope fits!","Hey, I just got back from shopping and found some really cool clothes."
dopest,"The term ""dopest"" is an informal slang adjective derived from the word 'dope', which in this context means exceptional or extremely good. It is often used to express high praise or admiration for something, such as a movie, song, or style of clothing. In the given sentence, ""Yo, I caught the dopest new flick last night, fr fr"", the speaker is enthusiastically sharing that they watched an impressive new film the previous night.","Yo, I caught the dopest new flick last night, fr fr.","Hey, I just saw a really cool new movie last night."
down,"The slang term 'down' as used in ""Yo, you down to chill today?"" is an informal expression commonly employed among friends and acquaintances in various social settings. It serves as a query to gauge if the recipient is available for leisure activities or spending time together on the specified day.","Yo, you down to chill today?","Hey, are you free to hang out this afternoon?"
drained,"The slang term ""drained"" is commonly used to express feeling physically, mentally, or emotionally exhausted or depleted in everyday social interactions. When an individual uses the phrase ""I'm lowkey drained today,"" they are conveying that they feel tired or worn out but may not want to admit it fully or openly.",I'm lowkey drained today.,I'm just really tired today.
"drained (from ""I'm so drained"")","The slang term ""drained,"" as used in the phrase ""I'm so drained today, fr fr,"" is a colloquial expression denoting extreme physical or emotional exhaustion. It is commonly employed to convey feelings of fatigue, depletion, or burnout, often due to mental exertion rather than physical labor.","I'm so drained today, fr fr.",I'm feeling really tired today.
"drained (from ""I'm totally drained"")","The term ""drained"" is a contemporary slang expression that denotes extreme exhaustion or depletion of one's energy. In the sentence ""I'm totally drained after cramming all day, no cap,"" it indicates that the speaker has been working excessively hard or for an extended period, usually studying, and is now physically and mentally exhausted as a result.","I'm totally drained after cramming all day, no cap.",I'm really tired after all that studying today.
drained (from all-nighter),"The slang term ""drained (from all-nighter)"" is a colloquial expression used to describe an individual who is extremely exhausted after staying awake throughout the night. This slang term is often utilized in casual, informal conversations among peers, particularly among younger generations.",I'm totally drained 'cause I pulled an all-nighter.,I'm just really tired today after staying up all night.
drained,"The slang term 'drained' is commonly used to describe a state of extreme exhaustion or lack of energy. It is often employed casually in informal conversations among individuals of various age groups, particularly among younger generations and peers who are comfortable with contemporary vernacular.","I'm mad drained today, I gotta catch some Z's.","I'm really tired today, I think I need to rest."
Z's,"The slang term ""Z's"" is a colloquial abbreviation for the word ""sleep."" It is commonly used in informal settings to refer to rest or sleep. The phrase ""I'm mad drained today, I gotta catch some Z's"" implies that the speaker is extremely tired and needs to sleep to regain energy.","I'm mad drained today, I gotta catch some Z's.","I'm really tired today, I think I need to rest."
drained,"The term 'drained' is a colloquial expression used to denote extreme physical or mental exhaustion. In the given sentence ""I'm totally drained 'cause I pulled an all-nighter hitting the books,"" the speaker is conveying that they have been studying for such an extended period without sleep that they are now completely depleted of energy and concentration.",I'm totally drained 'cause I pulled an all-nighter hitting the books.,I'm really tired today because I stayed up all night studying.
all-nighter,"The term ""all-nighter"" is a colloquial expression used to denote a night during which one stays awake for an extended period, typically from late evening to early morning or even throughout the entire night. In the given context, ""I'm totally drained 'cause I pulled an all-nighter hitting the books,"" the phrase implies that the individual has been studying intensely through the night, resulting in exhaustion.",I'm totally drained 'cause I pulled an all-nighter hitting the books.,I'm really tired today because I stayed up all night studying.
drained,"The term ""drained"" is a colloquial expression that denotes an extreme state of mental, emotional, or physical exhaustion. It is commonly used in informal social interactions to convey feelings of fatigue, lack of energy, and motivation to participate in activities. In the given example, ""I'm super drained today and can't be bothered to do anything lol,"" the speaker expresses their extreme tiredness and low level of enthusiasm or willingness to engage in any activities.",I'm super drained today and can't be bothered to do anything lol.,I'm just really tired today and don't want to do anything.
cantbother,"The term ""cantbother"" is a modern informal contraction of the phrase ""can't be bothered."" It is typically used to express indifference, lack of enthusiasm, or fatigue towards performing certain tasks or engaging in activities. The user in the given example, ""I'm super drained today and can't be bothered to do anything lol,"" is conveying that they are feeling extremely tired or unmotivated and, as a result, do not wish to undertake any responsibilities or engage in any activity.",I'm super drained today and can't be bothered to do anything lol.,I'm just really tired today and don't want to do anything.
drained,"The term 'drained' is a slang expression commonly used to denote a state of extreme physical or mental exhaustion. In the sentence ""I'm so drained today 'cause I caught no z's last night,"" the speaker indicates feeling overly tired due to lack of sleep.",I'm so drained today 'cause I caught no z's last night.,I'm so tired today because I didn't sleep well last night.
caught (no) z's,"The slang term ""caught no z's"" is an informal expression used to denote that one has not slept well during the night. It is often utilized in casual conversations to convey tiredness or fatigue.",I'm so drained today 'cause I caught no z's last night.,I'm so tired today because I didn't sleep well last night.
drained,"The slang term ""drained,"" as used in the phrase ""Hey, I'm hella drained today and just wanna chill vibe,"" is an informal expression commonly employed to indicate extreme physical, mental, or emotional exhaustion. In this context, the word ""hella"" functions as an intensifier, emphasizing the speaker's feeling of being very tired.","Hey, I'm hella drained today and just wanna chill vibe.","Hey, I'm really tired today and just want to relax."
chill,"The term ""chill"" as used in the given context, ""Hey, I'm hella drained today and just wanna chill vibe,"" is an informal slang that denotes relaxation, leisure, or a relaxed state of mind. This term is commonly employed to express a desire for tranquility, peace, or a stress-free environment.","Hey, I'm hella drained today and just wanna chill vibe.","Hey, I'm really tired today and just want to relax."
drained,"The term ""drained"" is a colloquial expression commonly used to denote a state of mental, emotional, or physical exhaustion. In the provided sentence, ""I'm super drained today, just tryna chill and binge some shows,"" the speaker indicates that they are experiencing extreme tiredness or fatigue.","I'm super drained today, just tryna chill and binge some shows.","I'm really tired today, so I just want to relax and watch some TV."
chill,"The slang term ""chill"" in the sentence, ""I'm super drained today, just tryna chill and binge some shows,"" is used to express a desire for relaxation, leisure, or unwinding. This term is typically employed in informal social interactions among peers of various age groups, particularly among younger individuals, due to its contemporary usage.","I'm super drained today, just tryna chill and binge some shows.","I'm really tired today, so I just want to relax and watch some TV."
binge,"The slang term ""binge"" as used in the sentence ""I'm super drained today, just tryna chill and binge some shows"" refers to watching multiple episodes or seasons of a television series or streaming content in rapid succession. This slang is typically employed in casual, informal conversations among individuals who engage in media consumption through digital platforms.","I'm super drained today, just tryna chill and binge some shows.","I'm really tired today, so I just want to relax and watch some TV."
drained,"The slang term 'drained', as used in the sentence ""Yo, I’m hella drained today and just wanna chill, fr fr,"" refers to feeling completely exhausted or depleted of energy. This term is typically employed in casual, informal social interactions among youth and young adults, especially within online communities and text-based conversations.","Yo, I’m hella drained today and just wanna chill, fr fr.","Hey, I’m really tired today and just want to relax."
chill,"The term ""chill"" as used in the sentence ""Yo, I’m hella drained today and just wanna chill, fr fr"" is a slang expression that signifies relaxation, leisure, or doing nothing in particular. It implies a desire for peacefulness, rest, or avoiding stress or exertion.","Yo, I’m hella drained today and just wanna chill, fr fr.","Hey, I’m really tired today and just want to relax."
fr,"The slang term 'fr' as used in ""Yo, I’m hella drained today and just wanna chill, fr fr"" is an abbreviation for ""for real"" or ""for sure"". This term is commonly utilized in informal, casual contexts, particularly among younger generations and within online communities.","Yo, I’m hella drained today and just wanna chill, fr fr.","Hey, I’m really tired today and just want to relax."
drained,"The slang term ""drained,"" as used in the phrase ""I'm so drained after today, just wanna chill and kick back,"" is typically employed to express a state of physical, mental, or emotional exhaustion. It implies that an individual has undergone a challenging or energy-consuming experience, such as a long day of work, study, social engagements, or emotional turmoil. The phrase ""just wanna chill and kick back"" further emphasizes the desire for relaxation and relief from the state of exhaustion.","I'm so drained after today, just wanna chill and kick back.","I'm really tired after a long day, I just want to relax."
chill,"The term 'chill' is a casual, colloquial expression commonly used among young adults and adolescents in various informal social settings. It signifies a state of relaxation, leisure, and tranquility. In the sentence ""I'm so drained after today, just wanna chill and kick back,"" it indicates that the speaker is tired and wishes to unwind or relax. The phrase 'kick back' further emphasizes the desire for leisurely comfort.","I'm so drained after today, just wanna chill and kick back.","I'm really tired after a long day, I just want to relax."
kickback,"The term ""kickback"" is a slang phrase commonly used in informal settings among English speakers, primarily in North America. It generally signifies relaxation or unwinding after a period of intense activity or stress. In the context of the given sentence, ""I'm so drained after today, just wanna chill and kick back,"" the speaker expresses feelings of exhaustion from their day and desires to relax.","I'm so drained after today, just wanna chill and kick back.","I'm really tired after a long day, I just want to relax."
drained,"The slang term 'drained', as used in the phrase ""I'm hella drained today, just tryna chill and scroll some streams,"" is commonly employed by young adults and adolescents within informal social settings to express a profound sense of physical or mental exhaustion. It is often utilized to emphasize an intense feeling of fatigue or depletion in energy levels that prevents the individual from engaging actively in social activities or tasks.","I'm hella drained today, just tryna chill and scroll some streams.","I'm really tired today, I just want to relax and watch some TV."
chill,"The term ""chill"" is a common informal slang often used among younger generations to denote a state of relaxation or tranquility, typically with an emphasis on leisure and not exerting oneself. In the given context, ""I'm hella drained today, just tryna chill and scroll some streams,"" the individual expresses feeling exhausted (as indicated by ""drained"") but seeks to relax (""chill"") by engaging in a passive activity such as streaming content online (e.g., videos or music).","I'm hella drained today, just tryna chill and scroll some streams.","I'm really tired today, I just want to relax and watch some TV."
streams,"The term 'streams' is a modern slang used primarily among digital natives, particularly those who are frequent users of online streaming platforms such as Netflix, Hulu, YouTube, and Twitch. In the context given - ""I'm hella drained today, just tryna chill and scroll some streams"" - 'streams' refers to video content available for viewing on these digital platforms.","I'm hella drained today, just tryna chill and scroll some streams.","I'm really tired today, I just want to relax and watch some TV."
drained,"The slang term ""drained,"" as used in the sentence ""I'm sooo drained today, just tryna chill at home and veg out,"" is typically employed to express a strong feeling of exhaustion, depletion, or fatigue. It is often utilized in casual conversations between individuals who are engaged in social activities, work environments, or academic settings where long hours or intense mental or physical effort may lead to a sense of being overly tired.","I'm sooo drained today, just tryna chill at home and veg out.","I'm really tired today, so I think I just want to stay home and relax."
chill,"The term 'chill' in the given context, as used in ""I'm sooo drained today, just tryna chill at home and veg out,"" is colloquial and informal. It generally denotes a state of relaxation, leisure, or calmness. In this instance, the speaker is expressing a desire to rest due to feeling exhausted (drained). The phrase 'veg out' further emphasizes this relaxed state, referring to engaging in low-energy or passive activities such as watching television, playing video games, or resting.","I'm sooo drained today, just tryna chill at home and veg out.","I'm really tired today, so I think I just want to stay home and relax."
veg,"The term 'veg' as used in ""I'm sooo drained today, just tryna chill at home and veg out"" is an informal slang expression that means to relax or spend time idly, often by watching television or engaging in other passive activities. This phrase is typically employed when the individual feels exhausted or fatigued and desires a period of rest and leisure.","I'm sooo drained today, just tryna chill at home and veg out.","I'm really tired today, so I think I just want to stay home and relax."
drained,"The slang term 'drained', as used in ""I'm so drained today, just tryna chill and vibe"", is typically employed to express a feeling of exhaustion, lack of energy, or mental fatigue. In this context, it signifies that the individual is emotionally or physically tired, needing rest or relaxation.","I'm so drained today, just tryna chill and vibe.",I'm really tired today and just want to relax.
chill,"The term ""chill"" is a common colloquial expression used to denote a state of relaxation, tranquility, or leisure. In the given sentence, ""I'm so drained today, just tryna chill and vibe,"" the speaker expresses a feeling of exhaustion (captured by ""drained"") and desire for rest and entertainment (captured by ""chill"" and ""vibe"").","I'm so drained today, just tryna chill and vibe.",I'm really tired today and just want to relax.
vibe,"The term 'vibe' used in the context of ""I'm so drained today, just tryna chill and vibe"" is a slang term that originates from American English. It generally refers to the feeling, mood, or atmosphere that is being experienced or sensed. In this particular sentence, it suggests the speaker wants to relax and enjoy the current emotional state or situation they are in.","I'm so drained today, just tryna chill and vibe.",I'm really tired today and just want to relax.
drained,"The term ""drained"" is a modern slang expression primarily used to denote an extreme feeling of exhaustion or depletion of one's energy levels. In the context of the provided statement, ""I'm lowkey drained today, so I’m just chillin' at home to vibe,"" it indicates that the individual is experiencing profound tiredness or emotional fatigue and has chosen to relax at home as a result.","I'm lowkey drained today, so I’m just chillin' at home to vibe.","I'm feeling pretty tired today, so I think I'll just stay home and relax."
chillin',"The slang term ""chillin'"" is often used to denote a state of relaxation, leisure, and calmness in informal settings. In the provided sentence, ""I'm lowkey drained today, so I’m just chillin' at home to vibe,"" the speaker suggests they are feeling tired or exhausted, and as a result, they plan to relax at home while enjoying music (to 'vibe').","I'm lowkey drained today, so I’m just chillin' at home to vibe.","I'm feeling pretty tired today, so I think I'll just stay home and relax."
vibe,"The term ""vibe"" in the provided context is a modern colloquialism that generally refers to a feeling or atmosphere created by a situation, person, or group of people. It is commonly used in informal social settings and online communication among young adults and teens. In the given sentence, ""I'm lowkey drained today, so I’m just chillin' at home to vibe,"" the speaker implies that they are intentionally choosing to spend time alone at home in a relaxed mood due to feeling tired or exhausted. The use of this slang term indicates a desire to immerse oneself in a calm and comfortable ambiance as a means of self-care or rejuvenation. The neutral version of the sentence would be: ""I'm feeling pretty tired today, so I think I'll just stay home and relax."" In social interactions, this slang term may serve to demonstrate a sense of belonging within a particular peer group that values informality and emotional expressiveness.","I'm lowkey drained today, so I’m just chillin' at home to vibe.","I'm feeling pretty tired today, so I think I'll just stay home and relax."
drained,"The slang term ""drained,"" as used in the phrase ""I'm mad drained today, so I'm just chillin' at home and vibin',"" is commonly employed to denote a feeling of exhaustion or extreme fatigue. This term is often used by young individuals, particularly among peers, to casually express that they are too tired or lack energy due to various reasons such as physical exertion, mental stress, or emotional strain.","I'm mad drained today, so I'm just chillin' at home and vibin'.","I'm just really tired today, so I think I'll stay home and relax."
chillin',"The slang term ""chillin'"" as used in the sentence ""I'm mad drained today, so I'm just chillin' at home and vibin'"" is commonly employed to denote a relaxed, unhurried state of being. In this context, it signifies that the individual is taking it easy or not exerting much effort due to feeling tired (as indicated by ""mad drained""). The term ""vibin'"" is often used in parallel with ""chillin'"" and refers to enjoying oneself, feeling content, or being at ease.","I'm mad drained today, so I'm just chillin' at home and vibin'.","I'm just really tired today, so I think I'll stay home and relax."
vibin',"The term 'vibin'' is a contemporary slang expression primarily used among younger generations within informal social settings. It originated from the word ""vibe,"" which generally refers to a feeling or atmosphere that permeates a situation or environment. In the given context, ""I'm mad drained today, so I'm just chillin' at home and vibin',"" the speaker is conveying that they are extremely tired and choose to remain at home in a relaxed state while enjoying their current mood or atmosphere.","I'm mad drained today, so I'm just chillin' at home and vibin'.","I'm just really tired today, so I think I'll stay home and relax."
drained,"The slang term 'drained', as used in ""I'm super drained today, so I'm just chillin' at home and vibing out,"" refers to a state of emotional or physical exhaustion. In everyday social interactions, this slang is often employed by individuals expressing feelings of fatigue, lack of energy, or emotional drainage following a stressful day or activity. The term 'drained' is more casually used among peers and acquaintances in informal settings to signify the need for rest or relaxation.","I'm super drained today, so I'm just chillin' at home and vibing out.","I'm feeling really tired today, so I think I'll stay home and relax."
chillin',"The slang term ""chillin'"" is commonly used to denote a state of relaxation, leisure, or simply doing nothing in particular, often with an emphasis on enjoying one's time. In the given sentence, ""I'm super drained today, so I'm just chillin' at home and vibing out,"" the speaker is expressing that they are physically exhausted and therefore opting to rest at home while also engaging in activities that bring them pleasure or contentment (as indicated by 'vibing out').","I'm super drained today, so I'm just chillin' at home and vibing out.","I'm feeling really tired today, so I think I'll stay home and relax."
vibing,"The slang term 'vibing', as used in ""I'm super drained today, so I'm just chillin' at home and vibing out,"" refers to relaxing, enjoying oneself, or being content with the current situation. This term is often employed to denote a laid-back atmosphere and a focus on personal well-being, typically in casual social interactions.","I'm super drained today, so I'm just chillin' at home and vibing out.","I'm feeling really tired today, so I think I'll stay home and relax."
drained,"The term 'drained' is a contemporary slang expression used to denote a state of physical, emotional, or mental exhaustion. In the given sentence, ""I'm hella drained today, so I'm just gonna chill at home and vibing,"" the speaker conveys they are excessively tired or depleted of energy, and as a result, will choose to rest at home and relax while enjoying themselves (vibing).","I'm hella drained today, so I'm just gonna chill at home and vibing.","I'm really tired today, so I think I'll just stay in and relax."
chilling,"The slang term ""chilling,"" as used in the sentence ""I'm hella drained today, so I'm just gonna chill at home and vibing,"" is a colloquial expression commonly used among English speakers, particularly younger generations. In this context, ""chill"" or ""chilling"" generally refers to relaxing, unwinding, or spending time in a leisurely manner without any pressure or haste.","I'm hella drained today, so I'm just gonna chill at home and vibing.","I'm really tired today, so I think I'll just stay in and relax."
vibing,"The term 'vibing', as used in the sentence ""I'm hella drained today, so I'm just gonna chill at home and vibing,"" is a contemporary slang term that originated from African American Vernacular English (AAVE) and has since spread across various youth cultures globally.","I'm hella drained today, so I'm just gonna chill at home and vibing.","I'm really tired today, so I think I'll just stay in and relax."
drained,"The term 'drained', as used in the sentence ""I'm mad drained today 'cause I pulled an all-nighter with my cram sesh,"" is a colloquial expression frequently employed by individuals, particularly younger generations, to denote physical or mental exhaustion. In this specific context, 'drained' implies a profound sense of fatigue resulting from staying awake for extended hours, as in the case of an all-nighter devoted to cramming for exams or studies (hence, the term ""cram sesh"").",I'm mad drained today 'cause I pulled an all-nighter with my cram sesh.,I'm so tired today because I stayed up late studying.
cram,"The term 'cram' in the given context is an informal, North American slang that refers to the act of studying intensively or for a long period, typically just before an exam. In the sentence ""I'm mad drained today 'cause I pulled an all-nighter with my cram sesh,"" the speaker is conveying extreme tiredness resulting from intense late-night studying sessions.",I'm mad drained today 'cause I pulled an all-nighter with my cram sesh.,I'm so tired today because I stayed up late studying.
drained,"The term 'drained', as used in ""I'm so drained, I barely slept last night, fr fr,"" is a colloquial expression often employed by English speakers, particularly among younger generations and informal settings. In this context, the slang term 'drained' denotes a feeling of exhaustion or depletion of energy due to physical, mental, or emotional stress, with the sleep deprivation mentioned serving as the direct cause in this instance. The additional abbreviation ""fr fr"" signifies ""for real"" or ""seriously,"" serving to reinforce the authenticity and sincerity of the speaker's statement.","I'm so drained, I barely slept last night, fr fr.",I'm really tired because I didn't sleep well last night.
fr,"The term 'fr' is an abbreviation often used in informal spoken English, particularly among young individuals, as a shorthand for ""for real"" or ""for real, truly,"" expressing emphasis and authenticity. In the phrase ""I'm so drained, I barely slept last night, fr fr,"" the user is emphasizing their exhaustion due to lack of sleep. This slang term is commonly used in social interactions on digital platforms (such as text messages or social media) and in casual conversations among friends. The neutral version of this sentence would be: ""I'm really tired because I didn't sleep well last night."" The use of 'fr' serves to intensify the sentiment and convey a more emphatic tone, suggesting a shared understanding or familiarity with the listener.","I'm so drained, I barely slept last night, fr fr.",I'm really tired because I didn't sleep well last night.
drained,"The slang term ""drained,"" as used in the sentence ""I'm super drained today, so I’m prolly gonna dip on the party,"" is commonly employed to denote a state of physical or mental exhaustion. It is frequently utilized among individuals who engage in informal social interactions, particularly younger demographics such as teenagers and young adults. The sentiment implied by this slang term is one of being overextended or lacking the energy required for participation in certain activities, in this case, attending a party.","I'm super drained today, so I’m prolly gonna dip on the party.","I'm just really tired today, so I'm probably not going to go to the party."
gonna,"The term 'gonna' in the sentence ""I'm super drained today, so I’m prolly gonna dip on the party,"" is a colloquial contraction of the phrase 'going to' that is frequently used in informal settings. It implies future intention or plan. In this context, the speaker expresses their exhaustion and suggests they will likely not attend the party due to it.","I'm super drained today, so I’m prolly gonna dip on the party.","I'm just really tired today, so I'm probably not going to go to the party."
drained,"The slang term 'drained', as used in ""I'm super drained today but I gotta grind and finish my homework,"" is a colloquial expression that signifies an extreme state of physical, emotional, or mental exhaustion. It suggests the individual is feeling very tired or depleted of energy.",I'm super drained today but I gotta grind and finish my homework.,I'm really tired today but I still have to finish my homework.
gotta (grind),"The term ""gotta grind"" is a contemporary colloquialism primarily used among younger generations, particularly in informal social settings and online communities. It originated from hip-hop culture and has since been widely adopted across various demographics.",I'm super drained today but I gotta grind and finish my homework.,I'm really tired today but I still have to finish my homework.
drained,"The term 'drained', as used in ""I'm just drained after a whole day grind,"" is an informal expression of exhaustion or lack of energy, often referring to mental and emotional fatigue rather than physical tiredness. It is commonly employed in casual conversations among individuals of various age groups, particularly those who are engaged in active social or professional life.",I'm just drained after a whole day grind.,I'm just tired after a long day at work.
grind,"The term 'grind' is a colloquial expression commonly used to denote prolonged and exhausting effort or work. It is often employed in informal settings, particularly among younger generations, to express feelings of fatigue or exhaustion after engaging in demanding activities, especially when these tasks are repetitive or tedious.",I'm just drained after a whole day grind.,I'm just tired after a long day at work.
drained,"The slang term ""drained,"" as used in the sentence ""I'm hella drained after grindin' all morning, ngl,"" is a colloquial expression employed to indicate extreme physical or mental fatigue. In this context, it suggests that the individual has been working strenuously and is now completely exhausted.","I'm hella drained after grindin' all morning, ngl.",I'm really tired today after working all morning.
grindin,"The term ""grindin'"" is a slang term often used in informal contexts to refer to working or exerting oneself with persistent effort. In the sentence ""I'm hella drained after grindin' all morning, ngl,"" the speaker is indicating that they have been working diligently for an extended period (all morning) and are now feeling exhausted as a result. The term ""hella"" serves to intensify the exhaustion being expressed.","I'm hella drained after grindin' all morning, ngl.",I'm really tired today after working all morning.
drained,"The slang term ""drained,"" as used in the phrase ""I'm hella drained after grindin' all day at work,"" is commonly employed among English speakers, particularly in informal settings and digital communication. This term expresses a strong feeling of exhaustion or lack of energy resulting from physical or mental exertion.",I'm hella drained after grindin' all day at work.,I'm really tired after my long day at work.
grindin',"The term 'grindin'' is an informal slang used to denote persistent hard work or effort over a prolonged period. In the sentence ""I'm hella drained after grindin' all day at work,"" the speaker is expressing exhaustion as a result of putting in significant time and energy into their job for an extended duration.",I'm hella drained after grindin' all day at work.,I'm really tired after my long day at work.
drained,"The slang term ""drained,"" as used in the phrase ""I'm hella drained after grinding all day, fr,"" is an informal expression commonly employed to indicate extreme exhaustion or depletion of energy. In this context, ""grinding"" refers to working very hard for a prolonged period.","I'm hella drained after grinding all day, fr.",I'm really tired after such a long day at work.
grinding,"The slang term ""grinding,"" as used in the phrase ""I'm hella drained after grinding all day, fr,"" is commonly associated with persistent effort or hard work, often within a context of repetitive tasks or activities. It implies that an individual has been working tirelessly for an extended period, typically in a job, project, or activity.","I'm hella drained after grinding all day, fr.",I'm really tired after such a long day at work.
drained,"The slang term 'drained', as used in the sentence ""I'm totally drained after grinding all day,"" is commonly employed to express extreme physical or mental exhaustion. This idiomatic expression is particularly prevalent among younger generations, including teenagers and young adults, and is often utilized in informal social settings such as text messages, casual conversations, and online communication platforms.","I'm totally drained after grinding all day, fr.",I'm really exhausted after studying all day.
ground,"The term ""ground,"" as used in the sentence ""I'm totally drained after grinding all day,"" is a slang term typically employed to denote intense and prolonged effort or activity, often physical or mental. In this context, ""grinding"" implies persistent work or exertion over an extended period, usually resulting in exhaustion or fatigue.","I'm totally drained after grinding all day, fr.",I'm really exhausted after studying all day.
drained,"The term 'drained' is a contemporary colloquialism commonly used to express extreme feelings of exhaustion or fatigue. In the sentence ""I'm hella drained today ‘cause I stayed up all night smh,"" it is employed to convey that the speaker has been awake for an extended period, resulting in profound tiredness.",I'm hella drained today ‘cause I stayed up all night smh.,I'm feeling pretty tired today after staying up late last night.
hella,"The term 'hella' is a colloquial intensifier commonly used in American English, particularly among younger generations and in informal settings. It derives from the word ""hell"" and functions as an intensifier to emphasize an adjective or verb. In the sentence ""I'm hella drained today ‘cause I stayed up all night smh,"" 'hella' is used to exaggerate the speaker's feelings of exhaustion. The neutral version of this sentence would be: ""I'm feeling very tired today after staying up late last night.""",I'm hella drained today ‘cause I stayed up all night smh.,I'm feeling pretty tired today after staying up late last night.
drained,"The term 'drained', as used in the sentence ""I'm super drained today, imma just chill at home and vibe,"" is a contemporary slang expression that denotes physical or emotional exhaustion. It suggests a feeling of being utterly depleted of energy, often due to demanding mental or social activities. In this context, 'chill at home' implies relaxation and rest, while 'vibe' refers to enjoying oneself, typically through music or other forms of entertainment.","I'm super drained today, imma just chill at home and  vibe.","I'm really tired today, I think I'll just stay home and relax."
imma,"The slang term ""imma"" is a contraction of ""I'm going to."" It is commonly used in informal and casual settings by English speakers, particularly among younger generations. In the example provided, ""I'm super drained today, imma just chill at home and vibe,"" the user indicates they are extremely tired and intends to relax at home while enjoying themselves.","I'm super drained today, imma just chill at home and  vibe.","I'm really tired today, I think I'll just stay home and relax."
vibe,"The term 'vibe' is a contemporary slang commonly used among younger generations, particularly within informal settings. In the sentence ""I'm super drained today, imma just chill at home and vibe,"" it signifies a feeling of relaxation, enjoyment, or peace. It implies that an individual seeks to unwind, relax, or engage in leisure activities without necessarily being socially active with others. This slang is often used when one wishes to describe a laid-back mood or experience.","I'm super drained today, imma just chill at home and  vibe.","I'm really tired today, I think I'll just stay home and relax."
drained,"The slang term 'drained', as utilized in ""I'm totally drained after this long-ass day"", is commonly employed to express extreme exhaustion or emotional depletion resulting from a lengthy period of activity or intense experience. This term is primarily used within informal social settings and casual conversations among individuals, particularly those belonging to younger generations, including teenagers and young adults.",I'm totally drained after this long-ass day.,I'm really tired after the long day.
long-ass (long in this context is a slang term,"The slang term ""long-ass,"" as used in the context of ""I'm totally drained after this long-ass day,"" is an informal colloquialism that functions as an intensifier for the adjective ""long."" In everyday social interactions, it signifies a prolonged duration or extreme length. The intended sentiment is one of exhaustion or extreme tiredness resulting from a lengthy period of activity.",I'm totally drained after this long-ass day.,I'm really tired after the long day.
but it's not commonly recognized as such,"The slang term ""long-ass day"" is colloquial for a very long and tiring day. It is used to emphasize exhaustion, frustration, or discomfort associated with enduring a prolonged period of work or activities. This term is typically employed in informal social settings among peers, particularly among younger generations, due to its casual nature and conversational tone.",I'm totally drained after this long-ass day.,I'm really tired after the long day.
"and the primary slang term in the sentence is ""drained"")","The slang term ""drained"" in the sentence ""I'm totally drained after this long-ass day,"" is commonly used to express physical or emotional exhaustion due to intense activity or exertion. It originates from informal settings and is particularly popular among young adults, such as teenagers and millennials, but it has permeated into broader social contexts.",I'm totally drained after this long-ass day.,I'm really tired after the long day.
drained,"The slang term ""drained"" is commonly used in informal settings to express a state of extreme physical, emotional, or mental exhaustion. In the given example, ""I'm mad drained today, lowkey need my caffeine fix,"" the speaker is conveying that they are experiencing intense tiredness and require coffee as a means to alleviate this condition.","I'm mad drained today, lowkey need my caffeine fix.",I'm just really tired today and need some coffee.
lowkey,"The term 'lowkey' is a slang expression commonly used in informal, casual conversations among English speakers, particularly those from North America and the United Kingdom. It denotes a covert, understated, or subtle manifestation of something. In the provided sentence ""I'm mad drained today, lowkey need my caffeine fix,"" it implies that the speaker is expressing their strong desire for coffee in a somewhat discreet manner, possibly to avoid appearing overly reliant on it or to maintain a sense of calm and control.","I'm mad drained today, lowkey need my caffeine fix.",I'm just really tired today and need some coffee.
drained,"The term 'drained' is a common slang used to express extreme exhaustion or lack of energy, often due to physical or mental exertion. In the given context, ""I'm so drained after a mega long shift"", the speaker is conveying that they feel extremely tired following a particularly long work shift.","I'm so drained after a mega long shift, fr.",I'm so tired after a long day at work.
mega,"The slang term ""mega"" is a common intensifier used to emphasize the extent of something in informal English. In the sentence ""I'm so drained after a mega long shift,"" it is employed to highlight the extreme exhaustion experienced after a prolonged work period.","I'm so drained after a mega long shift, fr.",I'm so tired after a long day at work.
drained,"The term ""drained"" is a colloquial expression commonly used to denote physical, emotional, or mental exhaustion. In the provided sentence, ""I'm so drained today, I’m just vibing to chill and do nada,"" the speaker indicates feeling completely exhausted and desiring to relax without any commitments or obligations.","I'm so drained today, I’m just vibing to chill and do nada.",I'm just really tired today and I don't want to do anything.
nada,"The term ""nada"" in the context of ""I'm so drained today, I’m just vibing to chill and do nada,"" is colloquial shorthand for ""nothing"" or ""no thing."" It is commonly used among English speakers, particularly in North America, to refer to a lack of action or effort.","I'm so drained today, I’m just vibing to chill and do nada.",I'm just really tired today and I don't want to do anything.
drained,"The slang term 'drained' is a colloquial expression commonly used among young adults and adolescents within casual social settings to describe a feeling of exhaustion or depletion of energy. In the sentence ""I'm sooo drained and not vibing to go out tonight,"" the speaker implies that they are extremely tired and uninterested in going out that night due to their state of fatigue. The use of repetition ('sooo') emphasizes the intensity of this feeling.",I'm sooo drained and not vibing to go out tonight.,I'm just tired and not in the mood to go out tonight.
not vibing,"The slang term ""not vibing,"" as used in the example ""I'm sooo drained and not vibing to go out tonight,"" typically indicates a lack of enthusiasm, enjoyment, or interest in participating in a social event or activity. In this context, the speaker is expressing that they are feeling physically or emotionally tired (as captured by its neutral version: ""I'm just tired and not in the mood to go out tonight"") and therefore do not wish to attend the outing.",I'm sooo drained and not vibing to go out tonight.,I'm just tired and not in the mood to go out tonight.
drained,"The term 'drained', as used in ""I'm mad drained today and just wanna click 'snooze' on life, fr."", is a colloquial expression often employed to convey extreme tiredness or exhaustion, both physically and mentally. The speaker may feel overwhelmed or lack the energy to face daily activities, similar to the sentiment expressed in the neutral version ""I'm just really tired today and feel like staying in bed.""","I'm mad drained today and just wanna click 'snooze' on life, fr.",I'm just really tired today and feel like staying in bed.
snooze,"The slang term ""snooze,"" as used in the phrase ""I'm mad drained today and just wanna click 'snooze' on life,"" indicates a strong desire to postpone or temporarily escape from daily activities due to feelings of exhaustion or fatigue. The term is derived from the function of an alarm clock's ""snooze"" button, which allows the user to briefly delay the sounding of the alarm for a short period before it goes off again. In this context, the phrase implies that the speaker feels so exhausted that they would rather procrastinate or avoid their responsibilities, much like pressing the snooze button on an alarm clock to extend their sleep time.","I'm mad drained today and just wanna click 'snooze' on life, fr.",I'm just really tired today and feel like staying in bed.
drained,"The term ""drained"" is a modern colloquialism primarily used within informal settings among younger generations, particularly in English-speaking cultures. It is often employed to express a state of emotional or physical exhaustion, mental fatigue, or depletion of energy. In the given context, ""I'm so drained, just tryna vibe solo at my place today,"" the user suggests they are emotionally and/or physically tired and want to spend time alone at home in a relaxed atmosphere (vibing solo).","I'm so drained, just tryna vibe solo at my place today.",I'm just tired and want to chill at home today.
solo,"The term ""solo"" in the given context is an informal phrase that generally implies 'alone' or 'on one's own'. In the sentence ""I'm so drained, just tryna vibe solo at my place today,"" it signifies the individual's intention to spend time independently and isolate oneself from social gatherings. The user wants to relax, recharge, and perhaps engage in personal activities without interference or companionship.","I'm so drained, just tryna vibe solo at my place today.",I'm just tired and want to chill at home today.
drained,"The term 'drained' is a common slang expression used to denote extreme physical, mental, or emotional exhaustion. In the phrase ""I'm so drained today, not tryna do anything rn,"" the speaker indicates that they are feeling utterly depleted of energy and have no desire or motivation to engage in any activities at the present moment.","I'm so drained today, not tryna do anything rn.",I'm just really tired today and not in the mood to do anything.
tryna,"The slang term 'tryna', as used in the sentence ""I'm so drained today, not tryna do anything rn,"" is a contraction of the phrase ""trying to"" that has become popular in informal, casual conversation, particularly among younger generations and online communities. It indicates an attempt or effort to perform an action, but with a sense of reluctance or lack of motivation. In this context, the speaker is expressing that they are too tired to engage in any activities.","I'm so drained today, not tryna do anything rn.",I'm just really tired today and not in the mood to do anything.
drained,"The slang term ""drained"" as used in the sentence ""I'm straight-up drained today, just tryna Netflix and veg at home, no cap,"" is an informal expression commonly employed to denote a state of extreme physical, mental, or emotional exhaustion. In this context, it conveys that the individual is feeling tired or worn out and desires to rest or relax at home. The phrase ""no cap"" serves as a verbal affirmation or assurance that the speaker's statement is genuine or not exaggerated.","I'm straight-up drained today, just tryna Netflix and veg at home, no cap.",I'm feeling really tired today and just want to chill at home.
veg,"The slang term ""veg"" is a colloquial expression primarily used among youth and young adults in informal settings within English-speaking cultures. It originates from the verb ""vegetate,"" which means to lie or sit idly, often in a listless or lethargic state. In the given context, ""I'm straight-up drained today, just tryna Netflix and veg at home, no cap,"" the individual is expressing exhaustion and intends to spend their time relaxing at home by watching television shows or movies on Netflix while doing nothing particularly active or demanding. The use of ""no cap"" implies that they are being truthful or sincere about their intentions. In a neutral context, this sentiment could be conveyed as: ""I'm feeling really tired today and just want to relax at home.""","I'm straight-up drained today, just tryna Netflix and veg at home, no cap.",I'm feeling really tired today and just want to chill at home.
drained,"The term 'drained', as used in the sentence ""I'm super drained today, just wanna kick back and veg out,"" is a colloquial expression often employed to convey physical, emotional, or mental exhaustion. In this context, the speaker indicates feeling depleted of energy or vitality and wishes to relax and rest.","I'm super drained today, just wanna kick back and veg out.","I'm really tired today, I just want to relax and chill out."
veg out,"The term ""veg out,"" as used in the sentence ""I'm super drained today, just wanna kick back and veg out,"" is a colloquial expression that denotes relaxing or unwinding in a lethargic manner. This slang originated from the 1960s and is commonly associated with North American English.","I'm super drained today, just wanna kick back and veg out.","I'm really tired today, I just want to relax and chill out."
drained,"The slang term 'drained' as used in ""I'm hella drained today and just wanna vibe at home,"" denotes a state of extreme physical, mental, or emotional exhaustion. This term is commonly employed by individuals within informal social settings, particularly among the youth demographic, to express feelings of fatigue or lack of energy due to various activities, such as work, school, or social engagements. The phrase 'hella' functions as an intensifier, emphasizing the speaker's exhaustion.",I'm hella drained today and just wanna vibe at home.,I'm really tired today and just want to stay home.
vibe,"The term ""vibe"" in the given context, as used in ""I'm hella drained today and just wanna vibe at home,"" is a contemporary slang term derived from the more traditional meaning of 'vibrations'. In this context, it refers to spending time relaxing, enjoying oneself, or being immersed in a certain atmosphere.",I'm hella drained today and just wanna vibe at home.,I'm really tired today and just want to stay home.
drained,"The term ""drained,"" as used in the given context, ""I'm hella drained today, so I'm just gonna Netflix and vibes at home,"" is a colloquial expression widely utilized among younger generations, particularly in informal settings. It generally refers to feeling physically or emotionally exhausted, and it is often employed to express that one lacks energy due to various reasons such as work overload, social activities, or emotional stress.","I'm hella drained today, so I'm just gonna Netflix and vibes at home.","I'm really tired today, so I think I'll just stay home and chill."
vibes,"The term ""vibes,"" as used in the sentence ""I'm hella drained today, so I'm just gonna Netflix and vibes at home,"" is a contemporary slang expression originating from American English, particularly popular among younger generations.","I'm hella drained today, so I'm just gonna Netflix and vibes at home.","I'm really tired today, so I think I'll just stay home and chill."
drained,"The term 'drained' is a contemporary slang term often utilized in casual conversations among young adults and adolescents. In this specific sentence, ""I'm drained today, so I'm just vibing at home and chilling,"" the speaker expresses feeling physically or emotionally exhausted due to a heavy workload, stress, or other demanding activities. The term 'drained' captures the idea of being completely depleted of energy or vitality.","I'm drained today, so I'm just vibing at home and chilling.","I'm really tired today, so I'm just going to stay home and relax."
vibing,"The slang term ""vibing,"" as used in the sentence ""I'm drained today, so I'm just vibing at home and chilling,"" refers to a relaxed, enjoyable mood or state. In this context, the speaker is expressing that they are feeling tired and would prefer to spend their time in a peaceful, leisurely manner at home. This slang term is often used by individuals who wish to convey a laid-back, casual demeanor and is popular among younger demographics, particularly in informal settings such as social gatherings, text messages, or online conversations. The neutral version of the sentence would be ""I'm really tired today, so I'm just going to stay home and relax,"" which conveys the same sentiment but without the use of slang.","I'm drained today, so I'm just vibing at home and chilling.","I'm really tired today, so I'm just going to stay home and relax."
drained,"The term ""drained"" in the given context is a colloquial expression commonly used to describe feeling completely exhausted or depleted of energy. It is often employed by individuals, particularly among younger generations and within informal social settings. This slang term serves as a more emphatic or emotional alternative to its neutral counterpart, ""I'm really tired.""",I'm hella drained today and totally vibing solo — not tryna hit the party.,I'm really tired today and don't want to go to the party.
vibing,"The slang term 'vibing', as used in the phrase ""I'm hella drained today and totally vibing solo — not tryna hit the party,"" is typically employed to describe a person's current mood or state of being. In this context, 'vibing' indicates that the individual is contentedly spending time alone and not interested in attending a social gathering, such as a party. The term is often used by younger generations within informal settings, particularly among peers, to express feelings of relaxation, enjoyment, or comfort.",I'm hella drained today and totally vibing solo — not tryna hit the party.,I'm really tired today and don't want to go to the party.
solo,"The slang term ""solo"" in the sentence ""I'm hella drained today and totally vibing solo — not tryna hit the party,"" is used to denote spending time alone. In this context, the individual expresses a desire for solitude rather than socializing at a party.",I'm hella drained today and totally vibing solo — not tryna hit the party.,I'm really tired today and don't want to go to the party.
tryna,"The slang term 'tryna' is commonly used in informal, casual settings among English speakers, particularly in online communication and youth culture. In the provided example, ""I'm hella drained today and totally vibing solo — not tryna hit the party,"" 'tryna' functions as a contraction of ""trying"" to express the intention or effort to do something.",I'm hella drained today and totally vibing solo — not tryna hit the party.,I'm really tired today and don't want to go to the party.
drained,"The slang term 'drained' is commonly used to express a state of physical or mental exhaustion. It often implies that the individual using the term has expended too much energy or has experienced emotionally taxing events, leading them to desire rest and relaxation.",I'm totally drained today and just wanna chill.,I'm just really tired today and want to relax.
wanna,"The term 'wanna' is a contraction of the phrase ""want to"" and is commonly used as slang in informal English conversations. In the sentence ""I'm totally drained today and just wanna chill"", it indicates the speaker's desire or wish to relax after feeling exhausted. This phrase is typically used among friends, family members, and peers in casual social settings.",I'm totally drained today and just wanna chill.,I'm just really tired today and want to relax.
drained,"The term ""drained"" is a colloquial expression widely used in informal settings to indicate extreme physical or mental exhaustion following an intense period of activity. In the provided example, ""I'm totally drained after a long day and just wanna chill,"" the speaker suggests they have experienced extensive fatigue due to a prolonged workday or similar taxing event and wish to take some time off for relaxation.",I'm totally drained after a long day and just wanna chill.,I'm really tired after a long day and just want to relax.
wanna (chill),The term 'wanna (chill)' is a colloquial contraction commonly used in informal English conversations. It originates from casual speech and is particularly prevalent among youth and younger adults.,I'm totally drained after a long day and just wanna chill.,I'm really tired after a long day and just want to relax.
drained,"The term 'drained', as used in the sentence ""I'm totally drained today, so I just wanna chill and binge-watch some flicks,"" is a slang expression for feeling exhausted or depleted of energy. It is typically used to convey a sense of physical or mental fatigue, often due to a busy day or demanding activities.","I'm totally drained today, so I just wanna chill and binge-watch some flicks.","I'm really tired today, so I think I'll just relax and watch some movies."
wanna,"The slang term ""wanna"" in the phrase ""I'm totally drained today, so I just wanna chill and binge-watch some flicks,"" is an abbreviated form of ""want to."" It is typically used to express a desire or intention to do something. In this context, the speaker is indicating that they wish to relax and watch movies due to feeling exhausted.","I'm totally drained today, so I just wanna chill and binge-watch some flicks.","I'm really tired today, so I think I'll just relax and watch some movies."
flicks,"The term 'flicks' is an informal colloquialism for movies or films, commonly used in English-speaking cultures. It originated from the abbreviation of ""film,"" with a playful twist on the word ""flakes."" The sentiment behind using 'flicks' in the given sentence implies relaxation and entertainment.","I'm totally drained today, so I just wanna chill and binge-watch some flicks.","I'm really tired today, so I think I'll just relax and watch some movies."
drip,"The term ""drip,"" as used in the phrase ""Yo, your new drip slaps!"", is a contemporary American slang that primarily refers to an individual's fashion style or personal appearance, particularly when it is considered stylish, trendy, or impressive. In this context, ""slaps"" serves as an emphatic intensifier to emphasize the admiration for the new fashionable look or style.","Yo, your new drip slaps!","Hey, I really like your new haircut!"
dropped,"The slang term ""dropped,"" as used in the sentence ""Yo, did you peep the new flick that dropped?"", is a colloquial expression commonly used to denote the recent release of something, particularly movies or music. This term is typically employed in informal conversations among friends and peers, often within younger demographics who prefer contemporary lingo.","Yo, did you peep the new flick that dropped?","Hey, did you see the new movie that just came out?"
dropped,"The slang term 'dropped' is used to refer to the release of a new song or track. This term is commonly utilized in casual conversations among young people, particularly those who are interested in music and pop culture. The use of 'dropped' implies an eagerness and excitement about the newly released track, suggesting that it is popular or highly anticipated.","Yo, have you peeped the new track that just dropped? It's fire!","Hey, did you see the new song that just dropped?"
fire,"The slang term ""fire,"" as used in the phrase ""Yo, have you peeped the new track that just dropped? It's fire!"", is employed to express enthusiasm or high praise for a newly released song. In this context, ""fire"" serves as an intensifier, implying that the song is of exceptional quality and worth attention. The term is commonly used among younger demographics, particularly in informal settings such as social gatherings, conversations on digital platforms, or within music-related communities.","Yo, have you peeped the new track that just dropped? It's fire!","Hey, did you see the new song that just dropped?"
dying,"The term ""dying"" used in the sentence ""I'm just dying with a quick brew before bouncing to work,"" is a colloquial slang expression commonly employed within informal social interactions among English speakers. This phrase can be found primarily in casual conversations, text messaging, and on social media platforms where a more relaxed language style is preferred.",I'm just diying with a quick brew before bouncing to work.,I'm just grabbing a quick coffee before heading to work.
quick brew,"The slang term ""quick brew"" refers to a quick cup of coffee or tea, typically consumed as a brief refreshment before starting an activity or commute, such as going to work. This phrase is commonly used in informal settings and daily social interactions among individuals, especially within youth culture and casual work environments, where expressing efficiency and immediacy is desirable.",I'm just diying with a quick brew before bouncing to work.,I'm just grabbing a quick coffee before heading to work.
bouncing,"The slang term ""bouncing"" is commonly used in informal English conversations to signify leaving a place or heading out, often implying a short duration before departure. In the given example, ""I'm just dying with a quick brew before bouncing to work,"" the individual is expressing that they will take a brief break for a beverage (brew) and then depart (bounce) to go to their workplace.",I'm just diying with a quick brew before bouncing to work.,I'm just grabbing a quick coffee before heading to work.
evished,"The slang term ""evished"" is a colloquialism often used among younger generations, particularly in urban environments, to express extreme exhaustion. In the provided sentence, ""I'm evished after grindin' all day, fr fr,"" the speaker is conveying that they are exceptionally tired following a full day of work or activity (as indicated by ""grindin' all day""). The phrase ""fr fr"" serves as an abbreviation for ""for real"" or ""for sure,"" emphasizing the sincerity of their fatigue.","I'm evished after grindin' all day, fr fr.",I'm just really tired after working all day.
grindin',"The term 'grindin'' is a contemporary slang expression commonly used among youth and young adults, particularly in urban environments. It refers to persistent, focused effort, typically associated with work or a task that requires significant time and energy. In the context of ""I'm evished after grindin' all day, fr fr,"" the speaker is indicating they are exhausted due to putting in hard work throughout the day, with 'fr fr' serving as an affirmation or confirmation of the statement.","I'm evished after grindin' all day, fr fr.",I'm just really tired after working all day.
excited,"The slang term ""hella"" is a modified form of the word ""extremely,"" often used to intensify an adjective. In the sentence ""I'm hella exhausted today and not tryna do anything,"" the speaker expresses extreme tiredness. The term ""fr"" (short for ""for real"") is an affirmation or confirmation that what has been said is true.","I'm hella exhausted today and not tryna do anything, fr.",I'm just really tired today and don't feel like doing anything.
exhausted,"The slang term ""exhausted"" in the given context, as used in ""I'm mad exhausted today and I can't even focus, lol,"" is a colloquial expression for feeling extremely tired. It is often employed casually in everyday conversations among peers to convey a high degree of physical or mental fatigue.","I'm mad exhausted today and I can't even focus, lol.",I'm just really tired today and I can't focus.
exhausted,"The term ""exhausted,"" as used in the phrase ""I'm hella exhausted 'cause I was up all night binge-watching movies,"" is a slang intensifier derived from the word ""hella."" In this context, ""hella"" functions as an adverb or an intensifier meaning ""very"" or ""extremely.""",I'm hella exhausted 'cause I was up all night binge-watching movies.,I'm really tired today because I stayed up late watching movies.
binge-watching,"Binge-watching is a contemporary slang term that refers to watching multiple episodes or films of a TV series in rapid succession, typically over an extended period, such as an entire day or night. This phrase suggests consuming media content in larger quantities than usual, often at a faster pace than traditional viewing schedules.",I'm hella exhausted 'cause I was up all night binge-watching movies.,I'm really tired today because I stayed up late watching movies.
exhausted,"The slang term ""exhausted"" as used in the sentence ""I'm totally exhausted today 'cause I binge-watched all night,"" is a colloquial expression commonly employed to indicate intense physical and/or mental fatigue. In this context, it suggests that the individual has experienced prolonged wakefulness due to excessive viewing of TV shows or videos, resulting in a lack of energy and restfulness.",I'm totally exhausted today ’cause I binge-watched all night. ,I'm really tired today because I stayed up late watching shows.
binged,"The slang term 'binged', as used in the given context, refers to spending an excessive amount of time consuming media content, particularly television shows or movies, usually through streaming platforms. In the sentence ""I'm totally exhausted today ’cause I binge-watched all night,"" it indicates that the individual stayed up late watching a large quantity of episodes or films in one sitting.",I'm totally exhausted today ’cause I binge-watched all night. ,I'm really tired today because I stayed up late watching shows.
exhausted,"The slang term ""exhausted,"" as used in the phrase ""I'm mad exhausted today and just wanna chill at home LOL,"" is a colloquial expression commonly employed to denote extreme tiredness or exhaustion. This term is typically used within casual, informal conversations among peers, particularly young adults and teenagers, to convey a sense of physical or mental fatigue. The additional interjection ""LOL"" serves as an abbreviation for ""laugh out loud,"" indicating a lighthearted tone and acknowledging the potential triviality or humor inherent in expressing such a sentiment in informal settings.",I'm mad exhausted today and just wanna chill at home LOL.,I'm really tired today and just want to stay home and relax.
chill,"The slang term ""chill"" is commonly used in informal, casual conversations among people of various age groups, particularly those belonging to younger generations. It is typically employed to denote a relaxed state, leisure, and the absence of stress or pressure. In the given context, ""I'm mad exhausted today and just wanna chill at home LOL,"" the speaker expresses their extreme tiredness and desire for relaxation, which can be paraphrased as ""I'm really tired today and just want to stay home and relax.""",I'm mad exhausted today and just wanna chill at home LOL.,I'm really tired today and just want to stay home and relax.
exhausted,"The slang term ""exhausted,"" as used in the sentence ""I'm suuuper exhausted today, just tryna chill and binge some movies, fr fr,"" is a colloquial expression commonly used by English speakers to express extreme tiredness or fatigue. It is often utilized in casual, informal conversations between friends, family, or peers.","I'm suuuper exhausted today, just tryna chill and binge some movies, fr fr.","I'm really tired today, I just want to relax and watch some movies."
chill,"The term ""chill"" is a colloquial expression commonly used among English speakers, particularly youth, to denote a state of relaxation, calmness, and leisure. In the provided example, ""I'm suuuper exhausted today, just tryna chill and binge some movies, fr fr,"" the speaker expresses their exhaustion and desire for rest and entertainment.","I'm suuuper exhausted today, just tryna chill and binge some movies, fr fr.","I'm really tired today, I just want to relax and watch some movies."
binge,"The slang term 'binge', as used in ""I'm suuuper exhausted today, just tryna chill and binge some movies, fr fr,"" is commonly employed in informal, everyday conversations among individuals of various age groups, particularly among younger generations. It is typically utilized to refer to the act of consuming a large amount or multiple instances of a particular media type (such as movies, TV shows, video games, food, etc.) within a short period of time, often as a leisure activity when one is looking for relaxation or entertainment.","I'm suuuper exhausted today, just tryna chill and binge some movies, fr fr.","I'm really tired today, I just want to relax and watch some movies."
exhausted,"The slang term ""exhausted,"" as used in the phrase ""I'm mad exhausted today but gotta grind on my homework,"" is a colloquial expression commonly used among younger generations to emphasize extreme tiredness. The term ""mad"" intensifies the feeling of exhaustion, suggesting an exceptionally high level of fatigue.",I'm mad exhausted today but gotta grind on my homework.,I'm really tired today but I have to finish my homework.
gotta,"The slang term 'gotta' in the phrase ""I'm mad exhausted today but gotta grind on my homework"" is a contraction of the phrase ""got to"". In this context, it signifies an obligation or necessity. Typically, it is used in informal settings among peers, particularly younger individuals, such as students and young professionals, to convey that they have an urgent task or duty to fulfill despite their current state or feelings. The neutral version of the sentence would be ""I'm really tired today but I have to finish my homework."" However, using 'gotta' adds a sense of urgency and determination in the face of fatigue or other obstacles. It is also used to convey a certain level of commitment or dedication towards completing a task.",I'm mad exhausted today but gotta grind on my homework.,I'm really tired today but I have to finish my homework.
exhausted,"The term ""exhausted,"" as used in the phrase ""I'm straight-up exhausted 'cause I was binge-watching movies till late, no cap,"" is a colloquial expression that indicates extreme tiredness or weariness. In this context, it is often used by individuals, particularly younger generations, to emphasize their physical or mental exhaustion after engaging in an extended period of activity, such as staying up late watching movies.","I'm straight-up exhausted 'cause I was binge-watching movies till late, no cap.",I'm so tired today because I stayed up late watching movies.
no cap,"The term 'no cap' is a contemporary colloquialism widely used among youth and adults in informal settings within English-speaking communities. It functions as an emphatic assertion or verification of the truthfulness of a statement. In the given context, ""I'm straight-up exhausted 'cause I was binge-watching movies till late, no cap,"" 'no cap' is used to emphasize that the speaker's exhaustion is indeed genuine and not an exaggeration.","I'm straight-up exhausted 'cause I was binge-watching movies till late, no cap.",I'm so tired today because I stayed up late watching movies.
exhausted,"The term ""hella exhausted"" is an informal variant of the phrase ""really tired,"" originating from California slang and popularized by internet culture. It is used to express extreme tiredness or exhaustion, often as a result of staying up for an extended period, such as pulling an all-nighter.",I'm hella exhausted today 'cause I pulled an all-nighter studiyng. ,I'm really tired today after staying up all night studying.
studying,"The slang term ""studying"" in the phrase ""I'm hella exhausted today 'cause I pulled an all-nighter studiyng,"" is used to refer to the act of studying or preparing for a test or assignment. In this context, it suggests that the individual has been engaged in intense academic work for an extended period, typically late into the night.",I'm hella exhausted today 'cause I pulled an all-nighter studiyng. ,I'm really tired today after staying up all night studying.
exhuasted,"The slang term ""exhuasted,"" as used in the sentence ""I'm mad exhausted 'cause I didn’t hit the hay till super late last night,"" is a colloquial variation of the word ""exhausted."" This expression is commonly employed to emphasize one's feelings of extreme tiredness due to lack of sleep. The term ""mad"" in this context serves to intensify the sensation of being exhausted, conveying a stronger emotional state.",I'm mad exhausted 'cause I didn’t hit the hay till super late last night.,I'm just really tired because I stayed up late last night.
fam,"The slang term ""fam"" is a colloquial contraction of the word ""family,"" often used among friends to express a sense of camaraderie or close friendship. In the sentence ""Yo, let's snag some coffee later, fam,"" it indicates a friendly invitation to grab coffee together and reinforces the speaker's familiarity with the listener.","Yo, let’s snag some coffee later, fam.","Hey, I think we should grab some coffee later."
finna,"The term 'finna' is a contemporary African American Vernacular English (AAVE) contraction derived from the phrase ""fixing to."" It signifies that an action is imminent or about to occur. In the sentence, ""I'm finna grub with my crew later,"" the speaker is indicating that they plan to eat (""grub"") with their friends at a later time.",I'm finna grub with my crew later.,I'm going to grab lunch with my friends later.
finna,"The term 'finna' is a contraction of the phrase ""fixing to"" or ""about to,"" originating from African American Vernacular English (AAVE) and has been adopted in various Internet-based youth cultures. It is used to indicate an imminent action or plan, usually in an informal context.",I'm finna snag some coffee before bouncing to class.,I'm just going to grab some coffee before heading to class.
bounce,"The slang term ""bounce,"" as used in the sentence ""I'm finna snag some coffee before bouncing to class,"" is commonly employed to denote leaving a particular location or situation. In this context, it suggests that the speaker plans to depart from the current place (where they are grabbing coffee) and proceed to another (the classroom). The neutral version of the sentence would be ""I'm just going to grab some coffee before heading to class.""",I'm finna snag some coffee before bouncing to class.,I'm just going to grab some coffee before heading to class.
finna,"The slang term ""finna"" is an informal contraction of the phrase ""fixing to,"" which originated in African American Vernacular English (AAVE). It is commonly used among youth and urban communities in the United States. The expression ""I'm just finna sip some java and chillax for a minute"" indicates that the speaker is about to engage in a leisurely activity, such as drinking coffee and relaxing, within a short period of time. The intended sentiment is casualness and informality, reflecting an atmosphere of relaxation or socializing. This slang term is typically used in daily social interactions among friends or peers, either face-to-face or through electronic communication platforms like text messages or social media. It may serve as a way to express anticipation or readiness for an impending action while maintaining a laid-back demeanor. In terms of its neutral version, the sentence ""I'm just going to grab a coffee and relax for a bit"" conveys similar meanings but in a more formal context.",I'm just finna sip some java and chillax for a minute.,I'm just going to grab a coffee and relax for a bit.
chillax,"The term ""chillax"" is a contemporary slang that originated from an informal blend of the words 'chill' and 'relax'. It is primarily used to denote a state of calmness, leisure, and enjoyment. In the sentence ""I'm just finna sip some java and chillax for a minute,"" it suggests the speaker intends to take a short break from their activities, unwind, and possibly socialize casually while enjoying a cup of coffee.",I'm just finna sip some java and chillax for a minute.,I'm just going to grab a coffee and relax for a bit.
finna,"The slang term 'finna', as used in the phrase ""I'm finna snag some grub before I dip out"", is a contraction of the phrase ""fixing to"" which originated from African American Vernacular English (AAVE) and has been popularized in urban communities, particularly among young people.",I'm finna snag some grub before I dip out.,I'm going to grab some food before I head out.
grub,"The slang term ""grub"" is a colloquialism used to refer to food in English vernacular. It is commonly used among younger individuals and within informal settings such as casual conversations or text messages between friends.",I'm finna snag some grub before I dip out.,I'm going to grab some food before I head out.
finna,"The term 'finna' is a colloquial contraction of the phrase ""fixing to"" or ""about to."" It is commonly used in informal English-speaking communities, particularly within African American Vernacular English (AAVE) and online youth cultures.",I'm just finna snag some java before I dip.,I'm just going to grab some coffee before I head out.
java (in this context,"The term ""java"" used in the phrase ""I'm just finna snag some java before I dip,"" is a colloquial and informal slang for coffee. This slang originated primarily from African-American Vernacular English (AAVE) but has since been adopted by various youth cultures and urban communities worldwide.",I'm just finna snag some java before I dip.,I'm just going to grab some coffee before I head out.
"""java"" is a common misspelling or shortening of ""coffee""","The colloquial term ""java"" serves as a popular shortened form of ""coffee,"" often employed in informal, casual settings to denote the beverage. This slang expression is commonly used among individuals who wish to convey their intention of purchasing or consuming coffee.",I'm just finna snag some java before I dip.,I'm just going to grab some coffee before I head out.
but in the given sentence it does not function as slang),"The phrase ""I'm just finna snag some java before I dip"" is an informal colloquialism used predominantly in American English, particularly among younger individuals and within certain social circles. The term ""finna,"" a contraction of ""fixing to"" or ""about to,"" adds an element of informality and colloquialism to the sentence.",I'm just finna snag some java before I dip.,I'm just going to grab some coffee before I head out.
finna,"The term 'finna', as utilized in the sentence ""I'm just finna get some munch before peacing to class,"" is a contraction of the phrase ""fixing to"" or ""about to"" in African American Vernacular English (AAVE) and other regional dialects. It is commonly used by young individuals, particularly within urban environments, to denote an imminent action.",I'm just finna get some munch before peacing to class.,I'm just going to grab some food before heading to class.
munch,"The slang term ""munch"" is commonly used in informal settings to refer to food or eating, particularly when referring to a quick meal or snack. In the phrase ""I'm just finna get some munch before peacing to class,"" the speaker is expressing that they intend to eat something before leaving for class. The use of the slang term ""munch"" adds colloquial charm and casualness to the conversation, making it more relatable and less formal. This type of slang is often used among peers or in online communication where a more informal tone is acceptable or preferred.",I'm just finna get some munch before peacing to class.,I'm just going to grab some food before heading to class.
finna,"The term 'finna' is a contraction of the phrase ""fixing to"" or ""fix na"", originating from African American Vernacular English (AAVE) and has been popularized by various urban cultures. It is used to express imminent action, denoting an immediate plan or intention.",I'm finna snag some snacks and binge a flick tonight.,I'm going to grab some snacks and watch a movie tonight.
snacks,"The slang term ""snacks"" as used in the sentence ""I'm finna snag some snacks and binge a flick tonight"" refers to small, easy-to-eat food items that are often consumed while engaged in other activities, such as watching a movie. In this context, ""finna"" is a contraction of ""fixing to"" or ""about to,"" indicating the speaker's immediate intention to perform an action.",I'm finna snag some snacks and binge a flick tonight.,I'm going to grab some snacks and watch a movie tonight.
flick,"The term ""flick"" in the sentence ""I'm finna snag some snacks and binge a flick tonight"" is colloquial slang for a movie. It originated from the early 20th century in American English, with possible influences from the onomatopoeic sound of a film projector.",I'm finna snag some snacks and binge a flick tonight.,I'm going to grab some snacks and watch a movie tonight.
finna,"The term 'finna' is a contemporary colloquial contraction widely used in North American English, particularly among younger generations and within urban communities. It serves as an informal future marker that is often used to express immediate plans or impending actions. In the sentence ""I'm finna snag some coffee and then link up with my squad at the park,"" the speaker is stating their intention to purchase coffee in the near future and subsequently meet friends at a park, conveying an informal yet enthusiastic tone. The neutral version of this sentence would be ""I am going to grab some coffee and then meet my friends at the park.""",I'm finna snag some coffee and then link up with my squad at the park.,I'm going to grab some coffee and then meet my friends at the park.
squad,"The term ""squad"" is a contemporary informal slang term that originated from American urban culture. It refers to a close-knit group of friends or associates who regularly socialize and engage in activities together. In the provided example, ""I'm finna snag some coffee and then link up with my squad at the park,"" the speaker is planning to meet their friends at a specified location (the park).",I'm finna snag some coffee and then link up with my squad at the park.,I'm going to grab some coffee and then meet my friends at the park.
finna,"The term 'finna' is a contraction of the phrase ""fixing to"" or ""about to,"" commonly used in informal American English, particularly within African American Vernacular English and online communities. It indicates imminent action or intent on the part of the speaker.","I'm finna grab some coffee, yo. You tryna slide?",I'm just about to go get some coffee. Want to join?
yo,The term 'yo' in the given context is a casual greeting or attention-grabbing device used commonly among speakers of English in informal and conversational settings. It serves to create a sense of familiarity and camaraderie between the speaker and the listener.,"I'm finna grab some coffee, yo. You tryna slide?",I'm just about to go get some coffee. Want to join?
slide,"The term ""slide"" in the context of ""I'm finna grab some coffee, yo. You tryna slide?"" is a slang expression used to indicate an attempt at joining or accompanying someone in their plans, often implying casual social interaction. In this sentence, it can be interpreted as ""Are you trying to join me in getting coffee?"" The term ""slide"" might be more commonly used among youth and informal social groups to add a sense of informality and playfulness to the conversation.","I'm finna grab some coffee, yo. You tryna slide?",I'm just about to go get some coffee. Want to join?
finna,"The term 'finna' is a contraction of the phrase ""fixing to"" or ""fix na' (pronounced fix-uh-nuh),"" originating from African American Vernacular English (AAVE). It is commonly used among younger generations, particularly in urban and online contexts, to express imminent action or intention. In the example provided - ""I'm finna get some coffee, yolo? Do you wanna roll?"" - 'finna' is used to denote that the speaker plans to go get coffee in the near future. The phrase 'yolo' (You Only Live Once) is another slang term often used casually to emphasize a carefree or adventurous attitude, while 'do you wanna roll?' refers to smoking marijuana. In daily social interactions, 'finna' is frequently utilized as an informal way of conveying forthcoming actions or plans among friends or peers. It serves as a form of linguistic shorthand that may help establish solidarity and rapport within certain social circles.","I'm finna get some coffee, yolo? Do you wanna roll?",I'm going to grab some coffee. Do you want to come?
yolo,"The term 'yolo' is an acronym derived from ""You Only Live Once,"" which originated as a popular internet meme and has since been adopted in various informal contexts. In the sentence ""I'm finna get some coffee, yolo? Do you wanna roll?"" it functions as a casual exclamation that conveys a sense of living in the moment or taking risks without considering potential consequences.","I'm finna get some coffee, yolo? Do you wanna roll?",I'm going to grab some coffee. Do you want to come?
fire,"The term 'fire' used in the phrase ""That flick was fire tonight!"" is a contemporary American slang expression that has its origins from hip hop culture. In this context, 'flick' refers to a movie. When used as an adjective, 'fire' implies something is of high quality, impressive, or exceptional.",That flick was fire tonight!,That movie was really good tonight.
fire,"The term ""fire"" used as slang in the phrase ""Yo, your new phone is fire, so sick!"" is typically employed to express admiration, enthusiasm, or approval. In this context, the speaker is praising the recipient's newly acquired phone by stating that it is impressive and desirable.","Yo, your new phone is fire, so sick!","Hey, I really like your new phone, it's awesome!"
sick,"The slang term ""sick"" in the given context, ""Yo, your new phone is fire, so sick!"", is commonly used among younger individuals to express strong approval, admiration, or excitement towards something. In this instance, it indicates that the speaker appreciates the new phone and finds it impressive or appealing.","Yo, your new phone is fire, so sick!","Hey, I really like your new phone, it's awesome!"
fire,"The term ""fire"" in the given context, as utilized in the phrase ""That flick was fire, I was vibing with it big time,"" is a contemporary slang expression primarily employed within informal social settings. This slang originated from hip-hop and urban culture and has since been adopted more broadly across various demographic groups.","That flick was fire, I was vibing with it big time.","That movie was really good, I enjoyed it a lot."
vibe,"The term 'vibe' in the given context is a modern colloquialism commonly used among English speakers, particularly within younger generations and informal settings. In this specific example, ""That flick was fire, I was vibing with it big time"" translates to a neutral version as ""That movie was really good, I enjoyed it a lot.""","That flick was fire, I was vibing with it big time.","That movie was really good, I enjoyed it a lot."
flex,"The slang term ""flex"" as used in ""Yo, you free to flex later?"" originates from urban culture and is prevalent among younger generations. In this context, ""flex"" signifies showing off or displaying one's possessions, achievements, or skills to impress others. The neutral version of the sentence would be ""Hey, are you free to hang out later today?"" However, in the slang usage, the phrase implies a social gathering where individuals may engage in activities such as socializing, entertainment, and demonstrating their status through material possessions or personal accomplishments. This term is commonly used among friends, acquaintances, or within online communities.","Yo, you free to flex later?","Hey, are you free to hang out later today?"
flex,"The term 'flex', as used in the phrase ""Yo, wanna flex and hit up a flick tonight?"", is slang originating from urban and youth cultures. In this context, 'flex' primarily refers to showing off or exhibiting one's possessions, skills, or social status. When saying ""wanna flex,"" the speaker invites the listener to engage in an activity (in this case, watching a movie) with the intention of displaying their leisure time and resources to others.","Yo, wanna flex and hit up a flick tonight?","Hey, do you want to catch a movie tonight?"
flick,"The term 'flick' in the given context, as used in ""Yo, wanna flex and hit up a flick tonight?"", is an informal and colloquial slang for a movie. The phrase is commonly utilized among youth or individuals engaging in casual social interactions. The intended sentiment behind this expression is inviting someone to go watch a movie together. This term is used in daily social settings, typically among friends or acquaintances, as a convenient and fun leisure activity.","Yo, wanna flex and hit up a flick tonight?","Hey, do you want to catch a movie tonight?"
flick,"The slang term ""flick"" is used as an informal substitute for the word ""movie."" It is commonly utilized in casual conversations among friends, family, and peers to discuss recently released films or those being watched at home. The use of this slang implies a shared interest in cinema and serves to enhance camaraderie within social circles.","Yo, did you catch the new flick recently?","Hey, did you see the new movie lately?"
fr,"The slang term ""fr"" in the sentence ""Yo, I left my phone at home today, fr."" is an abbreviation for the word ""for real."" It is commonly used to emphasize the truth or sincerity of a statement, particularly in informal and conversational settings.","Yo, I left my phone at home today, fr.","Hey, I forgot my phone at home today."
fresh,"The slang term ""fresh"" is commonly used in informal settings to express something as new, stylish, impressive, or appealing. In the given context, ""Yo, did you catch that fresh flick yesterday?"" can be interpreted as ""Hey, did you see that new movie yesterday?"".","Yo, did you catch that fresh flick yesterday?","Hey, did you see that new movie yesterday?"
fresh,"The term ""fresh"" used in the given context, ""Yo, did you peep that fresh flick everyone’s buzzin' about?"" is a slang adjective referring to something that is new, stylish, impressive, or appealing. It signifies an item, behavior, or situation that is currently popular or trendy and often evokes positive sentiments. This term is commonly used among youths and young adults in casual conversations about music, fashion, movies, sports, or other cultural trends.","Yo, did you peep that fresh flick everyone’s buzzin' about?","Hey, did you see the new movie everyone’s talking about?"
buzzin,"The slang term ""buzzin'"" is commonly used in informal, casual conversations within contemporary English-speaking communities, particularly among younger generations. In this context, ""buzzin'"" serves to express excitement or enthusiasm about a specific topic, often a popular event, trend, or piece of media.","Yo, did you peep that fresh flick everyone’s buzzin' about?","Hey, did you see the new movie everyone’s talking about?"
fucc,"The term 'fucc' in the given sentence is a colloquial contraction of the phrase ""let's fuck it up,"" which originally derives from the verb 'to fuck,' meaning to spoil, mess up, or make something disorderly. In the context of the provided sentence, ""Yo, wanna snag some pizza tonight? Let's fucc it up!"", the term implies that the individuals involved are planning to enjoy their time together by possibly adding unconventional elements or indulging in a lively and energetic manner while consuming pizza.","Yo, wanna snag some pizza tonight? Let's fucc it up!","Hey, do you want to grab pizza tonight?"
ghost,"The slang term ""ghost"" as used in ""I'm mad exhausted today, probably just gonna ghost at home,"" refers to intentionally avoiding or ignoring a social invitation or obligation without providing an explicit excuse. In this context, the speaker is expressing their exhaustion and indicating that they plan to stay home instead of attending any planned social events, likely due to their fatigue.","I'm mad exhausted today, probably just gonna ghost at home.",I'm just really tired today and think I might stay home.
ghosting,"The term ""ghosting"" is a contemporary slang expression predominantly used among young adults and millennials in informal social settings. In its usage within the phrase ""I'm totally ghostin' the party tonight, fr fr,"" it implies that an individual willfully chooses to avoid attending or participating in a social event without notifying the host or other attendees beforehand.","I'm totally ghostin' the party tonight, fr fr.",I think I'm going to skip the party tonight.
"gon' (contracted form of ""going"")","The term ""gon"" is a colloquial contraction of the word ""going."" In this example, ""I'm just gon' snag some coffee before bouncing to class,"" it is used in informal casual conversations among individuals primarily within younger demographics. This slang expression implies that the speaker is intending to leave one place (home or another location) and proceed to another destination (class).",I'm just gon' snag some coffee before bouncing to class.,I'm just going to grab some coffee before heading to school.
gon,"The slang term ""gon"" is commonly used in informal, casual conversations within English-speaking communities to express a shortened form of ""going"". In the sentence ""I'm just gon' kick it at home and binge some flicks tonight,"" the speaker is indicating that they plan to stay at home for the evening and engage in leisure activities such as watching movies (referred to as ""flicks""). The use of this slang term serves to convey a laid-back, relaxed attitude. This slang would be typically used by individuals who are comfortable with each other, aiming for a conversational style that is less formal and more casual.",I'm just gon' kick it at home and binge some flicks tonight.,I’m just going to chill at home and watch some movies tonight.
flicks,"The term 'flicks' is colloquial shorthand for motion pictures or films, used in casual settings to refer to movies. In the sentence ""I'm just gon' kick it at home and binge some flicks tonight,"" the speaker plans to relax (kick it) at home and watch multiple movies (binge some flicks). This slang is commonly utilized among individuals, particularly within younger demographics or in informal social contexts, such as online forums, text messages, or casual conversation.",I'm just gon' kick it at home and binge some flicks tonight.,I’m just going to chill at home and watch some movies tonight.
gonna,"The slang term 'gonna' is a contraction of ""going to"" and is frequently utilized in informal and casual settings within English-speaking communities. It indicates future intent, similar to its neutral counterpart, ""I am going to."" In the given context, ""Gonna catch some coffee with my peep later,"" the speaker plans to meet their friend for a coffee at some point in the near future. The term 'peep' is an informal way of referring to a friend or acquaintance. This slang expression is commonly used among individuals who wish to convey a relaxed, friendly, and casual tone in daily social interactions, especially among younger generations and in more informal settings such as text messages, casual conversations, or social media posts.",Gonna catch some coffee with my peep later.,I'm going to grab some coffee with my friend this afternoon.
gonna,"The colloquial term 'gonna' is a contraction of the phrase ""going to"" used in informal English conversation. It is commonly employed to express future intentions or plans, as demonstrated in the example sentence: ""Gonna sip on some java to kick off my day."" This slang is typically used among friends, family, and acquaintances during casual conversations, particularly when discussing immediate or near-future actions. The neutral version of this phrase would be: ""I'm going to grab a coffee to start my day,"" which conveys the same meaning but without using contractions or slang. Using 'gonna' in daily social interactions serves to foster a sense of camaraderie, informality, and shared understanding among speakers. It can also help expedite conversations by shortening words and phrases, thus saving time and effort during speech.","Gonna sip on some java to kick off my day, fr.",I'm going to grab a coffee to start my day.
fr,"The slang term 'fr' as used in the sentence ""Gonna sip on some java to kick off my day, fr"" is an abbreviation for the phrase ""for real"" or ""for true."" This term is commonly used among young people and in informal settings to emphasize the truthfulness or sincerity of a statement.","Gonna sip on some java to kick off my day, fr.",I'm going to grab a coffee to start my day.
gonna,"The slang term 'gonna' in the phrase ""Gonna snag some snacks before the film kicks off"" is a contraction of the phrase ""going to"" and serves as an informal way of expressing future intention. It is commonly used in casual, everyday conversations among speakers of English, particularly those from North America. The typical context for this usage is discussing plans or actions that will occur in the near future, such as before a movie starts.",Gonna snag some snacks before the film kicks off.,I'm going to grab some snacks before the movie starts.
snacks,"The slang term 'snacks', as used in ""Gonna snag some snacks before the film kicks off,"" is an informal and colloquial expression referring to small, bite-sized foods consumed as a quick meal or between meals. It's typically used in daily social interactions among individuals, particularly younger generations, when discussing plans for consuming food items such as chips, candy, popcorn, or other light fare before an event like a movie. The neutral version of this phrase would be ""I'm going to grab some snacks before the movie starts,"" reflecting the common context, intended sentiment of anticipation for enjoying food during leisure time, and social settings such as cinemas, home gatherings, or casual outings with friends.",Gonna snag some snacks before the film kicks off.,I'm going to grab some snacks before the movie starts.
gonna,"The slang term ""gonna"" in the phrase ""Gonna sip some coffee real quick before vibe at work"" is an informal contraction of the phrase ""going to"" and is commonly used in spoken English, particularly among younger generations and in casual conversations.",Gonna sip some coffee real quick before vibe at work.,I'm just grabbing some coffee before work.
vibe,"The term 'vibe' in the given context ""Gonna sip some coffee real quick before vibe at work"" is used to describe the atmosphere or mood one experiences during an activity. In this instance, it suggests the individual intends to immerse themselves in their work environment after having a quick break for coffee.",Gonna sip some coffee real quick before vibe at work.,I'm just grabbing some coffee before work.
gotta,"The slang term ""gotta"" is a contraction of the phrase ""have to."" It is commonly used in informal spoken English, particularly among younger generations and in casual social settings. In the sentence ""I'm super exhausted today but I gotta hit up work,"" the speaker indicates that they are obligated to go to work despite feeling tired.",I'm super exhausted today but I gotta hit up work.,I'm really tired today but I have to go to work.
gotta friends grub,"The phrase ""gonna hit up my friends for some grub, fr fr"" is a colloquial expression commonly used in informal settings among English speakers, particularly among younger generations and within certain social circles. The term ""grub"" refers to food in general or a meal, while ""hit up"" implies visiting or contacting someone. The addition of ""fr fr"" (short for ""for real"" or ""for real for real"") serves to emphasize the truthfulness of the statement, adding an element of authenticity or sincerity to the speaker's intentions.","Gonna hit up my friends for some grub, fr fr.",I'm just about to grab dinner with my friends.
grind,"The term 'grind', as used in the phrase ""Gonna snag some coffee before the grind,"" is a colloquialism commonly employed in informal conversations. It refers to one's job, work, or daily tasks that require effort and focus. In this context, 'the grind' implies the daily routine or work ahead following the coffee break.",Gonna snag some coffee before the grind.,I'm just going to grab some coffee before work.
grub,"The term ""grub"" is an informal slang term for food or sustenance, typically used in casual conversation among friends and acquaintances. In the sentence ""Yo, wanna catch some grub later?"", the speaker is proposing to have a meal together at a later time with the addressee. This slang is frequently employed in daily social interactions, particularly among younger generations or those who prefer a more relaxed and informal communication style. It can be used both online and offline, and its usage may vary according to regional dialects and cultural influences. The neutral version of this sentence would be ""Hey, do you want to grab a bite to eat later?"" which carries the same sentiment in a more formal context.","Yo, wanna catch some grub later?","Hey, do you want to grab a bite to eat later?"
guiding,"The term 'guiding' in the given context is colloquial slang for 'going' or 'getting.' It is commonly used among youth and informal social circles to add a casual or humorous tone to a conversation. In the sentence ""Yo, I'm just guiding some coffee and then hitting up the mall, fr fr,"" the speaker intends to express that they will be briefly obtaining some coffee before going to the mall. The phrase ""fr fr"" is an acronym for ""for real"" or ""for sure,"" emphasizing the speaker's certainty about their plans.","Yo, I'm just guding some coffee and then hitting up the mall, fr fr.",I'm just going to grab some coffee and then head to the mall.
hitting,"The slang term ""hitting"" as used in ""Yo, I'm just guiding some coffee and then hitting up the mall, fr fr,"" is a colloquial expression commonly used among English speakers, particularly young people, to denote visiting or going to a specific place. In this context, ""hitting up"" the mall refers to the individual planning to go shopping at the mall after getting coffee.","Yo, I'm just guding some coffee and then hitting up the mall, fr fr.",I'm just going to grab some coffee and then head to the mall.
heckin',"The term 'heckin'' is a colloquial contraction of the word ""really"" or ""very"" commonly used in informal, casual settings among younger generations. It is often employed to emphasize a statement or action, creating an air of playfulness or excitement.",I'm heckin' slide to the store to grab some munchies.,I'm going to the supermarket to buy some snacks.
munchies,"The slang term ""munchies"" refers to snack foods that one may crave, especially as a result of consuming marijuana. In the sentence ""I'm heckin' slide to the store to grab some munchies,"" the speaker is expressing their intention to go to a store to purchase snack foods, possibly due to an increased appetite caused by cannabis consumption (as indicated by the use of the term ""heckin'""). The sentiment conveyed is casual and playful.",I'm heckin' slide to the store to grab some munchies.,I'm going to the supermarket to buy some snacks.
hectic,"The slang term ""hectic"" as used in French, specifically in the phrase ""Fr, the city is posted today, so hectic!"", is an informal expression commonly employed to describe a situation that is extremely busy, chaotic, or stressful. In this context, it is typically used when referring to crowded public places such as cities or events, suggesting a high level of activity and congestion.","Fr, the city is posted today, so hectic!",I can't believe how busy the city is today.
hella,"The term 'hella' is a colloquial intensifier derived from the word 'hell,' which has been popularized primarily in Northern California and other regions with significant influence from Californian culture. It functions as an informal adverb, adjective, or interjection to emphasize the degree of a certain quality or state, often indicating extreme levels.",I'm hella exhausted after pulling an all-nighter.,I'm just tired from studying all night.
hella,"The term ""hella"" is a colloquial contraction derived from the word ""hell"" and has been popularized in American English, particularly among younger speakers and in informal settings. It serves as an intensifier, strengthening the meaning of the adverb or adjective it modifies, such as ""exhausted"" in the example provided: ""I'm hella exhausted today.""",I'm hella exhausted today and just wanna crash all arvo.,I'm really tired today and just want to nap all afternoon.
all arvo,"The term ""all arvo"" is an Australian colloquial expression that refers to the entire afternoon. In the sentence ""I'm hella exhausted today and just wanna crash all arvo,"" the speaker is expressing extreme tiredness and desire to spend the entire afternoon resting or sleeping. This slang is commonly used among young people, particularly in informal social settings such as text messages, online chats, and casual conversations with friends and peers.",I'm hella exhausted today and just wanna crash all arvo.,I'm really tired today and just want to nap all afternoon.
hella,"The slang term 'hella' originates from California and is widely used among English speakers, particularly youth, in informal settings. 'Hella' is a intensifier that serves to emphasize or exaggerate an adjective, verb, or other part of speech. In the phrase ""I'm hella drained 'cause I stayed up all night, fr fr"", 'hella' is used to express extreme tiredness or exhaustion due to lack of sleep. The term ""fr fr"" is short for ""for real"" and adds authenticity or confirmation to the statement.","I'm hella drained 'cause I stayed up all night, fr fr.",I'm really tired after staying up late last night.
fr,"The slang term 'fr' in the phrase ""I'm hella drained 'cause I stayed up all night, fr fr"" is an abbreviation for ""for real"" or ""for sure"". This term is often used to emphasize sincerity or authenticity of a statement.","I'm hella drained 'cause I stayed up all night, fr fr.",I'm really tired after staying up late last night.
hella,"The term 'hella' is a colloquial intensifier originating from California, United States, particularly associated with the Valleyspeak dialect. It serves to emphasize or exaggerate an adjective, verb, or adverb in spoken English. In the sentence ""I'm hella exhausted today, lowkey need a coffee stat,"" the speaker is expressing extreme tiredness and urgency for a coffee. The use of 'hella' adds emphasis to the intensity of these feelings.","I'm hella exhausted today, lowkey need a coffee stat.",I'm just really tired today and feel like I need a coffee.
lowkey,"The term 'lowkey' is a colloquialism used primarily in informal spoken English, particularly among younger generations or within casual social settings. It serves as an intensifier and can be understood as meaning 'secretly', 'subtly', or 'indirectly'.","I'm hella exhausted today, lowkey need a coffee stat.",I'm just really tired today and feel like I need a coffee.
hella,"The slang term ""hella"" is a colloquial intensifier that originated from California's Bay Area in the 1980s. It is used to emphasize or exaggerate the intensity of a feeling or situation. In the context of the phrase ""I'm hella exhausted after this whole vibe of a day,"" it signifies that the individual is extremely tired due to the length and energy-consuming nature of their day.",I'm hella exhausted after this whole vibe of a day.,I'm feeling really tired after this long day.
vibe,"The slang term ""vibe"" as used in the sentence ""I'm hella exhausted after this whole vibe of a day,"" refers to an overall atmosphere or feeling that permeates a situation. In this context, it is used to describe the exhausting nature of the entire day.",I'm hella exhausted after this whole vibe of a day.,I'm feeling really tired after this long day.
hilarious,"The slang term ""hilarious,"" as used in ""Yo, I saw your new vid and it was totally hilarious!"", is a colloquial intensifier employed to express enthusiastic amusement or extreme laughter towards something. It is frequently utilized in casual social settings, particularly among friends and peers, when discussing entertainment such as jokes, humoristic videos, or comedic performances.","Yo, I saw your new vid and it was totally hilarious!","Hey, I saw your new video and it was really funny!"
hit,"The slang term ""hit"" as used in the phrase ""Yo, wanna hit up lunch later?"" is a casual, colloquial expression commonly employed in informal social interactions among English-speaking individuals, particularly youth and young adults. It originated from African American Vernacular English (AAVE) but has since been adopted by various cultural groups.","Yo, wanna hit up lunch later?","Hey, do you want to grab lunch later?"
hit (up),"The term 'hit (up)' in the context of ""I'm about to hit up the coffee shop, fr fr"" is a colloquial expression used to denote an intention to go to a particular place, in this case, a coffee shop. The word 'fr fr' is an abbreviation for 'for real,' which emphasizes the sincerity of the statement.","I'm about to hit up the coffee shop, fr fr.",I'm going to grab some coffee at the café.
hit,"The slang term ""hit"" as used in the sentence ""I hit up the coffee spot this morning to snag my fave latte"" is an informal, colloquial variant of the phrase ""visit"" or ""go to"". In this context, it implies a casual encounter or interaction with the specified location (in this case, the coffee shop). The intended sentiment is that the speaker went to purchase something specific from the coffee shop, in this case, their favorite latte.",I hit up the coffee spot this morning to snag my fave latte.,I went to the coffee shop this morning to get my favorite latte.
snag,"The term ""snag"" used in the phrase ""I hit up the coffee spot this morning to snag my fave latte,"" is a slang term primarily used in informal and casual settings within American English. It refers to obtaining or acquiring something, particularly when it's desirable, hard-to-get, or popular.",I hit up the coffee spot this morning to snag my fave latte.,I went to the coffee shop this morning to get my favorite latte.
hits,"The slang term ""hits"" as used in the phrase ""Yo, wanna hit up some eats later?"" is a colloquialism commonly used among English speakers, particularly in informal and casual settings. In this context, ""hit up"" functions as a phrasal verb that means to go or visit a specific location or person.","Yo, wanna hit up some eats later?","Hey, do you want to go out and grab some food later?"
hitting,"The slang term ""hitting up"" in the phrase ""Yo, are you hitting up the party this weekend?"" is used to signify attending or planning to attend a social gathering. In this context, it implies an invitation or plan for going to a party on a specific date. The casual and colloquial usage of the term creates a friendly, informal atmosphere, which suggests that it is primarily used among peers or close acquaintances.","Yo, are you hitting up the party this weekend?","Hey, are you coming to the party this weekend?"
hitting,"The slang term ""hitting"" in the phrase ""I'm hitin' up the mall to chill with my crew later"" is commonly used among youth and young adults to indicate visiting a specific location with the intention of socializing. In this context, the neutral version of the sentence would be: ""I'm going to the mall to hang out with my friends this afternoon.""",I'm hitin' up the mall to chill with my crew later.,I'm going to the mall to hang out with my friends this afternoon.
crew,"The term 'crew' is commonly used informally to refer to a group of friends or associates with whom one socializes, hangs out, or engages in activities. In the given sentence, ""I'm hitting up the mall to chill with my crew later,"" the speaker intends to convey that they are planning to meet their friends at the mall and spend leisure time together.",I'm hitin' up the mall to chill with my crew later.,I'm going to the mall to hang out with my friends this afternoon.
holler,"The slang term ""holler"" as used in the sentence ""Yo, saw ur msg, I’ll holler back later,"" is commonly employed in informal settings among peers, particularly in Anglophone cultures. The term originates from African American Vernacular English (AAVE) and has been popularized through various music genres such as hip-hop and R&B.","Yo, saw ur msg, I’ll holler back later.","Hey, I saw your message and I’ll reply later."
homie,"The slang term ""homie"" is a colloquial and informal way to refer to a close friend or acquaintance among individuals within certain social circles, particularly in urban communities. It originated from African-American Vernacular English (AAVE) and has since spread across various cultural groups in American English. The use of ""homie"" implies a sense of familiarity, camaraderie, and shared experiences with the person being referred to.","Yo, I saw my homie at the mall today.","Hey, I saw my friend at the mall today."
hoofing,"The slang term 'hoofing', as used in ""I'm just hoofing it to the snack spot to grab some munchies,"" is a colloquial expression typically referring to walking at an ordinary pace. It is often employed casually among peers in informal social settings, such as casual conversations or text messaging, to convey a sense of nonchalance or casualness when discussing one's mode of transportation.",I'm just hoofing it to the snack spot to grab some munchies.,I'm just walking to the store to buy some snacks.
snack spot,"The term 'snack spot' is an informal slang that refers to a location where snacks are available for purchase, typically a convenience store or a small grocery shop. In the given sentence, ""I'm just hoofing it to the snack spot to grab some munchies,"" the speaker is indicating they are walking to a place where they can buy snacks quickly and casually.",I'm just hoofing it to the snack spot to grab some munchies.,I'm just walking to the store to buy some snacks.
munchies,"The term 'munchies', as used in ""I'm just hoofing it to the snack spot to grab some munchies,"" refers to food items that are typically eaten as snacks, often salty, sweet, or both. This slang is commonly employed among youth and adults in informal social settings to casually express a desire for, or the act of consuming, such snacks.",I'm just hoofing it to the snack spot to grab some munchies.,I'm just walking to the store to buy some snacks.
hot,"The slang term ""hot"" in the sentence ""Yo, it's mad hot out today"" is an informal expression used to describe extreme temperatures, particularly high temperatures. In this case, ""mad hot"" is a more emphatic version of ""hot,"" emphasizing the intensity of the heat.","Yo, it's mad hot out today.",It's really hot outside today.
hot,"The slang term ""hot,"" as utilized in the statement ""It's mad hot out today, so I’m just chillin' inside,"" is a colloquialism commonly used to denote high temperatures. In this context, the intensifier ""mad"" functions to emphasize the extreme heat.","It's mad hot out today, so I’m just chillin' inside.","It's really hot outside today, so I think I'll stay indoors."
chillin',"The slang term ""chillin'"" is commonly used to indicate a relaxed, leisurely state where one is not engaged in any active or strenuous activities. In the provided example, ""I’m just chillin' inside"", the speaker is suggesting that they are taking it easy and relaxing indoors due to the heat outside.","It's mad hot out today, so I’m just chillin' inside.","It's really hot outside today, so I think I'll stay indoors."
huge (tired),"The slang term ""huge"" used as an intensifier for the adjective ""tired"" is commonly employed in informal, casual conversations among individuals from various age groups and cultural backgrounds. This phrase, specifically ""I'm huge tired,"" denotes a state of extreme exhaustion or weariness, often due to extended periods of physical or mental activity, such as staying awake all night studying (""I pulled an all-nighter hitting the books"").",I'm huge tired 'cause I pulled an all-nighter hitting the books.,I'm really tired because I stayed up late studying.
hungrier,"The slang term 'hungrier' as used in ""I'm mad hungry, let's hit up some lunch fam!"" is an informal, intensified version of the phrase ""I'm really hungry."" It is often employed in casual, friendly conversations among peers to express a strong feeling of hunger and to suggest eating together. The term 'fam', short for family or friends, further emphasizes camaraderie and familiarity within the social setting.","I'm mad hungry, let's hit up some lunch fam!","I'm really hungry, want to grab some lunch?"
hype,"The term 'hype', as used in ""I'm hyped for the game tomorrow!"", refers to a state of intense excitement or enthusiasm. This slang is typically employed when expressing anticipation and eagerness towards an upcoming event, such as a game, concert, movie release, or other entertainment events.",I'm hyped for the game tomorrow!,I'm really excited about tomorrow's game.
hyped,"The term 'hyped' is a popular slang expression commonly used among youth and contemporary culture. It signifies a high level of excitement, enthusiasm, or anticipation towards an upcoming event, as demonstrated in the sentence ""I'm hyped for the concert tonight.""",I'm hyped for the concert tonight.,I'm really excited about the concert tonight.
hyped,"The term 'hyped' in the sentence ""I'm super hyped to hit up the new spot downtown, it's gonna be fire!"" is a contemporary slang used to express excitement or enthusiasm. This term is typically employed in casual conversations among individuals of various age groups but is more prevalent among youth and younger adults. The original neutral version of this sentence would be: ""I'm really excited to go to the new cafe downtown."" However, 'hyped' conveys a more energetic and animated tone as compared to its formal counterpart.","I'm super hyped to hit up the new spot downtown, it's gonna be fire!",I'm really excited to go to the new cafe downtown.
fire,"The slang term ""fire,"" as used in the phrase ""I'm super hyped to hit up the new spot downtown, it's gonna be fire!"" is a popular colloquialism often employed among younger generations, particularly in English-speaking urban communities. In this context, ""fire"" conveys a sense of enthusiasm, excitement, or high quality about an upcoming event, place, or thing. The neutral version of the sentence would be: ""I'm really excited to go to the new cafe downtown.""","I'm super hyped to hit up the new spot downtown, it's gonna be fire!",I'm really excited to go to the new cafe downtown.
hyped,"The term ""hyped"" in the sentence ""I'm so hyped for the weekend to flex with my squad"" is a modern slang expression that denotes excitement or anticipation. It is typically used among younger generations, particularly within peer groups, as a casual way of expressing enthusiasm or eagerness about an upcoming event or activity.",I'm so hyped for the weekend to flex with my squad.,I'm really excited for the weekend to hang out with my friends.
flex,"The slang term ""flex"" as used in the sentence ""I'm so hyped for the weekend to flex with my squad,"" is a popular informal expression primarily utilized among younger generations, particularly in English-speaking communities. The term is derived from the verb ""to flex,"" which originally meant to show off one's physical strength or possessions. In this context, however, it has evolved to denote demonstrating one's social status or enjoyment of leisure activities with friends.",I'm so hyped for the weekend to flex with my squad.,I'm really excited for the weekend to hang out with my friends.
hyped,"The term ""hyped"" is a contemporary American English slang word that is often used to express intense excitement or anticipation about an upcoming event or situation. In the sentence ""I'm sooo hyped for my trip to the beach, it's gonna be lit!"", the speaker is conveying their high level of enthusiasm and eagerness for their forthcoming beach trip. The term ""lit"" further emphasizes this excitement, implying that the event or situation will be enjoyable, remarkable, or exceptional.","I'm sooo hyped for my trip to the beach, it's gonna be lit!",I'm really excited about my upcoming trip to the beach.
lit,"The slang term ""lit"" is commonly used to express excitement, enthusiasm, or that something is particularly enjoyable or fun. In the given example, ""I'm sooo hyped for my trip to the beach, it's gonna be lit!"", the speaker uses ""lit"" to emphasize their high level of anticipation and positive feelings about their upcoming beach trip.","I'm sooo hyped for my trip to the beach, it's gonna be lit!",I'm really excited about my upcoming trip to the beach.
hyped,"The term ""hyped"" is an informal expression frequently used in contemporary American English, particularly among younger demographics and within casual social interactions. It is commonly employed to express excitement, enthusiasm, or anticipation towards a forthcoming event, situation, or activity, such as the weekend.","I'm so hyped for the weekend, can't wait to turn up!",I'm really looking forward to the weekend.
turned up,"The term ""turned up"" is a colloquial expression often used in informal settings among young adults and urban communities in English-speaking cultures. It is typically employed to denote being lively, energetic, or excited, as well as engaging in social activities that are considered fun, festive, or spirited. In the context of ""I'm so hyped for the weekend, can't wait to turn up!"", the speaker expresses eagerness and anticipation for a forthcoming weekend filled with enjoyable activities, social gatherings, or perhaps even partying, as these are common situations where the term is used. The neutral version of this sentiment would be ""I'm really looking forward to the weekend."" However, the use of ""turned up"" adds an element of excitement and enthusiasm that may not be as explicitly conveyed in the formal language.","I'm so hyped for the weekend, can't wait to turn up!",I'm really looking forward to the weekend.
imma,"The slang term ""imma"" is a contraction of ""I'm gonna,"" which is used to indicate that the speaker is about to do something. In the sentence ""I'm dead tired today, so imma just chill at home,"" the speaker is expressing that they are extremely tired and will therefore stay at home to relax.","I'm dead tired today, so imma just chill at home.","I'm really tired today, so I think I'll just rest at home."
imma,"The slang term ""imma,"" as used in the sentence ""I'mma hit up my friends for some grub later, fr,"" is an abbreviated and casual version of the phrase ""I am going to."" In this context, ""I'mma"" indicates a future intention or plan to meet one's friends for food, referred to as ""grub.""","I'mma hit up my friends for some grub later, fr.",I'm going to grab some food with my friends later.
fr,"The term 'fr' is an acronym for ""for real"" or ""for true,"" originating from African American Vernacular English (AAVE) and has since been adopted by various youth cultures globally. It is commonly used to emphasize sincerity, authenticity, or seriousness in spoken interactions.","I'mma hit up my friends for some grub later, fr.",I'm going to grab some food with my friends later.
java,"The term ""java"" in the phrase ""I'm off to grab some java with my squad ☕🔥"" is a slang for coffee. The use of this term adds a casual and contemporary connotation to the sentence, reflecting the speaker's desire to align with younger or informal audiences.",I'm off to grab some java with my squad ☕🔥,I'm heading out to get some coffee with my friends.
java,"The slang term ""java"" in the phrase ""Yo, let's get some java and vibey at the park, fr."" is a colloquial reference to coffee. This slang is commonly used among young adults and teenagers in informal settings such as social gatherings, text messaging, or online conversations. The phrase ""Let's grab some coffee and chill at the park"" conveys the same meaning in a more formal context.","Yo, let's get some java and vibey at the park, fr.",Let's grab some coffee and chill at the park.
vibe,"The term 'vibe' as used in ""Yo, let's get some java and vibey at the park, fr."" is a colloquial expression commonly employed among youth or informal social circles. It denotes an atmosphere or feeling, often referring to a pleasant, relaxed, and engaging ambiance. In this context, 'vibey' implies that the intended activity (coffee at the park) will be enjoyed in a leisurely and convivial setting.","Yo, let's get some java and vibey at the park, fr.",Let's grab some coffee and chill at the park.
kick,"The slang term ""kick"" as used in the phrase ""Yo, wanna kick it today?"" originates from urban American English and is primarily utilized among younger individuals, particularly within informal social settings. In this context, ""kick it"" signifies spending time together or hanging out. The phrase can be used to invite someone for leisure activities, such as socializing, chatting, or engaging in casual recreational activities like sports or music. The use of ""kick it"" may imply a relaxed, informal atmosphere and a desire to interact socially with the person being addressed.","Yo, wanna kick it today?","Hey, do you want to hang out this afternoon?"
kicks,"The slang term ""kicks"" is commonly used within informal and youthful conversations, particularly within the context of fashion, sports, and popular culture. In the sentence ""Yo, just hit the mall and scored some sick kicks!"", it refers to newly acquired shoes. The use of this slang suggests excitement or satisfaction at having found stylish, desirable, or trendy footwear. This phrase is often used among peers in social settings such as shopping centers, schools, sports events, or online communities where discussions about fashion and trends are prevalent.","Yo, just hit the mall and scored some sick kicks!","Hey, I just got back from shopping and found some really cool shoes."
knock,"The slang term ""knock"" as used in the phrase ""I'm just tryna knock out my homework before I slide with my squad"" is a colloquialism that signifies completing a task quickly or efficiently. In this context, ""knock out"" refers to finishing one's homework swiftly so that one can then join one's friends (referred to as ""squad"").",I'm just tryna knock out my homework before I slide with my squad.,I'm just trying to finish my homework before I go out with friends.
slide,"The slang term ""slide"" in the given context, as used in the sentence ""I'm just tryna knock out my homework before I slide with my squad,"" refers to leaving a place or situation. In this instance, the speaker is planning to finish their homework first before going out (or socializing) with friends. The use of the term ""slide"" implies a casual and informal setting among peers, typically teenagers or young adults, who engage in everyday social interactions involving leisure activities.",I'm just tryna knock out my homework before I slide with my squad.,I'm just trying to finish my homework before I go out with friends.
knocked out,"The term 'knocked out' in the sentence ""Yo, I just knocked out my homework and I'm dead tired rn"" is a colloquial expression used to denote completion of a task, in this case, homework. The neutral version would be ""Hey, I just finished my homework.""","Yo, I just knocked out my homework and I'm dead tired rn.","Hey, I just finished my homework and I'm super tired."
later,"The slang term ""later"" is commonly used in informal, casual settings among peers as a means to indicate a request for an activity at some unspecified time in the future. In the phrase ""Yo, wanna snag a quick coffee l8r?"", it is being used to propose meeting up for a coffee at a later, mutually convenient time.","Yo, wanna snag a quick coffee l8r?","Hey, do you want to grab a quick coffee later?"
link,"The slang term 'link' is commonly used in informal, casual conversations among youths and young adults, particularly in urban settings. It functions as a colloquial equivalent of the phrase ""meet up"" or ""get together."" In the context provided, ""Let's link at the cafe later to grind on some homework,"" 'link' suggests an arrangement for a social gathering with the primary purpose of collaborative study (grinding on some homework). The use of this slang term implies familiarity and informality among the speakers, and it is often employed to give a more casual tone to invitations or plans. The neutral version of the sentence would be: ""Let's meet up at the cafe later to study.""","Yo, let's link at the cafe later to grind on some homework.",Let's meet up at the cafe later to study.
grind,"The term 'grind' as used in the phrase ""Yo, let's link at the cafe later to grind on some homework"" is a common slang term among young adults, particularly students. It originates from hip-hop culture and is often used to describe persistent, focused effort towards achieving a goal or task, typically studying or working.","Yo, let's link at the cafe later to grind on some homework.",Let's meet up at the cafe later to study.
link,"The term 'link' as used in ""Yo, let's link up later and vibe!"" is an informal slang that originated from urban culture. It is commonly utilized among friends, acquaintances, and peers to propose meeting or socializing with one another at a later time. The meaning of 'link' in this context can be captured by the neutral version ""Hey, let's meet up later to hang out.""","Yo, let's link up later and vibe!","Hey, let's meet up later to hang out."
vibe,"The term ""vibe"" as used in the sentence ""Yo, let's link up later and vibe!"" is an informal slang that denotes spending time together in a relaxed, casual atmosphere, often while engaging in leisure activities. It suggests a focus on enjoying each other's company and sharing experiences rather than any specific agenda or structured plans.","Yo, let's link up later and vibe!","Hey, let's meet up later to hang out."
linkup,"The slang term ""link up"" as used in the phrase ""Yo, you tryna link up later to vibe?"" is a casual and informal way of proposing a meeting or gathering with another person. In this context, it implies a social interaction with the intention of spending time together, often for leisure activities such as hanging out, partying, or engaging in various forms of entertainment.","Yo, you tryna link up later to vibe?","Hey, do you want to meet up later to hang out?"
lit,"The slang term ""lit"" is commonly used in informal, youth-oriented contexts, particularly among English speakers, predominantly in North America. In the sentence ""Yo, I peeped a lit flick last night!"", 'lit' is used as an adjective to describe something that is exciting, entertaining, or enjoyable.","Yo, I peeped a lit flick last night!","Hey, I just saw a really cool movie last night."
lit (speed),"The term 'lit (speed)' is a colloquial, contemporary slang commonly utilized within informal settings among younger individuals, particularly in digital communications. In this specific instance, 'lit' functions as an adjective, emphasizing the rapidity of an action or object.","No cap, the pizza got here lightning fast!",I can't believe how quickly the pizza was delivered!
lit,"The slang term ""lit"" is commonly used in informal, contemporary American English to express that a situation or event is exciting, energetic, or intense. In the provided example, ""Yo, I’m litty and might snag a snack before bouncing,"" the speaker uses ""litty"" to indicate they are in high spirits or having a good time. The term can be substituted with a more formal equivalent: ""Hey, I thought I might grab a snack before heading out.""","Yo, I’m litty and might snag a snack before bouncing.","Hey, I thought I might grab a snack before heading out."
snack,"The term 'snack' in the given context is a colloquialism commonly used among younger generations, particularly in informal settings such as social gatherings, parties, and online communication. It typically refers to an attractive person whom one may approach or engage with briefly, usually for flirtatious purposes or casual interaction.","Yo, I’m litty and might snag a snack before bouncing.","Hey, I thought I might grab a snack before heading out."
bounce,"The term 'bounce', as utilized in ""Yo, I’m litty and might snag a snack before bouncing,"" is commonly used in informal, youth-oriented contexts, primarily among English speakers. In this instance, 'bounce' denotes leaving or departing a location, often temporarily. The speaker could be indicating that they plan to leave after grabbing a quick bite to eat.","Yo, I’m litty and might snag a snack before bouncing.","Hey, I thought I might grab a snack before heading out."
losin,"The term 'losin' is a colloquial variation of the word ""losing,"" often used in informal settings to express strong excitement or enthusiasm. In the sentence ""Yo, did u peep the new flick everyone's losing their minds over?"", the speaker is asking if someone has seen a new movie that many people are highly excited about. The use of 'losin' serves to emphasize this collective excitement and interest in the movie. This slang term is primarily used among young adults, particularly within peer groups or online communities. It may also be employed in casual conversations between friends to convey shared enthusiasm for a common topic or interest.","Yo, did u peep the new flick everyone's losing their minds over?","Hey, did you see the new movie everyone's talking about?"
lounges,"The term ""lounges"" used as in ""I'm just gonna lounges at home and binge some shows tonight"" is a slang term primarily utilized to denote relaxation or leisure activities, often with a connotation of comfort and casualness. In this context, it can be interpreted as synonymous with the neutral phrase ""I'm just going to chill at home and watch some shows tonight.""",I'm just gonna lounges at home and binge some shows tonight.,I'm just going to chill at home and watch some shows tonight.
binge,"The term 'binge', as used in ""I'm just gonna lounges at home and binge some shows tonight,"" refers to watching multiple episodes of a television series or movies in quick succession. This slang is typically employed to express the intention of indulging in extended periods of entertainment consumption, particularly through streaming services.",I'm just gonna lounges at home and binge some shows tonight.,I'm just going to chill at home and watch some shows tonight.
lowkey,"The term 'lowkey' is a colloquial expression commonly used in informal English conversations, particularly among younger generations. It functions as an adverb or an adjective and generally implies something is done secretly, quietly, or indirectly, often without drawing attention. However, when paired with verbs like 'be', 'feel', or 'know' (as in the provided example), it suggests that the speaker is expressing a feeling or state covertly or subtly, not wanting to make a big deal out of it but still acknowledging it.","Bruh, I lowkey left my phone home today, no cap.",I can't believe I forgot my phone at home today.
lowkey,"The term 'lowkey' is a common slang expression primarily used in informal settings among English speakers, particularly youth and young adults. In the sentence ""I'm lowkey drained 'cause I didn’t catch enough Z's last night,"" the user expresses subtle exhaustion or tiredness, despite not wanting to appear overly exhausted to others.",I'm lowkey drained 'cause I didn’t catch enough Z's last night.,I'm just really tired because I didn't get enough sleep last night.
Z's,"The slang term 'Z's' is a colloquialism for sleep, specifically the plural of the letter Z, which visually resembles an image of closed eyes when flipped horizontally. The phrase ""I'm lowkey drained 'cause I didn’t catch enough Z's last night"" implies that the speaker is subtly expressing their feelings of exhaustion due to insufficient sleep during the previous night, while maintaining a degree of casualness or informality in their communication.",I'm lowkey drained 'cause I didn’t catch enough Z's last night.,I'm just really tired because I didn't get enough sleep last night.
lowkey,"The term 'lowkey' is a colloquial slang originating from African American Vernacular English (AAVE) and has since been adopted in various Western cultures. It is used to indicate a subtle or covert expression of something that one may not want to express openly. In the sentence ""I'm lowkey drained today and not tryna pop off outside,"" the speaker is subtly conveying feelings of exhaustion while suggesting they do not wish to engage in social activities (popping off outside) due to this fatigue. The neutral version of this statement would be: ""I'm just really tired today and not feeling up to going out."" This slang term is often used among younger demographics, particularly those who are comfortable with informal language and embrace diverse forms of communication in daily social interactions.",I'm lowkey drained today and not tryna pop off outside.,I'm just really tired today and not feeling up to going out.
drained,"The term ""drained"" in the given context refers to a state of exhaustion or having no remaining energy. It is typically used by individuals expressing feelings of extreme fatigue or emotional depletion. In daily social interactions, it can be employed to indicate that an individual is feeling tired, drained out, and lacks the desire or energy to engage in activities, especially those requiring physical or mental effort, such as going outside (e.g., going to a party, participating in a sport, or attending a social gathering).",I'm lowkey drained today and not tryna pop off outside.,I'm just really tired today and not feeling up to going out.
pop off,"The term 'pop off' is a colloquial expression primarily used among young individuals in informal settings to denote an abrupt or intense outburst of emotion, activity, or action. In the sentence ""I'm lowkey drained today and not tryna pop off outside,"" it implies that the speaker is exhausted and does not wish to engage in any heated or energetic exchanges outside their current state.",I'm lowkey drained today and not tryna pop off outside.,I'm just really tired today and not feeling up to going out.
lowkey,"The term 'lowkey' is a colloquial expression frequently used in informal and online settings among English speakers, particularly younger generations. It is an adverb originating from hip-hop culture that implies doing something secretly or subtly without drawing attention to oneself.","Yo, I’m lowkey tryna snag some grub later, fr fr.","Hey, I was just thinking about grabbing some lunch later."
fr,"The slang term ""fr"" is a contraction of the phrase ""for real."" It is commonly used in informal and casual spoken English to emphasize sincerity or authenticity. In the sentence ""Yo, I’m lowkey tryna snag some grub later, fr fr,"" the speaker is expressing that their intention to obtain food later is genuine. The use of ""fr"" twice indicates a higher level of emphasis on the speaker's sincerity.","Yo, I’m lowkey tryna snag some grub later, fr fr.","Hey, I was just thinking about grabbing some lunch later."
lowkey,"The slang term ""lowkey"" is commonly used in informal English conversations to express a covert or subtle expression of feelings or actions that may be too personal, sensitive, or indirect to communicate directly. In the sentence ""I'm lowkey exhausted today and vibing in chill mode,"" the speaker is indicating they are feeling tired but do not wish to express this sentiment openly or with strong conviction. The phrase ""vibing in chill mode"" further emphasizes a relaxed and unpretentious attitude.",I'm lowkey exhausted today and vibing in chill mode.,I'm just really tired today and feeling lazy.
vibing,"The term 'vibing' is a contemporary informal slang originating from African American Vernacular English (AAVE) and has since been adopted in various global youth cultures. In the context of ""I'm lowkey exhausted today and vibing in chill mode,"" the speaker is expressing that they are feeling tired but still managing to maintain a relaxed, laid-back mood or attitude. This phrase suggests a sense of contentment with being at ease despite feeling fatigued.",I'm lowkey exhausted today and vibing in chill mode.,I'm just really tired today and feeling lazy.
mad,"The term ""mad"" used as ""I'm mad tired"" is an informal slang expression commonly used in English-speaking communities, particularly among youth and casual conversations. It is a shortened form of the phrase ""I'm absolutely tired,"" where ""absolutely"" implies a high degree or intensity of tiredness.",I'm mad tired today ’cause I didn’t catch enough Z’s last night.,I'm really tired today because I didn't get enough sleep last night.
Z's,"The term 'Z's', as used in the phrase ""I'm mad tired today ’cause I didn’t catch enough Z’s last night,"" is a colloquial and informal way of referring to sleep. This slang is commonly used in everyday conversation among speakers of English, particularly in casual settings where a more informal or familiar tone is appropriate.",I'm mad tired today ’cause I didn’t catch enough Z’s last night.,I'm really tired today because I didn't get enough sleep last night.
mad,"The term 'mad' in the sentence ""That flick was mad funny and cool fr!"" is a colloquial shortening of the word 'madly', which typically means extremely or intensely. In this context, it is used to emphasize that the movie was very funny and cool. It is commonly utilized among younger generations, particularly within informal social settings such as text messages, online chats, or casual conversations among friends. The neutral version of the statement would be ""That movie was really interesting and funny,"" which lacks the emphatic tone conveyed by 'mad'.",That flick was mad funny and cool fr!,That movie was really interesting and funny.
cool,"The slang term ""cool"" in the phrase ""That flick was mad funny and cool fr!"" is used to express approval or admiration. In this context, it denotes that the movie being discussed is liked or appreciated by the speaker.",That flick was mad funny and cool fr!,That movie was really interesting and funny.
mall,"The slang term ""mall"" as used in the phrase ""Yo, you tryna hit the mall later?"" is a colloquialism often employed among young people or within informal social settings. In this context, it refers to a shopping center or a large commercial complex, typically consisting of multiple stores and retail outlets under one roof.","Yo, you tryna hit the mall later?","Hey, do you want to go to the mall later?"
mall (slang for shopping center),"The term ""mall"" used as a slang for shopping center is commonly utilized to refer to a large, enclosed commercial space comprising multiple retail stores. In the phrase ""I'm hitting the mall later, fr fr,"" the speaker is expressing an intention to visit the shopping center at a future time.","I'm hitting the mall later, fr fr.",I'm going shopping at the mall this afternoon.
maxing,"The term ""maxing"" is a slang expression commonly used among younger generations to indicate that one is making the most of a situation or enjoying oneself to the fullest extent. In the sentence ""I'm just maxing at home tonight,"" the speaker is suggesting they will be relaxing and making the best of their time spent at home for the evening.",I'm just maxing at home tonight.,I'm just going to chill at home tonight.
mega,"The slang term ""mega"" in the phrase ""It's mega hot out today, fr fr,"" is an informal intensifier used to express emphasis or exaggeration. It is often employed in casual conversations among young people, particularly in English-speaking communities from various cultural backgrounds.","It's mega hot out today, fr fr.",It's really hot outside today.
munchies,"The slang term 'munchies' is commonly used in informal, casual settings among individuals who share a familiar and relaxed relationship. In this context, 'munchies' refers to snack foods that are typically consumed between meals, such as chips, candy, or cookies.","Yo, wanna hit up some munchies later?","Hey, do you want to grab some food later?"
nada,"The slang term 'nada' is often used in informal English conversations to denote 'nothing' or 'no thing', particularly when referring to activities. In the phrase ""I'm so drained today, just wanna chill and do nada"", the speaker is expressing a desire for relaxation and doing nothing after feeling exhausted. This slang term is commonly used among younger generations and in casual social settings, such as text messaging, online chats, or informal conversations with friends and peers. It serves to make the conversation sound less formal, more relaxed, and potentially more relatable among the speakers involved. The neutral version of this sentence would be: ""I'm really tired today, I just want to relax and do nothing.""","I'm so drained today, just wanna chill and do nada.","I'm really tired today, I just want to relax and do nothing."
nah,"The slang term ""nah"" is a contraction of ""no,"" often used to express negation or doubt in informal and casual settings. In the sentence ""Yo, you hitting up the café later or nah?"", it functions as an interrogative tag, similar to ""right?"" or ""aren't you?"" It serves to seek confirmation or clarification about the main question (""Are you going to the cafe later?"") and suggests a degree of casualness and familiarity between the speakers. This slang is primarily used among peers in youth and urban communities, but it can also be employed in various social settings where a more informal tone is appropriate.","Yo, you hitting up the café later or nah?","Hey, are you going to the cafe later?"
nice,"The slang term ""nice"" as utilized in the example sentence ""Yo, the weather's mad nice today, perfect for a stroll,"" is often used to convey a positive sentiment regarding a situation, object, or person. In this context, it refers specifically to the favorable and pleasant weather conditions, which make it an ideal time for leisure activities such as going on a walk or a stroll.","Yo, the weather's mad nice today, perfect for a stroll.","It's really nice outside today, perfect weather for a walk."
no (Z's),"The term 'no (Z's)' is a colloquial expression used to refer to sleep or periods of rest. In the sentence ""I'm dead tired 'cause I caught no Z's last night,"" it implies that the individual did not get any sleep during the previous night, leading to exhaustion.",I'm dead tired 'cause I caught no Z's last night.,I'm really tired because I didn't get enough sleep last night.
no cap,"The phrase ""no cap"" is a contemporary informal English idiom primarily used within online and youth cultures. It originated from hip hop music and urban communities, but has since gained widespread usage across various demographics.","Yo, hit me up for some coffee tmrw, no cap!",Let's meet up for coffee tomorrow.
peaced,"The term ""peaced out"" is an informal American English slang originating from hip-hop culture in the late 1990s. It is a colloquial expression denoting one's departure or exit from a situation. The term often conveys a sense of nonchalance, disengagement, or coolness when leaving.",Just peaced out from my homework and I'm fin to chillax for a bit.,I just finished my homework and I'm going to relax for a bit.
fin,"The term 'fin' is a popular slang expression commonly used among English speakers, particularly within youth and internet communities. It originates from the acronym ""F**k it,"" which has been shortened over time. In the sentence ""Just peaced out from my homework and I'm fin to chillax for a bit,"" the speaker is expressing that they have completed their homework (as in ""I just finished my homework"") and are now planning to relax (as in ""going to relax""). By using 'fin,' the speaker conveys a casual, laid-back sentiment, indicating a sense of relief or leisure. This slang term is often used in daily social interactions among friends, peers, or online communities when discussing personal plans, activities, or decision-making processes. The use of 'fin' can also serve as a form of solidarity and bonding among the youth or internet subcultures that employ it.",Just peaced out from my homework and I'm fin to chillax for a bit.,I just finished my homework and I'm going to relax for a bit.
chillax,"The term ""chillax"" is an informal slang contraction derived from the words 'chill' and 'relax'. It is commonly used among young people in casual social settings to denote a state of tranquility, calmness, and leisure.",Just peaced out from my homework and I'm fin to chillax for a bit.,I just finished my homework and I'm going to relax for a bit.
peaced,"The slang term ""peaced"" used in the phrase ""Yo, just peaced out my homework, now I’m chillin’ like a villain,"" is an informal contraction of the verb ""left"" or ""departed."" This colloquialism is commonly employed by teenagers and young adults to indicate that they have completed a task or activity and are now free from it. The phrase ""I'm chillin' like a villain"" implies that the individual is now relaxing and enjoying themselves, often in a laid-back or casual manner.","Yo, just peaced out my homework, now I’m chillin’ like a villain.","Hey, I just finished my homework and I'm relaxing now."
villain,"The slang term ""villain,"" as used in the phrase ""Yo, just peaced out my homework, now I’m chillin’ like a villain,"" is a colloquial expression that signifies self-assured relaxation or coolness. In this context, it implies that the speaker has completed their tasks (homework in this case) and is now enjoying leisure time with a sense of confidence and nonchalance, much like a stereotypical criminal mastermind or antihero.","Yo, just peaced out my homework, now I’m chillin’ like a villain.","Hey, I just finished my homework and I'm relaxing now."
peep,"The term 'peep', as utilized in ""Yo, peep the new flick last night?"", is a casual and informal slang used primarily within English-speaking communities. In this context, 'peep' functions as an imperative verb, meaning to look or watch something, particularly a movie, as demonstrated by the phrase ""the new flick"" referring to a newly released film. The question indicates that the speaker is asking if someone else also watched the movie in question during the previous night.","Yo, peep the new flick last night?",Did you see the new movie last night?
peep,"The term 'peep' in the given context is used as an informal synonym for 'see' or 'watch', indicating a visual perception of something. In this sentence - ""Yo, did you peep that lit new flick last night? It was fire."", it suggests that the person being addressed has viewed a newly released movie and found it impressive (the term 'lit' implies this). The slang term 'flick' is commonly used to refer to a movie.","Yo, did you peep that lit new flick last night? It was fire.","Hey, did you see that new movie last night? It was really good."
lit,"The slang term ""lit"" is commonly used to describe something that is exciting, enjoyable, or excellent. In the example you provided, ""Yo, did you peep that lit new flick last night? It was fire,"" the speaker is asking if the listener watched a newly released movie and expressing enthusiasm about it being good. The term ""lit"" in this context can be roughly translated to ""really good"" or ""excellent.""","Yo, did you peep that lit new flick last night? It was fire.","Hey, did you see that new movie last night? It was really good."
flick,"The term ""flick"" is a colloquial, informal variant for ""movie"". In the sentence ""Yo, did you peep that lit new flick last night? It was fire,"" it is used to refer to a recently released film. The phrase ""lit"" denotes something as being exciting or impressive, while ""fire"" indicates that the movie was very good.","Yo, did you peep that lit new flick last night? It was fire.","Hey, did you see that new movie last night? It was really good."
fire,"The slang term ""fire"" in the sentence ""Yo, did you peep that lit new flick last night? It was fire."" is used as an adjective to express that something, in this case a movie, is exceptionally good, impressive, or exciting. This term originated from urban culture and has since been widely adopted across various demographics, particularly among younger generations.","Yo, did you peep that lit new flick last night? It was fire.","Hey, did you see that new movie last night? It was really good."
peep,"The term 'peep' in the phrase ""I'm just gonna peep some coffee"" is colloquial slang for 'take a look at' or 'grab'. In this context, it signifies the action of obtaining coffee. The phrase ""vibe at the park"" can be understood as relaxing, spending leisure time, and enjoying the atmosphere at the park, often with friends or in a social setting.",I'm just gonna peep some coffee and vibe at the park.,I'm just going to grab some coffee and chill at the park.
vibe,"The slang term ""vibe"" as used in the sentence ""I'm just gonna peep some coffee and vibe at the park,"" implies a relaxed and casual social atmosphere. In this context, ""vibe"" refers to spending leisure time while experiencing or enjoying the ambiance, mood, or general feeling of the surrounding environment.",I'm just gonna peep some coffee and vibe at the park.,I'm just going to grab some coffee and chill at the park.
peeped,"The slang term 'peeped', as used in ""Yo, just peeped a sick vid online!"", is colloquial internet jargon that originated from online communities and chat rooms. It functions as an informal expression to indicate viewing or discovering something, particularly online content such as videos, images, or posts.","Yo, just peeped a sick vid online!","Hey, I just saw a really cool video online."
peepin',"The slang term ""peepin'"" as used in the phrase ""Yo, ya peepin' the party tonight or what?"" is an informal way of asking if someone will be attending a specific event, in this case, a party. In casual social interactions among friends and peers, it serves to gauge interest or plans for an upcoming social gathering. The neutral version of the sentence would be ""Hey, are you coming to the party later?"" The use of the slang term 'peepin'' adds a degree of familiarity and informality to the conversation. It may be more commonly used by younger individuals or those with a more casual communication style.","Yo, ya peepin' the party tonight or what?","Hey, are you coming to the party later?"
peeps,"The term ""peeps"" is a casual, informal form of addressing people, particularly within youth or informal social settings. In the sentence, ""I hit up the park yesterday and saw a bunch of peeps vibing and having a good time,"" it refers to individuals who are present in the specified location (the park) and engaging in social activities that suggest enjoyment and camaraderie (""vibing"" indicates a positive and relaxed atmosphere).",I hit up the park yesterday and saw a bunch of peeps vibing and having a good time.,I went to the park yesterday and saw a lot of people having fun.
vibing,"The slang term 'vibing', as used in the provided context, denotes a feeling of enjoying oneself, being at ease, and experiencing positive energy, often associated with social interaction. It implies that people are collectively experiencing a pleasant atmosphere, harmony, or mutual enjoyment. In this sentence, ""I hit up the park yesterday and saw a bunch of peeps vibing and having a good time,"" it suggests that the speaker encountered a group of individuals who were having fun at the park.",I hit up the park yesterday and saw a bunch of peeps vibing and having a good time.,I went to the park yesterday and saw a lot of people having fun.
poppin,"The slang term ""poppin"" is often used in informal, casual conversations among youth and young adults. In the context of ""Yo, was just poppin' about linking up later if you're down,"" it indicates that the speaker has been thinking or considering a social engagement (in this case, meeting up with someone). The term can be interpreted as being active or lively in one's social life, emphasizing the desire or intention to engage socially.","Yo, was just poppin' about linking up later if you're down.","Hey, I was just thinking about meeting up later if you're free."
popping,"The term ""popping,"" as used in the phrase ""I'm just popping off with my friends later, no cap,"" is a slang expression commonly used among younger generations to denote leaving temporarily or socializing casually. In this context, ""popping off"" suggests an informal, potentially brief departure or gathering with friends. The addition of ""no cap"" serves as a verbal assertion, emphasizing the truthfulness or sincerity of the statement, often used to express authenticity in online conversations.","I'm just popping off with my friends later, no cap.",I'm just going to hang out with friends this afternoon.
pow wow,"The slang term ""pow wow,"" as used in the example ""Yo, you tryna pow wow and grab some grub l8r?"" is a colloquial expression that signifies a social gathering or meeting. It implies discussing or spending time together with food being part of the planned activity. The term originates from Native American culture, where powwows are traditional events for socializing, dancing, singing, and storytelling.","Yo, you tryna pow wow and grab some grub l8r?","Hey, do you want to grab something to eat together later?"
grub,"The slang term 'grub', as used in ""Yo, you tryna pow wow and grab some grub l8r?"" is a colloquialism for food or meals. This term is commonly used among English speakers, particularly in informal settings such as casual conversations between friends or acquaintances.","Yo, you tryna pow wow and grab some grub l8r?","Hey, do you want to grab something to eat together later?"
pulling,"The term 'pulling' as used in ""You pulling up to the party tonight?"" is a colloquialism commonly found in informal English conversations, particularly among young people. In this context, 'pulling' functions as a verb phrase, meaning 'to arrive' or 'to come'. This usage originated from the realm of cars, where it was used to refer to a car driving up to a location, but over time, it has been adopted in a more general sense to imply personal arrival.",You pulling up to the party tonight?,Are you coming to the party tonight?
pumped,"'Pumped' is an informal, colloquial term often used to express excitement or enthusiasm in casual conversations. The phrase ""I'm super pumped for the new flick tonight!"" indicates that the speaker is highly eager and enthused about attending a new movie tonight. This slang term is commonly utilized among individuals from various age groups and cultural backgrounds, particularly within youth culture and informal settings such as social gatherings or digital communication platforms.",I'm super pumped for the new flick tonight!,I'm really excited for the new movie tonight.
pup,"The slang term 'pup' is a colloquial and informal term for 'dog'. In the sentence ""Yo, just peeped the cutest pupper on my walk, fr."", the user is expressing excitement about seeing an adorable dog during their walk. This phrase is often used among friends or peers in casual, relaxed settings such as social gatherings, online chats, or text messages. The use of slang like 'pup' adds a friendly and informal tone to the conversation.","Yo, just peeped the cutest pupper on my walk, fr.","Hey, I just saw a really cute dog on my walk."
quick,"The slang term ""quick"" as used in the phrase ""Pulling a quick snack run before I dip to work, fr fr,"" is an informal way of expressing that one intends to make a brief trip for obtaining food (a snack) prior to going to work. The term ""fr fr"" is an abbreviation typically used to signify that the information being shared is genuine or factual.","Pulling a quick snack run before I dip to work, fr fr.",I'm just going to grab some lunch before heading to work.
fr,"The slang term 'fr' as used in ""Pulling a quick snack run before I dip to work, fr fr,"" is an abbreviation of the phrase ""for real"" or ""for sure."" This slang is commonly used among younger generations in informal social settings, particularly online and in text messages, to express emphasis or certainty about a statement.","Pulling a quick snack run before I dip to work, fr fr.",I'm just going to grab some lunch before heading to work.
sesh,"The term 'sesh' is a colloquial contraction of the word ""session,"" commonly used among English speakers, particularly in informal and youth culture. In the provided sentence, ""Yo, wanna hit up a dinner sesh after work?"", it refers to an invitation for a social gathering over dinner following work hours.","Yo, wanna hit up a dinner sesh after work?","Hey, do you want to grab dinner after work?"
shook,"The slang term ""shook"" is commonly used among youth and young adults, particularly in informal social settings and online platforms such as text messaging and social media. In the phrase ""I'm shook,"" it is typically used to express surprise, amazement, or being overwhelmed, often in a context of an unexpected event or situation.","I'm shook, today's been max hectic.",I can't believe how busy I am today.
sick,"The slang term ""sick"" in the context of ""Yo, saw your new do today, and it’s mad sick!"" is commonly used to express admiration or approval for something that is perceived as impressive, noteworthy, or appealing. In this specific sentence, it refers to the individual's newly styled haircut.","Yo, saw your new do today, and it’s mad sick!","Hey, I saw your new haircut today, and it looks really cool!"
sick,"The term ""sick"" is a contemporary American slang commonly used to express approval, admiration, or excitement towards something perceived as cool, impressive, or appealing. In the sentence ""Yo, I peeped a sick hoodie at the store today, fr fr,"" the speaker is conveying that they have recently noticed an attractive and desirable hoodie while shopping.","Yo, I peeped a sick hoodie at the store today, fr fr.","Hey, I saw a really cool hoodie at the store today."
fr,"The term 'fr' in the phrase ""Yo, I peeped a sick hoodie at the store today, fr fr"" is an abbreviation for the word ""for real"" or ""for sure"". It serves as a form of confirmation or emphasis. In this context, it suggests that the speaker is not joking about having seen an impressive hoodie at the store.","Yo, I peeped a sick hoodie at the store today, fr fr.","Hey, I saw a really cool hoodie at the store today."
slapped,"The term 'slapped' is informal slang commonly used among younger generations, particularly within peer groups and online communities. It is often employed to denote the completion of a task with enthusiasm or urgency. In the context provided, ""Yo, just slapped that homework and I’m out here vibing now,"" the individual has completed their homework and is ready to enjoy leisure activities or socialize ('vibing').","Yo, just slapped that homework and I’m out here vibing now.","Hey, I just finished my homework and I’m ready to hang out."
vibing,"The term 'vibing', as used in ""Yo, just slapped that homework and I’m out here vibing now"", refers to a casual expression indicating enjoyment, relaxation, or a good mood. It suggests the speaker is feeling content and relaxed after completing a task (in this case, homework) and is ready for leisure activities or socializing with others.","Yo, just slapped that homework and I’m out here vibing now.","Hey, I just finished my homework and I’m ready to hang out."
sleepy,"The term 'sleepy', as used in the sentence ""I'm mad sleepy today ’cause I pulled an all-nighter last night,"" is a colloquialism that indicates extreme tiredness or drowsiness due to lack of sufficient sleep. In this context, it signifies the speaker is very tired following an all-night activity.",I'm mad sleepy today ’cause I pulled an all-nighter last night.,I'm just a little tired today because I stayed up late last night.
slid,"The slang term ""slid"" is commonly used in informal, contemporary English, particularly among younger generations or within specific social and cultural contexts. In the phrase ""Gonna slide to the store to grab some snacks, no cap,"" it signifies going or moving towards a location (in this case, a store).","Gonna slide to the store to grab some snacks, no cap.",I'm just heading to the store to buy some snacks.
slide,"The slang term ""slide"" in the phrase ""Yo, let's slide to the park later,"" is often used among young adults and teenagers to suggest a casual invitation or plan to meet at a specific location (in this case, the park) at a future time. The use of ""slide"" adds an informal and friendly tone to the conversation, implying a social gathering or hangout.","Yo, let's slide to the park later.","Hey, let's meet up at the park later."
slide,"The term ""slide"" as used in the sentence ""I'm gonna slide to the mall to chill with my peeps,"" is a colloquialism commonly found in informal, youth-oriented English. In this context, ""slide"" means to go or move towards a particular place casually and without any specific purpose other than leisure.",I'm gonna slide to the mall to chill with my peeps.,I'm heading to the mall to hang out with my friends.
peeps,"The term 'peeps', as used in ""I'm gonna slide to the mall to chill with my peeps"", is a colloquial and informal way of referring to one's friends. This slang is commonly used in casual, everyday conversations among young people, particularly within urban communities or online platforms where a more relaxed language style is prevalent.",I'm gonna slide to the mall to chill with my peeps.,I'm heading to the mall to hang out with my friends.
sliding,"The slang term ""sliding"" in the context of ""Yo, you sliding to the party tonight?"" is a colloquial way of asking if someone is planning to attend an event. In this instance, it's used to indicate moving towards or attending the specified gathering, much like the neutral version ""Hey, are you coming to the party tonight?"" The slang term is commonly used among younger generations and in informal social settings where a more casual and concise mode of communication is preferred. It originated from urban cultures but has since become widely adopted in various social circles.","Yo, you sliding to the party tonight?","Hey, are you coming to the party tonight?"
snack,"The slang term ""snack,"" as used in the phrase ""Yo, wanna catch a snack later?"" is commonly employed among young individuals in informal social settings. In this context, ""snack"" does not refer to food but rather to an attractive person or a short-term romantic encounter. This usage originated from the idea of someone being 'eye candy' or 'a quick bite,' likening them to a tasty snack.","Yo, wanna catch a snack later?","Hey, do you want to grab something to eat later?"
snacks,"The colloquial term ""snacks"" in the phrase ""I hit up the grocery to snag some snacks"" refers to a variety of small, easy-to-eat foods that can be consumed as light meals or between main meals. This slang is commonly used among individuals from diverse cultural backgrounds and age groups, particularly in casual settings such as social gatherings, workplaces, and informal conversations.",I hit up the grocery to snag some snacks.,I went to the grocery store to pick up some food.
snag,"The term 'snag' as used in ""Yo, wanna snag some pizza later?"" is colloquial slang often employed in informal, casual conversations among peers and friends. It is commonly utilized to indicate the act of obtaining or acquiring something, particularly food, with a connotation of immediacy or spontaneity.","Yo, wanna snag some pizza later?","Hey, do you want to grab some pizza later?"
snag,"The slang term 'snag' as used in the phrase ""I'm just gonna snag some coffee before I bounce to class"" is a colloquial expression that typically denotes to quickly obtain or acquire something, in this case, a cup of coffee. This idiomatic usage of 'snag' is prevalent among young adults and teenagers, particularly those who are comfortable with contemporary informal language.",I'm just gonna snag some coffee before I bounce to class.,I'm just going to grab some coffee before I head to class.
bounce,"The term 'bounce' in the given context, ""I'm just gonna snag some coffee before I bounce to class,"" is a colloquial expression commonly used among younger generations, particularly within North American English. It implies that the speaker is planning to leave a certain location or situation and move on to another one.",I'm just gonna snag some coffee before I bounce to class.,I'm just going to grab some coffee before I head to class.
snag,"The slang term ""snag"" as used in the phrase ""I'm about to snag some eats before I dip with the crew,"" is a colloquialism that implies acquiring or obtaining. In this context, ""eats"" refers to food. The speaker intends to get or acquire food before they depart with their friends (the ""crew"").",I'm about to snag some eats before I dip with the crew.,I'm going to grab some food before I go out with my friends.
dip,"The slang term ""dip,"" as used in the phrase ""I'm about to snag some eats before I dip with the crew,"" is typically employed to denote departure or leaving a particular place or situation. In this context, it signifies that the speaker will soon depart from their current location to join their friends, also referred to as ""the crew."" The term ""dip"" can be interpreted as a colloquial variation of the neutral version ""go,"" suggesting the speaker's intention to leave temporarily.",I'm about to snag some eats before I dip with the crew.,I'm going to grab some food before I go out with my friends.
snag,"The slang term 'snag' as used in ""Gonna snag a quick munch before I dip out"" refers to the act of acquiring or obtaining something quickly. In this context, 'munch' is informal slang for food, specifically a small amount or snack.",Gonna snag a quick munch before I dip out.,I'm going to grab a quick snack before heading out.
munch,"The slang term ""munch,"" as used in the phrase ""Gonna snag a quick munch before I dip out,"" refers to a small meal or snack. This term is commonly employed in informal settings and casual conversations among younger generations, particularly within social circles that prioritize a relaxed and contemporary language style.",Gonna snag a quick munch before I dip out.,I'm going to grab a quick snack before heading out.
snag,"The term ""snag"" as used in the phrase ""Gonna snag some grub then slide to class, fr fr,"" is a colloquial and informal slang expression commonly employed among English speakers, particularly in North America. The word ""grub"" refers to food in this context.","Gonna snag some grub then slide to class, fr fr.",I'm just going to grab some food and then head to class.
slide,"The term ""slide"" is a colloquial expression commonly used among young individuals, particularly in informal settings such as social circles, peer groups, and online communities. It often appears within casual conversations, texts, or posts on social media platforms.","Gonna snag some grub then slide to class, fr fr.",I'm just going to grab some food and then head to class.
snags,"The term 'snags' in the phrase ""I'm heading to the store to snag some snacks"" is an informal slang often used in everyday conversations. It refers specifically to a type of food item, typically quick and easy-to-eat meals or snack foods, such as chips, cookies, candies, or sandwiches.",I'm heading to the store to snag some snacks.,I'm going to the grocery store to buy some food.
soo exhausted,"The term 'soo exhausted' is an intensified form of the adjective 'exhausted,' used to emphasize extreme tiredness. It is typically employed in casual, everyday conversations among peers and within familiar social settings, such as with friends or family members.",I'm soooo exhausted today ’cause I was up all night last night 😴.,I'm really tired today because I stayed up too late last night.
spot,"The slang term 'spot,' as used in the phrase ""Catch you at the coffee spot later,"" refers to a specific location, typically a coffee shop or a popular hangout place. It is often utilized in informal conversations among peers and friends, denoting a casual, social setting.","Catch you at the coffee spot later, fr.",I'll see you at the coffee shop later.
squad,"The slang term ""squad"" is a contemporary colloquialism primarily used among younger generations to refer to a close-knit group of friends. In the given example, ""I'm chugging a latte with my squad later, no cap,"" the speaker is planning to socialize with a circle of close friends over coffee at a later time.","I'm chugging a latte with my squad later, no cap.",I'm grabbing a coffee with my friends this afternoon.
stacked,"The term ""stacked,"" as used in the sentence ""Yo, just hit the store and stacked up on snacks, fr fr!"" is an informal slang originating from urban African American Vernacular English (AAVE) and more broadly, youth subcultures. In this context, ""stacked"" implies accumulating or acquiring a significant amount of something, in this case, snacks.","Yo, just hit the store and stacked up on snacks, fr fr!","Hey, I just got back from the store and grabbed some snacks."
stoked,"The term 'stoked', as used in ""I'm hella stoked for the concert tonight!"", is an informal expression of excitement or enthusiasm commonly utilized among younger generations and within casual social settings. It originates from surfing culture, where getting ""stoked"" refers to being energized or exhilarated by a good wave.",I'm hella stoked for the concert tonight!,I'm so excited for the concert tonight!
stroll,"The term 'stroll' as used in ""Yo, wanna hit up the park for a stroll?"" is a colloquialism commonly employed among peers in informal settings. It refers to a casual, leisurely walk, often taken for pleasure or conversation. In this context, it suggests a social outing to enjoy the outdoors and engage in relaxed interaction with the other party.","Yo, wanna hit up the park for a stroll?","Hey, do you want to go for a walk to the park?"
swipe,"The term 'swipe' as used in ""Yo, wanna swipe for some coffee later?"" is a modern slang commonly associated with mobile dating apps. In this context, it has been repurposed to refer to the act of meeting up with someone outside of romantic or sexual relationships.","Yo, wanna swipe for some coffee later?","Hey, do you want to go out for coffee later?"
tap,"The slang term ""tap,"" as used in the sentence ""Yo, wanna tap in for coffee later?"" is a colloquial expression commonly used among younger generations and in informal social settings. In this context, ""tap in"" signifies joining or being part of an activity or event. The neutral version would be ""Hey, do you want to grab coffee with me later?""","Yo, wanna tap in for coffee later?","Hey, do you want to grab coffee with me later?"
tiered,"The slang term ""tiered"" is an informal, colloquial expression often used among younger individuals to denote a high degree of exhaustion or extreme fatigue. It is typically employed in casual conversations and social settings where individuals seek to emphasize their lack of energy or vitality. In this context, the phrase ""I'm mad tired today 'cause I slept like zero"" can be interpreted as the speaker expressing that they feel unusually weary due to insufficient sleep.",I'm mad tired today 'cause I slept like zero.,I'm feeling really tired today because I didn't sleep well.
tiered,"The term ""tiered,"" as used in the sentence ""I'm mad tired today, just wanna chill at home and vibe out,"" is a colloquial expression of exhaustion or extreme fatigue. In this context, it can be considered an intensifier for the adjective ""tired.""","I'm mad tired today, just wanna chill at home and vibe out.","I'm really tired today, I think I just want to stay home and relax."
chill,"The slang term 'chill' as used in ""I'm mad tired today, just wanna chill at home and vibe out,"" is a casual expression that conveys a desire for relaxation and leisure. The term typically denotes an atmosphere of tranquility, comfort, and ease. In this context, the individual expresses fatigue and wishes to spend time in a state of calm, possibly engaging in enjoyable activities such as listening to music (vibe out).","I'm mad tired today, just wanna chill at home and vibe out.","I'm really tired today, I think I just want to stay home and relax."
vibe,"The term ""vibe"" in the context of ""I'm mad tired today, just wanna chill at home and vibe out"" is a contemporary informal expression predominantly used among younger generations. It refers to an overall mood, atmosphere, or feeling that is being created or experienced. In this case, the individual intends to create a relaxed, comfortable, and enjoyable ambiance for themselves at home.","I'm mad tired today, just wanna chill at home and vibe out.","I'm really tired today, I think I just want to stay home and relax."
tired,"The slang term ""tired,"" as used in the sentence ""I'm mad tired today 'cause I didn't sleep enough, fr.,"" refers to a state of physical and/or mental exhaustion. This usage is particularly common in informal or casual settings among adolescents and young adults, reflecting a colloquial style of communication.","I'm mad tired today 'cause I didn't sleep enough, fr.",I'm feeling really tired today because I didn't get enough sleep.
tired (slang for extremely weary),"The slang term ""tired"" in the phrase ""I'm mad tired today 'cause I pulled an all-nighter studying"" is used to express extreme weariness or exhaustion. It is typically employed in casual conversations, particularly among younger generations and peers, to emphasize a heightened level of fatigue compared to the standard usage of ""I'm really tired.""",I'm mad tired today ’cause I pulled an all-nighter studying.,I'm really tired today after studying all night.
tired,"The slang term ""tired"" as used in the phrase ""I'm mad tired today 'cause I didn't catch enough Z's last night,"" is a colloquial and informal expression commonly employed to denote extreme fatigue or exhaustion. This specific usage of ""tired"" often implies a sense of exaggeration or additional emphasis on the speaker's feelings of weariness, which may result from inadequate sleep.",I'm mad tired today 'cause I didn't catch enough Z's last night.,I'm really tired today because I didn't sleep well last night.
Z's,"The slang term 'Z's' is a colloquial abbreviation for the word ""sleep."" It is commonly used in informal and casual social interactions among people of various age groups, particularly among English speakers from North America, Australia, and the UK. The phrase ""I'm mad tired today 'cause I didn't catch enough Z's last night"" indicates that the speaker had insufficient sleep during the previous night, causing them to feel exhausted. This phrase is used to express fatigue or lack of rest due to inadequate sleep.",I'm mad tired today 'cause I didn't catch enough Z's last night.,I'm really tired today because I didn't sleep well last night.
tired,"The slang term ""tired"" as used in the phrase ""I'm mad tired today and bopped out last night, fr."" is a colloquial expression commonly employed by speakers of English, particularly among younger generations and within certain social circles.","I'm mad tired today and bopped out last night, fr.",I'm just really tired today and couldn't sleep well last night.
bopped,"The slang term 'bopped', as used in the sentence ""I'm mad tired today and bopped out last night,"" is a casual expression commonly employed to signify exhaustion or being drained of energy, often resulting from lack of sleep. This term is derived from the verb 'to bop,' which means to dance energetically. In this context, 'bopped' suggests that one has expended their energy and is now in a state of tiredness.","I'm mad tired today and bopped out last night, fr.",I'm just really tired today and couldn't sleep well last night.
tired,"The slang term ""tired"" used in the phrase ""I'm mad tired today and vibing in boredom,"" is a colloquial expression commonly employed to emphasize an individual's feelings of exhaustion or fatigue beyond the physical sense. In this context, it signifies an emotional or mental state of weariness rather than a lack of sleep.",I'm mad tired today and vibing in boredom.,I'm just really tired today and feeling a bit bored.
bored,"The slang term ""bored"" as used in the phrase, ""I'm mad tired today and vibing in boredom,"" denotes a feeling of being weary or lackluster, typically associated with monotony or lacking stimulation. In this context, ""vibing in boredom"" implies that the individual is experiencing an overwhelming sense of tedium or ennui.",I'm mad tired today and vibing in boredom.,I'm just really tired today and feeling a bit bored.
tired,"The term ""tired"" in the given context of ""I'm dead tired today and just wanna chill out,"" is a colloquial expression commonly used to emphasize feelings of extreme physical or mental exhaustion. This slang term can be employed by individuals across various age groups, socio-economic backgrounds, and regions, particularly in informal, casual conversations.",I'm dead tired today and just wanna chill out.,I'm feeling really tired today and just want to relax.
chill,"The term 'chill' is a common colloquialism used in informal settings to denote relaxation, leisure, and tranquility. It often implies a lack of urgency or pressure, typically associated with unwinding and enjoying one's free time. In the phrase ""I'm dead tired today and just wanna chill out,"" the speaker is expressing feelings of exhaustion and wishing for a relaxed, stress-free environment to rest and recover.",I'm dead tired today and just wanna chill out.,I'm feeling really tired today and just want to relax.
tired,"The slang term ""tired,"" as used in the phrase ""I'm mad tired today, just wanna chill at home and vibe,"" is commonly employed to express extreme physical, mental, or emotional exhaustion. In this context, it goes beyond mere physical fatigue, hinting towards an overall feeling of weariness or lack of energy.","I'm mad tired today, just wanna chill at home and vibe.",I'm really tired today and just want to stay in and relax.
chill,"The term ""chill,"" as used in the phrase ""I'm mad tired today, just wanna chill at home and vibe,"" is a colloquial expression that denotes relaxation, leisure, and enjoyment. This slang is commonly employed to describe a desire for tranquility, peace, or comfort within a casual and laid-back social setting. It often implies the intention to engage in activities that promote unwinding and stress relief, such as listening to music, reading, or simply resting at home. The neutral version of this statement would be: ""I'm really tired today and just want to stay in and relax.""","I'm mad tired today, just wanna chill at home and vibe.",I'm really tired today and just want to stay in and relax.
vibe,"The term 'vibe' in the phrase ""I'm mad tired today, just wanna chill at home and vibe"" is a contemporary slang term that originated from urban American culture. It has since expanded into mainstream usage across various demographic groups. The term can be described as the atmosphere or energy surrounding a person, place, or thing.","I'm mad tired today, just wanna chill at home and vibe.",I'm really tired today and just want to stay in and relax.
tired,"The slang term ""tired,"" as used in the sentence ""I'm hella tired today, might just chill at home and vibing,"" is a colloquial intensifier that signifies an exaggerated state of physical or mental exhaustion. This term is primarily employed by younger generations, particularly among peers and within casual social settings.","I'm hella tired today, might just chill at home and vibing.","I'm really tired today, I think I'll just stay in and relax."
chill,"The term 'chill' is a commonly used slang term, particularly among younger generations, that conveys a relaxed and comfortable atmosphere or state. In the given sentence, ""I'm hella tired today, might just chill at home and vibing,"" the speaker indicates that they are extremely tired and plans to spend the day in a relaxed manner at home. The term 'vibing' refers to enjoying oneself or feeling a positive atmosphere.","I'm hella tired today, might just chill at home and vibing.","I'm really tired today, I think I'll just stay in and relax."
vibing,"The slang term ""vibing"" is commonly used among English speakers, particularly in informal settings such as online chats, text messages, and casual conversations. It originated from the verb ""to vibe,"" which has roots in African American Vernacular English (AAVE) and hip hop culture.","I'm hella tired today, might just chill at home and vibing.","I'm really tired today, I think I'll just stay in and relax."
tired,"The slang term ""tired"" as used in the phrase ""I'm dead tired today, but I still gotta grind on my homework,"" is an intensified form of the word ""tired"" and is often employed to express extreme physical or mental exhaustion. In this specific context, it suggests a high level of fatigue that significantly impairs one's ability to perform daily activities, in this case, working on homework.","I'm dead tired today, but I still gotta grind on my homework.","I'm really tired today, but I still need to finish my homework."
gotta,"The slang term ""gotta"" in the sentence ""I'm dead tired today, but I still gotta grind on my homework,"" is a contraction of the phrase ""got to."" In this context, it implies necessity or obligation. The speaker indicates that they are tired but feel obligated or have a strong commitment to complete their homework despite their fatigue.","I'm dead tired today, but I still gotta grind on my homework.","I'm really tired today, but I still need to finish my homework."
tired,"The slang term ""tired"" as used in the sentence ""I'm mad tired today 'cause I lowkey stayed up all night,"" refers to an extreme level of physical and/or mental fatigue. It is commonly employed in informal, casual conversations among individuals who are part of youth subcultures or those who seek to convey a relaxed, laid-back, or colloquial style of communication.",I'm mad tired today 'cause I lowkey stayed up all night.,I'm just really tired today because I stayed up late last night.
lowkey,"The slang term 'lowkey' as used in ""I'm mad tired today 'cause I lowkey stayed up all night,"" is a colloquial expression employed to suggest something is done or felt in a subtle, quiet, or understated manner. In this context, the speaker implies they stayed up late the previous night but did so secretively or without drawing attention to themselves.",I'm mad tired today 'cause I lowkey stayed up all night.,I'm just really tired today because I stayed up late last night.
tired,"The slang term ""tired,"" as used in the phrase ""I'm mad tired today and not tryna dip out,"" is a colloquial expression commonly employed to indicate extreme exhaustion or fatigue. This phrase is often utilized in casual, informal settings among friends, peers, and family members to express a strong sense of weariness or lack of energy.",I'm mad tired today and not tryna dip out.,I'm just really tired today and don't feel like going out.
tryna,"The term ""tryna"" is a contraction of the phrase ""trying to,"" commonly used in informal English conversations, particularly among younger generations. It indicates an intention or effort to do something, but with an implication that the action might not occur due to some reluctance or fatigue.",I'm mad tired today and not tryna dip out.,I'm just really tired today and don't feel like going out.
tired,"The slang term ""tired"" as used in the sentence ""I'm mad tired today and not vibing to hang out,"" is employed to express a strong feeling of fatigue or exhaustion. This usage of the term extends beyond its traditional meaning, denoting a lack of physical energy, to also imply emotional or mental weariness.",I'm mad tired today and not vibing to hang out.,I'm just really tired today and don't feel like hanging out.
vibe,"The term 'vibe' as used in ""I'm mad tired today and not vibing to hang out"" is a contemporary colloquialism primarily employed within informal settings among English speakers, particularly the younger generation. In this context, 'vibe' refers to an emotional or atmospheric energy or mood that one is experiencing or perceiving.",I'm mad tired today and not vibing to hang out.,I'm just really tired today and don't feel like hanging out.
toss,"The slang term ""toss,"" as used in the phrase ""Yo, wanna toss back a coffee later?"", is commonly employed in informal, casual social interactions between friends and acquaintances. It is used to denote an invitation for a mutual activity, in this case, consuming coffee together at a later time.","Yo, wanna toss back a coffee later?","Hey, do you want to grab coffee later?"
tryna,"The term 'tryna' is a colloquial contraction commonly used in informal, casual settings among English speakers, particularly among younger generations. In the sentence ""Yo, you tryna chill later?"", it can be interpreted as a casual and friendly invitation or question asking if the recipient would like to spend leisure time together at a later point in the day or evening.","Yo, you tryna chill later?","Hey, do you want to hang out later?"
tryna,"The term 'tryna', as used in the sentence ""I'm just tryna wrap up my homework before I dip with my squad,"" is a contemporary slang contraction of the phrase ""trying."" It is commonly employed by younger generations in informal contexts to convey an attempt or effort towards achieving something.",I'm just tryna wrap up my homework before I dip with my squad.,I'm just trying to finish my homework before I go out with my friends.
dip,"The term 'dip' as used in the context of ""I'm just tryna wrap up my homework before I dip with my squad"" is a casual slang phrase commonly employed by young people in informal settings. The phrase denotes the act of leaving or departing temporarily, often implying social engagements or entertainment activities.",I'm just tryna wrap up my homework before I dip with my squad.,I'm just trying to finish my homework before I go out with my friends.
tryna,"The term 'tryna' is a contraction of the phrase ""trying to"" used informally in English, particularly among younger speakers and in casual conversational settings. In the sentence ""I'm just tryna chill at home tonight and binge a flick,"" it indicates an effort or intention to relax (chill) at home for the night and watch a movie (binge a flick). The use of 'tryna' signifies a laid-back, casual tone and may suggest that the speaker is attempting to convey a relaxed or carefree attitude. This slang term is often used by individuals who wish to express their intentions in a concise manner while maintaining an informal, conversational style. It is commonly employed among friends, family members, and peers during daily social interactions, both face-to-face and online.",I'm just tryna chill at home tonight and binge a flick.,I'm just going to relax at home tonight and watch a movie.
flick,"The term ""flick"" is a common colloquialism used to refer to a movie, particularly in an informal setting. It originated from the early 20th century and is believed to be derived from the word ""film,"" as movies were often referred to as ""movies on film.""",I'm just tryna chill at home tonight and binge a flick.,I'm just going to relax at home tonight and watch a movie.
veg,"The slang term ""veg"" is commonly used to denote relaxing or spending time doing nothing in a lazy manner. In the sentence ""I'm dead tired today, just wanna veg at home,"" the speaker expresses a desire for rest due to fatigue and intends to spend this downtime in a leisurely, unproductive state.","I'm dead tired today, just wanna veg at home.","I'm really tired today, I just want to chill at home."
vibe,"The term 'vibe' as used in the phrase ""Yo, wanna vibe tonight?"" is a contemporary slang expression primarily utilized in informal social interactions among youth and young adults. It generally refers to spending time together, enjoying each other's company, and experiencing the overall atmosphere or mood of the situation. The neutral version of this phrase would be ""Hey, do you want to hang out tonight?""","Yo, wanna vibe tonight?","Hey, do you want to hang out tonight?"
vibe,"The term 'vibe' as used in ""I'm just gonna vibe at home and binge some YouTube vids"" is a contemporary slang expression that originated from African American Vernacular English (AAVE) and has since become widespread in various English-speaking communities. In this context, 'vibe' signifies the act of relaxing, enjoying oneself, or simply passing time pleasantly.",I'm just gonna vibe at home and binge some YouTube vids.,I'm just going to chill at home and watch some YouTube videos.
YouTube vids,"The slang term ""YouTube vids,"" as used in the sentence ""I'm just gonna vibe at home and binge some YouTube vids,"" refers to videos available on the online video-sharing platform YouTube. This phrase is commonly utilized in casual, informal social interactions among individuals of various age groups, particularly those who are familiar with digital technology and internet culture.",I'm just gonna vibe at home and binge some YouTube vids.,I'm just going to chill at home and watch some YouTube videos.
vibe,"The term ""vibe"" in the context of ""I'm just gonna vibe at home and crank some tunes,"" is a contemporary slang expression often used by young adults and certain demographics to denote relaxation, leisure, enjoyment, or immersing oneself in an enjoyable atmosphere. In this instance, the speaker intends to relax, listen to music, and possibly engage in a pleasurable activity. The neutral version of the sentence would be ""I'm just going to chill at home and listen to some music."" However, using ""vibe"" signifies a more energetic and immersive attitude towards the leisure activity compared to the more passive connotation implied by ""chill"". This slang term is employed in casual settings among friends or alone when one seeks to express that they will spend time enjoying themselves in solitude.",I'm just gonna vibe at home and crank some tunes.,I'm just going to chill at home and listen to some music.
crank,"The slang term ""crank,"" as used in the phrase ""I'm just gonna vibe at home and crank some tunes,"" is a colloquialism typically employed to denote turning up or increasing the volume of music. It is commonly used among younger generations and in informal settings such as social gatherings, parties, and casual conversations between friends.",I'm just gonna vibe at home and crank some tunes.,I'm just going to chill at home and listen to some music.
vibe,"The term 'vibe' as used in ""Yo, wanna vibe later and catch a flick?"" is a colloquialism common among younger generations, particularly in informal settings. In this context, 'vibe' refers to spending time together in a relaxed and enjoyable manner, sharing an atmosphere or feeling. The phrase suggests a casual invitation for social interaction, with the intention of watching a movie (a 'flick') at a later point. This slang term is often used among friends or acquaintances, emphasizing a shared interest or enjoyment of each other's company. When used in the phrase provided, it can be roughly interpreted as ""Hey, do you want to hang out later to watch a movie?"" with an emphasis on the shared experience and the social connection between the individuals involved.","Yo, wanna vibe later and catch a flick?","Hey, do you want to hang out later to watch a movie?"
flick,"The term ""flick"" is a colloquial slang for a movie, specifically a film shown at a cinema. In the sentence ""Yo, wanna vibe later and catch a flick?"", it is used to invite someone to spend leisure time together by watching a movie. The term ""vibe"" here implies an atmosphere of enjoying oneself or having a good time.","Yo, wanna vibe later and catch a flick?","Hey, do you want to hang out later to watch a movie?"
vibe,"The term ""vibe"" in the phrase ""I'm just gonna vibe at home and binge some flicks today"" is a modern slang term commonly used among younger generations, particularly in informal social contexts. It signifies a state of relaxation, enjoyment, or immersion in a pleasant atmosphere or activity. In this context, the speaker intends to indicate that they plan to spend their day at home watching multiple movies while feeling content and comfortable.",I'm just gonna vibe at home and binge some flicks today.,I'm just going to chill at home and watch some movies today.
flicks,"The slang term 'flicks', as used in ""I'm just gonna vibe at home and binge some flicks today,"" refers to movies. This term is commonly used in informal settings among individuals, particularly younger generations, for conveying the act of watching a collection of films or videos for extended periods, typically through streaming services or personal media collections.",I'm just gonna vibe at home and binge some flicks today.,I'm just going to chill at home and watch some movies today.
vibe,"The term ""vibe"" in the given context refers to enjoying oneself or feeling relaxed. Specifically, in the sentence ""I'm just gonna vibe at home and binge some shows tonight. They’re gonna be lit!"", the individual expresses their intention to unwind and spend the evening watching multiple TV shows at home. The phrase ""They’re gonna be lit!"" suggests that the shows are expected to be exciting or enjoyable, adding an element of anticipation to the plan.",I'm just gonna vibe at home and binge some shows tonight. They’re gonna be lit!,I'm just going to chill at home and watch some TV tonight.
lit,"The slang term ""lit"" is commonly used among English speakers, particularly younger generations, to express excitement, enthusiasm, or that something is excellent. In the given sentence, ""I'm just gonna vibe at home and binge some shows tonight. They’re gonna be lit!"", the use of the term ""lit"" suggests that the individual is anticipating enjoying their planned leisure activity (watching TV shows) to a great extent.",I'm just gonna vibe at home and binge some shows tonight. They’re gonna be lit!,I'm just going to chill at home and watch some TV tonight.
vibin,"The term 'vibin' is a contemporary informal American English slang, derived from the word ""vibe."" It originated as youth slang and has since been adopted by various age groups. In the phrase ""Yo, how you vibin' today?"", it is used to inquire about an individual's current emotional state or general mood.","Yo, how you vibin' today?",How are you feeling today?
vibin',"The term ""vibin'"" is a contemporary slang that originated from African American Vernacular English (AAVE) and has since been adopted in mainstream culture. It is primarily used among youth and young adults to express a sense of enjoying oneself, being relaxed, or feeling content and comfortable within a social setting. The term suggests an atmosphere of positivity, camaraderie, and good spirits.",I was just vibin' with my crew at the park.,I was just chilling with my friends at the park.
vibin',"The term ""vibin'"" is a contemporary American informal slang derived from the verb 'vibe,' which generally means to feel or sense something. In the sentence, ""I'm just vibin' here, chillin’ with my tunes,"" it suggests that the individual is relaxing and enjoying their current situation while listening to music. The phrase signifies a laid-back, casual, and comfortable mood or atmosphere.","I'm just vibin' here, chillin’ with my tunes.","I'm just sitting here, relaxing and listening to some music."
chillin',"The term 'chillin'' is a colloquialism often used to denote a state of relaxation, calmness, and leisure. In the sentence ""I'm just vibin' here, chillin’ with my tunes,"" the speaker is conveying that they are currently enjoying a relaxed mood while listening to music.","I'm just vibin' here, chillin’ with my tunes.","I'm just sitting here, relaxing and listening to some music."
vibing,"The term 'vibing' is a contemporary informal slang expression commonly used to denote a state of relaxation, enjoyment, and a general positive mood. In the phrase ""I'm just vibing at home rn,"" the speaker conveys that they are currently in a state of contentment while remaining at home.",I'm just vibing at home rn.,I'm just relaxing at home right now.
vibing,"The slang term 'vibing', as used in the sentence ""I'm just vibing at home and Netflix-ing, fr fr,"" is commonly employed to describe a relaxed, enjoyable, and content state of being. In this context, it denotes engaging in a leisure activity such as watching television or streaming content on platforms like Netflix. The phrase 'fr fr' is an abbreviation for ""for real"" or ""for certain,"" implying that the speaker is genuinely relaxing at home while watching Netflix.","I'm just vibing at home and Netflix-ing, fr fr.",I'm just chilling at home and watching some Netflix.
Netflix-ing,"The slang term ""Netflix-ing"" is a colloquial phrase that originated from the popular streaming service, Netflix. It refers to the activity of watching movies or TV shows on Netflix for leisure and entertainment purposes. The sentence, ""I'm just vibing at home and Netflix-ing, fr fr,"" emphasizes that the individual is relaxing at home while engaging in the act of watching Netflix content.","I'm just vibing at home and Netflix-ing, fr fr.",I'm just chilling at home and watching some Netflix.
vibing,"The slang term ""vibing"" in the context of ""I'm vibing out and binge-watching some shows today"" can be understood as expressing a sense of enjoyment, relaxation, and immersion in an activity. It implies that the person is feeling good while partaking in the mentioned activity and is fully absorbed in it. The neutral version would be ""I'm just going to relax and watch some TV today"", where the focus is on the action itself rather than the emotional experience attached to it.",I'm vibing out and binge-watching some shows today.,I'm just going to relax and watch some TV today.
binge-watching,"Binge-watching is a contemporary slang term that refers to the act of watching multiple episodes or seasons of a television series in rapid succession, often over an extended period. In the given statement ""I'm vibing out and binge-watching some shows today,"" the speaker expresses their intention to spend a significant amount of time watching several TV programs without interruption.",I'm vibing out and binge-watching some shows today.,I'm just going to relax and watch some TV today.
vibing,"The slang term ""vibing"" is commonly used in informal settings to express a state of relaxed enjoyment or contentment with one's current situation. In the sentence ""I'm just vibing through the day and keeping it chill,"" the speaker indicates that they are feeling peaceful, laid-back, and comfortable as they move through their daily activities.",I'm just vibing through the day and keeping it chill.,I'm just trying to get through the day and stay positive.
chill,"The term 'chill' is a colloquialism commonly used among English speakers, particularly in casual, informal settings. It originated from African American Vernacular English (AAVE) and has since been adopted by various youth cultures worldwide. In the phrase ""I'm just vibing through the day and keeping it chill,"" 'chill' implies a relaxed, calm, and carefree attitude or state of mind. The speaker is suggesting that they are taking things easy, being at peace, and not allowing stress or negativity to affect them.",I'm just vibing through the day and keeping it chill.,I'm just trying to get through the day and stay positive.
vibing,"The slang term ""vibing,"" as utilized in the phrase ""I'm just vibing at home, Netflix and chillin’,"" is commonly used to describe a relaxed, enjoyable, and stress-free state of being. It generally indicates engaging in leisure activities, such as watching television or movies, typically in a comfortable setting like one's own home.","I'm just vibing at home, Netflix and chillin’.","I'm just chilling at home, watching some TV."
chillin',"The slang term ""chillin'"" is commonly used to denote a relaxed, leisurely state, often accompanied by a sense of enjoyment or contentment. In the given example, ""I'm just vibing at home, Netflix and chillin’"", it indicates that the individual is casually spending time at home, perhaps watching TV on Netflix in a laid-back manner.","I'm just vibing at home, Netflix and chillin’.","I'm just chilling at home, watching some TV."
vibing,"The term 'vibing' is a colloquial slang commonly used in informal settings among English speakers, particularly within youth and online communities. In the phrase ""I'm just vibing and chilling after a long grind,"" the speaker indicates they are unwinding and enjoying their leisure time following a period of intense activity or work (the 'long grind').",I'm just vibing and chilling after a long grind.,I'm just trying to relax after a long day at work.
chilling,"The term ""chilling"" is a colloquial expression commonly used among English speakers, particularly within youth culture and informal settings. It denotes a state of relaxation, leisure, or enjoyment, often in the company of others.",I'm just vibing and chilling after a long grind.,I'm just trying to relax after a long day at work.
vibing,"The term 'vibing' is a contemporary informal expression commonly used among younger generations to denote a state of relaxed enjoyment or feeling content and at ease. In the context of ""I'm just vibing at home, binge-watching my fave's drip,"" it indicates that the person is leisurely spending time at home, engaged in an enjoyable activity such as watching a favorite TV show or series (represented by 'drip').","I'm just vibing at home, binge-watching my fave's drip.",I'm just chilling at home watching my favorite show.
faves' (drip),"The term 'faves' (drip), as used in ""I'm just vibing at home, binge-watching my fave's drip,"" is a colloquial slang expression commonly utilized among young adults and adolescents within modern digital culture. In this context, 'faves' refers to favorite television shows, movies, or personalities, while 'drip' is a phrase often used to describe something that is stylish, impressive, or fashionable.","I'm just vibing at home, binge-watching my fave's drip.",I'm just chilling at home watching my favorite show.
vibing,"The term ""vibing"" is a contemporary informal slang expression commonly utilized to denote a state of relaxed enjoyment, contentment, or harmonious engagement with one's surroundings. In the provided sentence, ""I'm just vibing at home, catching some flicks,"" the speaker is conveying that they are comfortably spending time at home while watching movies, essentially implying relaxation and leisure.","I'm just vibing at home, catching some flicks.","I'm just chilling at home, watching some movies."
flicks,"The term 'flicks' is informal slang for movies or films. In the sentence ""I'm just vibing at home, catching some flicks,"" the speaker is expressing that they are relaxing at home and watching movies for entertainment. This phrase implies a casual and laid-back atmosphere, typically used in everyday conversations among friends or family members.","I'm just vibing at home, catching some flicks.","I'm just chilling at home, watching some movies."
vibing,"The slang term ""vibing,"" as used in the phrase ""Yo, I’m vibing with the idea of hitting the mall later, fr,"" is typically employed to convey a positive and receptive attitude towards an idea or proposal. In this context, ""I'm vibing"" means that the speaker finds the suggestion appealing and harmonious, and is open to the proposed activity.","Yo, I’m vibing with the idea of hitting the mall later, fr.","Hey, I was thinking about going shopping later."
fr,"The term 'fr' is a colloquial abbreviation commonly used in informal English conversations among young people, particularly in digital communication. It serves as an emphatic emphasis, similar to the use of ""for real"" or ""for sure."" In the context provided, ""Yo, I’m vibing with the idea of hitting the mall later, fr,"" the speaker is expressing that they are seriously considering going shopping at a mall at a later time. This usage indicates strong agreement or certainty about the expressed plan and aims to convey sincerity and authenticity to their conversational partner.","Yo, I’m vibing with the idea of hitting the mall later, fr.","Hey, I was thinking about going shopping later."
vibing,"The slang term 'vibing', as used in ""Just vibing till my homie pulls up so we can hit up some grub,"" refers to spending leisure time in a relaxed and comfortable manner. In this context, the individual is waiting for their friend (referred to as 'homie') and anticipates a social outing (e.g., going out to eat or grab food) with them upon their arrival.",Just vibing till my homie pulls up so we can hit up some grub.,I'm just waiting for my friend to arrive so we can go get some food.
homie,"The term 'homie' is an informal, friendly, and familiar way to refer to a close friend in American English vernacular. In the sentence ""Just vibing till my homie pulls up so we can hit up some grub,"" it implies that the speaker is relaxing and anticipating the arrival of their friend with whom they plan to go out for food.",Just vibing till my homie pulls up so we can hit up some grub.,I'm just waiting for my friend to arrive so we can go get some food.
grub,"The slang term ""grub"" in the given context, as used in ""Just vibing till my homie pulls up so we can hit up some grub,"" refers to food. It is a colloquial and informal term commonly used among youth and friends in casual conversations. In this sentence, it signifies that the speaker is waiting for their friend to arrive so they can go out to eat together. The neutral version of this statement would be ""I'm just waiting for my friend to arrive so we can go get some food."" The use of ""grub"" adds a conversational and friendly tone to the conversation, and it is often used in daily social interactions between friends or acquaintances when discussing plans to eat together.",Just vibing till my homie pulls up so we can hit up some grub.,I'm just waiting for my friend to arrive so we can go get some food.
vibing,"The term ""vibing,"" as utilized in the sentence ""I'm vibing to hit the mall later and kick it with my crew,"" is a contemporary slang phrase commonly used among younger generations, particularly within urban communities. It refers to being in a positive or enjoyable mood, feeling comfortable or at ease, and generally having a good time. The sentiment behind this term is one of excitement, anticipation, and positivity towards an upcoming social activity or gathering with friends.",I'm vibing to hit the mall later and kick it with my crew.,I'm thinking about going to the mall later to hang out with my friends.
kick,"The term ""kick"" in the sentence ""I'm vibing to hit the mall later and kick it with my crew"" is a colloquial expression commonly used among young adults and adolescents. It refers to spending time relaxing, socializing, or hanging out casually with friends in a friendly atmosphere. In this context, ""kick it"" can be interpreted as ""spend time with,"" or ""hang out."" The use of the term ""vibing"" further emphasizes the casual and informal setting, indicating enjoyment and a positive mood. This slang is typically used in social interactions among friends, particularly within informal settings such as parties, gatherings, or group activities.",I'm vibing to hit the mall later and kick it with my crew.,I'm thinking about going to the mall later to hang out with my friends.
vibing,"The term ""vibing"" is a popular slang expression, predominantly utilized among youth and young adults in informal social settings. It is employed to denote a feeling of enjoyment, pleasure, or being in a good mood. In the given example, ""I'm vibing 'cause I peeped a fresh new phone yesterday,"" the speaker indicates that they are currently experiencing positive emotions due to receiving a new phone the previous day.",I'm vibing 'cause I peeped a fresh new phone yesterday.,I'm really happy because I got a new phone yesterday.
peeped,"The slang term ""peeped"" as used in the sentence ""I'm vibing 'cause I peeped a fresh new phone yesterday,"" is an informal expression often employed by younger generations to denote the act of observing or discovering something, particularly something desirable or noteworthy. In this context, the speaker has recently acquired a new phone, which they find exciting or satisfying.",I'm vibing 'cause I peeped a fresh new phone yesterday.,I'm really happy because I got a new phone yesterday.
vibing,"The slang term ""vibing"" is commonly used to denote a relaxed, pleasant, and content state of being or enjoying oneself in a leisurely manner. It typically connotes a sense of enjoyment, ease, and connection with one's surroundings. In the example provided, ""I'm just vibing at the park and catching the rays,"" the speaker is expressing that they are unwinding, relaxing, and enjoying the sun while being outdoors at the park.",I'm just vibing at the park and catching the rays.,I'm just chilling at the park and enjoying the sun.
rays,"The slang term ""rays"" as used in the phrase ""I'm just vibing at the park and catching the rays"" refers to sunlight. In this context, the speaker is expressing that they are enjoying the sunny weather while spending time outdoors at a park. This slang is commonly used among young adults and children, particularly those who prioritize outdoor activities and leisure. It is often utilized in informal social settings such as conversations between friends or in posts on social media platforms. The neutral version of the sentence would be ""I'm just chilling at the park and enjoying the sun,"" which has a similar meaning but uses more formal language.",I'm just vibing at the park and catching the rays.,I'm just chilling at the park and enjoying the sun.
vibing,"The slang term 'vibing' as used in ""Your new backpack's totally vibing, looks sick!"" is a contemporary youth slang originating from American English. It is primarily employed to express enthusiasm, enjoyment, or approval towards something, such as a person, object, or situation. In the provided context, 'vibing' indicates that the speaker appreciates and finds the new backpack aesthetically pleasing.","Your new backpack's totally vibing, looks sick!","I really like your new backpack, it looks great!"
sick,"The slang term ""sick,"" as used in the context of ""Your new backpack's totally vibing, looks sick!"", is typically employed to express a strong positive sentiment about an object or situation. In this case, it signifies that the individual finds the new backpack appealing or attractive.","Your new backpack's totally vibing, looks sick!","I really like your new backpack, it looks great!"
vibing,"The term ""vibing,"" as used in ""Yo, I'm vibing with the idea of snagging a coffee before I head to class, fr,"" is a colloquial expression commonly used among English speakers, particularly younger individuals. The slang term is an informal contraction of the phrase ""vibrating,"" which implies a sense of harmony or agreement with something.","Yo, I'm vibing with the idea of snagging a coffee before I head to class, fr.",I'm thinking about grabbing a coffee before heading to class.
snagging,"The slang term ""snagging"" as used in ""Yo, I'm vibing with the idea of snagging a coffee before I head to class, fr."" is typically employed to refer to obtaining or acquiring something quickly and casually. In this context, it suggests that the speaker intends to buy a coffee on the go.","Yo, I'm vibing with the idea of snagging a coffee before I head to class, fr.",I'm thinking about grabbing a coffee before heading to class.
fr,"The slang term 'fr' in the phrase ""Yo, I'm vibing with the idea of snagging a coffee before I head to class, fr,"" is an abbreviation for the word ""for real"" or ""indeed."" It is commonly used among younger individuals, particularly within online and casual conversations to emphasize sincerity or authenticity.","Yo, I'm vibing with the idea of snagging a coffee before I head to class, fr.",I'm thinking about grabbing a coffee before heading to class.
vibing,"The slang term ""vibing,"" as used in ""I'm just vibing to the store to snag some snacks,"" refers to being in a relaxed and enjoyable mood while engaging in an activity. In this context, the speaker is expressing that they are casually heading to the store to buy some snacks while feeling content or at ease.",I'm just vibing to the store to snag some snacks.,I'm just heading to the store to pick up some snacks.
snags,"The slang term 'snags', as used in ""I'm just vibing to the store to snag some snacks,"" is an informal contraction of the phrase ""to snatch"" or ""to grab."" In this context, it denotes the action of buying or acquiring something quickly or casually, particularly food items.",I'm just vibing to the store to snag some snacks.,I'm just heading to the store to pick up some snacks.
vibing,"The slang term 'vibing', as used in the sentence ""I'm just vibing at home and streaming some vids,"" refers to relaxing, enjoying oneself, or being in a good mood. This term is often employed to express a sense of tranquility, comfort, and contentment while engaging in leisure activities.",I'm just vibing at home and streaming some vids.,I'm just relaxing at home and watching some videos.
vids,"The slang term 'vids', as used in ""I'm just vibing at home and streaming some vids"", is a colloquial contraction of the word 'videos'. This term is commonly employed in casual, informal settings among youth or tech-savvy individuals to refer to digital video content. The use of 'vids' implies a relaxed and modern context, suggesting leisure activities such as streaming videos from various platforms like Netflix, YouTube, or gaming livestreams. In the given sentence, it indicates that the individual is relaxing at home by watching videos for entertainment purposes. This slang term may serve to convey a sense of familiarity or belonging among its users and help to expedite conversation in informal settings. The neutral version would be ""I'm just relaxing at home and watching some videos.""",I'm just vibing at home and streaming some vids.,I'm just relaxing at home and watching some videos.
villain,"The term ""villain,"" as used in the phrase ""Yo, just crushed my homework, now I'm chillin' like a villain,"" is slang that originates from popular culture and hip-hop music. It represents an individual who is confident, calm, and self-assured after achieving something significant, such as completing a task or overcoming a challenge. In this context, ""crushed my homework"" refers to successfully finishing a difficult assignment. The use of the term ""villain"" implies that the speaker feels they have accomplished their goal with skill or ease, exuding an air of coolness and nonchalance, similar to the stereotypical villain in movies or cartoons who remains calm amidst chaos.","Yo, just crushed my homework, now I'm chillin' like a villain.","Hey, I just finished my homework and I'm ready to relax now."
wanna,"The slang term 'wanna' as used in ""Yo, wanna catch a coffee later?"" is a contraction of the phrase ""do you want to."" This informal colloquialism is commonly utilized in casual, friendly conversations between individuals who have established a rapport. It is frequently used among peers or acquaintances, particularly within younger generations, and is often found in everyday social interactions both online and offline.","Yo, wanna catch a coffee later?","Hey, do you want to grab a coffee later?"
what,"The term 'what' in the given example, ""Yo, you free this weekend or what?"", is used as a colloquial filler to create an informal and casual tone. It functions as an interrogative tag, expressing uncertainty or seeking confirmation of the main question (""Are you busy this weekend?""). This slang is commonly used among peers in youth subcultures, friends, or acquaintances during everyday social interactions, particularly in informal settings like text messaging, chats, or casual conversations. Its purpose is to make the question sound less direct and more relaxed. The neutral version of this sentence would be ""Hey, are you busy this weekend?"" while the slang version maintains similar meaning but with a more informal connotation.","Yo, you free this weekend or what?","Hey, are you busy this weekend?"
whipped,"The term 'whipped' is a contemporary American English slang expression predominantly utilized among young adults and adolescents within informal settings. It is frequently used to describe someone who is excessively submissive or obedient, often within romantic relationships, but it can also be extended to other contexts.","Yo, I just wrapped my homework and I’m hella whipped.","Hey, I just finished my homework and I’m so tired."
wiped,"The term 'wiped', as used in ""Just hit the mall, and I’m wiped,"" is a slang expression commonly used to denote physical or mental exhaustion. This phrase can be found in informal settings, primarily among young adults and teenagers, often within casual conversations about activities that require energy or exertion, such as shopping at a mall.","Just hit the mall, and I’m wiped.",I just got back from shopping and I'm exhausted.
wiped,"The slang term 'wiped' is commonly used to denote a state of extreme tiredness or exhaustion. In the phrase ""I'm totally wiped today ’cause I didn’t catch enough Z’s last night,"" the speaker is conveying that they are extremely tired due to insufficient sleep the previous night.",I'm totally wiped today ’cause I didn’t catch enough Z’s last night.,I'm really tired today because I didn’t get much sleep last night.
Z's,"The term 'Z's', as used in the sentence ""I'm totally wiped today ’cause I didn’t catch enough Z’s last night,"" is a colloquial and informal slang for the plural of the letter 'Z'. In this context, it refers to sleep or hours spent sleeping. The phrase ""I didn't catch enough Z's"" implies that the speaker did not get adequate sleep during the previous night, resulting in their current state of exhaustion.",I'm totally wiped today ’cause I didn’t catch enough Z’s last night.,I'm really tired today because I didn’t get much sleep last night.
wiped,"The term 'wiped', as used in ""I'm totally wiped today, so I’m gonna chill at home and vibing,"" is a colloquial expression denoting extreme exhaustion or fatigue. In this context, the speaker is conveying that they are extremely tired due to physical or mental exertion. The phrase 'wiped' emphasizes a sense of being completely drained of energy.","I'm totally wiped today, so I’m gonna chill at home and vibing.","I'm really tired today, so I think I’ll just stay in and relax."
chilling,"The term 'chilling' is a contemporary colloquialism widely used among English speakers, particularly within youth cultures and informal settings. It is often utilized to denote a state of relaxation, leisure, and enjoyment. In the context provided, ""I'm totally wiped today, so I’m gonna chill at home and vibing,"" 'chilling' indicates that the individual intends to rest, relax, or unwind at home after feeling tired ('wiped'). The term 'vibing', which is also informal slang, typically refers to enjoying oneself and being in a good mood.","I'm totally wiped today, so I’m gonna chill at home and vibing.","I'm really tired today, so I think I’ll just stay in and relax."
vibing,"The term 'vibing', as used in ""I'm totally wiped today, so I’m gonna chill at home and vibing,"" is a colloquial expression commonly employed in casual, informal contexts. It refers to the act of enjoying oneself or being relaxed while engaging in an activity or spending time in a particular environment. In this instance, the individual is indicating that they intend to relax and enjoy their downtime at home.","I'm totally wiped today, so I’m gonna chill at home and vibing.","I'm really tired today, so I think I’ll just stay in and relax."
wiped,"The slang term 'wiped', as used in ""I'm completely wiped after all that cram, fr."", is a colloquial expression often utilized to denote extreme fatigue or exhaustion, typically resulting from physical or mental exertion. In this specific context, it is employed to convey the speaker's state of complete physical and mental tiredness following an intense study session, also referred to as ""cramming"".","I'm completely wiped after all that cram, fr.",I'm really tired after all that studying.
cram,"The slang term 'cram', as used in ""I'm completely wiped after all that cram,"" is a colloquial expression commonly used to denote intense and often hurried studying or learning. The context implies exhaustion resulting from prolonged mental exertion, especially before an examination or important event.","I'm completely wiped after all that cram, fr.",I'm really tired after all that studying.
wiped,"The term 'wiped', as used in the phrase ""I'm totally wiped after grindin’ all night on homework,"" is a colloquial expression commonly employed to denote extreme fatigue or exhaustion. The slang is typically used among adolescents and young adults, particularly within informal settings such as peer groups, social media conversations, and casual texts.",I'm totally wiped after grindin’ all night on homework.,I'm feeling really tired after studying all night.
grindin',"The slang term ""grindin'"" is commonly used within informal and youth cultures to describe a prolonged period of focused and persistent effort towards a specific task. In the given context, ""I'm totally wiped after grindin’ all night on homework,"" the speaker is expressing exhaustion or extreme fatigue as a result of spending an extended amount of time studying or working diligently on their homework.",I'm totally wiped after grindin’ all night on homework.,I'm feeling really tired after studying all night.
wiped,"The term ""wiped,"" as utilized in the given context, signifies a state of extreme physical exhaustion or tiredness. In this instance, ""I'm totally wiped after grinding all day"" can be interpreted as ""I'm really tired after working all day."" The phrase ""grinding"" is used to denote hard work or persistence.","I'm totally wiped after grinding all day, just wanna kick back with some snacks.",I'm really tired after working all day and just want to chill with some snacks.
grinding,"The slang term ""grinding"" is commonly used among younger generations, particularly within digital, urban, and youth culture. It originated in hip hop music but has since spread more widely. In the sentence ""I'm totally wiped after grinding all day, just wanna kick back with some snacks,"" the use of ""grinding"" signifies persistent effort or work, often associated with activities such as job tasks, schoolwork, or creative projects. The speaker is expressing exhaustion from sustained activity throughout the day and desire for relaxation. In a formal context, the neutral version would be ""I'm really tired after working all day and just want to relax with some snacks."" This slang is used primarily among peers in informal social settings where a casual or relaxed tone is appropriate, such as text messages, chats, or conversations among friends.","I'm totally wiped after grinding all day, just wanna kick back with some snacks.",I'm really tired after working all day and just want to chill with some snacks.
kicked,"The slang term ""kicked"" as used in the sentence ""I'm totally wiped after grinding all day, just wanna kick back with some snacks,"" is a colloquial expression commonly used to denote relaxation or leisure. In this context, ""kick back"" refers to relaxing or resting comfortably.","I'm totally wiped after grinding all day, just wanna kick back with some snacks.",I'm really tired after working all day and just want to chill with some snacks.
wiped,"The term ""wiped,"" as used in the sentence ""I'm wiped after hustle all day, fr fr,"" is a colloquial slang for feeling extremely tired. The phrase ""hustle"" suggests working hard or being active for an extended period of time. The addition of ""fr fr"" signifies that the speaker is emphasizing their genuine state of exhaustion.","I'm wiped after hustle all day, fr fr.",I'm really tired after running errands all day.
hustle,"The term 'hustle' is a colloquialism often utilized to denote persistent and focused effort in accomplishing a task or multiple tasks, particularly those requiring perseverance. In the sentence ""I'm wiped after hustle all day, fr fr,"" the speaker expresses exhaustion due to prolonged 'hustling', which can be interpreted as engaging in activities that demand sustained attention and energy over an extended period.","I'm wiped after hustle all day, fr fr.",I'm really tired after running errands all day.
wiped,"The term ""wiped"" is an informal slang used to express extreme tiredness or exhaustion. It is often employed in casual conversations and digital communications among peers, particularly younger generations. The speaker using the phrase ""I'm super wiped today, just tryna chill"" conveys that they feel exceptionally fatigued and are seeking relaxation as a result.","I'm super wiped today, just tryna chill.","I'm really tired today, I just want to relax."
tryna,"The term 'tryna', as used in ""I'm super wiped today, just tryna chill,"" is a contraction of the phrase ""trying"" commonly employed in informal, colloquial English. It indicates an ongoing effort or attempt to achieve a specific action. In this context, the user is expressing that they are tired (as ""super wiped"" suggests) but they are making an effort (""tryna"") to relax.","I'm super wiped today, just tryna chill.","I'm really tired today, I just want to relax."
wiped,"The slang term ""wiped,"" as used in the sentence ""I'm so wiped today, just tryna chill and vibe,"" is a colloquial expression often employed to indicate extreme fatigue or exhaustion. It can be understood more formally as ""I am extremely tired today and I just want to relax."" This slang is commonly used in informal, casual conversations among peers and young adults, particularly within social settings such as friends' gatherings, online chats, or text messages. Its usage suggests a desire for rest and relaxation after a demanding day, while also indicating a certain level of intimacy and shared understanding between the speakers. The term is used to convey a sense of relatability and empathy towards one another's busy lifestyles and energy levels.","I'm so wiped today, just tryna chill and vibe.",I'm really tired today and I just want to relax.
vibe,"The term ""vibe"" is a colloquial expression commonly used within informal settings among individuals, particularly in English-speaking communities. It refers to the atmosphere or feelings associated with a situation or environment. In the context of ""I'm so wiped today, just tryna chill and vibe,"" the speaker suggests they are feeling tired (as captured by its neutral version: ""I'm really tired today"") and wanting to relax while experiencing a positive mood or ambiance. This slang would be employed in everyday conversations when individuals wish to express a desire for relaxation and engagement in leisure activities, often in social settings such as hanging out with friends, attending parties, or engaging in shared hobbies.","I'm so wiped today, just tryna chill and vibe.",I'm really tired today and I just want to relax.
wiped,"The term ""wiped"" is a common slang expression primarily used to indicate extreme exhaustion or being drained of energy. It is often employed in casual conversations among younger generations, particularly within social circles and online communities where informal language is prevalent.","I'm mad wiped today, so I'm just chillin' at home and vibing.","I'm really tired today, so I think I'll stay home and relax."
vibing,"The slang term ""vibing"" as used in the sentence ""I'm mad wiped today, so I'm just chillin' at home and vibing,"" is typically employed to describe a state of relaxation, enjoyment, or engagement in an activity that brings personal pleasure. It implies a feeling of being at ease and content, often with a focus on mood or atmosphere.","I'm mad wiped today, so I'm just chillin' at home and vibing.","I'm really tired today, so I think I'll stay home and relax."
woke,"The term 'woke' in the phrase ""I'm dead tired today, need some coffee to stay woke,"" is a slang term originating from African American Vernacular English (AAVE) and has been adopted into mainstream American culture. The original meaning of 'woke' is an awareness of social and political issues that affect marginalized communities, particularly those related to race and racism.","I'm dead tired today, need some coffee to stay woke.","I'm really tired today, I think I need some coffee."
woke,"The term 'woke' in the given context is a contemporary slang originating from African American Vernacular English (AAVE), which has been widely adopted by other demographics and cultures, particularly in online discussions. The term 'woke' generally refers to being aware of social and political issues, particularly those involving racial justice, discrimination, or identity politics. However, it can also be used more broadly to indicate a general awareness of current affairs, especially when they relate to progressive or leftist viewpoints.","I'm super woke and just wanna chill at my crib today, lowkey exhausted.",I'm feeling really tired today and just want to relax at home.
crib,"The term 'crib' is a common slang used primarily among English speakers, particularly in North America. In this context, 'crib' refers to one's home or residence, often with a connotation of informality or casualness.","I'm super woke and just wanna chill at my crib today, lowkey exhausted.",I'm feeling really tired today and just want to relax at home.
worn out,"The slang term ""worn out,"" as used in the phrase ""I'm worn out after grinding all day, fr fr,"" is a colloquial expression often employed to denote physical exhaustion or extreme fatigue. It is commonly utilized by individuals who wish to convey that they have been engaged in prolonged physical or mental exertion, typically associated with work or leisure activities.","I'm worn out after grinding all day, fr fr.",I'm feeling really tired today after working all day.
grind,"The term 'grind' in the phrase ""I'm worn out after grinding all day, fr fr"" is a slang commonly used to refer to working hard or persistently on a task or job. This slang originates from hip-hop culture and has since become widespread in popular discourse.","I'm worn out after grinding all day, fr fr.",I'm feeling really tired today after working all day.
worn out,"The term ""worn out"" is a colloquial expression used to denote physical or mental exhaustion, usually due to extended exertion or stress. In the phrase ""I'm totally worn out today and vibing with some major stress,"" the slang term ""worn out"" signifies that the individual is feeling extremely tired, drained, or fatigued, both physically and mentally.","I'm totally worn out today and vibing with some major stress, fr.",I'm just really tired today and feeling a bit stressed out.
stressed,"The slang term ""stressed"" as used in the phrase ""I'm totally worn out today and vibing with some major stress,"" is a colloquial expression often employed to denote an individual experiencing a high level of emotional or mental tension, pressure, or fatigue, typically due to overwhelming responsibilities, challenges, or demands. The term ""stressed"" in this context is a contraction of the standard term ""stress,"" which signifies a state of mental or physical strain resulting from adverse or very demanding circumstances.","I'm totally worn out today and vibing with some major stress, fr.",I'm just really tired today and feeling a bit stressed out.
fr,"The slang term ""fr"" is an abbreviation of ""for real"" or ""for realz,"" which originated from internet and hip hop cultures. It is used to emphasize truthfulness or sincerity in one's statement. In the context of ""I'm totally worn out today and vibing with some major stress, fr,"" it signifies that the speaker is genuinely tired and stressed out.","I'm totally worn out today and vibing with some major stress, fr.",I'm just really tired today and feeling a bit stressed out.
wrapped,"The slang term ""wrapped"" in the phrase ""Yo, did you wrap up your homework yet?"" is colloquial shorthand for ""finished."" It is commonly used among younger generations and in informal settings, such as casual conversations between friends or within social media.","Yo, did you wrap up your homework yet?","Hey, did you finish your homework yet?"
y'all,"The term 'y'all', as used in ""Yo, did y'all catch the new flick last night?"", is a colloquial contraction derived from 'you all' that is commonly employed within Anglophone regions of North America, particularly in the Southern United States. It serves to address multiple people in an informal and inclusive manner.","Yo, did y'all catch the new flick last night?","Hey, did you watch the new movie last night?"
yeet,"The term 'yeet' is a contemporary informal exclamation of excitement, approval, or affirmation, originating from internet culture and popularized in dance videos on platforms such as Vine. It can be used to express enthusiasm, surprise, or anticipation. In the context provided, ""Yo, wanna yeet for some chow later?"" roughly translates to the neutral version: ""Hey, do you want to go grab some food later?"" The speaker is using 'yeet' to add an informal, playful tone to their invitation, implying excitement about a future social event. This slang is commonly used by individuals of various ages, particularly among younger generations and those who engage in online communities where internet culture and memes are prevalent.","Yo, wanna yeet for some chow later? 🔥","Hey, do you want to go grab some food later?"
yo,"The term 'yo' is a casual greeting or attention-getter commonly used in informal, conversational settings among friends and acquaintances. It functions to establish rapport or signal a change of topic, as in the provided example ""Yo, did you catch the new ep of that show yesterday?"". This slang is often employed when individuals wish to convey a friendly or familiar tone.","Yo, did you catch the new ep of that show yesterday? 😂","Hey, did you see the new episode of that show last night?"
z's,"The term 'Z's', as used in the sentence ""Lowkey exhausted today, I gotta catch some Z's,"" is a contemporary American slang for sleep. This term is derived from the letter 'Z' on a clock, indicating the hour when one typically goes to bed or sleeps (i.e., midnight).","Lowkey exhausted today, I gotta catch some Z's.","I'm just really tired today, I think I need some rest."
z's (Z's stands for sleep),"The slang term 'Z's', as used in the sentence ""I'm super drained today, I gotta catch some z's,"" refers to sleep. This term is commonly used among individuals, particularly within younger generations, in casual conversation, social media posts, and text messages to express a desire or need for rest due to fatigue. The sentiment typically conveyed by using 'Z's' is one of weariness, exhaustion, or lack of energy.","I'm super drained today, I gotta catch some z's.","I'm really tired today, I think I need a nap."
zapped,"The slang term ""zapped"" is commonly used in informal settings to denote extreme fatigue or exhaustion, typically resulting from lack of sleep. In this context, the sentence ""I'm mad zapped after pulling a midnight cram sesh"" implies that the individual has endured prolonged periods of studying late into the night, causing them to feel severely tired.",I'm mad zapped after pulling a midnight cram sesh.,I'm so tired after staying up all night studying.
