Slang,Description,Example,Context,Informal_Text,Informal_Text_Without_Slang,Formal_Text
W,Shorthand for win,"Got the job today, big W!","Typically used in conversations to celebrate success, achievements, or positive outcomes","Nailed it today, big win!","Landed the job today, big success!","Secured the employment position today, significant success!"
L,Shorthand for loss/losing,"I forgot my wallet at home, that’s an L.","Often used when referring to a failure or mishap, either personally or generally","Dang it, left my wallet at home – that's a loss for sure!","Oops, I left my wallet at home, that's a bummer.",I left my wallet at home; that's a setback.
L+ratio,Response to a comment or action on the internet that is particularly bad.,Your tweet got 5 likes and 100 replies calling you out. L + ratio.,Popularized on social media platforms to signify that someone not only failed but also had their failure amplified through backlash.,"Dang, your tweet only managed five likes but a hundred people called you out on it. Big ol' ratio, mate!","Your tweet garnered 5 likes but attracted a hundred responses pointing out your mistake, big time.","Your tweet earned five likes but was met with one hundred replies critiquing your statement, indicating a substantial discrepancy in the quality of your content."
Dank,excellent or of very high quality,That meme is so dank!,Commonly used in internet slang to refer to memes or humor that are edgy or particularly funny.,That meme's fire as hell!,That meme's utterly fantastic!,That meme is remarkably impressive!
Cheugy,Derogatory term for Millennials. Used when millennials are perceived to be excessively attempting to be trendy or stylish.,"That phrase is so cheugy, no one says that anymore.","Used to refer to things that were once popular but are now considered passé, usually in a millennial vs. Gen Z context.","Man, that's totally cringey – nobody's using that these days.","That's so uncool and outdated, nobody uses that expression anymore.","That expression seems unfashionable and outdated, as it's no longer commonly used."
TFW, That feeling when,TFW you finish a big project and can finally relax,"Often paired with an image or caption to convey an emotion or experience, mostly used in memes.","Man, when you wrap up a major project and finally get to unwind...","When you complete a large task, there's that satisfying feeling of relief when you can finally unwind.","Upon completion of an extensive undertaking, there arises a sense of relief and tranquility."
Woke, being politically aware,He’s really woke about climate change.,"Originally used in activist circles, it has since been co-opted and sometimes used sarcastically.",He's truly in-the-know when it comes to climate change.,He's truly informed and concerned about climate change.,He is remarkably informed and conscious about climate change issues.
Bop,An excellent song or album.,This new track is a total bop!,"Commonly used in reference to music, especially upbeat songs that are hard to resist dancing to.","Man, this new track is pure fire!",This fresh track is a real earworm!,This new track is an absolute gem!
G.O.A.T, The greatest of all time,Michael Jordan is the GOAT of basketball.,Frequently used in sports but has expanded to any field where someone is considered the best.,"Mike Jordan's the baddest in hoops, no doubt!",Michael Jordan is the greatest basketball player of all time.,Michael Jordan is undoubtedly the greatest basketball player of all time.
Smol,"Something that is small, and in most cases exceptionally adorable.","Look at that smol puppy, it’s adorable!","Typically used when describing pets, babies, or anything tiny and endearing.","Check out that tiny, cute pup!","Check out that tiny, utterly charming pup!",Behold the diminutive puppy; it is remarkably charming.
Fam,"Fam is a shorter word for family, but don't be fooled– it can be used to describe your friends or the way Millennials use ""bro"".","What’s good, fam? Long time no see!",Used in casual conversation to address close friends or acquaintances.,"Hey there, what's up my folks? Been a minute!","How's it going, folks? Been a while!","Greetings, dear friends! It's been a while."
Glow up,a makeover or transformation from bad to good.,She really had a glow up since high school.,"Mostly used when someone has improved their looks, style, or general confidence.","Man, she's sure transformed since high school!",She's certainly transformed quite a bit since high school.,She has significantly transformed for the better since her high school days.
Stan,Supporting something. Specifically used in some cases to the idolatry support of personalities.,I stan BTS so hard!,"Originally from an Eminem song, it refers to obsessive fans but has since been reclaimed to mean intense admiration.",I'm totally obsessed with BTS!,I'm a die-hard fan of BTS!,I am an ardent admirer of BTS.
Ghosting,common amongst the earlier talking stages of a relationship. Ghosting someone means you start ignoring them or stop texting them back.,"We were talking for weeks, and then she just ghosted me.",Used in online dating or friendships where one party disappears with no warning.,"We chatted up a storm for weeks, and then poof! She vanished off the face of the conversation.","We chatted for weeks, and then suddenly she disappeared without a trace.","After several weeks of communication, I found myself abruptly cut off without explanation."
Salty,Used when someone feels jealous,He’s just salty because he lost the game,Often used in competitive environments or when someone is overly upset about a minor issue.,He's real green over losing the game,He's feeling a bit sour due to losing the game,He seems rather envious due to his loss in the game.
Sip tea,Gossiping (spilling the tea),I’m just here to sip tea and watch the drama unfold.,Can be used in gossip situations or when someone is staying out of a conflict but observing it.,Just here for the lowdown and enjoying the show!,I'm just here to chat and see what's going on.,I'm merely here for a discussion and observe the events as they transpire.
Drip,"Another way of saying swag, drip is a term for a cool or sexy trend or style.",His drip today is on point.,Used in fashion circles to compliment someone’s style or outfit.,His style's killer today.,His style today is really cool.,His style today is particularly stylish.
Iykyk,"Acronym for ""If you know, you know."" Used to describe inside jokes.",That hidden message in the movie was iconic. IYKYK.,Generally used to reference inside jokes or niche knowledge.,That secret movie scene was legendarily dope. Only those in the know get it.,That secret message in the movie was legendary - you had to be there to get it.,The cryptic message within that film was quite remarkable - one that only those privy to its meaning would truly appreciate.
Rent free,To be constantly thinking or upset about something.,That song is living rent-free in my head,Commonly used for anything that someone keeps thinking about obsessively.,"Man, that tune's driving me nuts, won't stop playing in here!",That tune's been playing on repeat in my mind,That song persistently occupies my thoughts
Catch these hands,Used to threaten physical combat with someone,"If you keep talking like that, you’re gonna catch these hands.",Used in confrontational or playful situations when someone is threatening physical action.,"You better watch how you're talkin', or you'll find out I ain't playin'.","You're pushing your luck there, mate. I might just have to teach you a lesson.","Should your conduct persist in this manner, I shall be compelled to engage in physical confrontation with you."
Drag,"If you drag someone, you're criticizing or making fun of them",She dragged him for his terrible performance.,Often used in social media when someone is publicly called out or ridiculed.,She ripped into him over his lousy show.,She really tore into him for that poor showing.,She critically scrutinized him for his substandard presentation.
Bussin’,Used to say something is good. Primarily used to describe food,This pizza is bussin’!,"Primarily used to compliment delicious food, but can apply to anything impressive.","Man, this pizza's fire!",This pizza is fabulous!,This pizza is exceptional!
Snatched,"If someone is looking snatched, they look really good, particularly their outfit",Her makeup was snatched at the event.,Often used in beauty and fashion to indicate someone looks flawless.,She was serving looks with her makeup at the event.,Her makeup slayed at the event.,Her makeup was notably striking at the event.
Cancel culture,"a form of shaming the actions or opinions of a public figure, company, or organization",People are saying he’s canceled after those comments.,"A highly debated topic where individuals are held accountable, often through social media boycotts.",Peeps are giving him the boot over that remark.,"Folks are calling him out for those remarks, effectively ending his career or public support.",Individuals are advocating for the public disapproval of him following his remarks.
Ffs,For fuck sake,"FFS, why is this meeting taking so long?","Used informally, especially in text or online communication to show irritation.","Bloody hell, why's this meeting dragging on?","Good grief, why is this meeting dragging on?","Good heavens, why is this meeting prolonged to such an extent?"
e-boy,"similar to emo or goth culture, but they use the internet to express themselves.",He’s such an e-boy with those black nails and chains.,Describes a fashion or online subculture associated with platforms like TikTok and Instagram.,Dude's totally rocking that e-boy vibe with those dark nail polish and chains!,He's clearly embracing the online gothic aesthetic with those black nails and chains.,"He appears to be following a style reminiscent of emo or goth culture, as indicated by his black nail polish and chain accessories."
e-girl,"similar to emo or goth culture, but they use the internet to express themselves.",She’s such an e-girl with her neon eyeliner and platform boots.,"Commonly associated with social media platforms like TikTok, where users embrace a specific style influenced by internet and alternative culture.",She's totally an internet vibe gal with those bright eye liner flick and skyscraper shoes!,"She's very much into the digital emo or goth subculture, with her brightly colored eyeliners and elevated boots.","She exhibits characteristics reminiscent of individuals associated with digital or online emo or goth culture, as evidenced by her use of neon eyeliner and platform boots."
Big yikes,Used to describe something embarrassing.,She wore the same dress as the bride at the wedding? Big yikes.,Used in situations where something is particularly awkward or cringeworthy.,"Whoa, she rocked up in the same dress as the bride at the wedding? Major awkward moment!",That's quite awkward – she wore the same dress as the bride at the wedding.,That's rather unfortunate - she wore the same dress as the bride at the wedding.
Finna,"shortened term for saying ""I'm going to""",I’m finna head out.,"Often used in informal speech to indicate imminent action, popular in certain dialects of English.",Gonna bolt soon.,About to leave.,I am about to leave.
cap,A lie or exaggeration,"He said he’s a millionaire, but that’s cap.",Frequently used in conversations to call out someone who is lying or exaggerating.,"He claims to be a milly, but that's bullsh*t.","He claims to be a millionaire, but that's pure nonsense.","He claims to be a millionaire, but it's an exaggeration."
High-key,the opposite of being low-key.,I high-key love this song.,Used to express that something is not being hidden or downplayed.,"Man, I seriously dig this tune!","I really, genuinely love this song.",I genuinely enjoy this song.
Simp,"Sycophancy, being overly affectionate in pursuit of a sexual relationship","He buys her gifts every day, he’s such a simp.",Typically used as a derogatory term for someone who tries too hard to impress or please someone they’re attracted to.,"He's constantly showering her with gifts, what a hopeless romantic!","He's quite the fawning admirer, isn't he, constantly showering her with presents.","He consistently showers her with gifts daily, displaying a marked lack of self-respect in his pursuit of affection."
Camp,Something that is ironically trendy. One might consider Crocs to be of the camp aesthetic.,"That outfit is so camp, it’s amazing.","Often used in fashion, particularly in avant-garde or over-the-top styles that are playful or flamboyant.","This get-up is totally kitschy, I love it!","That ensemble is incredibly kitschy, it's quite remarkable.",That ensemble exhibits an ironic trendiness that is truly remarkable.
Snack, a person that you find attractive,He showed up to the party looking like a whole snack.,"A compliment used in dating or flirting contexts, implying someone is good-looking and appealing.","He turned heads at the party, looking like a total charmer.",He turned up at the party being quite the looker.,He appeared at the gathering as quite an appealing individual.
Take several seats,"If someone is really getting on your nerves, you might tell them to take several seats.","You’re being way too extra right now, take several seats.",Often used in arguments or when someone is being overly dramatic or intrusive.,"You're being a real drama queen today, please find another chair.","You're making quite a scene at the moment, kindly find another spot to sit.",Your behavior is becoming excessively dramatic at present; kindly find a more discreet location to reside for some time.
Sheesh,"To praise someone when they are doing something good. The one being praised is to do the ""ice in my veins"" pose popularized by Basketball player D'Angelo Russell.","Sheesh, that’s a lot of money!","Can be used in response to something impressive or unexpected, especially when exaggerated for effect.","Wowza, that's some serious cash!","Wow, that's some serious cash!","Indeed, that's quite an impressive sum!"
Hits different,Something that is better in a peculiar manner,This song hits different at night.,Often used when comparing emotional experiences or moods tied to specific circumstances.,This tune sure packs a punch at nighttime.,This song feels unique in a special way during the night.,This song has a unique impact in the evening.
Bet,"Yes, ok, ""it's on.""",You want to meet at 6? Bet.,Used to confirm plans or agreements in a laid-back way.,"Sure thing, I'm down for 6.","Alrighty then, let's meet up at six.",I'd be happy to meet at 6. Agreed.
Periodt,Used to add emphasis to something,"That’s the best movie of all time, periodt.","Often used to add emphasis to a statement, signaling that there’s no further debate.","That's hands down the top movie ever, point blank!","Absolutely, that's hands down the greatest film ever, full stop.","Absolutely undoubtedly, that's the finest film ever made."
Finesse,Finesse means to trick or manipulate someone or a situation in order to get what you want.,He finessed his way into the VIP section.,"Typically used when someone gets what they want through charm, skill, or slyness.",He pulled off a smooth move to get into the VIP area.,He managed to sneakily make his way into the VIP area.,He skillfully maneuvered himself into the exclusive area.
I’m weak,"Similar to ""I'm dead"", this is just another term to use when you find something hilarious",That joke had me weak!,"Commonly used when something makes you laugh hard, often exaggerated in digital conversations.","Man, that joke killed me!",That joke had me cracking up!,The joke left me utterly amused!
Main character,"a phrase used to describe someone who is generally well-liked and charismatic. It can also be used to describe someone when they're making a scene, but not necessarily in a bad way",She’s living her life like she’s the main character in a movie.,Often used in social media to refer to people who seem to be leading an extraordinary or dramatic life.,She's playing her own show for sure!,She's playing her part as if she's the leading lady in a film.,She appears to be leading her life as if she were the protagonist in a film.
Sis,"A shortened version of ""sister"", this term is typically used to greet a friend, no matter their gender.","Sis, you are killing it in that outfit!",Commonly used among women as a term of camaraderie or affection.,"Hey girl, you're rockin' that look!","Hey there, you're rocking that look amazingly!","Dear friend, you look wonderful in that attire!"
Sending me,Another term to use if you find something particularly funny.,That meme is sending me!,"Used in response to something humorous or amusing, often in digital contexts.",That meme's cracking me up!,That meme is cracking me up!,That meme is remarkably amusing!
Gaup,"Money, and lots of it.",I’m trying to stack up this gaup before the weekend.,"Used in casual conversation, particularly among younger people, to refer to money or making money.",I'm hustling for some serious cheddar by Friday.,I'm aiming to accumulate some serious cash before the weekend.,I'm attempting to accumulate a substantial amount of funds before the weekend.
"This ain’t it, chief",Another way of giving disapproval for something.,"That outfit? This ain’t it, chief.","Often used in social media or casual conversation to reject an idea, style, or trend.","That getup, nah, this ain't poppin', mate.","That getup isn't quite right, boss.","That ensemble is not quite fitting, sir."
Extra,Someone who is out there and enjoys taking things to a new level of flamboyance.,"She brought a whole suitcase for a weekend trip, she’s so extra.",Used to describe behavior that is excessive or unnecessary.,"She packed like a drama queen for a weekend away, she's really over-the-top!",She brought an entire luggage for a weekend getaway; she's quite over-the-top.,"She packed excessively for a weekend trip, displaying an exuberant and flamboyant nature."
Clapback,Swift and witty response to an insult or critique,Her clapback to that troll was savage.,"Often used in social media to describe a sharp retort, usually in the context of online arguments.",She fired back at that jerk with a zinger.,Her sharp retort to that troll was biting.,Her retort to that critic was sharp and witty.
@ me,"Pronounced ""at me."" Used on social media when someone feels attacked by a post.","I’m about to pull up, C me at the club!",Informal and often used in texting or casual conversations to refer to meeting someone.,"Hit me up when you get there, let's link at the club!","I'll be showing up, find me at the club!",Kindly meet me at the club when you arrive.
Asl,"Has two definitions. It can be used as a shortened version of ""as hell."" It can also be used as an acronym for age/sex/location.",It’s cold asl outside!,"Used to intensify a statement, typically in casual conversation or texts.","Damn, it's freezing out there!","Man, it's freezing out there!","Indeed, it's exceptionally chilly outside!"
Bang 30s,To get in a physical altercation with someone.,He was out there bangin’ 30s all night.,"Typically used in contexts involving gangs or street culture, referring to gun violence.",He went at it hammer and tongs all night long.,He sure had a fight-filled night.,He engaged in numerous physical confrontations throughout the night.
Based,"Originally meaning ""to be your self and not care about how others view you"", The word is now used to indicate an opinion or something that someone agrees with. It is especially common in political slang and discussions.","He doesn’t care what anyone thinks, he’s so based.","Popularized online, often in political or philosophical discussions, to praise someone for being genuine or sticking to their principles.","He don't give a damn 'bout what folks think, he's straight up real.",He truly doesn't give a hoot about other people's opinions; he's just being genuine.,"He demonstrates an admirable disregard for public opinion, being particularly independent."
Beat your face,To apply makeup to the face.,I’m about to beat my face for this event tonight.,Commonly used in beauty and makeup communities to refer to a skillfully applied makeup look.,I'm gonna slay my makeup for tonight's event.,I'm fixing to put on some makeup for tonight's event.,I am planning to apply makeup meticulously for this evening's event.
Big mad,Term used to describe when someone is excessively angry.,He’s big mad because we beat his team last night.,"Used to emphasize how upset someone is, often in a playful or teasing manner.",He's seriously pissed off that we beat his squad last night.,He's really furious that our team defeated his last night.,He is profoundly angry because our team defeated his last night.
Body count,"A euphemism for how many people one has had sex with. Initially referred to specifically sexual intercourse, but was expanded to include all forms of sex.",What’s your body count?,Often used in conversations about sexual experiences or romantic history.,How many notches do you have on your belt?,How many people have you been intimate with?,How many intimate encounters have you experienced?
Boujee,A high-class/materialistic person.,We’re going to a boujee restaurant tonight.,Often used to describe someone or something as luxurious or exclusive.,"Heading out to that swanky joint tonight, eh?",We're dining at an upscale eatery tonight.,We are dining at an elegant establishment tonight.
Bussy,"""Boy Pussy,"" i.e. a man's anus.",He was joking about his bussy all night.,Usually used humorously or in LGBT+ communities as part of casual or sexual discussions.,He cracked jokes about his backside all evening.,He cracked jokes about his rear all night.,He made humorous references to his anus throughout the evening.
Cringe,A response to embarrassment or social awkwardness,That performance was so cringe.,"Often used to describe content, behavior, or situations that cause second-hand embarrassment.","Man, that performance was super awkward!",That performance was incredibly awkward.,That performance elicited a strong sense of discomfort due to its awkwardness.
Ded,"Used to describe something humorous to such an extent as to ""kill you.""",That joke had me ded.,Used online to express that something is so funny it “killed” you from laughter.,That gag nearly knocked me out cold!,That joke was absolutely hilarious.,That joke was extremely funny.
Facts,The truth,Pizza is the best food ever. Facts.,Used to emphasize agreement or that something is undeniably true.,"Damn straight, pizza's the bomb! Truth!","Pizza truly is the greatest food out there, don't argue with me on that!",Pizza is undoubtedly the finest culinary delight available. This is an indisputable truth.
Glow-up,"A major improvement in one's self, usually an improvement in appearance, confidence, and style. Frequently used in a context relating to puberty.",She had a major glow-up over the summer.,Mostly used to talk about someone’s improvement in looks or self-esteem.,"Man, she really transformed this summer!",She underwent a significant transformation in appearance during the summer.,She underwent a significant transformation in her appearance during the summer.
I oop,"Used to express shock, embarrassment, and or amusement.",She spilled her drink on her dress and I oop!,"Popularized by meme culture, often used humorously when something unexpected happens.","Whoa, she just spilled her drink on her dress, and I'm like whoopsie!","Whoa, she spilled her drink on her dress, oh my!","She spilled her drink onto her dress, and I was taken aback!"
t's giving…,Describes the vibes or connotation of something.,It’s giving 90s nostalgia with that outfit.,Often used in fashion or style discussions to refer to the overall impression or vibe something conveys.,That fit's totally vibing some '90s throwback!,That outfit has a definite '90s throwback feel to it.,The ensemble evokes a strong sense of 1990s nostalgia.
Lit,"Colloquially: ""Enlightened"", ""Hot"", ""Fire."" The new hotness; something remarkable, interesting, fun or amusing. Generally positive.",That party was lit!,Common in younger generations to describe a positive experience or event.,"Man, that party was on fire!",That party was fantastic!,That party was quite remarkable!
Mid,Short for mediocre,"That movie was mid, nothing special.","Often used when discussing entertainment, like music, movies, or games.","That flick ain't all that, pretty ordinary.","That film wasn't anything extraordinary, quite ordinary.","The film was average, lacking anything extraordinary."
Not you,Used to condemn or poke fun at someone or something.,Not you eating the last slice of pizza!,Used in a teasing or humorous way in informal conversation.,Ain't that some other guy gobbling up the last piece of pizza!,"You didn't have to go and eat the last slice of pizza, did you?",That is hardly seemly of you to consume the final piece of pizza!
NPC,Someone who cannot think for themselves and/or has no or little control over their own life. Someone that is ready to agree with popular opinion unquestioningly and always believes what they are told. Gullible,"She’s acting like such an NPC, just going with the flow.",Used to describe people who seem to follow a script or act predictably without any autonomy.,She's really just a sheep following the herd.,"She's behaving so mindlessly obedient, following the crowd blindly.","She is exhibiting a disturbing level of conformity, blindly following trends without questioning them."
OK boomer,Derogatory term directed towards Baby Boomers. Used as a response when boomers are deemed to be out of touch with younger generations,You don’t understand memes? OK boomer.,Used by younger generations to respond to outdated opinions or criticism from older people.,"You clueless on internet humor, huh? Alright, Gen Xer or Millennial here.","You're clueless about memes? Alright, generation X or Y then.","Understanding memes appears to be beyond you; very well, Generation Baby Boomers."
On god,"Short for ""I swear to god."" Means that a person's statement is frank.","I’m telling you, that was the best movie I’ve ever seen, on god!",Used to emphasize that what someone is saying is absolutely true or serious. Often said in moments of intensity or when trying to convince others of your sincerity.,"That was straight up the best movie I've ever seen, cross my heart!","I'm seriously telling you, that was the best movie I've ever seen - I swear to goodness!","Indeed, that film was undoubtedly the most exceptional one I have ever witnessed."
Ratio,"When an internet post has a comparable number of comments/replies to ""likes"", which is usually indicative of a poor reception.","That tweet got ratio’d so bad, more people replied than liked it.","Common on Twitter, indicating that a post was unpopular or disagreed with.","Man, that tweet was roasted something fierce; way more comments than likes!","That tweet received a lot of criticism, with more comments than likes.","The tweet attracted significantly more comments than likes, indicating a less favorable response."
Rizz,One's courtship/seduction skills,"He’s got so much rizz, everyone likes him.",Mostly used in discussions about dating and flirting.,"Dude's got charisma by the bucketload, everybody digs him.",His charm is irresistible; it wins over everyone.,"His charm is undeniable, and it endears him to all."
Sksksk,Used to convey happiness/laughter,I spilled my drink sksksk.,"Often associated with VSCO girl culture, it’s used in casual, playful conversation.","Oh man, I just spilled my drink, hahaha!","Oh, I've accidentally spilled my drink! Ha ha!",I giggled upon spilling my drink.
Slaps,Used to refer to something (typically music) that is perceived to be good.,This new track slaps!,Mostly used when talking about music or experiences that are enjoyable and energetic.,This new track kills it!,This new track rocks!,This new track is excellent!
Sus,Short for suspect/suspicious.,Why’s he acting so sus all of a sudden?,"Became widely popular due to the game Among Us, often used to describe behavior that seems off.",What's up with him suddenly acting fishy?,Why's he suddenly looking shifty and suspicious?,Why has he suddenly begun acting suspiciously?
Slay,To do something well.,She’s slaying in that outfit tonight!,"Often used to praise someone’s appearance, performance, or confidence.",She's killing it in that outfit tonight!,She's absolutely nailing it with that outfit tonight!,She is truly impressive in that attire tonight.
Tea,Gossiping (spilling the tea),"Spill the tea, I need to know what happened!",Common in social media and casual conversation when discussing secrets or gossip.,"Dish the dirt, what's the lowdown? I gotta know!","Dish the dirt, please fill me in on what went down!","Please share the details, I am eager to learn about the recent events!"
Understood the assignment,To understand what was supposed to be done; to do something well,"That outfit is fire, she really understood the assignment.","Often used to praise someone for excelling at a task, particularly when it comes to fashion or performance.","That fit's poppin', she nailed it for sure.",She aced that outfit's style brief for sure.,She truly grasped the intended style with that outfit.
Valid,Understandable,Those sneakers are valid!,Typically used as an endorsement or to confirm something is acceptable or impressive.,Those kicks are cool!,Those sneakers make sense!,Those sneakers are indeed sensible and understandable!
Vibe Check,To check one's personality or attitude,Vibe check: Are you good?,Often used in casual settings to gauge how someone is feeling or what the general atmosphere is.,What's your mood today? Feeling alright?,How's your mood today?,Inquiring about your current disposition: How are you feeling today?
Vibing,describes a generic positive feeling that someone has about something,We were just vibing to some music all night.,"Used to describe a relaxed, enjoyable state of mind or atmosphere.",We were totally grooving to some tunes all night long.,We had a great time grooving to some tunes all evening.,We spent the entire night enjoying the music together.
Wig,"To do something so well as to ""make one's wig fly off.""","That performance was amazing, wig!","Popular in stan culture, especially on social media, to react to something shocking or exciting.","Man, that performance was off the charts, it'd blow someone's hat right off!","Man, that performance was off the charts incredible!","That performance was truly extraordinary, indeed!"
Word,"Slang for ""okay.""",Let’s meet at 7. Word,A laid-back affirmation used in casual conversations.,"Alrighty then, see you at 7. Word!","Sounds good, let's hook up at 7 then. Cheers!",Shall we meet at seven? Understood.
Af,As fuck,I’m tired af after that workout.,Commonly used in digital communication to stress intensity.,I'm absolutely knackered from that workout.,I'm knackered to bits after that workout.,I'm absolutely exhausted following that workout.
Big brain,When you have done something silly making you feel like your own brain shrinks as you regret all of your life,"He solved that puzzle in seconds, big brain moves.",Often used humorously to praise someone’s intelligence or creativity.,"Dang, he cracked that riddle in a blink, genius-level stuff!","Dang, he figured out that puzzle in mere seconds, quite clever of him!",Displayed an extraordinary level of intellectual acumen in solving that puzzle so swiftly.
Chad,Used to describe your typical alpha male,"He’s such a Chad, always winning at everything.","Mostly used online to refer to hyper-masculine or alpha male behavior, sometimes sarcastically.","Dude's just too much of a stud, always coming out on top in everything.","He's always triumphant, never losing at anything.","He is indeed an exemplary and successful gentleman, consistently excelling in various endeavors."
Clapped,To be completely and utterly destroyed.,"That car is clapped, it’s falling apart.",Used casually to describe something as worn-out or unattractive.,"Man, that car's a total wreck!","That car's a complete write-off, it's on its last legs.",That automobile has deteriorated significantly; it appears to be in a state of disrepair.
Clown,People who are completely unintelligent.,I waited all day for him to text me back. I’m such a clown.,Commonly used in situations where someone feels embarrassed or tricked.,"I hung around all day, hoping he'd hit me up. What a goofball, right?","I waited all day for his message, feeling like an absolute fool.","I spent the entire day waiting for his response, yet here I am, feeling rather foolish."
Cringy,anything that’s embarrassing or try-hard,"That old tweet was so cringy, I can’t believe I posted that.",Often used to describe social faux pas or embarrassing moments.,"Man, that old tweet was super awkward, can't believe I put that out there.","Man, that old tweet was embarrassingly lame – I can't believe I shared it.",That antiquated tweet was exceedingly awkward and unrefined; it is astonishing that I published such content.
fomo,Fear of missing out,I have major FOMO after seeing everyone’s vacation pics.,"Often used to describe the feeling of missing out on something exciting, especially in social media contexts.","Man, I'm really kicking myself for missing out on all those vacation snaps!",I'm really kicking myself for missing out on those vacation pictures!,"I experience a considerable apprehension about missing out on enjoyable experiences, having observed the travel photographs shared by others."
Fr,For real,You’re moving to LA? Fr?,Common in digital conversations to confirm or emphasize sincerity.,"Yo, you're really moving to LA?",Are you actually moving to LA?,"Indeed, you're relocating to Los Angeles? Truly?"
I can’t even,an expression commonly used when someone is feeling either so overjoyed or exasperated that they can’t even find the right words; depending on the context.,Ion even care what they think.,Often used in casual or informal conversations.,I'm utterly indifferent to their opinions.,I don't care at all about their opinion.,I could not care less about their opinions.
Ion,I don’t,"This meme is too much, I can’t even!",Popular in social media culture to express being speechless or amused.,"This meme's too much, ain't nobody got time for that!",This meme is too much for me to handle!,This meme is excessively overwhelming; I am genuinely unable to cope.
IRL,In Real Life,Let’s meet IRL next week.,Commonly used in online spaces to differentiate between virtual and real-life interactions.,Let's hook up offline next week.,Let's hook up in person next week.,Shall we arrange a face-to-face meeting next week?
Karen,A stereotype for women who behave extremely unreasonably and childish – especially towards service staff or people of colour – and tend to invoke their racial privilege,"That woman asked to speak to the manager, total Karen move.","Widely used in social media to describe someone acting entitled or rude, typically in public situations.","She really went and pulled a diva fit, totally Mabel behavior.","That lady demanded to talk to the supervisor, very entitled behavior.","The woman demanded to address the supervisor, displaying highly inappropriate behavior."
Low key,Secretly,I’m low key excited about the new movie.,Used to express a feeling or action that is kept relatively quiet or understated.,I'm kinda hyped up 'bout that fresh flick.,I'm sort of secretly excited about the new movie.,I'm rather quietly enthusiastic about the upcoming film.
Mom,It just means to admire or look up to someone so much that you jokingly want to be adopted by them or have them as your second parent,Beyoncé is such a mom.,Often used in stan culture to refer to female celebrities or figures who inspire admiration.,Beyoncé's just my idol!,Beyoncé is just so inspiring that I wish she were my role model!,Beyoncé is truly someone to greatly admire.
Dad,It just means to admire or look up to someone so much that you jokingly want to be adopted by them or have them as your second parent,Keanu Reeves is my dad.,Used in a playful manner to express admiration for men who are respected or seen as role models.,"Man, I'd swap my old man for Keanu Reeves any day!",I absolutely adore Keanu Reeves and would be thrilled to have him as a second father figure.,"I deeply admire and hold Keanu Reeves in such high regard that it's as if I wish to be under his care, much like a son would desire to have him as a second father figure."
NGL,Not Gonna Lie,"NGL, that was a tough workout.",Frequently used in conversations to preface honesty or a blunt opinion.,"Ain't Gonna Sugarcoat It, That Was a Tough Workout.","To be honest, that was quite a challenging workout.","Frankly speaking, that was indeed a challenging workout."
Pick me girl,"Pick me girls are the type of girls who claim that they are nothing like other girls, in order to get attention from guys (also see ‘simping’ below). It’s a derogatory term.","She’s such a pick me girl, always saying she’s not like other girls.",Often used in a critical way to call out behavior aimed at seeking validation.,"She's pure drama queen, constantly boasting she's different from the rest of 'em.","She's such a self-proclaimed exceptional woman, constantly emphasizing her differences from ordinary females.","She is quite self-proclaimed distinctive, frequently asserting her distinctiveness from other women."
Boomer,"Short for ‘baby boomer’, referring to older folks born 1946 to 1964 – but mostly used to clap back at pretty much anyone who’s older and not so in-the-know.","My boss is such a boomer, doesn’t even know how to use Zoom.",Often used humorously or critically to highlight generational differences.,"Old man can't figure out Zoom, my boss is clueless!","My boss is really out of touch, can't figure out how to use Zoom.","The manager exhibits a certain lack of familiarity with contemporary technology, as evidenced by his inability to utilize Zoom effectively."
Sleeping on,"When you ""sleep on"" something, you overlook or underestimate it","You’re sleeping on this new album, it’s so good.",Often used to draw attention to something underrated.,"You're really missing out on that new album, it's fantastic!",You're really overlooking that new album; it's fantastic.,Overlooking the merit of that latest album seems unwarranted; it's exceptionally good.
Shade,Diss. Also: throwing shade; being shady.,She was throwing shade at my outfit.,"Commonly used in discussions of gossip or social conflict, particularly when the insult is indirect.",She was obviously dissing my getup.,She was subtly criticizing my clothing choice.,She was criticizing my choice of attire subtly.
Shook,Surprised or shocked.,I was shook when I found out the news.,Often used to describe being emotionally or mentally impacted by something unexpected.,"Man, that news left me stunned!",Flabbergasted is how I felt when I learned about the news.,I was utterly astonished upon learning the news.
Smh,"Shake my head’. Another one for texting, smh usually signifies exasperation",You forgot your homework again? Smh.,Common in texting or social media to signal mild frustration or disappointment.,"Man, you left your homework again? Sigh.","Goodness, you left your homework again?","Once more, you've overlooked your homework? Tsk tsk."
TBH,short for “to be honest” and is usually used when making a comment or a joke (best to stick to texts with this one too).,"TBH, I didn’t enjoy the party last night.",Often used to preface a blunt opinion or honest confession.,"To be honest, I wasn't feeling the vibe at that party last night.","To be honest, I didn't have a good time at the party last night.","To be frank, I did not find the party enjoyable last night."
Thirsty,"Stands for desperate, usually for attention","He’s been texting me nonstop, he’s so thirsty.",Often used to describe behavior that appears desperate for attention or validation.,"He can't stop messaging me, he's really desperate.","He's constantly messaging me, he's quite desperate for attention.","He has been persistently messaging me, indicating an excessive desire for attention."
Thirst trap,"a social media post intended to, uh, entice viewers and get attention.",She posted a total thirst trap on Instagram.,"Common in social media, where people post images to garner likes or comments based on physical appearance.",She straight-up posted an attention-grabbing pic on Insta.,She shared an irresistible attention-grabber on Instagram.,She intentionally posted an alluring image on Instagram to attract attention.
Yas,A very enthusiastic and celebratory way of saying yes!,Yas queen! You’re slaying that outfit!,"Popular in LGBTQ+ and online cultures to express excitement, approval, or support.","Absolutely slaying it, girlfriend!","Absolutely, girl! You're rocking that look!","Indeed, you are absolutely radiant in that ensemble!"
Yeet,The Gen Z version of YOLO (you only live once). Usually exclaimed (pretty loudly) when doing something risky or throwing an item very hard (most of the time for absolutely no reason at all and with absolutely no aim).,He yeeted the ball across the yard.,"Often used in a playful, exaggerated manner, especially in meme culture.",He chuck'd that ball way across the yard!,He flung the ball recklessly across the yard!,He carelessly hurled the ball across the yard with reckless abandon.
ick,used to express disgust at something unpleasant or offensive.,"He talks with his mouth full, that gave me the ick.",Frequently used in dating scenarios to describe a moment that turns someone off.,"Man, talking with a mouthful is just gross - totally gives me the eww!",Talking with a mouthful leaves me feeling rather disgusted.,His eating manners are rather unsightly; they evoke a sense of distaste in me.
naur,"means no or know. It functions as a more dramatic way of saying ""no"" or ""know,"" and sounds like ""no"" with an Australian accent. ","Naur, why did you do that?","Often used humorously in memes or texts, exaggerating the word for comedic effect.","Mate, what's the story with that?",Why on earth did you do that?,"Indeed, why have you taken such an action?"
Say less,"A shortened version of ""say no more.""","Want to grab dinner? Say less, I’m there.",Used to quickly agree with a suggestion or plan.,"Wanna catch a bite? That's all I need to hear, I'm in.",Ready for dinner? Count me in.,"Shall we have dinner together? Needless to say, I will be present."
Unserious," a more fun way of saying something or someone is ridiculous, or that it can't be taken seriously.",You’re being so unserious about this important issue.,Used to point out lack of gravity or responsibility in someone’s actions.,You're really goofing off about this crucial matter!,"You're really not taking this seriously enough, it's quite a significant matter.",Your approach to this critical matter appears remarkably frivolous.
Gagged,"To be “gagged” is to be shocked, amazed, et cetera.",I was gagged when I saw her outfit!,Frequently used in drag and LGBTQ+ culture to express astonishment or awe.,"Man, I was floored by her getup!",I was utterly astonished by her attire!,I was utterly astonished by her attire!
Ate,"If you “ate” something, it means you executed it extremely well. ","She ate that performance, no crumbs left.","Popular in stan culture, especially in discussions about performances, fashion, or style.","She nailed that performance, not a single trace left behind.",Nailed it! Not a trace left behind.,"She delivered that performance flawlessly, leaving nothing to be desired."
Poggers,an expression that conveys excitement,You won the game? Poggers!,Popular in gaming and streaming culture to celebrate exciting moments.,"Dang, you won the game? That's sick!","Wow, you won the game! Fantastic!",You've triumphantly won the game! Bravo!
Heather,"any lovely person who seems like they’re the main character, evoking as much admiration as jealousy","She’s such a Heather, everyone loves her.",Used to describe someone who is effortlessly perfect and adored by others.,"Man, she's sure got that charisma that makes everyone adore her, yet leaves some green with envy too!","She's absolutely captivating, everyone adores her.","She is truly captivating, garnering admiration from all who know her."
Wth,What the hell,You like pizza? I’m with it.,Often used to quickly express agreement or solidarity in casual conversation.,Are you into pizza? I'm totally on board with that!,Are you fond of pizza? I'm totally on board with that.,You appreciate pizza? I am entirely in agreement.
Flex,"Used to describe someone showing off, gloating, or parading around.",He’s flexing his new car all over social media.,"Common in contexts where someone is showing off something impressive, often in a boastful way.",He's flaunting that fresh whip everywhere on socials.,He's flaunting his new car everywhere on social media.,He is ostentatiously displaying his newly acquired automobile across various social media platforms.
Gucci,"term born out of the popularity of the high-end fashion brand. These days, it means that something is good ","Everything is Gucci, don’t worry.",Used casually to express that things are going well or to describe something stylish.,"All good, don't stress it.","Everything's all good, don't fret.","Everything is in order, there is no need for concern."
Hot girl summer,"Hands down one of the biggest slang terms to hit pop culture in the summer of 2019, hot girl summer is about women having a good time and being unapologetic about who they are",I’m ready for hot girl summer this year!,"Popularized by Megan Thee Stallion, it’s used to promote independence and fun.",I'm all set for a rad summer this year!,"I'm all set for a fabulous, carefree summer this year!",I am prepared for a season of self-expression and enjoyment as a woman this year.
Sturdy,"used to describe someone's dance moves. It's usually used in the phrase ""get sturdy"", which means that someone is performing a specific type of dance in which they move their legs, spin, and hop.",He’s so sturdy on the dance floor!,"Commonly used in urban slang to describe confidence and strength, especially in physical performance.",He's really killing it on the dance floor!,He really knows how to throw down some moves on the dance floor!,He exhibits an impressive agility on the dance floor.
Skill issue,used to blame someone for their own loss.,You can’t beat the level? Sounds like a skill issue.,Frequently used in gaming communities to tease someone for struggling.,"Can't crack that level, huh? Must be some serious skill problems on your end.","Struggling with that level, huh? Seems more like a talent problem to me.",It appears that you're struggling to clear the level. This could suggest a matter of skill.
TNTL,Trying not to laugh,That meme is TNTL-worthy!,"Often used in humorous contexts to signal a challenge not to laugh, commonly seen in social media videos.","Man, that meme's hilarious as heck!",That meme's nearly uncontrollable!,That meme is remarkably amusing!
G2G,Got to go,"Sorry, G2G! Talk later!",Frequently used in text messaging or online chats to quickly exit a conversation.,Gotta scoot! Chat soon!,"Alrighty then, gotta scram. Chat soon!","I'm sorry, but I must leave now. Let's talk another time."
YNK,You never know,"I might move abroad one day, YNK.",Commonly used in conversations about future possibilities or unknown outcomes.,"Ain't know where I'll end up tomorrow, could be overseas!",You never really know when I might move abroad.,"One can never be entirely certain, I might move abroad someday."
CSL,Can’t stop laughing,"That joke was hilarious, CSL!",Common in texting or online conversations to emphasize uncontrollable laughter.,"Man, that joke cracked me up good!",That joke had me cracking up!,"That joke was absolutely hilarious, it left me in stitches!"
GMTA,Great minds think alike,You bought the same shoes as me? GMTA!,Typically used in friendly conversations to acknowledge a shared thought or action.,"Dang, you got the same kicks as me? Nailed it!",Bought the same shoes as you? Perfect sync!,"Remarkable coincidence indeed, you have purchased the identical footwear. Fascinating agreement!"
IMO,In my opinion,"IMO, that movie wasn’t that great.","Used to soften a statement, making it clear that it’s subjective.","That film was meh, tbh.","In my opinion, that movie wasn't fantastic.","In my opinion, that film was not particularly impressive."
IMOH,In my humble opinion,"IMOH, this is the best pizza place in town.",Commonly used in online discussions to share a polite or humble opinion.,"Gotta give ya my two cents here: This pizza joint's tops in town, no question!","In my humble opinion, this is the top-notch pizza spot in town.","In my considered opinion, this is the superior pizza establishment within our town."
JK,Just kidding,"You’re fired! JK, I could never fire you.",Frequently used in casual conversations or texts to clarify humor.,"You're canned! Pfft, not a chance I'd ever let you go like that.","You're fired... just kidding, there's no way I could actually fire you.","You are dismissed! However, in jest, I cannot dismiss you."
Bae,"Short for “baby."" Often a pet name for a crush or significant other.  ",I’m spending the weekend with my bae.,Often used to refer to a romantic partner or someone you deeply care about.,I'm hangin' with my baby this weekend.,Spending the weekend with my dear one.,I am spending the weekend with my dear one.
SSDD,"Some stuff, different day",How’s it going? SSDD.,Commonly used in conversations to express boredom or lack of excitement.,"What's up? More of the same, I see.",What's up? More of the same today.,How is everything today? Business as usual.
WYWH,Wish you were here,"The beach is amazing, WYWH!",Often sent from vacation spots or during fun events.,"Man, I'm loving this beach, sure wish you were here too!","What a stunning beach, I wish you were here!",The beach is truly remarkable; I wish you could be here to experience it.
Benching,"Just like in sports, benching someone in dating means putting them to the side to date other people.",I think he’s benching me—he texts but never makes plans.,Often used in modern dating to describe a lack of serious intent.,He's keeping you on standby - chats up a storm but ain't setting no dates.,He seems to be keeping me on standby - he messages regularly but never proposes any dates.,"It seems to me that he might be keeping me in reserve—he continually communicates, yet consistently avoids arranging meetings."
Breadcumbing,When someone leads you on by flirting and making you feel special but without any intention to actually commit to a relationship.,"She’s breadcrumbing him, always texting but never wanting to meet.",Describes inconsistent romantic or flirtatious communication.,"She's stringin' him along, constantly messaging yet avoiding face-to-face meetings.","She continually texts him, yet consistently avoids meeting up.",She consistently communicates with him without any intention of arranging a face-to-face encounter.
Cuffing,"""Cuffing"" simply means to get into a relationship.","Everyone’s cuffing this fall, it’s relationship season.",Often refers to the “cuffing season” when people seek partners to get through the winter.,"Everybody's hooking up this fall, it's all about coupling up!","Everyone's getting into relationships this fall, it's the time for coupling up.",Everyone appears to be forming relationships this autumn; it seems to be the season for relationships.
DTR,Define the relationship,"We need to DTR soon, I need to know where we stand.",Used in dating to clarify whether a relationship is serious or casual.,"Let's chat about us, where things are headed. I gotta know what's up between us.",Let's clarify our situation soon; I need to understand where things are headed between us.,"It's essential that we clarify our current relationship status shortly, as I would like to understand our present situation more clearly."
Gaslighting,"refers to a form of psychological manipulation in which a significant other makes you feel crazy or wrong, even when unjustified","He keeps telling me I’m overreacting, but I think he’s gaslighting me.",Often used to describe psychological manipulation in relationships or discussions.,"He's constantly making me feel like I'm losing my mind, but I reckon he's pulling a fast one on me.","He consistently makes me feel like I'm exaggerating, and I believe he might be deceiving me psychologically.","He persistently suggests that I am excessively emotional, yet I suspect that he is engaging in a form of psychological manipulation, making me question my own perceptions or feelings."
ILY,I love you,"Goodnight, ILY!",Frequently used in texting to express affection quickly.,"Nighty night, my love!","Goodnight, my dear, I truly care for you.","Goodnight, my dear, I love you."
Pink flags,"Based on the idea of red flags, pink flags are on step down. They aren’t huge warning signals that something is wrong, but they can hint that this relationship isn’t super healthy","She’s always late—kind of a pink flag, but not a dealbreaker.","Used to describe subtle warning signs in relationships, but not as serious as red flags.","She's chronically late – sorta a 'pink flag,' but ain't necessarily a relationship-ending issue.","She's often running late - a potential sign that things aren't perfectly smooth in this relationship, yet it's not necessarily a reason to end it.","She often arrives late, which could be indicative of some issues in our relationship, yet it is not necessarily a reason to end things."
Smash,means to have casual sex,"They hooked up last night, definitely a smash.",Often used in casual conversations about intimate encounters.,"They sure did bang last night, that was a slam dunk.","They had a one-night stand last night, absolutely a success.","They engaged in an intimate encounter last night, undoubtedly it was a successful one."
Situationship,Describes two people who are not officially dating but who have feelings for each other,"We’ve been hanging out a lot, but it’s just a situationship.","Used to describe unclear or undefined relationships, where it’s not official but there are feelings involved.","Hangin' round plenty, but it's more like a feelin' thing than an official deal.","We've been spending a lot of time together, but it's more like we're in a complicated non-relationship right now.","We have been spending significant time together, but it remains in an informal relationship stage."
Zaddy,"Refers to an attractive, well-dressed man. Often, it’s an older man","Look at him in that suit, total zaddy vibes.","Typically used to describe a stylish, mature man with swagger.","Check out that guy in the suit, he's got some serious smooth operator feel to him.","Check out that man in his suit, exuding charisma and being quite dapper.","Observe him in that suit, radiating an air of distinguished elegance."
Zombie-ing,"This happens after someone ghosts you, and then decides to start talking to you again like nothing ever happened.","He ghosted me months ago, and now he’s zombie-ing by texting me again.",Often used in modern dating to describe inconsistent behavior.,"Dude vanished on me like ages back, and now he's creeping back into my life through texts!","He stopped talking to me several months back, and now he's reached out again as if nothing happened.","He abandoned communication with me several months ago, but is now resuming contact via text messages."
AFK,Away From Keyboard,"I’ll be AFK for 10 minutes, need to take a break.",Used in online gaming or chats to signal that you’re stepping away.,"Gotta step away for a bit, back in 10 mins!","I'm stepping away for a moment, back in 10 minutes.","I shall momentarily step away from my keyboard, requiring a brief respite for approximately ten minutes."
ASAP,As Soon As Possible,I need that report ASAP!,Commonly used in professional and casual contexts to indicate urgency.,I gotta have that report pronto!,I need that report immediately!,I urgently require the report at the earliest convenience.
ATK,At The Keyboard,"I’m ATK, ready for the meeting.",Mostly used in online communities to signal availability.,I'm here and ready to roll for the meetup!,I'm online and raring to go for the meeting.,"I am present and prepared for the meeting, at my keyboard."
ATM,At The Moment,"I’m busy atm, can we talk later?",Commonly used in texting and online chats to describe current activity.,"Gotta be on the move right now, but let's chat later on?","I'm swamped right now, but let's chat later?",I am currently occupied; may we converse at a later time?
A3,"Anytime, Anywhere, Anyplace","Let’s meet up, I’m A3.",Used to express flexibility or enthusiasm.,"Sure thing, let's link up anytime, anywhere!",Let's hook up whenever and wherever works best for you.,"Let's arrange a meeting at your convenience, I am flexible regarding time and location."
BAK,Back At Keyboard,"I’m BAK, what did I miss?",Often used in online gaming or work settings.,"I'm back online, what's good?","I'm back online, what happened while I was away?","I have returned, could you fill me in on what transpired?"
BBL,Be Back Later,"I’m stepping out, BBL.",Common in texting and online conversations when someone needs to leave temporarily.,"Gotta run for a sec, catch ya later!",I'll be back in a bit.,I shall be away for a while; I shall return later.
BBS,Be Back Soon,"Grabbing a snack, BBS.",Used for brief absences in conversations.,"Gonna grab some grub, back in a sec!","Heading out for a quick bite, back shortly.",Taking a moment to grab a snack; I shall return shortly.
BFN,Bye For Now,"Got to run, BFN!",Often used when ending a conversation with the expectation of reconnecting later.,"Gotta jet, catch ya later!","Got to go, take care for now!",I must depart now; until our next encounter.
B4N,Bye For Now,That troll got a BAN from the server.,Common in online communities to remove disruptive individuals.,That troll's kicked outta here for now.,"Until next time, that troublemaker has been kicked off the server.",That individual has been temporarily suspended from the server.
BRB,Be Right Back,"Need to grab my phone, BRB.”",Used in texting or online chats for short breaks.,"Gotta grab my phone for a sec, catch ya later!","I need to get my phone for a moment, just a sec.","Excuse me for a moment, I need to fetch my mobile device."
BRT,Be Right There,"Just parking, BRT!",Commonly used to communicate proximity in physical meetups or digital collaborations.,"Heading there real quick, catch ya soon!","Almost there, just parking!",I shall be pulling over momentarily.
BTW,By The Way,"BTW, I’ll be late to the party.",Common in both casual and professional conversations to introduce new information.,"Heads up, I'm running late for the shindig.","By the way, I'll arrive late at the party.","Incidentally, I shall arrive late at the party."
B4,Before,I need to finish this B4 I go out.,Frequently used in texts and informal writing to save time.,Gotta wrap up before I hit town.,I gotta wrap this up before I head out.,I need to complete this before I leave.
B4N,Bye For Now,"Heading out, B4N!",Used in casual texting conversations.,"Heading out, see ya later mate!","Alrighty, I'll be off now. See you later!",I'm departing now; do take care until we meet again.
CU,See You,"It was fun hanging out, CU later!",Frequently used in online chats or texts as a casual farewell.,"Cool hangin' out, catch ya later!","It was fun spending time together, talk soon!",It was enjoyable spending time together; I look forward to seeing you again soon.
CUL8R,See You Later,"Got to go, CUL8R!",Common in texting or online messaging.,"Alrighty then, catch ya later mate!","Alright then, see you later!",I must depart now; until our next encounter. Farewell!
CYA,See You,CYA tomorrow!,Frequently used in informal conversations.,"Gotcha, see you tomorrow!",I'll catch up with you tomorrow!,Look forward to seeing you tomorrow!
FAQ,Frequently Asked Questions,Check the FAQ before you ask questions.,Used in customer service or informational contexts to provide answers to common queries.,Got any questions? Check out the FAQ first!,"Have a peek at the Frequently Asked Questions first, if you don't mind.",Please review the Frequently Asked Questions section prior to posing your inquiries.
FC,Fingers Crossed,"I applied for the job, FC!",Commonly used in texting to wish for a positive outcome.,"Hope it works out for me on that job application, matey!",Here's my attempt at rephrasing the sentence while preserving its emotional tone and purpose:,"I've submitted my application, keeping my fingers crossed."
FWIW,For What It's Worth,"FWIW, I think you should go for it.",Often used to share advice or opinions that may be helpful but aren’t guaranteed to be important.,"Gonna throw this out there, but I reckon you should give it a shot.","Just my two cents, but I believe you should give it a try.","In my opinion, you might want to consider proceeding."
FYI,For Your Information,"FYI, the meeting has been moved to 3 PM.",Common in professional and casual communication to relay updates or reminders.,Heads up! The meeting's time change is to 3 PM.,"Just a heads up, the meeting's been shifted to 3 PM.",Please be informed that the scheduled meeting has been rescheduled for 3 PM.
GAL,Get A Life,You’re still talking about that? GAL!,Often used in a dismissive or sarcastic tone.,"Still chattin' bout that? C'mon now, move on already!","Still chatting about that, mate? It's time to move on!",You continue to discuss that matter? It would be more productive if you focused on something else.
GG,Good Game,"That was a tough match, GG!",Frequently used in gaming culture to acknowledge a well-played game.,"Man, that was a hard-fought battle, well played!","That was quite a challenging game, well played!",That was indeed a challenging contest. Well played!
GN,Good Night,"It’s late, GN!",Commonly used in texting or online chats when saying goodbye before bed.,"Alrighty then, catch ya later!","It's getting pretty late, take care!","With the hour advanced, good evening to you."
GMTA,Great Minds Think Alike,We ordered the same thing! GMTA.,Used to acknowledge when people share the same perspective or thought.,"Ain't that a kick - we both picked the same dish! Same wavelength, it seems.",We both picked the same dish! Ain't that a coincidence.,We both chose the identical item; a great indication of shared thinking.
GR8,Great!,That party was GR8!,Frequently used in texting to express enthusiasm or satisfaction.,That party was sick!,That party was fantastic!,"Indeed, that party was fantastic!"
G9,Genius,"I’m signing off, G9!","Similar to “GN,” used in casual text conversations.","Catch ya later, genius!","I'm outie, brainiac!","I'm signing off, exceptional one!"
IC,I See,"IC, that makes sense now.",Common in online chats or texts to indicate comprehension.,"Got it, clear as daylight now!","Got it, all clear now.","Understood, that clarifies the situation now."
ICQ,I Seek you (also a chat program),Keep this number ICO any emergencies,Often used in formal or practical contexts for preparedness.,Hit me up on this digits if any crises come up!,Maintain this contact for any urgent matters,Maintain this number for any urgent matters.
ILU,ILU: I Love You,"You mean so much to me, ILU!",Common in texting between close friends or partners.,"Man, you really mean a lot to me, I dig you big time!","You really mean a lot to me, I love you.",Your significance in my life is immeasurable; I have profound affection for you.
IMHO,In My Honest/Humble Opinion,"IMHO, the sequel was better than the original.","Used to share an opinion with an added layer of humility, often used in discussions.","To me, the sequel was way better than the first one.","In all honesty, I believe the sequel surpassed the original.","In my considered opinion, the sequel surpassed the original."
IMO,In My Opinion,"IMO, that’s the best coffee shop in town.","Used to express a personal opinion, often casually.","That's def my fave coffee spot in town, no cap!","Personally, I believe that's the finest coffee shop in town.","In my view, that is the finest coffee shop in town."
IOW,In Other Words,"IOW, we need to finish the project by Friday.",A way to rephrase or clarify a statement in simpler terms.,"Basically, we gotta wrap up the project by this coming Friday.",We basically have to complete the project by Friday.,What I mean is that the project must be completed by Friday.
IRL,In Real Life,We finally met IRL after months of online chatting.,Used to differentiate between online or virtual interactions and face-to-face encounters.,Finally hooked up offline after all those online talks.,Finally got together face-to-face following several months of online conversations.,"After several months of online communication, we had our first encounter in person."
KISS,"Keep It Simple, Stupid",Let’s just KISS this idea and avoid overcomplicating it.,A reminder to keep things simple and straightforward.,"Let's keep things simple, dude, no need to make it complex.",Let's keep things straightforward with this concept; no need for unnecessary complexity.,Let's keep this notion straightforward and refrain from making it unduly complex.
LDR,Long Distance Relationship,We’ve been in an LDR for two years now.,Refers to a romantic relationship where the partners are geographically far apart.,"Been doin' this long-haul romance gig for a couple years already, mate.",We've been keeping a long-distance connection going for two years.,"For the past two years, we have maintained a long-distance romantic relationship."
LMAO,Laugh My A.. Off,That meme had me LMAO!,Used in online conversations to express loud laughter.,That meme cracked me up big time!,That meme had me rolling with laughter!,That meme had me roaring with laughter!
LOL,Laughing Out Loud,"I just spilled coffee all over my desk, LOL.","A common expression of amusement, often used lightly.","Had a bit of a coffee mishap on my desk, cracking up!",I just spilled coffee all over my desk – chuckle!,"I've just accidentally spilled coffee onto my desk, which is rather amusing."
LTNS,Long Time No See,LTNS! How have you been?,A casual way to greet someone you haven’t seen in a while.,"Hey there! Been a while, huh? What's new with you?","Hey there! Long time, no talk. What's been happening with you?",Long Time No Interaction! How have things been for you?
L8R,Later,"Gotta run, see you L8R!",A shorthand way of saying “later” in informal texts or conversations.,"Gotta jet, catch ya later!","Alrighty, I'll be off for now. Talk soon!",I must depart now; do take care and I shall see you later.
MTE,My Thoughts Exactly,That was so unnecessary! MTE.,Used to express agreement with someone else’s statement.,"Man, that was totally uncalled for! Spot on.","That was entirely unwarranted, I completely agree.","Indeed, that action seemed entirely unwarranted. Precisely my thoughts."
M8,Mate,"How’s it going, M8?","A casual way to refer to a friend, commonly used in British slang.","Hey what's up, mate?","Hi there, mate? How's things?","How are you doing, Sir?"
NRN,No Reply Necessary,"I texted him last night, but I got NR.",Used when someone doesn’t respond to a message or communication.,"Texted him last night, didn't hear back.","I texted him last night, but he didn't respond.","I texted him last night, yet received no response."
OIC,Oh I See,"OIC, that makes sense now.",A quick way to indicate understanding in a conversation.,"Got it, that's clear as day now.","Got it, that's clear now.","Indeed, that clarifies the situation for me now."
PITA,Pain In The Ass,Dealing with this paperwork is such a PITA.,Used to describe something annoying or frustrating.,Managing this paperwork is such a hassle!,Managing this paperwork is really a hassle.,Managing this paperwork is extraordinarily burdensome.
PRT,Party,Are you going to the PRT tonight?,A shorthand way to refer to a party in casual conversations.,"Gonna hit up a shindig tonight, yeah?",Heading out for a party tonight?,Will you be attending a social gathering this evening?
PRW,Parents Are Watching,"I can’t talk right now, PRW.",Used to warn someone that their parents are nearby and to avoid certain conversations.,"Gotta mute the show, folks are listening in.","Gotta mute the TV for a minute, folks are home.","I'm currently unable to chat, as my parents are watching."
QPSA?,Que Pasa?,"For more info, check QPSA7 in the FAQ.",Refers to directing someone to a specific answer in a FAQ or help section.,Heads up! Check out Q's deets in the FAQ for further details.,"For more details, see ""What's Up?"" section in the FAQ.","For additional details, please refer to Question 7 in the Frequently Asked Questions section."
ROFL,Rolling On The Floor Laughing,That video had me ROFL!,Used to express extreme amusement or laughter.,Cracked me up big time!,That video left me in stitches!,That video left me in fits of laughter!
ROFLOL,Rolling On The Floor Laughing Out Loud,"I tripped and spilled my drink, ROFLOL!","An exaggerated version of “ROFL,” combining both phrases to emphasize laughter.","Crashed and dumped my drink, cracked up laughing!","I tripped and spilled my drink, I'm practically rolling with laughter!","I tripped and spilled my drink, causing me to laugh uncontrollably."
ROTFLMAO,Rolling On The Floor Laughing My Ass Off,"The prank was so funny, I was ROFLMAO.",A combination of “ROFL” and “LMAO” to show intense laughter.,Cracked up like crazy over that joke!,The joke had me in stitches!,The joke was extraordinarily amusing; it reduced me to uproarious laughter.
SK8,Skate,Let’s go Sk8 at the park this weekend.,"A shorthand way of saying “skate,” used in skateboarding or rollerblading circles.",Let's hit the park and skate it up this weekend!,"Let's hit the skate park this weekend, mate!",Let's go skateboarding at the park this weekend.
STATS,Your sex and age,I need those sales STATS by the end of the day.,A quick way to request statistics or data.,Gotta have those sales deets by close of play today.,I need to know your sales figures by the end of the day.,I require the sales data by the close of today.
ASL,"Age, Sex, Location",What’s your ASL?,"Often used in online chats to get to know someone’s basic information, though less common today.",What's yer deal then?,"What's your age, gender, and location?","Could you kindly provide your Age, Gender, and Location details?"
THX,Thank You,THX for helping me out!,A quick way to say “thanks” in casual conversations or texts.,Cheers for your help!,Thanks a bunch for your help!,Thank you very much for your assistance!
TTFN,Ta-Ta For Now!,"I’m heading out, TTFN!",A playful way of saying goodbye temporarily.,"Gotta scoot, catch ya later then!","I'm off now, take care!",I'm departing now; take care for the moment.
TTYL,Talk To You Later,"I’ve got to go, TTYL!",Commonly used to end a conversation with the promise of continuing later.,"Gotta scoot, catch you later!","Alright, I'll catch you later!",I must depart now; do take care and I shall contact you later.
U,You,How are U doing today?,"A shorthand way to say “you,” frequently used in casual texting.","What's up today, mate?",How's it going with you today?,How are you doing today?
U2,You Too,Have a great day! U2!,A shorthand reply meaning “you too.”,"Gonna have a fantastic day, right along with ya!","You too, have a great day!",Enjoy your day as well!
U4E,Yours For Ever,"I’ll always be there for you, U4E.",Often used in romantic or deep friendship contexts to express long-lasting loyalty.,"Gotcha forever, baby!","I'll be here for you, forever and a day.","My commitment to you remains unwavering, yours forever and ever."
WB,Welcome Back,WB! How was your trip?,Used to greet someone who has returned after being away.,Hey there! Back from your travels?,Hi there! Great to have you back. How did your journey go?,Greetings once again! I trust your journey went smoothly.
WTF,What The Fuck,WTF happened here?,"Used to express shock, confusion, or disbelief, often in a strong or informal tone.",What in the world happened here?!,What on earth happened here?,"Good heavens, what occurred here?"
WTG,Way To Go!,You aced the exam? WTG!,A phrase used to congratulate or praise someone for their achievement or success. Commonly used in informal settings to show approval.,"Nailed that test, bro! Nicely done!",Well done on passing that exam!,Bravo! You did exceptionally well on the exam.
WUF,Where Are You From?,WUF? You sound like you’re from the UK.,A casual way to ask someone where they’re from.,"What's your story, mate? Sounds like you hail from the old Blighty to me!","Hey, I'm sensing a British vibe in your accent, are you from the UK by any chance?","Excuse me, might I inquire as to which country you hail from? Your speech gives the impression of being British."
7K,Sick:-D Laugher,That move was 7K!,A play on the word “sick” to describe something cool or impressive.,"Dang, that move was fire, bro!","Wow, that move was amazing!",That move was exceptionally impressive!
TFW , That feeling when. TFW internet slang often goes in a caption to an image.,TFW you finish a tough project and can finally relax.,"Used to describe a relatable feeling or moment, often paired with an image or meme.","Man, when you wrap up that hard gig and at last get to chill out...","When you complete a challenging project, that's the moment to unwind.","Upon completion of a challenging project, one experiences a sense of relief."
MFW , My face when,MRW I see the weather forecast for the weekend.,"Used to describe how someone reacts in a specific situation, often seen in memes or social media posts.","Gah, checking out the forecast for the weekend...",Seeing the weekend's weather forecast... that face!,"Upon viewing the weekend's weather forecast, a certain expression may cross my face."
MRW , My reaction when,MFW someone eats my leftovers without asking.,"Similar to MRW, used to describe someone’s facial reaction to an event or situation.","""Gah! MFW I find out someone gobbled up my leftovers without a word!""",My reaction when someone helps themselves to my leftovers without asking.,When someone consumes my remaining food without prior permission.
IFYP , I feel your pain,"It’s been a long week. IFY, man.",Used to show empathy or understanding of someone’s situation.,"Man, I feel ya, it's been one tough week, ain't it?","Man, I really feel for you - this week must've been tough on you.",I understand that this week has been particularly challenging for you. I empathize with your situation.
LOL , Laughing out loud,"She just tripped over her own feet, LOL.","A lighthearted way to express laughter, frequently used in texts or social media.","She just faceplanted because of her clumsy feet, cracking me up!","She just fell flat on her face, cracking up!","She tripped over her own feet, which made me chuckle."
TNTL , Trying not to laugh,"This video is hilarious, but TNTL!",Often used in funny challenges or posts where viewers are encouraged not to laugh.,"This vid's cracking me up big time, but I'm trying real hard not to laugh!","This video's seriously funny, but I'm struggling not to laugh!","This video is remarkably amusing, yet I find myself managing to refrain from laughter."
JK , Just kidding,You’re in trouble…JK!,Clarifies that a previous statement was a joke or not meant to be taken seriously.,"Oh, you're in for it...just messin' with ya!",You're in trouble...just kidding around!,You're in a bit of a pickle...only joking!
IDC , I don't care,"You can pick the movie, IDC.",Used to indicate indifference or lack of preference in a casual conversation.,Whatever movie you choose is cool by me.,"It's all good by me, whatever movie you choose.",You may choose the movie; it does not concern me.
ILY , I love you,"Goodnight, ILY!","A common way to express love or affection, often used in close relationships.","Nighty night, gotta love ya!","Goodnight, I love you!","Goodnight, my dear, I love you."
IMU , I miss you,"Haven’t seen you in a while, MU!",A casual expression used to tell someone you miss them.,"Aye, been too long since I seen ya, missin' ya man!","It's been a while since I saw you, missing you.",It has been some time since I last saw you; my thoughts often wander to you.
ADIH , Another day in hell,"Work was brutal today, ADIH.",Used to express frustration or exhaustion after a difficult day.,"Man, work was a nightmare today, another day of living in hell.",Work was a real nightmare today. Another day of misery.,Today's work was incredibly challenging; it felt like another day in a demanding environment.
IDC , I don't care,IDC what we eat for dinner.,Used to express apathy or lack of concern for a decision or outcome.,Couldn't care less what we're having for dinner.,Doesn't matter to me what we have for dinner.,I'm indifferent about our choice of dinner.
ZZZ ," Sleeping, bored, tired","I’m exhausted, time for bed. ZZZ.","Represents sleep or tiredness, often used in informal conversations to say someone is going to sleep.","Man, I'm drained, gotta hit the sack now. Zzz...","Man, I'm beat, think I'll hit the hay now. Nighty night.",I am rather weary; it's time for rest now. Goodnight.
WYWH , Wish you were here,"This beach is so beautiful, WYWH!",Often used when someone is at a fun or scenic location and wishes someone else was with them.,"Man, this beach is a sight to behold, I wish you were here!",What a stunning beach this is! I really wish you were here to see it.,This beach is stunningly beautiful; I wish you were here to appreciate it with me.
TIME , Tears in my eyes,"That movie was so emotional, I have TIME right now.",Used to express when something is so touching or emotional that it brings tears to your eyes.,"Man, that film really got to me - I'm tearing up right now.",That movie really got to me; I'm tearing up right now.,"That film was exceptionally emotional; it moved me deeply, and I find myself on the verge of tears at this moment."
BAE , Before anyone else,Spending the day with BAE at the beach.,"Used to refer to someone very special, often a romantic partner, who comes before anyone else.",Hanging out with my main squeeze at the beach today.,Spending the day with my special someone at the beach.,Spending the day with my beloved one at the beach.
FIMH , Forever in my heart,"Even though you’re far away, you’re FIMH.",Used to express deep emotional connection or love for someone who will always have a place in your heart.,"You're still ever in my thoughts, mate.","You'll always be close to my heart, even if you're miles apart.","Despite the distance between us, you remain forever in my thoughts."
BSAAW , Big smile and a wink,"You did great today, BSAAW!",Often used to send a playful or friendly message with a smile and a wink.,"Nailed it today, cheers mate!","You nailed it today, with a grin and a twinkle in your eye!","You performed admirably today, with a delightful hint of mischief."
BWL , Bursting with laughter,That stand-up comedy had me BWL!,Used when something is so funny that it makes you laugh uncontrollably.,"Man, that stand-up comedy had me ROFLing hard!",That stand-up comedy left me rolling in laughter!,That stand-up comedy left me in fits of laughter!
LMAO , Laughing my ass off,That joke had me LMAO all day!,A very casual and exaggerated way to express intense laughter.,That joke cracked me up all day long!,That joke had me rolling with laughter all day!,That joke left me in fits of laughter all day.
BFF, Best friends forever,Can’t wait to hang out with my BFF this weekend!,"Refers to someone who is a very close friend, often with the promise of lifelong friendship.",Super excited to chill with my main squeeze this weekend!,I can't wait to spend time with my closest friend this weekend!,I am very much looking forward to spending time with my dearest and lifelong friend this coming weekend.
CSL , Can't stop laughing,"That video was so funny, I’m CSL!",Used when something is so hilarious that you literally cannot stop laughing.,"Man, that video cracked me up good! I'm rolling on the floor laughing!",That video had me rolling with laughter!,That video was incredibly humorous; it left me in fits of laughter.
?,I don’t understand what you mean,You said what? ?,A quick way to ask for clarification when someone doesn’t understand something.,What in the world did you just say?,What did you just say? I'm confused.,"Pardon me, but could you please repeat or clarify that?"
?4U,I have a question for you,"Hey, ?4U: Do you know what time the meeting is?",Used to indicate that you have a question for someone in a casual way.,"Yo, got a question for ya: What's the time for that meeting?","Hey there, got a question for ya: What's the time of our meeting?","Hello there, I was wondering if you could possibly tell me what time our meeting is scheduled for today."
;S,GeHmm? What did you say?,"Sorry, ;S, can you repeat that?",A way to express confusion or request someone to clarify or repeat what they just said.,"What d'ya say, mate? Couldja repeat that?","Pardon me, could you please repeat that?","Excuse me, could you please repeat that?"
^^,read message,"Got it, ^^","Indicates that a message has been read and acknowledged, often used in online chats.","Alrighty then, read on!","Understood, read the message.","Understood, please read the message."
<3,sideways heart,I really appreciate you <3.,A simple and common way to express love or affection in digital communication.,You totally rock my world️.,I truly value you very much.,I genuinely appreciate you very much.
</3,broken heart,"They broke up last night, </3","Used to express heartbreak or sadness, particularly in romantic contexts.","Man, they split up last night, bummer.","They split up last night, it's a bummer.","Their relationship ended last night, with a heavy heart."
<3333,a bigger heart,I love you soooo much! <3333,An exaggerated way of expressing deep love or affection.,"Man, I adore you so incredibly much!!!",I adore you to the absolute maximum degree!!!,My affections for you are incredibly profound!
@TEOTD,At the end of the day,"It was a tough project, but @TEOTD, it was worth it.",Used to summarize or conclude a point by stating the final outcome or main point.,"Man, that project was a grind, but ya know, at the end of the day, it was all worth it.","In the end, it was a pretty challenging job, but it was all worth it.","Despite the challenges, the project proved to be worthwhile in the end."
0.02,My two cents worth,Here’s my 0.02 on the situation: We should wait.,"Used to offer a personal opinion, often humbly or casually.","Just throwin' in my two cents here: Let's hold off, yeah?",Here's what I think about the situation: Let's hold off for a bit.,Here is my humble suggestion regarding the matter at hand: It would be prudent to exercise patience.
"1TG, 2TG",Meaning number of items needed for win,I’ve got 1TG before I finish this project!,Used in games or tasks to indicate how many things are needed to win or complete a goal.,Gotta get one more to wrap up this project!,Got one more item to win before I wrap up this project!,I have one item remaining to complete this project!
1UP,Meaning extra life,Got a 1UP in the game! Extra chance!,"Refers to gaining an extra life in a video game, but also used metaphorically to mean getting another chance in life.","Scored an extra life in the game, baby!",Scored an additional life in the game! Another shot at it!,Secured an additional opportunity within the game!
121,One-to-one,Let’s have a 121 meeting to go over the details.,"Used in business or personal discussions to indicate a private, one-on-one conversation.","Let's sit down and chat one-on-one about the deets, yeah?",Let's set up a one-on-one chat to discuss the finer points.,Let's arrange a one-on-one discussion for reviewing the details.
1337,"Leet, meaning ‘elite’","He’s so 1337 at coding, it’s impressive!","Used to describe someone as highly skilled or elite, often in gaming or technology communities.","Dude's got some serious leet skills in coding, no joke!","His coding skills are top-notch, truly awe-inspiring!","His coding skills are remarkably advanced, indeed."
143,I love you,"You’re my world, 143.","A numerical way to say “I love you,” based on the number of letters in each word.","Gotcha, you're my whole world, luv ya!","You're my entire universe, I love you.","You are a significant part of my life, I love you deeply."
1432,I love you too,"1432, can’t wait to see you.","A response to “143,” meaning “I love you too.”","Can't wait to catch up, my friend. XOXO","Understood, I love you too. Can't wait to see you.","My heart echoes yours, eagerly anticipating our reunion."
14AA41,"One for all, and all for one","We’re a team, 14AA41!","Refers to mutual support and unity, often used in group or team settings.","We're all in this together, fam!","Together, we've got this team!","Unite we shall, as one team!"
182,I hate you,"You ate my last slice of pizza, 182!",A numerical way of expressing frustration or annoyance.,"Man, you had to go and eat my last piece of pizza, ain't that just low key rude!","Man, you just had to take my last slice of pizza, didn't you?","You consumed the final piece of pizza, and I profoundly regret it!"
19,Zero hand ,"Got a 19, no help at all.",Refers to a situation where someone received no assistance or support.,"Got nothing on me, totally helpless.",Got absolutely zilch assistance.,Have zero assistance whatsoever.
10M,Ten man ,We’ve got a 10M team working on this project.,"Refers to a group of ten people, often used in business or team settings.",Got a full crew on this job!,We've got a full squad tackling this project.,We have an entire team dedicated to this project.
10X,Thanks,"You’ve been a big help, 10X!",A shorthand way of saying “thanks.”,"Massive thanks to you, mate!",Thanks so much for your assistance!,Thank you immensely for your assistance!
10Q,Thank you,10Q for your feedback on the report,"A numerical shorthand for “thank you,” often used in casual digital communication.",Appreciate your thoughts on that report!,Much appreciated for your thoughts on the report.,I appreciate your feedback on the report.
1CE,Once,"I’ve only been there 1CE, but I loved it.","A shorthand way of saying “once,” used to refer to a single occasion.","Been to that place just the once, and I digged it big time.","I've only been there once, but I absolutely loved it.","I've visited that place once, and I truly enjoyed it."
1DR,I wonder,1DR what the weather will be like tomorrow.,A way to express curiosity or wonder about something.,Wanna know what the weather gonna be like tomorrow?,Wondering about the weather forecast for tomorrow.,I am curious to know what the weather conditions will be like tomorrow.
1NAM,One in a million,"You’re amazing, truly 1NAM!","A phrase used to describe someone as unique or special, one in a million.","You're absolutely bloody brilliant, one in a billion!","You're exceptionally remarkable, absolutely one in a million!","You are simply extraordinary, truly a gem among many!"
2,to,I’m heading 2 the store.,"Simply a shorthand for “to,” often used in texting.","Heading to the store, mate!",Heading to the store.,I am going to the store.
20,location,What’s the 20 for the party tonight?,"Refers to the location of an event or place, often used in casual conversations.",Where's the spot for tonight's shindig?,Where's the venue for tonight's party?,Where will the party be held tonight?
2B,To be,The answer seems 2B clear now.,"A shorthand for “to be,” used in various contexts when explaining something.",It's looking like that answer is coming into focus now.,Seems like it's getting clear now.,The situation now appears to be more transparent.
2EZ,Too easy,That exam was 2EZ!,Used to describe something as very simple or easy to accomplish.,That exam was a breeze!,That exam was a breeze!,The examination proved to be remarkably straightforward!
2G2BT,Too good to be true,That deal sounds 2G2BT.,Used when something seems too perfect or suspiciously good.,That deal's a bloody ripper!,That deal appears way too good to pass up.,That deal appears unusually advantageous.
2M2H,Too much too handle,All this work is 2M2H right now.,Refers to something that is overwhelming or difficult to manage.,This workload's a real doozy at the moment!,This workload's overwhelming at the moment.,This volume of work is currently overwhelming.
2MI,Too much information,"You’re sharing way too much, 2MI!", Used when someone shares overly personal or unnecessary details.,"Dude, you're oversharing big time!","You're oversharing, buddy!","You're disclosing excess details, it's overwhelming."
2MOR,Tomorrow,Let’s finish this 2MOR.,"A shorthand way of saying “tomorrow,” commonly used in texting.",Let's smash it tara!,"We'll wrap up tomorrow, alright?",Let's complete this tomorrow.
2MORO,Tomorrow,See you 2MORO at the meeting.,"Another shorthand for “tomorrow,” often used in informal communication.",Catch ya later on tomorrow at the meet-up!,Catch ya tomorrow at the meeting.,I shall see you tomorrow at the meeting.
2N8,Tonight,Are you coming to the concert 2N8?,"A shorthand way of saying “tonight,” often used in digital communication.","Gonna catch that show tonight, yeah?","Heading out to the concert tonight, are you joining?",Will you be attending the concert tonight?
2NTE,Tonight,I’m free 2NTE if you want to hang out.,"Another common shorthand for “tonight,” often used in texts.",I'm available tonight if you fancy catching up.,I'm available tonight if you fancy hanging out.,I am available tonight if you'd like to spend some time together.
411,information,Can you give me the 411 on what happened?,"A term used to ask for information, similar to “what’s the scoop?”",What's the lowdown on what went down?,What's the lowdown on what went down?,Could you please provide me with an account of the events that took place?
404,I don’t know,"When it comes to math, I’m totally 404.","Refers to not knowing something, similar to the “404 error” in the internet world.",Got no clue when it comes to math.,"When it comes to math, I'm completely clueless.","As far as mathematics is concerned, I'm utterly at a loss."
420,Lets get high,You coming to the 420 party this weekend?,Refers to cannabis culture and is commonly used to signify smoking or celebrating marijuana.,You gonna hit up the smoke sesh this weekend?,Are you planning to attend the smoke session this weekend?,Are you planning on attending the gathering for cannabis consumption this weekend?
459,I love you ,"You’re everything to me, 459",A numerical shorthand for “I love you.”,"Man, you're my world, 459 style","You mean the world to me, darling","You are of utmost significance to me, dear."
4AO,For adults only,That movie is rated 4AO.,Used to indicate that something is intended only for adult audiences.,"That flick's adults-only, mate.",That film's for grown-ups only.,That film carries a rating for mature audiences.
4COL,For crying out loud,"I told you to clean your room, 4COL!","An expression of frustration or exasperation, often used to emphasize impatience.","C'mon now, didn't I tell you to clean up your mess?",I seriously told you to clean your room already!,"You really should clean your room, good heavens!"
4EAE,Forever and ever,You’ll be in my heart 4EAE.,Used to express eternal affection or love for someone.,"Gotcha in my heart, forever and ever man.",You'll always hold a special place in my heart.,You shall remain forever in my heart.
4EVA,Forever,Friends 4EVA!,"A shorthand for 'forever,' often used to emphasize long-lasting relationships or promises.",Friends forever!,"Friends, forever and always!",Friends for all time!
4NR,Foreigner,"He’s from Europe, total 4NR.",Used to refer to someone from a different country.,Dude's totally a Euro-guy.,"He's completely foreign, hailing from Europe.","He is European, entirely foreign."
4SALE,For sale,I’m putting my old car 4SALE.,A common abbreviation used in ads or messages when something is available for purchase.,"Gonna sell my beat-up whip, y'all!",I'm selling my used car.,I am placing my former automobile up for sale.
^5,High-five,"We nailed that presentation, ^5!","A way to signify giving someone a high-five, often to celebrate success.","Nailed it on the presentation, let's bump fists!","Nailed it on the presentation, give me a pat on the back!",We executed the presentation exceptionally well! Congratulations!
511,Too much information,"That’s a bit too personal, 511!","Similar to 'TMI,' used when someone shares too much personal or unnecessary information.","Whoa, TMI there, buddy!",That's a tad too much TMI there!,That's somewhat inappropriately private.
555,"Sobbing, crying","That movie made me cry, 555.",Commonly used in Thai internet culture to represent laughing or crying (as '5' sounds like 'ha').,"Man, that flick really got me bawlin', 555.",That movie really had me bawling my eyes out.,That film left me in tears.
55555,Crying your eyes out,"I lost my keys again, 55555!",Used to represent an exaggerated level of sadness or tears.,"Man, I've lost my keys again, bawling my eyes out here!","Oh man, I've lost my keys again, bawling my eyes out!","I've lost my keys once more, tears flowing heavily!"
55555,Laughing,"That joke was hilarious, 55555!","In some contexts (e.g., Thai language), '555' sounds like 'hahaha,' used to represent laughter.","That joke cracked me up, ROFL!",That joke was a riot! Laugh out loud!,That joke was absolutely laughable!
6Y,Sexy,You’re looking 6Y in that outfit!,A playful way of calling someone attractive or sexy.,You're rocking it hot in that getup!,You look fiercely attractive in that attire!,You appear particularly attractive in that attire.
7K,Sick,That trick was 7K!,"A shorthand way of saying something is cool or impressive, often used in gaming or skateboarding contexts.","Man, that trick was killer!",That trick was incredible!,The trick was truly remarkable!
81,Hells Angels,Saw a bunch of 81 members at the rally.,"Refers to the Hells Angels Motorcycle Club, using the numbers 8 and 1 for 'H' and 'A.'",Ran into a pack of those Hells Angels dudes at the gathering.,Spotted a crowd of Hells Angels members at the gathering.,Encountered a number of individuals affiliated with the Hells Angels motorcycle club at the gathering.
831,I love you,"You mean the world to me, 831.","A numerical way to say 'I love you,' based on the number of letters in each word.","Man, you're a worldie to me, mate.",You genuinely mean a lot to me.,"You possess an immense significance in my life, dear one."
86,Over,We need to 86 that project; it’s not working.,Often used in restaurants or business settings to mean something is canceled or finished.,"Scrap that project, man – it ain't going anywhere.",We gotta scrap that project; it's a lost cause.,That project must be terminated; it's proving ineffective.
88,Bye-bye ,"I’ve got to go, 88!","A shorthand way of saying 'bye-bye,' used in casual conversations.","Gotta jet, catch ya later!","Alright, I gotta scram now!","I must depart now, farewell."
88,Hugs and kisses,"Goodnight, 88!","Represents hugs and kisses, often used in affectionate messages.","Goodnight, love & hugs!","Goodnight, love and kisses!","Goodnight, with my warmest regards and affection."
9,Parent is watching,"Can’t talk right now, 9.","Used to warn that a parent is nearby, often in teenage conversations.","Gotta mute it for a sec, Ma's listening in.","Can't chat now, mom's around.","I'm currently unable to speak, as if under parental supervision."
*s*,smile,"That was sweet of you, *s*.",Used to indicate smiling or happiness in digital conversations.,"That was real cool of ya, grinnin'.","That was really nice of you, grinning at you.","That was very kind of you, dear."
*w*,wink,I’ll see you later *w*.,"Used to convey a playful wink, often indicating humor or a secret understanding.","Catch ya later, nudge-nudge.","I'll catch up with you later, give you a quick wink.",I'll see you later; a slight nod of my eye to you.
A3,"Anytime, anywhere, anyplace","Let me know when you’re free, I’m A3!",Used to express flexibility or willingness to meet or help at any time or place.,"Whenever you're ready, I'm good to go!","Anytime works for me, I'm ready whenever!","Please let me know when you are available; I am at your disposal anytime, anywhere, anyplace."
AA,Alcoholics Anonymous,He’s been attending AA meetings for a year now.,Refers to the organization that helps people struggling with alcohol addiction.,He's been hitting up them booze bustin' support groups for a full year already.,He's been going to Alcoholics Anonymous meetings for a year now.,He has been participating in Alcoholics Anonymous meetings for a year.
AA,As above,See the AA instructions for details.,Used in written communication to refer to something mentioned previously.,Check out the deets (details) up top!,Check out the corresponding guidelines for further info.,Please refer to the instructions given earlier for further details.
AA,Ask about,"If you’re unsure, just AA the manager.",A shorthand way to say 'ask about' in casual conversation.,Just hit up the boss if you're unsure.,"If you're uncertain, go ahead and inquire from the manager.","Should you find yourself uncertain, kindly inquire with the manager instead."
AAF,As a matter of fact,"AAF, I did finish the report yesterday.","Used to clarify or emphasize a point, similar to saying 'actually.'",Y'know what? I wrapped up that report yesterday.,"Indeed, I did complete the report yesterday.","Indeed, I completed the report on the previous day."
AAF,As a friend,I only see him AAF.,Used to specify that a relationship is purely platonic.,I only kick it with him like that.,I only catch up with him as a friend.,I only see him in a friendly capacity.
AAK,Asleep at keyboard,"Sorry for the late response, I was AAK last night.",Used to explain that someone fell asleep while using their computer or phone.,"Oops, sorry 'bout that! Guess I was nodding off at the keyboard yesterday, huh?","Apologies for the delayed reply, I nodded off at my keyboard last night.",I apologize for my delayed response; I apparently fell asleep at the keyboard during the previous night.
AAK,Alive and kicking,"Don’t worry about me, I’m still AAK!",Used to express that someone is doing well and in good health.,"No sweat, I'm still in the game!","Got no worries here, I'm very much alive and well!","Rest assured, I am in good health and spirits!"
AAMOF,As a matter of fact,"AAMOF, I was just about to call you.",Used to introduce a fact or clarification in a conversation.,"Actually, I was fixin' to give you a buzz.","As it turns out, I was actually planning on giving you a ring.","Indeed, I had been intending to contact you momentarily."
AAMOI,As a matter of interest,"AAMOI, do you know when the meeting starts?",Used to ask for information out of curiosity or interest.,"Yo, what's the scoop on when that meeting kicks off?","Just curious, what time does the meeting begin?",Inquire as to when the meeting is scheduled to commence?
AAP,Always a pleasure,Thanks for your help! AAP!,A polite way of saying it’s always a pleasure to interact or assist someone.,"Cool, thanks a bunch! My pleasure!",Thanks so much for your assistance! Always a delight working with you!,Thank you very much for your assistance. It was a pleasure working with you.
AAR,At any rate,"AAR, we should meet next week to discuss this.","Used to change the subject or conclude a conversation, similar to 'anyway.'","Anyway, let's chat next week about it then.","Alright then, let's set up a meeting for next week to chat about this.","Nonetheless, let us arrange a meeting for the upcoming week to deliberate on this matter."
AAS,Alive and smiling,"Despite everything, I’m still AAS!",Used to express that someone is doing well and staying positive despite challenges.,"Still kickin' it, mate!","In spite of it all, I'm still kickin' it!","Notwithstanding all that has happened, I am nonetheless in good spirits."
AASHTA,"As always, Sheldon has the answer","You’re right again, AASHTA!",A playful reference to a know-it-all or someone who always has the right answer.,"Dang, you're on point again, Sheldon-man!","You're spot on once more, Sheldon never fails to impress!","Once more, Sheldon has provided the solution, indeed."
AATK,Always at the keyboard,She’s been AATK all night working on that project.,Refers to someone who is constantly at their computer or working on something.,She's been glued to her keyboard all night with that project.,She's been glued to her keyboard all night with that project.,She has been continuously working on that project throughout the night.
AAYF,"As always, your friend","Take care, AAYF, until next time!","A friendly way to sign off a message, showing loyalty or friendship.","Alright then, mate, catch ya later!","Take it easy, old friend, see you later!","Take care, my friend, until our next encounter!"
ABBR,Meaning abbreviation,LOL is an ABBR for ‘laugh out loud’.,Used to explain the shortened form of a word or phrase.,"C'mon now, ya know 'LOL' stands for 'laugh out loud', right?",LOL stands for 'laugh out loud'.,Laugh Out Loud (LOL) is a shorthand expression meaning to laugh loudly or express amusement.
ABC,Already been chewed,"These ideas are ABC, let’s come up with something original.",Refers to something that’s already been done or overused.,"These thoughts have been done before, let's cook up something fresh.",Those thoughts have been exhausted already; let's think of something fresh instead.,Those concepts have already been explored; let's generate something unique instead.
ABD,Already been done,"Don’t worry about the task, it’s ABD.",Used to let someone know that a task or project has already been completed.,"That's cool, it's already been handled.","Never mind that task, it's taken care of already.",The concern regarding the task is unnecessary as it has already been accomplished.
ABT,About,I’m ABT to leave for the meeting.,A shorthand way of saying 'about' in casual texts or messages.,Heading out for the meeting soon!,I'm just about to head out for the meeting.,I am about to depart for the meeting.
ABT2,About to,I’m ABT2 finish my assignment.,"A shortened version of 'about to,' often used in texting to indicate that something is about to happen.",I'ma bout wrap up this assignment.,I'm almost done with my assignment.,I am almost finished with my assignment.
ABTA,Good-bye,"It was nice seeing you, ABTA!",Used as a casual way to say goodbye.,"Cheers, mate! See ya later!","It was cool catching up with you, take care!",It was indeed a pleasure meeting you. Farewell!
ABU,All bugged up,My computer is ABU after that update.,Refers to a device or system being full of glitches or errors.,My computer's really bugging me out since that update.,My computer's acting up since that update.,My computer seems to be malfunctioning following the update.
AC,Acceptable content,"The report you sent looks good, AC.",Used to describe something that meets the necessary standards or is acceptable.,"That report you sent checks out, cool.","The report you sent looks cool, it's all good.",The report you submitted appears to be acceptable.
ACC,Anyone can come,"The party is open to everyone, ACC.",Used in invitations or announcements to let others know that anyone is welcome.,"Everyone's welcome to the party, mate!",Everyone's welcome at the party!,Everyone is welcome at the party.
ACD,ALT CONTROL DELETE,"When your computer freezes, just ACD.",Refers to the keyboard command to restart a computer when it’s unresponsive.,"When your comp goes nuts, give it a good reset!","Whenever your computer gets stuck, force a restart instead.","In such instances where your computer encounters a freeze, kindly perform a hard reset."
ACDNT,Accident,"Had a minor ACDNT on the way home, but I’m okay.","A shorthand for 'accident,' used in quick or urgent messages.","Oops, had a bit of a bump on the ride back, but I'm all good.","Ran into a small mishap on my way back, but luckily, I'm alright.","Experienced a minor road incident on my commute home, but I'm fine."
ACE, marijuana cigarette,Let’s roll an ACE for the weekend.,"Slang for a marijuana joint, often used in casual conversations about cannabis.",Let's whip up a joint for the weekend.,Let's make a joint for the weekend.,Let's prepare a cannabis cigarette for the weekend.
ACK,Acknowledge,Can you ACK that you received the package?,A formal or informal request for someone to acknowledge receiving something.,"Got it, I got your package.","Did you receive the package? If so, let me know please.",Have you acknowledged receipt of the package?
ACPT,Accept,Did you ACPT the terms of the contract?,A shorthand way of asking if someone has agreed to or accepted something.,"Did ya cop that contract's fine print, mate?",Did you agree to the terms of the contract?,Have you accepted the terms of the contract?
ACQSTN,Acquisition,The company’s latest ACQSTN was a huge success.,"Refers to the act of acquiring something, often used in business contexts.","Man, the firm's fresh pickup went off like a charm!",The firm's newest acquisition turned out to be a massive win!,The corporation's recent acquisition proved to be highly successful.
ADAD,"Another day, another dollar","Work was tough today, but ADAD.","Used to express the monotony of daily work life, implying another day of hard work for income.","Had a hard day at work, but keep raking it in!","Work was tough today, but it's just another day earning a buck.","Although work was challenging today, it's still a case of business as usual."
ADBB,"All done, bye-bye","Finished the project, ADBB!",A playful way to indicate that something is completed and to say goodbye.,"Job done, see ya then!","Task completed, take care!","Project completed, goodbye!"
ADD,Address,Can you send me your ADD for the invitation?,Used as a shorthand for 'address' in casual communication.,"Heya, can you hook me up with the deets on that invite, mate?",Could you shoot over the address for the invite?,Could you kindly provide me with your full address for the invitation?
ADDY,Address,What’s your ADDY for the party?,"Another informal way of saying 'address,' often used in digital conversations.","Whatcha gonna drop by for the bash, mate?",Where's your address for the party at?,Could you please provide me with the address for the party?
ADIH,Another day in hell,"That meeting was rough, ADIH.",Used to express frustration or exhaustion after a difficult day.,"Man, that meeting was a real nightmare! Another day of chaos, huh?","Man, that meeting was tough as nails today.",That meeting was quite challenging; another day of intense effort ahead.
ADIP,Another day in paradise,"Spent the day at the beach, ADIP!",A sarcastic or genuine way to describe a perfect or enjoyable day.,"Had a blast at the beach, another beach day again!","Had a great time at the beach today, another day in bliss!","Had a splendid day at the beach today, another day in idyllic bliss."
ADMIN,Administrator,You’ll need to talk to the ADMIN to get access.,"Refers to someone in charge of managing systems, especially in technical or web-based contexts.",Gotta hit up the bossman to score that access.,You'll have to chat with the admin to secure access.,"To obtain access, you'll need to communicate with the administrative staff."
ADMINR,Administrator,She’s the ADMINR for this forum.,"Another version of 'administrator,' indicating someone who oversees or manages something.","She's the boss of this forum, mate.",She's the administrator for this discussion board.,She is the administrator of this forum.
ADN,Any day now,The package should arrive ADN.,Used to indicate that something is expected to happen soon.,Package's coming any minute now!,"Any minute now, the package should show up.",The package is expected to arrive imminently.
ADR,Address,I sent the package to your ADR.,"Another shorthand for 'address,' frequently used in written communication.","I just shipped it to yer crib, mate.",I sent the package to your delivery address.,I dispatched the package to your designated address.
AE,Area effect,The spell has an AE that affects multiple enemies.,"Commonly used in gaming, referring to an attack or ability that affects a large area.",This charm hits a bunch of foes in its radius.,The spell influences a wide range of foes.,The spell influences a wide area affecting numerous adversaries.
AEAP,As early as possible,We need that report AEAP!,A polite yet urgent way to ask for something to be done quickly.,Let's get on it and hurry up with that report ASAP!,Could you please get that report as soon as you can?,We require the report at your earliest convenience.
AF,April Fools,"Got you good with that prank, AF!",Used to refer to the playful tradition of pulling pranks on April 1st.,"Man, you really fell for it, classic April Fool's joke!","Nailed it with that prank, classic April Fool's joke!","I've successfully executed that prank on you, just like an April Fool's Day joke!"
AF,As Freak,That was cool AF!,"A slang way of emphasizing intensity, often used casually among friends.",That was freakin' awesome!,That was really cool!,That was remarkably impressive!
AF,Aggression factor,"His AF was too high in that game, he played too aggressively.",Used in gaming or sports to describe someone’s level of aggression or intensity.,Dude's got a high intensity level – he went way too hard in that game.,He was overly aggressive during that game.,His behavior during the game exhibited excessive aggression.
AFC,Away from computer,"Be right back, AFC for a bit.","Similar to AFK, used to indicate that someone is stepping away from their computer temporarily.","Gimme a sec, I gotta step away from this screen for a moment.","I'll be offline for a moment, away from the computer.",I shall return shortly; away from the computer momentarily.
AFAIAA,As far as I am aware,"AFAIAA, the meeting is still on schedule.",Used to clarify or provide information based on one’s current knowledge.,"As far as I know, the meeting's still good to go.","According to what I'm aware of, the meeting is still as planned.","According to my current knowledge, the meeting remains as scheduled."
AFAIC,As far as I am concerned,"AFAIC, we’re good to go.",Used to express someone’s personal stance or opinion on a matter.,"As far as I'm concerned, we're all set.","As far as I'm concerned, we're all set.","In my view, we are prepared."
AFAIK,As far as I know,"AFAIK, they haven’t made a decision yet.","Used to provide information based on the speaker’s knowledge, often with the implication that more details might exist.","As far as I'm aware, they ain't decided yet.","As far as I'm aware, they haven't decided anything yet.","As of my current knowledge, they have not reached a decision yet."
AFAIUI,As far as I understand it,"AFAIUI, the project is almost finished.","Used to share understanding or interpretation of a situation, indicating possible uncertainty.","As far as I get it, the project's nearly done.","From what I gather, the project is nearly done.","Based on my current understanding of the project, it appears to be nearing completion."
AFAP,As far as possible,"Finish the task AFAP, it’s a priority.",A polite way to request someone to complete something as soon as they can.,"Knock it out as soon as you can, it's pretty important!",Please complete the task as quickly as feasible; it's quite important.,"Please complete the task at your earliest convenience, as it is of high importance."
AFFA,"Angels Forever, Forever Angels",He had an AFFA tattoo on his arm.,A motto of loyalty used by members of the Hells Angels motorcycle club.,Guy sported a Forever Angels ink on his bicep.,"He bore a tattoo of 'Angels Ever, Ever Angels' on his arm.","He bore a tattoo of 'Angels Forever, Forever Angels' on his arm."
AFJ,April Fool’s joke,"That wasn’t serious, just an AFJ!",Used to indicate that something was said as a prank or joke on April Fools’ Day.,"That was only a prank, mate!",That was merely a prank!,That was merely a jest in the spirit of April Fool's Day!
AFK,Away from keyboard,"I’ll be AFK for a few minutes, need a break.",Used in online gaming or chat to indicate that someone is stepping away from their computer temporarily.,"Gotta step away for a sec, catch my breath.",I'm stepping away for a bit; got to take a breather.,"I shall step away momentarily, requiring a brief respite."
AFZ,Acronym Free Zone,"No need for abbreviations, this is an AFZ.",Used in a playful or formal context to indicate that acronyms or abbreviations shouldn’t be used in a conversation or setting.,"Keep it plain and simple, no jargon here – this is an A-B-C Zone!",No need to use acronyms here; it's a plain English zone.,There's no requirement for acronyms here; this is an Acronym-Free Zone.
AFPOE,A fresh pair of eyes,I need AFPOE to review this document.,Refers to asking someone who hasn’t seen the project or work to give new feedback or perspective.,"Gotta get some fresh peepers on this doc, mate!",A new perspective would be great for checking over this document.,I require a fresh perspective for reviewing this document.
AGI,agility,He’s got max AGI stats in the game.,Commonly used in role-playing games to describe someone’s speed or dexterity.,He's seriously nimble in that game!,He's got top-notch nimbleness in the game.,He has exceptional adaptability statistics in the game.
AH,At home,"I’m AH, just relaxing today.",A simple shorthand for letting others know you’re at home.,"Chillin' at the crib today, yo.","I'm chilling at home today, just taking it easy.","I am at home today, merely relaxing."
AIAMU,And I am a money’s uncle,You’re saying you finished that in 5 minutes? AIAMU!,A humorous way to express disbelief or skepticism about a claim.,"You're telling me you wrapped it up in just five mins? Damn near a miracle, ain't it?!","You're telling me it took just five minutes to complete that? By George, I say that's impressive!",You're claiming to have completed it in just five minutes? Remarkable indeed!
AIGHT,Alright,"I’ll see you tomorrow, AIGHT?","A casual, slang version of 'alright,' often used in informal conversations.","See ya tomorrow, cool?","Sure thing, I'll catch up with you tomorrow.","Very well, I shall meet you tomorrow."
AIR,As I remember,"AIR, the deadline was next week.",Used to indicate that someone is recalling information from memory.,"Was the deadline, like, next week, ya know?","As I recall, the deadline was set for next week.","As I recall, the deadline was set for the following week."
AISB,As it should be,"Everything is going smoothly, AISB.",Used to express satisfaction that things are happening the way they are expected to.,"All good, just as expected.","Everything's running just fine, as expected.",Everything appears to be proceeding as planned.
AISB,As I said before,"AISB, we need to stick to the original plan.",A way to remind someone of something previously mentioned in a conversation.,"Alrighty then, let's stay on track with the OG game plan!","Let's stay on track with the initial strategy, alright?","As previously stated, let us adhere to the initial strategy."
AISI,As I see it,"AISI, we should approach this problem differently.",Used to present someone’s personal perspective on an issue or situation.,"Hey there, as I see it, let's tackle this issue a different way, mate!","In my opinion, let's tackle this issue from a different angle.","In my view, a different strategy might be more suitable for addressing this issue."
AITR,Adult in the room,I need to be the AITR and handle this responsibly.,Refers to someone taking on a mature or responsible role in a situation.,"Gotta step up and take charge here, acting like the grown-up in the room.",I've got to step up and act like a mature adult in charge here.,It is essential that I approach this matter maturely and sensibly.
AKA,Also known as,He’s AKA the best coder in the company.,Used to introduce an alternative name or alias for a person or concept.,"Dude's known as the top-notch coder round here, no doubt!",He's also known as the top-notch coder in the company.,He is also recognized as the finest coder within the company.
ALCON,All concerned,Please send this memo to ALCON.,Used in formal communication to address all people involved or concerned with a particular matter.,"Hey, pass this memo on to everyone involved, yeah?",Please circulate this memo to everyone concerned.,Please distribute this memorandum to all concerned parties.
ALOL,Actually laughing out loud,"That was so funny, ALOL!","A more literal version of 'LOL,' indicating that someone is genuinely laughing out loud.","Cracked me up, ROFL!",That was absolutely hilarious! Laughing out loud!,"That was incredibly amusing, I find myself genuinely laughing out loud."
AMA,Ask me anything (Reddit),Doing an AMA session on Reddit later!,"Popular on Reddit, 'AMA' invites others to ask any question, often used by celebrities or experts.",Gonna do a Q&A on Reddit later!,I'll be doing a Q&A session on Reddit later!,Participating in a question-and-answer session on Reddit later.
AMAP,As much as possible,Please work AMAP on this project today.,Used to request someone to do as much work or make as much progress as possible within a time frame.,Let's knock this project out as much as we can today!,Please try to squeeze in as much time as you can on this project today.,Please endeavor to devote as much time as possible to this project today.
AMBW,All my best wishes,"Congrats on your promotion, AMBW!","A polite and warm way to wish someone the best, often used in closing messages.","Kudos on that promo, all the best to ya!","Congratulations on your promotion, all my best wishes to you!",Warmest congratulations on your promotion!
AML,All my love,"Miss you, AML!","Used to send affection or love to someone, often in personal messages or letters.","Missin' ya, tons of love!","I really miss you, lots of love!",I miss you deeply.
AMOF,As a matter of fact,"AMOF, I was planning to call you today.",Used to introduce a fact or clarify a point in a conversation.,"So, guess what? I was actually gonna hit you up today.","Indeed, I had been intending to give you a ring today.","Indeed, as a matter of fact, I had intended to reach out to you today."
A/N,Author’s note,A/N: I’ll update the next chapter soon.,"Used in written works, particularly online stories or fanfiction, to indicate a note from the author.",Hey there! Just a quick heads up – new chapter on its way soon.,Heads up! New chapter coming soon.,I shall provide an update for the subsequent chapter shortly.
AO,Anarchy Online,I’ve been playing AO all weekend.,"Refers to the MMORPG *Anarchy Online*, commonly used in gaming communities.",Been playin' AO nonstop this weekend.,I've been stuck in Anarchy Online all weekend.,I have spent the entire weekend engaged in Anarchy Online.
AOC,Available on cell,I’m AOC if you need to reach me.,A way to let others know that you’re available via phone or cell.,"Catch me on my phone, mate!",You can hit me up anytime if needed.,You may contact me should the need arise via my cellphone.
AOE,Area of effect,The mage cast an AOE spell on the enemies.,"Common in gaming, referring to abilities or spells that affect a large area or multiple targets.",The mage blasted his area-affectin' spell at them enemies.,The mage launched a wide-reaching spell at the opponents.,The mage employed a wide-reaching spell against the adversaries.
AOM,Age of majority,"She just turned 18, officially at the AOM.",Refers to the legal age at which a person is considered an adult.,"She's finally of legal age, yep, hit that big 1-8!","She's finally eighteen, now legally grown-up.",She has now reached the age of majority.
AOM,Age of Mythology,I’m playing AOM with some friends later.,Refers to the real-time strategy game *Age of Mythology*.,Gonna chill and play that old mythology game with pals later on!,I'll be gaming in Age of Mythology with my buddies later on.,I shall be engaging in Age of Mythology with my companions at a later time.
AOTA,All of the above,When it comes to reasons I’m tired: AOTA.,Used to indicate that all listed options are applicable.,"Every reason I'm zonked out? Yep, you got it - all of 'em!",Everything that's been exhausting me? You got it.,In regards to the causes of my exhaustion: all factors combined.
AOYP,Angel on your pillow,"Goodnight, sleep tight, AOYP.","A sweet or affectionate way to wish someone peaceful sleep, often used in personal messages.","Sweet dreams, snooze soundly, dream angel.","Goodnight, sleep peacefully, my dear.","Goodnight, have a peaceful sleep, may sweet dreams guard you."
APAC,All praise and credit,APAC to the entire team for the hard work!,A way to express gratitude or give recognition to someone or a group.,Shout out to the whole crew for the grindin'!,Kudos to the whole team for your hard work!,Kudos to the entire team for the diligent work!
APP,Application,I need to install this APP for work.,"Refers to a software application, commonly used in tech-related discussions.","Gotta grab that app for work, bro!",Gotta get that software installed for work.,I require the installation of this application for work purposes.
APP,Appreciate,"Thanks for your help, APP!","Used as shorthand for 'appreciate,' typically in gratitude.","Cool, thanks a ton, buddy!","Many thanks for the assistance, mate!",Thank you very much for your assistance.
AQAP,As quick or quiet as possible,We need to finish this AQAP!,Urgency in completing a task swiftly or discreetly.,Hurry up and knock this out fast!,Let's knock this out swiftly then!,Let's complete this task expeditiously!
ARC,Archive,I'll ARC these old files.,Refers to archiving or storing documents or data.,"Gonna stick 'em in the vault, these oldies!",I'll save/store these old files.,I will archive these outdated files.
ARE,Acronym rich environment,Working in tech means being in an ARE.,"Describes an environment where many acronyms are used, often in professional or technical fields.",Hitting up tech world's like stepping into an acronym soup!,Working in tech is like being in a verbal shorthand world.,Operating within the technology sector entails immersion in a setting characterized by the extensive use of acronyms.
ARG,Argument,Had a huge ARG with my friend last night.,Refers to a dispute or disagreement between people.,Blowin' up big-time with my pal last night over some disagreement!,We had a massive disagreement with my buddy last night.,Experienced an intense disagreement with my friend last night.
ASIG,And so it goes,"The plan didn’t work, ASIG.",Used to express acceptance of an outcome or situation.,"Man, that plan just didn't pan out, y'know?","Well, the plan didn't pan out, mate.",The plan unfortunately did not succeed as intended.
ASAP,As soon as possible,Can you send me the report ASAP?,Indicates urgency or immediate need for action.,"Send that report pronto, will ya?",Could you please send me the report right away?,Could you kindly provide the report at your earliest convenience?
A/S/L,Age/sex/location,"Hey, A/S/L?",Used in online chatrooms to ask someone’s basic details.,"Yo, what's yer age, gender, and location, mate?","Hey there, what's your age, gender, and where are you from?","Hello there, could you kindly share your age, gender, and current location?"
ASL,Age/sex/location,What's your ASL?,"Another version of the A/S/L abbreviation, used in online communication.","How old are ya, where you from, and what's the gender biz?","What's your age, gender, and location?","Could you please share your age, gender, and location?"
ASLA,Age/sex/location/availability,Can you give me your ASLA?,"Expanded version of ASL to include availability, often in personal or dating chats.","What's the lowdown on you - age, gender, whereabouts, and status?","Could you tell me your age, gender, location, and current status?","Could you please share your age, gender, location, and current availability?"
AT,At your terminal,I'll be AT in 5 minutes.,Indicates being physically present at a workstation or computer terminal.,I'll be online in 5 minutes.,I'll log in in 5 minutes.,I shall be at my workstation in five minutes.
ATB,All the best,"Good luck with your exams, ATB!","A closing remark in communication, wishing well to the other person.","Best of luck on those exams, mate!",Best of luck with your exams!,Wishing you success with your exams; goodbye.
ATEOTD,At the end of the day,"ATEOTD, we just want the project to succeed.",Summarizes a final thought or conclusion.,"Alrighty then, at the end of the day, all we're aiming for is a successful project.","Regardless, our aim is for this project to be a success.","Regardless of the passage of time, our ultimate goal remains the success of this project."
ATM,At the moment,I’m really busy ATM.,Refers to a current situation or moment.,Got my hands full right now!,I'm quite swamped at the moment.,I am currently quite occupied.
ATSITS,All the stars in the sky,I love you more than ATSITS.,A poetic or romantic phrase expressing deep affection.,"I adore you beyond measure, like the twinkling stars themselves.",I adore you beyond measure.,I love you more than all the stars in the heavens.
ATSL,Along the same line,"ATSL, we should consider other options.",Used in conversations where a similar point or idea is being discussed.,"Let's think outside the box here, yeah? Other ideas might be worth exploring too, you feel me?",Let's think along similar lines and explore alternative possibilities.,"In similar vein, let's explore alternative possibilities."
AWC,After awhile crocodile,See you later! AWC!,A playful or casual way to say goodbye.,Catch ya later! Chillin' out later on.,"Alright then, talk to you later! Cheers!",I shall get back to you at a later time. Until then.
AWESO,Awesome,That party was AWESO!,"A short form of 'awesome,' often used to express excitement or satisfaction.",That party was off the charts!,That party was truly fantastic!,That party was truly impressive!
AWOL,Away without leaving,He’s been AWOL for a few days now.,Refers to someone being absent without explanation.,He's been skipping town for a while now.,He hasn't shown up for a couple of days.,He has been absent without leave for several days.
AWOL,Absent without leave,He went AWOL during the meeting.,Commonly used in military or professional settings when someone is absent without permission.,He bailed out on the meeting.,He skipped out on the meeting without permission.,He was absent without permission during the meeting.
AYDY,Are you done yet?,"I’m waiting, AYDY?",Asking someone if they have completed a task.,"C'mon, you done yet?",Are you finished up yet?,"Excuse me, have you completed your tasks yet?"
AYBABTU,All your base are belong to us,"That meme is classic, AYBABTU!","A popular internet meme, originating from a mistranslation in a video game.","This meme's a timeless gem, it's still got us saying ""All your stuff now belongs to us""!","This meme never gets old, it's still ours!","This meme is a timeless gem, reminiscent of the phrase, ""Your entire domain is under our control."""
AYEC,At your earliest convenience,Please send me the document AYEC.,A polite way to ask someone to respond or act when they can.,"Shoot the doc over whenever you can, mate.",Could you please forward that document at your earliest opportunity?,Could you kindly forward the document at your earliest possible convenience?
AYOR,At your own risk,"You can go ahead, but AYOR!",Used to warn someone about the potential risks of an action.,"Go right ahead, but you're on your own, bro!",Proceed at your own peril!,Proceed at your own discretion.
AYSOS,Are you stupid or something?,"Why would you do that, AYSOS?",An insulting or rhetorical question questioning someone’s intelligence.,"What on earth made you think of doing that, mate?",What on earth possessed you to do that?,"Why on earth did you do that, sir or madam?"
AYS,Are you serious?,AYS? I can’t believe it!,Expresses disbelief or surprise.,"Can't bloody believe it, mate!","Can't bloody believe it, mate!","Indeed, one cannot help but find this remarkable."
AYT,Are you there?,AYT? Haven’t heard from you.,Asking for confirmation if someone is present in an online or chat setting.,"Yo, you around? Been a minute since I hit you up.",Hey there! I hope this message finds you well. It's been a while since we last connected. How's it going?,Have you been there? I haven't received a response from you yet.
AYTMTB,And you’re telling me this because,AYTMTB? What’s the point?,A sarcastic way of asking someone why they are sharing information.,So you're actually telling me this for what purpose now?,And you're telling me this for what purpose?,"Indeed, what is the rationale behind this?"
AYV,Are you vertical?,AYV? Time to get up!,Playfully asking someone if they are awake or standing.,"Up and at 'em, buddy!",Up and at 'em! Time to rise and shine!,Are you awake yet? It's time to rise and start the day.
AYW,As you were,"It’s all good now, AYW.","A way to tell someone to continue what they were doing, often used after an interruption.","Gotcha, carry on then!","Everything's cool now, carry on then.","Everything is fine now, carry on as before."
AYW,As you wish,I’ll do it AYW.,A polite way to comply with someone’s request.,"Sure thing, gotcha.","Sure thing, I'll take care of it!","Very well, I shall attend to it."
AZN,Asian,"He’s AZN, right?","A shorthand way to refer to someone’s ethnicity, specifically Asian.","Yo, he's Asian, ain't he?","Is he of Asian descent, mate?","Is he of Asian descent, by any chance?"
B,Back,I’ll be B in a sec.,"Informal way of saying 'back,' indicating a return.",I'm gonna hit the road in a minute.,I'll step away for a moment.,I shall return momentarily.
B,Be,Just B yourself!,A shortened form of the word 'be.',Just be ya self!,Just be authentic!,Simply be authentic!
B&,Banned,He got B& from the forum.,Refers to being banned from a website or online community.,Dude's kicked off the forum.,He was kicked off the forum.,He was banned from the forum.
B2B,Business-to-business,Our company focuses on B2B sales.,Refers to commerce transactions between businesses.,We're all about business dealings among companies here.,Our business primarily deals in corporate transactions.,Our company concentrates on business-to-business transactions.
B2C,Business-to-consumer,We need to boost our B2C strategy.,Refers to transactions between businesses and individual consumers.,Let's step up our game when it comes to selling directly to customers!,Let's beef up our consumer-focused business approach.,Let us intensify our business-to-consumer approach.
B2W,Back to work,"Break’s over, B2W.",Used when returning to work after a break.,"Alrighty then, time to hit the grindstone again!",Time to get back at it then!,Time off has concluded; it's time to resume work now.
B8,Bait ,"Don’t take the B8, it’s a trap!",Refers to something used to lure or provoke someone.,"Watch out for that hook, mate! It's a set-up!",Steer clear of that setup – it's a ruse!,Avoid falling for that deception; it's a ruse!
B9,Boss is watching,"Quiet, B9!",Warning others that a supervisor or authority figure is present.,"Watch it, Big Kahuna!","Keep it down, management's around.","Keep quiet, under supervision."
B/F,Boyfriend,My B/F is meeting me later.,Refers to a romantic partner who is male.,My ol' man's gonna catch up with me later.,My boyfriend is meeting me later.,My boyfriend will meet me later.
B/G,Background,Give me the B/G on that.,Asking for background information or context.,Fill me in on the lowdown there.,Fill me in on the details of that situation.,Please provide me with the details regarding that.
B4,Before,Let’s meet B4 the event.,Used to indicate something happening prior to another event.,Let's link up before the shindig.,Let's get together before the event.,Let's meet prior to the event.
B4N,Bye for now,"Gotta go, B4N!","A temporary goodbye, indicating that communication will continue later.","Alrighty then, catch you later!","Alrighty then, I'll be off for now!",I must depart now. Until next time.
BAG,Busting a gut,I was BAG laughing at that joke!,"Refers to laughing very hard, typically at something humorous.",Cracked up royally over that joke!,I was absolutely cracking up over that joke!,I was utterly delighted by that joke!
BA,Bad *a*,That move was BA!,Complimenting something or someone as tough or impressive.,"Dang, that move was wicked sick!",That move was seriously cool!,That move was extremely impressive!
BAE,Before anyone else,You’re my BAE.,"Refers to someone special, typically a romantic partner.",You're my main squeeze.,You're always my priority.,You are my priority.
BAE,Meaning Babe or baby,"Hey BAE, what’s up?",A term of endearment used for a significant other.,"Hey Sweetie, what's good?","Hey Darling, what's happening?","Hello my dear, how are you?"
BAFO,Best and final offer,"This is my BAFO, take it or leave it.",Used in negotiations to present the last offer with no further discussions.,"This is my final word, either you dig it or ya don't.","Here's your revised sentence: ""This is my last word on this matter; let me know if you accept it.""",This represents my best and final proposal; kindly consider it as submitted.
BAK,Back at keyboard,"BRB, BAK in 5.",Used to inform someone that you are back at your computer after being away.,"Be right back, back in a sec!","Be right back, I'll be online in 5 minutes.","I shall be away momentarily, and will resume shortly."
BAM,Below average mentality,That was such a BAM move.,Insulting someone for making a foolish or unintelligent decision.,"Man, that was some real half-baked thinking right there.",That was a rather unintelligent move.,That was an unremarkably thoughtful action.
BAMF,Bad ass mother fucker,He handled that like a BAMF!,Complimenting someone for being tough or impressive.,"Man, he sure was a ballsy badass there!",He dealt with that remarkably well!,He dealt with that remarkably effectively.
BAO,Be aware of,BAO of the changes in the schedule.,Used to warn or inform someone of something they should notice or consider.,Heads up on the changes in the schedule!,Keep a close eye on the modifications in the schedule.,Kindly take note of the modifications to the schedule.
BAS,Big ‘butt’ smile,He had a BAS after hearing the good news.,"Describes someone smiling widely, often in a lighthearted way.",He flashed a broad grin after catching wind of some good news.,He sported a broad grin following the good news.,He exhibited a broad grin upon learning the favorable update.
BASIC,Meaning anything mainstream,Her outfit is so BASIC.,Used to criticize someone or something for being overly mainstream or unoriginal.,"Man, her getup is super vanilla.",Her attire is so ordinary.,Her wardrobe selection appears quite conventional.
BASOR,Breathing a sigh of relief,"Finally finished the project, BASOR!",Expresses relief after completing a task or when something goes well.,"Phew, that project's done at last, big sigh of relief!","Phew, finally done with the project!","At last, the project has been completed; a great sense of relief sweeps over me."
BAU,Business as usual,"After the meeting, it was BAU.",Indicates that things have returned to normal or routine activities.,"After the meet, it's back to the grind, mate.","Post the meeting, things went back to normal.","Following the meeting, matters returned to normal business operations."
BAY,Back at ya,Good luck! BAY!,A casual way to return a compliment or greeting.,"Alrighty then, good luck to ya too!","Alright then, take care and I'll get back to you!","Best regards, I wish you success as well!"
BB,Be back,"I’m stepping out, BB in 10.",Tells someone you’ll return soon.,"Heading out for a sec, catch ya later in 10!","I'll be gone for a bit, back in ten minutes.","I shall be away for a moment, I will return in ten minutes."
BB,Big brother,Big data feels like BB is watching.,"Refers to surveillance or control, often in reference to government or authority.",Old Data's got that Big Brother vibe going on.,Big data makes me feel as if an omnipresent guardian is observing.,Overseeing big data feels akin to being under the watchful eye of an elder sibling.
BB,Baby ,"Hey BB, miss you!",A term of endearment for a romantic partner.,"Hey kiddo, missing ya!","Hey little one, missing you!","Dear Child, I miss you."
BBC,Big bad challenge,This new project is a BBC.,Refers to a particularly difficult or daunting task.,"That fresh project's a real doozy, mate!",This new project is quite a tough nut to crack.,This new project presents a significant and demanding challenge.
BBIAB,Be back in a bit,"Gotta run, BBIAB!","A temporary goodbye, indicating that you'll return shortly.","Gotta jet, catch ya later!","I've gotta jet, but will catch up soon!","I must depart now, but will return shortly."
BBIAF,Be back in a few,"I’m heading to the store, BBIAF.",A quick way to let someone know you'll return in a few minutes.,"Heading out for a sec, catch ya later!","Heading out to the store, be back shortly.",I'll be gone for a short while to the shop; I shall return shortly.
BBIAM,Be back in a minute,"Hold on, BBIAM.",Indicates a very short absence.,"Hey, hang on a sec, I'll be right back!","Just a sec, I'll be right back.","Please wait for a moment, I shall return shortly."
BBIAS,Be back in a sec,"Let me grab some water, BBIAS.","Used for an even quicker departure, usually a few seconds.","Gotta dash for a drink, just a min' mate.","Just a moment, I'll be right back.",I'll be right back after fetching a drink.
BBL,Be back later,"I have to run some errands, BBL.","Indicates that you’ll return later, but without a specified time.","Gotta dash off for a bit, catch ya later!","Gotta take care of a few things, see you later.","I must attend to a few matters outside, and shall return later."
BBN,"Bye, bye now","Time for me to head out, BBN!","A casual way to say goodbye, often at the end of a conversation.","Alright then, gotta scoot now, see ya!","Alright then, it's time for me to scram. Cheers!","Time for me to depart now, farewell."
BBQ,Barbeque,We’re having a BBQ this weekend!,"Refers to a social event where food, especially grilled, is served.","Let's grill up some food this weekend, yeah?",We're grilling out this weekend!,We are hosting a barbecue this weekend.
BBS,Be back soon,"I’m taking a quick break, BBS.",A brief exit with the intention of returning soon.,"I'll be right back, see ya!","I'll be right back, just stepping away for a moment.","I shall be momentarily absent, but will return shortly."
BBT,Be back tomorrow,"Work’s done for today, BBT.",Indicates you won’t be returning until the next day.,"Job's all set for tonight, see ya tomorrow, mate!","All set for today, see you tomorrow.",Work is completed for today; I shall return tomorrow.
BC,Because,I’m late BC traffic was crazy.,"A shorthand for 'because,' used to explain a reason.","Man, I'm late 'cause traffic went nuts!",I'm late due to the insane traffic.,I am running late due to heavy traffic.
B/C,Because,I’m leaving early B/C I have an appointment.,"Another shorthand for 'because,' often used in text or chat.",Gotta scram early 'cause got an appointment.,I'm dashing off early as I've got an appointment.,I'm departing early as I have an appointment scheduled.
BC,Be cool,"Don’t worry about it, just BC.",Telling someone to remain calm or relaxed.,"Chill out, no biggie.","No problem at all, just take it easy.",Please do not fret about it; simply maintain your composure.
BCNU,Be seeing you,"It was nice catching up, BCNU!","A casual way to say goodbye, with the expectation of seeing the person again soon.","Catch ya later, mate!","It was great chatting again, take care!",It was a pleasure speaking with you. Farewell for now!
BCOS,Because,I’m heading home early BCOS I’m tired.,"An informal version of 'because,' used to explain something.",I'm bailing early 'cause I'm knackered.,I'm bailing early 'cause I'm knackered.,I am leaving work early because I'm tired.
BCO,Big crush on,I think I have a BCO that new guy.,Indicates romantic interest in someone.,"Man, I reckon I've got the hots for that new dude.",I've got quite a strong liking for the new guy.,I believe I have developed strong feelings for the new man.
BCOY,Big crush on you,I didn’t know you had a BCOY!,Directly expressing that someone has romantic feelings for another person.,"Man, I never knew you were my type like this!",I didn't realize I had feelings for you that deep!,I wasn't aware that you have taken such a profound liking to me!
BD,Big deal,"It’s not that hard, no BD.",Downplays something that others might find challenging or significant.,"Ain't no biggie, mate.","Not a biggie, no problemo.","It's not particularly challenging, by any means."
BDAY,Birthday,My BDAY is next week!,Refers to someone’s birthday.,"Hey, my birthday's coming up next week!",My birthday's coming up next week!,My birthday falls next week.
B-DAY,Birthday,Happy B-DAY!,"Another way to refer to a birthday, often in text.","Hey, it's your day! Enjoy!",Happy Birthday!,Best wishes on your birthday!
BDN,Big darn number,That’s a BDN to solve!,"Refers to a very large or complicated number, often in financial or mathematical discussions.","Holy smokes, that's quite the challenge!",That's quite a challenge to tackle!,That's quite a substantial problem to tackle!
BEG,Big evil grin,He looked at me with a BEG after pulling the prank.,Describes someone smirking mischievously or evilly.,He flashed a wicked grin at me after playing the trick.,He flashed a wicked grin at me after playing the trick.,He regarded me with an unusually mischievous smile following his playful trickery.
BELF,Blood Elf,My main character in WoW is a BELF.,Refers to the Blood Elf race in the video game *World of Warcraft*.,"My main dude in WoW's a high elf, but with a bit of extra red sauce.",My main World of Warcraft character is a Blood Elf.,My primary character in World of Warcraft is a Blood Elf.
BF,Boyfriend,I’m meeting my BF for dinner.,Refers to a romantic partner who is male.,Hangin' out with my main man tonight! (For dinner),I'm having dinner with my boyfriend tonight.,I am dining out with my boyfriend tonight.
BF,Brain fart,I totally had a BF during that meeting.,Describes a momentary lapse in memory or focus.,"Man, I totally goofed up during that meeting.","Darn it, I completely had a brain lapse during that meeting.",I utterly experienced a moment of cognitive lapse during that meeting.
BFAW,Best friend at work,He’s my BFAW; we have lunch together every day.,Refers to a close friend at the workplace.,He's my work bff; we grab lunch together daily.,He's my closest work buddy; we share lunch together daily.,"He is my most trusted work companion, and we share lunch together on a daily basis."
BF2,Battlefield 2,I’m playing BF2 tonight.,Refers to the popular video game *Battlefield 2*.,Gonna blast off in BF2 tonight!,I'm firing up Battlefield 2 tonight.,I shall be engaging in Battlefield 2 this evening.
BF,Best friend,My BF and I have known each other for years.,Refers to a very close friend.,My main man and me go way back.,My close buddy and I have been friends for a long time.,My closest friend and I have been acquainted for quite some time.
BFF,Best friends forever,"She’s my BFF, we tell each other everything.",Refers to a lifelong close friendship.,"She's my ride-or-die, always keeps me in the loop.","She's my very best friend, and we share everything with each other.",She is my dearest friend with whom I share all my confidences.
BFFL,Best friends for life,We’ve been BFFL since high school.,"Similar to BFF, emphasizes the idea of a lifelong friendship.",Been best mates for life ever since high school.,We've been the best of friends ever since our high school days.,Our friendship has endured since our high school days.
BFFLNMW,"Best friends for life, no matter what","Even though we’re miles apart, we’re BFFLNMW.",Strongly emphasizes an unbreakable friendship regardless of circumstances.,"No matter how far we are, we're still in this forever, thick and thin.","No matter how far apart we are, our friendship remains rock solid.","Despite the distance between us, our friendship remains unwavering for life, no matter what circumstances may arise."
BFD,Big freaking deal,"It’s not that hard, no BFD.",Can either play down or exaggerate the significance of something.,"Not a biggie, no sweat off my back.","It's not a huge challenge, no biggie.","It's not particularly challenging, by any means."
BFG,Big freaking grin,She gave me a BFG when I told her the news.,"Describes a large, joyful smile.",She flashed me an ear-to-ear grin when I shared the news with her.,She flashed an enormous grin at me upon hearing the news.,"She exhibited a broad, genuine smile upon hearing the news from me."
BFFN,Best friend for now,"We’re not as close anymore, just BFFN.",Refers to a temporary or less permanent friendship.,"Still tight, but for now, more like best buds rather than besties.","We're still pals, but more like best friends for now.","Our relationship has evolved, and we are now simply best friends for the present moment."
BFN,Bye for now,"Got to go, BFN!","A temporary goodbye, indicating future communication.","Gotta bolt, catch ya later!","I've got to scram, take care for now!","I must depart now, until our next encounter."
BG,Big grin,He walked in with a BG after winning the game.,"Describes someone smiling widely, usually from happiness.",He strolled in flashing a big ol' grin after scoring that win.,He sauntered in sporting a wide grin after securing the win.,He strode in with an extensive grin following his victory in the game.
BGWM,Be gentle with me,"It’s my first time here, BGWM!",A playful request for someone to treat you with care or patience.,"Hey, this is my first time here, so go easy on me!","Hey, I'm new here, so could you please be easy on me?",I'm new here; kindly be understanding.
BHL8,Be home late,"Running late, BHL8 tonight.",Used to inform someone that you’ll be getting home later than expected.,"Gonna be late tonight, sorry!","Running a bit behind tonight, I'll be home later.",I shall be arriving home later this evening.
BIB,Boss is back,"Gotta go, BIB.","A quick warning that the boss has returned, often in workplace chat.","Need to bolt, top dog's back!","Got to scram, he's returned.","Must depart now, supervisor has returned."
BIBO,"Beer in, beer out","Had too many beers last night, you know how it is, BIBO!",Refers humorously to the cyclical effects of drinking beer.,"Knocked back a few brews yesterday, ya feel me? BIBO, mate!","Had a bit too much beer last night, know what I mean? Cheers to that!","Had a rather excessive consumption of beer the previous night, I assume you can relate, effectively implying 'beer in, beer out'."
BIC,Butt in chair,It’s time to get BIC and finish this report.,Refers to sitting down and getting focused on work.,"Alright, let's park our backsides in those seats and wrap up this report!",Time to sit down and knock out that report.,Now is the right moment to take your seat and complete that report.
BIF,Before I forget,"BIF, don’t forget the meeting at 3!",Used to quickly mention something before it slips the person’s mind.,"Heya, remind me about that 3 PM meet, yeah?","Hey, just a heads up, don't forget the meeting at 3!","Before I overlook it, please remember the meeting scheduled for 3 o'clock."
BIH,Burn in hell,"I’m so mad at him, he can BIH.",Used in extreme anger to wish harm or suffering on someone.,"He can go straight to hell, man!",I'm really angry with him; may he suffer greatly!,I am incredibly frustrated with him; may he find peace and tranquility elsewhere.
BIL,Brother in law,I’m hanging out with my BIL this weekend.,Refers to a person’s brother-in-law.,Chillin' with my bro-in-law this weekend.,I'll be spending time with my brother-in-law this weekend.,I am spending time with my brother-in-law this weekend.
BIO,I’m going to the bathroom,"BRB, BIO.",A casual way to let someone know you’re stepping away to use the restroom.,"Heading for the loo, mate!","Be right back, off to the restroom.","Excuse me, I must step away for a moment to attend to personal needs."
BION,Believe it or not,"BION, I actually won the lottery!",Used to express surprise or disbelief in a statement.,"Whoa, can you believe it? I actually won the lotto!","Incredible, but true – I actually won the lottery!","Indeed, it appears that I have won the lottery."
BIOYA,Blow it out your ass,"I don’t care what you think, BIOYA.",A rude or dismissive response when someone is frustrated or angry.,"I couldn't care less, take a hike.","Couldn't give a fig about your opinion, mate.","I could not be less concerned about your opinion, it is utterly preposterous."
BIOYN,Blow it out your nose,"You’re being ridiculous, BIOYN.",A less harsh but still dismissive insult.,"You're acting crazy, blow it out your ear!","You're acting foolishly, clear it out of your system.","You're being absolutely preposterous, good heavens!"
BIS,Best in slot,That new sword is BIS for my character.,Used in gaming to refer to the best possible item or gear for a specific role or class.,That new sword's top-tier for my guy!,That new sword's top-notch for my character.,That new sword is optimal for my character in terms of equipment slots.
BISFLATM,Unverified,The news about the merger is BISFLATM for now.,Indicates something that hasn’t been confirmed or is uncertain.,"Rumor has it that the merger's still unconfirmed, y'know?","The scoop on the merger's still unconfirmed, as of now.",The details concerning the merger remain unverified at present.
BITMT,But in the meantime,"We’re waiting for the results, BITMT, let’s finish the other tasks.",Used to transition between actions or tasks while waiting.,"Alrighty then, let's wait on those results but in the meantime, let's crack on with the rest of our tasks.","Alrighty then, we're hanging out here for the outcomes. In the meantime, let's wrap up those remaining tasks!","In the interim, while we await the outcomes, let's proceed with completing the remaining tasks."
BL,Belly laugh,That joke gave me a BL!,Describes a hearty and genuine laugh.,That joke had me cracking up good!,That joke had me cracking up good!,That joke brought about a hearty laugh from me.
BLNT,Better luck next time,"Didn’t win the game, BLNT!",A light-hearted way to console someone after a loss or failure.,"Aww, didn't get it this time, next one's on us!","Oops, guess we didn't get the victory this time around. Better luck next time!","Regrettably, we did not secure victory in the match. Better luck next time."
Bloke,Discord,I’m chatting with some blokes on Discord.,Refers to people (often friends or acquaintances) in Discord or another chat group.,Hangin' with a few dudes on Discord.,I'm having a chat with a few folks on Discord.,I am conversing with certain individuals on the platform Discord.
BM,Bite me,"If you don’t like it, BM!","A dismissive or defiant response, often in arguments.","If you ain't feelin' it, tough luck!","If you don't like it, tough luck!","Should you find displeasure with this matter, kindly express your dissatisfaction in a more formal manner."
BME,Based on my experience,"BME, that’s not how it usually works.",Used to introduce a statement based on personal experience.,"Ain't that typically different, mate?","From my experience, that's not typically how things go.","Based on my observations, that's not typically how things transpire."
BM&Y,Between me and you,"BM&Y, I think she’s going to quit soon.",A way to share confidential information privately.,"Just between us, I reckon she's gonna call it quits real soon.","Just between us, I think she's about to resign soon.","Just between us, I believe she may be planning to resign shortly."
BOB,Back off buddy,"That’s my seat, BOB!","Tells someone to back off or give space, often in a playful or annoyed manner.","This here's my spot, mate! Back off.","Back off, that's my spot!",This is my seat; kindly find another one.
BN,Bad news,Got some BN about the project.,Refers to receiving or sharing bad or unfortunate information.,Heard some bad vibes 'bout that project.,Found out some trouble with the project.,I've received unfavorable information regarding the project.
BOE,bind on equip,I just found a BOE item in the dungeon.,"Used in gaming, specifically MMOs, to describe an item that becomes bound to a character once equipped.",Just bagged me a sweet piece to gear up in that dungeon!,I just snagged an equippable item from the dungeon.,I've discovered an equipment piece within the dungeon that can now be equipped.
BOHICA,Bend over here it comes again,Another round of layoffs? BOHICA.,Used humorously or cynically when facing a repeated negative experience.,Another round of job cuts? Sounds like you gotta brace yourself again!,Here we go again with another round of layoffs... Prepare yourself for impact.,Prepare for another round of dismissals? Brace yourself.
BOL,Best of luck,BOL on your new job!,A wish for good fortune or success.,All the best as you start that new gig!,Good luck on your new job!,Wishing you every success in your new job!
BOM,Because of mine,"I’m late BOM, I had a meeting.",Used to explain something that happened because of a personal issue.,"I'm late 'cause I had a meet, y'know?","I'm running late, because of a meeting.","I'm running late, as I had a meeting."
BOLO,Be on the look out,BOLO for the new shipment tomorrow.,"A request to keep an eye out for something, often used in law enforcement or general caution.",Keep an eye out for the fresh delivery coming tomorrow!,Keep an eye out for the incoming shipment tomorrow.,Please keep a watchful eye out for the upcoming delivery tomorrow.
BOOMS,Bored out of my skull,This meeting is making me BOOMS.,"Describes extreme boredom, typically in a tedious situation.","Man, this meeting's driving me up a wall.",This meeting's driving me up the wall.,This meeting is utterly tedious.
BOP,bind on pickup,"This sword is BOP, so I have to decide if I want it.",Used in gaming when an item becomes bound to the character as soon as it’s picked up.,"This blade's a keeper, gotta decide if I'm grabbing it.","This sword is a grab-and-go deal, so I gotta think about whether I should snag it.","This sword comes equipped upon acquisition, so I must deliberate whether to acquire it."
BOSMKL,Bending over smacking my knee laughing,That video had me BOSMKL!,"Describes uncontrollable laughter, similar to ROFL.",That video cracked me up big time!,That video had me rolling with laughter!,That video left me in hearty laughter!
BOT,Back on topic,"Okay, BOT, what’s the next agenda item?",Used in meetings or conversations to refocus on the main subject after a diversion.,"Alrighty then, let's move on to the next thing on the list, yeah?","Alrighty then, what's the topic we should be discussing next?","Very well, kindly informing me of the subsequent topic on the agenda, if you please?"
BOT,Be on that,"I’m BOT, working on it now.",Indicates that someone is currently working on a task or objective.,"I'm all over it, taking care of it right away!","Got it, currently handling that.","At your service, I am currently attending to it."
BMS,"Broke my scale, used when rating someone","You’re so gorgeous, you BMS!","A compliment used when someone is off-the-charts amazing, especially in attractiveness.","Dang, you're off the charts attractive, BMS-level!","You're absolutely stunning, you knock 'em dead!",You are extraordinarily attractive; I am utterly smitten!
BOYF,Boyfriend,My BOYF is meeting me for dinner.,Refers to someone’s male romantic partner.,My main man's picking me up for dinner.,My boyfriend's having dinner with me.,My partner will be joining me for dinner tonight.
BPLM,Big person little mind,"He’s all talk, just a BPLM.",A derogatory term for someone who is physically imposing but lacks intellect or common sense.,"He's all bark and no bite, pure small-brained.","He's all hot air, got a big body and a small mind.",He is full of words but lacks depth in understanding.
BRB,Be right back,"Need to grab something, BRB.",A quick message to let someone know you’ll be back shortly.,"Gotta dash for a sec, back soon!",I'll be back in a moment.,"Excuse me for a moment, I will be back shortly."
BR,Best regards,"Looking forward to the meeting, BR.",A formal or semi-formal way to close an email or message.,"Cool, can't wait for the meetup! Cheers!","Eager for our meeting, kind regards.","I look forward to our upcoming meeting, and I am sincerely yours."
BRBB,Be right back bitch,"Hold on, BRBB!","A casual and sometimes playful way of telling someone you’ll be back shortly, with a bit of attitude.","Alrighty, I'll be back in a sec!","Alrighty, I'll be back in a sec!","Kindly wait, I will return shortly."
BRNC,"Be right back, nature calls","Need a quick break, BRNC.",A humorous way to say you’re stepping away to use the restroom.,"Gotta step away for a sec, nature's calling.","I'll be right back, excuse me for a moment.","Excuse me for a moment, I have an urgent need to use the restroom."
BRD,Bored,I’m so BRD at work today.,Expresses boredom or disinterest.,"Man, I'm dead bored at work today.","Man, I'm really feeling bored at work today.",I find myself quite bored at work today.
BRH,Be right here,I’ll BRH if you need anything.,Used to assure someone you’ll be present or available.,"Gotcha, just lemme know if you need somethin'.",I'm here if you need me.,I shall be available immediately should you require anything.
BRT,Be right there,"On my way, BRT!",A message letting someone know you’ll arrive soon.,"En route, matey!",I'm heading over now!,"I am en route, at your service."
BSF,But seriously folks,"BSF, let’s get back to the point.",Used to transition from a joke or lighthearted moment back to seriousness.,"Alright, now let's get down to business.","Alright, let's get down to business now.","Nonetheless, gentlemen and ladies, let us return to the matter at hand."
BSOD,Blue screen of death,My computer just hit me with the BSOD!,"Refers to the blue screen error in Windows, indicating a critical system failure.","Man, my comp just blue-screened on me!",My PC just gave me a fatal error!,My computer has encountered a critical system error and displayed a blue screen.
BSTS,Better safe than sorry,"I’m bringing an extra charger, BSTS.",A cautious approach to avoid potential problems.,"Got an extra battery pack, just in case, ya know?",Got an extra charger just in case.,"I'll bring an additional charger, as a precautionary measure."
BT,Bite this,"If you don’t like my idea, BT.","A defiant or dismissive response, similar to 'bite me'.",Back off if you've got a problem with my idea.,"If you're not fond of my idea, tough luck.","Should you find issue with my proposal, I suggest reconsidering it."
BT,Between technologies,"We’re currently BT, transitioning our systems.",Refers to being in a state of technological transition or upgrade.,"We're smack dab between tech right now, moving our gear around.","We're presently in the gap between technologies, making the switch over to new systems.","At present, we are in a transitional phase between technologies, moving our systems accordingly."
BTA,But then again,"It seems like a good idea, BTA, it might not work out.",Used to express a reconsideration or alternate view.,"Sounds pretty sweet, y'know? But still, there could be issues with that.","Seems like a solid plan, doesn't it? But then again, things might not go as planned.","Despite appearing promising, there could potentially be issues arising."
BTDT,"Been there, done that","Oh, another road trip? BTDT.",Indicates that someone has already experienced something and is possibly uninterested in doing it again.,"Yep, another roadie huh? Been there, done that already.","Already been on a road trip like that, haven't I?","I see, another road trip ahead? That's familiar territory for me."
BTW,By the way,"BTW, did you see the new episode?",Used to introduce additional information or an afterthought.,"Hey, by the way, have you caught the latest one yet?","By the way, have you caught up on the latest episode yet?","By the way, have you had a chance to watch the latest episode?"
BTYCL,Meaning ‘Bootycall’,I got a BTYCL last night.,"Refers to a late-night request for a casual, often intimate, encounter.",Had a late-night hookup last night.,Had a casual visit overnight.,I had an unsolicited visit of a romantic nature last night.
BUBU,The most beautiful of women,"She's absolutely stunning, a real BUBU.",Used as a compliment to describe an exceptionally beautiful woman.,"She's a total knockout, truly the queen bee!",She's simply breathtakingly beautiful.,"She is truly remarkable, an epitome of beauty."
BURN,Used to reference an insult,That was a sick BURN during the debate!,"Refers to a clever or harsh insult, often used humorously.","Man, that was a savage burn in the debate!","Man, that was a sharp jab during the debate!",What an incisive remark during the debate!
Buff,changed and is now stronger,The mage class got a Buff in the new update.,Used in gaming to describe a character or item that has been improved or made stronger.,The mage's gotten a boost in the latest patch!,The mage class has been given an enhancement in the latest update.,The Mage class has received an enhancement in the latest update.
BWL,Bursting with laughter,That joke had me BWL!,"Indicates extreme laughter, similar to 'LOL' but more intense.",Cracked me up big time!,That joke left me in stitches!,The jest left me in fits of laughter!
BYOB,Bring your own beer,"We’re having a party this weekend, BYOB!",Commonly used for parties where guests are expected to bring their own drinks.,"Party's at our place this weekend, grab your booze!","We've got a shindig coming up this weekend, feel free to bring some brews along!",We are hosting a gathering over the weekend; kindly bring your preferred alcoholic beverages.
BYOC,Bring your own computer,"The LAN party is BYOC, so don’t forget your setup!","Refers to events, often gaming-related, where participants need to bring their own computers.",Don't miss out on the LAN party fun – remember to bring your own rig!,Don't forget to bring your own computer for the LAN party!,"Please remember that the LAN party is a bring-your-own-computer event, so ensure you have your equipment with you."
BYOD,Bring your own device,"Our company is BYOD, so you can use your own laptop.",Often used in workplaces or events where attendees bring their own tech devices.,Bringing your own laptop's cool here at work!,Feel free to bring your personal laptop here at our workplace!,"In our organization, personal devices are welcome for use, such as laptops of yours."
BYOH,Bat you on the head,"If you mess up again, I’ll BYOH!","A playful threat, often used in a light-hearted manner.","If you flub up again, I'll give you a whack on the head!","If you mess up again, I'll give you a friendly reminder!","Should there be another mistake from you, I shall gently correct you."
BYOP,paintball,We’re going to the BYOP field this weekend.,Refers to a paintball event or venue where participants bring their own gear.,Let's hit the paintball spot this weekend!,Let's hit the paintball field this weekend!,We are planning to visit a paintball field this weekend.
BYTM,Better you than me,"That meeting sounds rough, BYTM!",Used humorously to express relief that someone else is facing a tough situation instead of you.,"Man, that meeting looks tough on you!","That meeting seems tough on you, I'd rather be in your shoes!",That meeting seems challenging; I'm glad it's not for me.
C&G,Chuckle & grin,That joke made me C&G.,"Indicates mild amusement, typically a small laugh or smile.",That gag had me chuckling and grinning.,That joke had me grinning ear to ear.,The jest left me amused and smiling.
C4N,Ciao for now,"I’ve got to run, C4N!","A casual way of saying goodbye, implying that you’ll see the person again soon.","Gotta bolt, see ya later!","Gotta scram, see ya later!",I must depart now; farewell for the moment.
CAD,Control + Alt + Delete,"My computer froze, time for a CAD.",Refers to using the Ctrl+Alt+Delete command on a computer to restart or manage tasks.,Time to hit that good ol' three-key combo - Control + Alt + Delete!,Time to restart my computer.,My computer has become unresponsive; I need to perform a restart.
CAD,Canadian,I met a CAD at the conference.,"Shorthand for Canadian, often used informally.","Met a right Canuck at the shindig, eh?",I encountered a Canadian at the conference.,I encountered an individual from Canada at the conference.
Cakeday,Birthday,Happy Cakeday! Hope you have a great one!,"A fun way to refer to someone’s birthday, often used on social media.","Hey, it's your birthday bash! Here's to a fantastic day!",Happy Birthday! Have a fantastic day!,Happy Birthday! Wishing you a splendid day.
CAM,Camera,Turn on your CAM for the meeting.,"Refers to a camera, usually in the context of video calls or photography.","Fire up that lens for the meet, mate!","Fire up the camera for the meeting, please.","Activate the camera for the meeting, please."
CB,Coffee break,"I’m heading out for a CB, anyone joining?",A short break during work or study to grab coffee.,"Gonna take a quick breather, wanna tag along?","Heading out for a short break, anyone care to tag along?",I'm going to take a short break for some refreshments. Would anyone care to join me?
CB,Chat break,Let’s take a quick CB and catch up.,A pause in activity to have a casual conversation or chat.,"Alright, let's grab a breather for a bit and chat it up!",Let's grab a brief chat and check in.,Let us briefly pause for a moment to exchange updates.
CB,Crazy,That party last night was CB!,Refers to something wild or insane.,"Man, that party was bananas last night!",That party last night was absolutely wild!,That party last night was utterly mad!
CD9,parents are around,"I can’t talk right now, CD9.",Used in online chats or texting to discreetly tell someone that parents are nearby.,"Gotta mute this call, folks are listening in.","Gotta mute this call, folks are listening in.","I'm unable to speak at the moment, as my parents are around."
CFS,Care for secret?,CFS? I have some juicy gossip.,Asking someone if they want to hear confidential or secretive information.,Spillin' the tea got anything good?,Got a secret to share? I've got some interesting news for you.,Inquire as to whether there may be a confidential matter at hand; I find myself privy to certain intriguing rumors.
CFY,Calling for you,"Hey, CFY! Need your help with something.",Used to grab someone’s attention when they are needed.,"Yo, you got a sec? Gotta run somethin' by ya.","Hey, you're needed here for something. Could use your assistance!","Hello there, I require your assistance with a matter."
CHK,Check,Can you CHK if the report is ready?,A simple request to verify or review something.,You good to see if that report's all done yet?,Have you looked to see if the report is done yet?,Could you please confirm if the report has been prepared?
CIAO,Good-bye,"Heading out now, CIAO!","A friendly way to say goodbye, often used in casual conversations.","Alrighty then, see ya later!","Alright then, see you later!","Farewell, I am departing now."
CICO,"Coffee in, coffee out","Too much caffeine, CICO time!",Humorously refers to needing to use the restroom after drinking coffee.,Got a bit too wired? Time for decaf then!,"Got a bit too juiced up on coffee, time for some decaf!","Consuming excessive caffeine, it's time for a coffee break!"
CID,Crying in disgrace,"After that presentation, I’m CID.",Expresses feeling of shame or embarrassment.,"Man, after that presentation, I'm totally embarrassed.","Man, after that presentation, I'm feeling pretty embarrassed.","Following that presentation, I find myself profoundly embarrassed."
CID,Consider it done,Need help with that? CID.,A confident statement that a task will be completed promptly.,Got it! No problemo. Done and dusted.,Got it covered! No problem at all.,"Shall I assist with that matter? Very well, it shall be done."
CLAB,Crying like a baby,I was CLAB during that sad movie.,Describes someone being very emotional or crying intensely.,"Man, that movie really had me bawling!",I was blubbering like a baby during that sad movie.,I found myself in tears during that melancholic film.
CLD,Could,I CLD help you with that later.,"A shorthand way of saying 'could,' often in texts or informal messages.","No worries, I can peep at it later on!","Sure thing, I can lend a hand with that later.",I could assist you with that at a later time.
CLK,Click,Just CLK here to sign up.,"Refers to pressing or selecting a button or link, typically online.",Just tap here to sign up.,Just tap here to register.,Please click here to register.
CM,Call me,"I need to talk, CM when you’re free.",A request for someone to call on the phone.,"Hit me up when you're available, mate.",Let's chat when it suits you best.,"Could we arrange a conversation at your convenience, please?"
CMAP,Cover my ass partner,Can you be my CMAP during the meeting?,A trusted person who helps or supports someone in a tricky situation.,"Gotcha, got your back during the meeting!","Could you back me up during the meeting, please?",Could you assist in safeguarding potential liabilities during the meeting?
CMB,Call me back,"Missed your call, CMB when you can.",A request for someone to return a phone call.,"Hey, didn't catch your call, hit me up later when it suits you!","Missed your call, give me a shout when you're free.",I missed your call; please call me back at your earliest convenience.
CMGR,Community manager,She’s the CMGR for our online forum.,Refers to someone who manages online communities or social media.,She's our go-to gal for keeping our online community lively!,She manages our online community forum.,She serves as the community manager for our online forum.
CMIIW,Correct me if I’m wrong,"CMIIW, but isn’t the meeting tomorrow?",Used when someone is unsure about a statement and wants confirmation.,"Aye, could be wrong here, but ain't we got a meeting tomorrow?",Just wanting to check - isn't the meeting scheduled for tomorrow?,"If I may inquire, is it not the case that the meeting is scheduled for tomorrow?"
CMON,Come on,"CMON, you can’t be serious!",A phrase used to express disbelief or to encourage someone.,"Hurry up, you're kidding, right?","Hurry up, you can't be genuine about this!","Indeed, could you possibly be in earnest?"
CNP,Continued in next post,"This story is too long, CNP!",Used in forums or blogs to indicate that the rest of the message will follow in the next post.,"This tale's a marathon, keep it movin'!","This tale's too lengthy, to be continued!",This narrative is excessively prolonged; please continue in the next post.
COB,Close of business,We need the report by COB today.,Refers to the end of the workday or business hours.,"Alright, mate, got to have that report wrapped up by end of play today.",The report should be submitted by end of day today.,The report should be submitted by the end of regular business hours today.
COH,City of Heroes,I’m logging into COH tonight.,"Refers to the video game *City of Heroes*, an online multiplayer role-playing game.",Gonna hop on in that city of heroics tonight.,I'm heading to the virtual superhero world tonight.,I will be logging into City of Heroes this evening.
COS,Because,I’m staying in COS it’s raining.,"A shorthand way of saying 'because,' often used in casual conversations or texting.",Gotta stay inside 'cause it's pouring out there.,I'll stick around because it's pouring.,I am remaining indoors because it is raining.
C/P,Cross post,I’ll C/P this to the other forum too.,"Refers to sharing or posting the same message in multiple places, typically online.",I'm gonna toss this up on the other group as well.,I'll post this on the other forum as well.,I shall duplicate and post this on the additional forum as well.
CP,Chat post,I’ll respond to your CP later.,Refers to a message or post in a chat or online discussion.,Gonna hit ya back on that chat post later.,I'll get back to your chat post later.,I shall get back to your written communication at a later time.
CR8,Create,I’m trying to CR8 a new design.,"A shorthand way of saying 'create,' often used in text or digital communication.",Let's cook up a fresh design here!,I'm working on creating a fresh design.,I'm endeavoring to create a novel design.
Cray,crazy,That concert was totally Cray!,"Refers to something wild, exciting, or extreme, usually in a positive or amazed tone.","Man, that concert was bananas!",That concert was absolutely bonkers!,That concert was utterly extraordinary!
CRE8,Create,I’m going to CRE8 a new logo.,"Another version of shorthand for 'create,' used in text or design discussions.",Gonna cook up a fresh logo!,I'm gonna design a fresh new logo.,I'm going to design a new logo.
CRA CRA,crazy,That party was CRA CRA!,An exaggerated way of saying something was very wild or chaotic.,That party went off the chain!,That party was insane!,That party was utterly exhilarating!
CRAFT,Can’t remember a freaking thing,"I’ve been studying all night, but now I CRAFT!",Used humorously to express forgetfulness or brain fog.,"Been cramming all night, but now I'm forgetting everything again!","Despite studying all night, I've utterly forgotten everything now.","Despite my efforts to study throughout the night, I find myself in a state where I can no longer recall the details."
CRB,Come right back,"I just need to grab something, CRB.",A promise to return quickly after leaving for a short time.,"I'll be right back, mate.","I'll just be a minute, right back.",I shall be right back.
CRBT,Crying really big tears,That movie had me CRBT at the end.,Describes being very emotional or crying a lot.,That movie made me bawl like a baby at the end.,That movie left me in tears at the end.,That film brought me to tears at the conclusion.
CRIT,critical hit,I landed a CRIT on the boss!,"A term from gaming, referring to a particularly powerful or successful attack.",Nailed a killer shot on the big cheese!,Nailed a deadly strike against the boss!,I scored a decisive blow against the adversary!
CRZ,Crazy,That rollercoaster was CRZ!,"Used to describe something wild, intense, or extreme, often in a fun or exciting way.","Holy smokes, that rollercoaster was insane!",That rollercoaster was utterly mad!,That roller coaster was utterly exhilarating!
CRS,Can’t remember stuff,"I’ve got CRS lately, where did I put my keys?",A humorous way to describe forgetfulness or memory lapses.,"Man, I've been having a brain fog recently. Where the heck are my keys?","I've been having a brain fog recently, where on earth did I leave my keys?",I've been experiencing lapses in memory recently; where have I left my keys?
CSG,"Chuckle, snicker, grin",That meme got a CSG out of me.,Describes a mild reaction to something amusing or funny.,That meme had me chuckling for sure.,That meme had me chuckling.,The meme elicited a discreet smile from me.
CSL,Can’t stop laughing,"That joke was hilarious, I CSL!","Indicates that something is so funny, the person literally can’t stop laughing.",That gag had me cracking up big time!,That joke had me cracking up!,That jest was utterly amusing; it caused me to laugh heartily.
CSS,Counter-Strike Source,I’m going to hop on CSS tonight for some games.,Refers to the popular multiplayer first-person shooter game *Counter-Strike: Source*.,Gonna jump into some CS: Source action tonight!,I'll play some Counter-Strike Source this evening.,I shall play Counter-Strike Source this evening.
CT,Can’t talk,"CT now, call you later.",Used to quickly inform someone that you are unable to talk at the moment.,"Gotta scram, hit you up l8r.","Gotta step away for a bit, will reach out soon.",I regret to inform you that I am unable to engage in conversation at this moment. I shall contact you at a later time.
CTC,Care to chat?,"Hey, CTC for a bit?",A casual invitation to chat or have a conversation.,"Hey, fancy a quick chat?","Hey, fancy a quick chat?","Hello, would you be kind enough to spare some time for a conversation?"
CTHU,Cracking the heck up,That video had me CTHU!,"Describes laughing really hard at something, similar to LOL but stronger.","Man, that video had me laughing out loud (LOL)!",That video left me in stitches!,That video left me in stitches!
CTN,Can’t talk now,"CTN, I’m in a meeting.",Used to let someone know you’re currently unavailable for a conversation.,"Gotta mute, got some conference going on.","Not able to chat at the moment, I'm in a meeting.",Currently engaged in a meeting; unable to converse at present.
CTO,Check this out,"CTO, you have to see this!",A way to direct someone's attention to something interesting or important.,"Check it man, you gotta check this out!","Check this out, you gotta see it!",Kindly take a moment to observe this!
CU,See you too,CU later!,"A casual way to say goodbye, often used in text conversations.",Chat again later!,Talk to you later!,I look forward to seeing you again soon.
CU,See you,I’ll CU after work.,"Another shorthand for 'see you,' often used to end conversations.",I'll hit you up after work.,I'll see you after work.,I shall see you following your work duties.
CU2,See you,"Take care, CU2 soon!","Similar to CU, used to bid farewell.","Alright then, catch ya later!","Take care then, see you soon!","Take care, I shall see you shortly."
CUA,See you around,"Alright, CUA!","A casual goodbye, implying you’ll see the person again at some point.","Cool, catch you later then!","All right, let's catch up later then!","Very well, I look forward to our future encounters."
CUL,See you later,"Gotta go, CUL!",A brief and informal way of saying 'see you later.',"Alrighty then, catch ya later!","Alright, talk to you later!","I must depart now, farewell until later."
CULA,See you later alligator,"Heading out, CULA!",A playful or lighthearted way of saying goodbye.,"Gonna scoot, catch ya later!","Alrighty then, take care!","I'm departing now, farewell!"
CUL8R,See you later,"Talk to you soon, CUL8R!","A creative, numeric way to say 'see you later.'","Chat again soon, see ya later!","Chat again soon, take care!","I look forward to speaking with you again, Farewell!"
CUMID,See you in my dreams,"Goodnight, CUMID!","A sweet or flirty way to say goodbye, especially before bedtime.","G'night, see ya in dreams!","Goodnight, dream on!","Farewell, until our tomorrow dreams!"
CURLO,See you around like a donut,"I’ll CURLO, don’t be a stranger!","A fun, playful version of 'see you around,' adding humor with the donut reference.","I'll bump into you soon enough, so stay in touch!","See you around, don't be a no-show!","I'll look forward to crossing paths with you again, do remember to keep in touch!"
CWD,Comment when done,Check out the doc and CWD.,A request for someone to leave feedback or a comment after completing something.,"Hey, peep the docs when you're done!","Review the document first, then comment when you're done.","Please review the document, and I will provide my comments once completed."
CWOT,Complete waste of time,That meeting was a total CWOT.,Used to express frustration when something feels pointless or unproductive.,That meeting was pure nonsense.,That meeting was utterly pointless.,That meeting proved entirely unproductive.
CWYL,Chat with you later,"I’m logging off, CWYL!","A casual goodbye, indicating you’ll talk to the person again later.","Alrighty then, catch ya later!","Talking to you soon, take care!",I will be signing off now; look forward to speaking with you later.
CX,Correction,"Oops, CX: the meeting is tomorrow.",Used to make a correction or clarification in a conversation or post.,Dang it! Fixed that up: Meeting's tomorrow.,"Whoops, my mistake! The meeting is actually tomorrow.","I apologize, correction: the meeting is scheduled for tomorrow."
CYA,See you,"It’s late, CYA!","Another way to say 'see you,' typically used when signing off or leaving.","Alrighty then, catch you later!","Alrighty then, goodnight!","Goodnight, take care!"
CYAL8R,See you later,"Got to go, CYAL8R!","A creative abbreviation for 'see you later,' commonly used in texting.","Alrighty then, catch you later!","Alright then, see you later!",I must depart now; until our next encounter.
CYE,Check your e-mail,"I sent you the details, CYE!",A prompt for someone to check their inbox for new information.,"Hit up your inbox, mate!","Check your inbox, mate!",Please find the information I've sent to your email for your perusal.
CYEP,Close your eyes partner,"It’s a surprise, CYEP!",A playful or teasing phrase often used to create anticipation for a surprise.,"Shut your peepers, this is a shocker!","Shh, it's a surprise!","Prepare yourself, the unexpected has arrived!"
CYO,See you online,I’ll CYO for the game later.,"Used to indicate that you’ll see someone in an online setting, often in gaming or chat.",I'll hit you up online for the game later.,I'll chat online for the game later.,I shall be online for the game at a later time.
D2,fingers,I’ll give you a D2 when I’m ready.,"Refers to a quick gesture or signal, possibly peace or victory fingers.",I'll flash ya the digits when I'm set.,I'll show you my hands when I'm ready.,I shall offer you my fingers when I'm prepared.
D46?,Down for sex?,Are you D46?,A casual or slangy way of asking if someone is interested in an intimate encounter.,You up for it?,Up for it tonight?,Are you interested in sexual activity?
DA,the,Let’s head to DA movies.,"A shortened or informal way of saying 'the,' used in casual speech or typing.",Let's hit up them movies.,Let's head to the movies.,Let's go to the movies.
DAE,Does anyone else?,DAE feel like today’s been really long?,"Used to pose a question to a group, often to see if others share the same feeling or experience.","Feels like today's dragging on forever, doesn't it?",Does anyone else find today particularly lengthy?,Does anyone else find today particularly prolonged?
DAFUQ,What the *Freak*?,DAFUQ just happened there?,"A strong expression of confusion or disbelief, usually about something surprising or shocking.",What on earth just went down there?!,What in the world just happened there?,What on earth just transpired there?
DAM,Don’t annoy me,"I’m busy, DAM!",A direct way to tell someone not to bother or irritate you.,"Look, back off, I've got stuff to do!","I've got a lot going on right now, can we chat later?",I'm currently occupied; kindly refrain from disturbing me.
DAoC,Dark Age of Camelot,I’m playing DAoC this weekend.,Refers to the online multiplayer role-playing game *Dark Age of Camelot*.,I'ma crushin' it in ole Dark Age of Camelot this weekend!,I'll be playing Dark Age of Camelot this weekend.,I shall be engaging in Dark Age of Camelot this coming weekend.
DBAU,Doing business as usual,"Even with the changes, we’re DBAU here.","Indicates that things are continuing as normal, despite any outside circumstances.","Still crackin' on as per norm, matey!","Regardless of the updates, we're carrying on as before around here.","Despite the modifications, we continue to operate as usual in this setting."
DBEYR,Don’t believe everything you read,"Be careful online, DBEYR.","A reminder to be skeptical about the accuracy of information, especially on the internet.","Watch out on the web, ain't everything true.","Watch out on the internet, take things with a grain of salt.",Exercise caution while navigating the internet; be wary of what you encounter.
DC,Disconnect,I got DC’d from the server!,"Refers to losing connection, typically in online games or chats.","Man, I got booted off the server!","Oops, I seem to have been kicked off the server!",I have been disconnected from the server!
DD,Dear daughter,My DD is starting school this year.,A term of affection used to refer to one’s daughter.,"Hey girl, gon' be startin' school this year!",My dear one is beginning her studies this year.,My dear daughter commences her scholastic journey this year.
DD,Due diligence,Make sure you do your DD before investing.,Refers to the careful research or investigation done before making important decisions.,"Don't jump in without checking things out first, ya know?",Ensure you carry out thorough research before investing.,Ensure thorough research and investigation prior to making an investment.
DDG,Drop dead gorgeous,She looked absolutely DDG in that dress.,A compliment used to describe someone who is extremely attractive.,"Man, she was seriously hot in that dress!",She was stunningly beautiful in that dress.,She was strikingly attractive in that dress.
DEEZ NUTZ,A phrase used in online chat to annoy or frustrate those involved in the conversation.,"You walked right into that one, DEEZ NUTZ!",A popular internet phrase used humorously to troll or provoke someone.,"You sure did step in it, mate!","You fell for it hook, line, and sinker, matey!","You have fallen quite deliberately into that trap, my dear interlocutor."
DEGT,Dear daughter,My DEGT loves playing soccer.,"Another affectionate term for one’s daughter, similar to 'DD.'",My darlin' daughter sure enjoys playin' soccer!,My dear daughter enjoys playing soccer.,My dearest daughter takes delight in playing soccer.
DERP,stupid,"I forgot my keys again, DERP.","Used to describe a silly or foolish mistake, often self-deprecating.","Oops, brain fart again, clueless me!","Blimey, I've forgotten my keys once more, clueless me.","Once more, I have left my keys behind, demonstrating a marked lack of foresight."
DF,Don’t even go there,"I’m not talking about that, DF!",A warning to avoid a sensitive or controversial topic.,"Ain't got time for that, forgetaboutit!","Not touching that topic, mate!","I am not discussing that matter, by all means."
DFL,Dead freaking last ,"I finished the race DFL, but at least I finished!",A humorous way to admit coming in last place in a competition or event.,"Man, I came in dead last in that race, but hey, I still finished it!","I came in last place in that race, but still managed to cross the finish line!","I completed the race in last place, yet managed to complete it nonetheless."
DGA,Don’t go anywhere,"I’ll be right back, DGA!",A request for someone to stay put while you leave briefly.,"Gotcha, don't move an inch!","I'll just be a sec, stick around please.","I shall return momentarily, do wait for me."
DGAF,Don’t give a freak,He DGAF about what people think.,Expresses apathy or indifference toward something or someone’s opinion.,He couldn't care less 'bout folks' opinions.,Couldn't care less about what others think.,He could not care less about other people's opinions.
DGT,Don’t go there,"We’re not talking about that, DGT.",A way to stop someone from discussing a sensitive or unwanted topic.,"Ain't gonna touch on that, man, stay clear!","Let's leave that alone, mate.",That matter is off-limits in our discussion.
DGTG,"Don’t go there, girlfriend","You did not just say that, DGTG!",A sassy or emphatic way to tell someone to avoid a specific subject or behavior.,"That ain't cool, don't go there!","That's a step too far, mate! Keep it moving.","You didn't just say that, my dear. Please reconsider."
DGYF,"Dang, girl you fine","Saw you at the party last night, DGYF!",A compliment typically used to express admiration for a woman's appearance.,"Man, you looked good at that party last night!","Wow, I saw you at the party last night and you looked stunning!","Observed you at the gathering last evening, you indeed are lovely!"
DH,Dear husband,My DH is cooking dinner tonight.,Refers to one’s husband in a loving or affectionate way.,Ol' man's cookin' up dinner tonight.,My husband's preparing dinner tonight.,My husband will be preparing dinner this evening.
DHU,support,Thanks for the DHU during the tough times.,Expressing appreciation for someone’s emotional or practical support.,Appreciate the backup when things got rough!,Thank you so much for being there with me through the hard times.,Thank you for your unwavering support during challenging times.
DIIK,Darned if I know,What’s the answer to this problem? DIIK.,Used to express uncertainty or lack of knowledge.,"Whatcha reckon's the deal with that problem, mate? Dunno.","Gosh darn it, I haven't the foggiest idea about that problem.",I'm afraid I'm at a loss as to the solution for this issue.
DIKU,Do I know you?,"Hey, DIKU? You look familiar.",A way of asking someone if they’ve met before or if they are acquainted.,"Hey, you looking' like someone I know?","Hey, do I recognize you from somewhere? You seem somewhat familiar.","Hello there, are we acquainted? You appear to be someone I recognize."
DILLIGAF,Do I look like I give a freak?,"You can complain all you want, but DILLIGAF.","A sarcastic or dismissive response, indicating indifference.","You can whine all you like, but I seriously don't care.","You can whine and moan all you like, but frankly, I don't care.","You may express your concerns as much as you wish, but it seems evident that you are not in a position to demonstrate concern."
DILLIGAS,Do I look like I give a sugar?,You think that bothers me? DILLIGAS.,"A more polite version of DILLIGAF, showing disinterest or lack of concern.",You reckon that's got me worried? I don't care a fig.,You reckon that's an issue for me? Not a bit of it.,You seriously believe that concerns me? Not at all.
DIS,Did I say?,DIS I wouldn’t help you? Think again.,"A defensive or rhetorical response, used when someone is being questioned.",Didn't I tell ya I ain't helping you? Better think twice.,Didn't I just say I wouldn't assist you? Think twice.,Did one misunderstand me when asking for assistance? One should reconsider that notion.
DITYID,Did I tell you I’m distressed?,DITYID about how stressful work has been?,Used to express frustration or to vent about a difficult situation.,Been goin' through it at work lately?,"Feeling pretty overwhelmed with work lately, haven't I?",Have you heard that my work has caused me distress?
DIY,Do it yourself,"If you want it done right, just DIY.",Encourages someone to handle a task on their own instead of relying on others.,"If ya wanna get it done proper, just give it a go yourself!","If you're aiming for perfection, take care of it yourself.","Should you desire it to be executed correctly, consider undertaking it yourself."
DKDC,"Don’t know, don’t care",What’s happening in the news today? DKDC.,"Apathy or indifference about a situation, showing that the person neither knows nor cares.","Got any news for me today? Meh, who cares.",I couldn't care less about what's happening in the news today.,I'm unfamiliar with today's news updates. It doesn't concern me either way.
DKP,Dragon kill points,I earned a ton of DKP during the raid.,"Refers to points accumulated in online role-playing games, typically in raids or group events.",Managed to rack up some serious dragon loot points during the raid!,I bagged loads of dragon points during the raid.,I accumulated a considerable amount of Dragon Kill Points during the raid.
D/L,Download,I’m waiting for the new game to D/L.,"Refers to downloading files or software, often used in tech or gaming contexts.","I'm waiting to snag that fresh game, y'know?","I'm just hanging out, waiting to grab that fresh new game.",I am awaiting the arrival of the latest game for download.
DL,Download,The file is taking forever to DL.,A shorthand version of 'download.',This file's takin' ages to grab.,The file's taking ages to download.,The file is taking an unusually long time to download.
DL,Down low,"Keep this on the DL, it’s a secret.",Used to refer to something that should be kept discreet or confidential.,"Keep it hush-hush, it's all under wraps.","Keep it under wraps, it's a secret.","Maintain this in confidence, as it's confidential information."
DL,Dead link,"I clicked the article, but it was a DL.",Refers to a web link that no longer works or leads to an inactive page.,"Man, I clicked that article, but it's busted!","Clicked the article, but it turned out to be broken.",The link to the article turned out to be inactive.
DLBBB,Don’t let the bed bugs bite,Goodnight! DLBBB!,"A playful way to say goodnight, wishing someone peaceful sleep.","Sleep tight, don't get bitten by no critters!",Good night! Sleep tight and don't worry about pesky critters.,Goodnight! Sleep tight and have pleasant dreams.
DLTBBB,Don’t let the bed bugs bite,"Sleep well, DLTBBB!","Similar to DLBBB, used to wish someone a good night.","Sweet dreams, no creepy crawlers for you!","Sleep tight, don't worry 'bout a thing!","Have a restful night, sleep tight, and don't worry about any unwanted visitors."
DM,Doesn’t matter,It DM whether we go now or later.,"Used to show indifference, implying that the outcome is unimportant.","Eh, no biggie if we roll out now or hang on a bit longer.",It doesn't make much difference if we go now or later.,It is of no consequence whether we depart immediately or at a later time.
DM,Direct message,I’ll DM you the details later.,"Refers to sending a private message, often on social media platforms.",Hit me up later for the deets!,I'll shoot you a private message with the details later.,I will send you a private message containing the details at a later time.
DM,Do me,Can you DM a favor and pass me that?,A casual way of asking someone to do something for you.,"Hit me up and toss it over, would ya?",Could you lend a hand and pass that over for me?,Could you kindly perform a favor for me and hand over that item?
DM,Dungeon Master,Our DM is preparing a new campaign for tonight.,Refers to the person leading or controlling the game in tabletop role-playing games like Dungeons & Dragons.,"Man's gonna be cookin' up a fresh game tonight, yo!",The game master's planning a fresh adventure for tonight.,The Dungeon Master is currently preparing a fresh campaign for this evening.
DMNO,Dude Man No Offense,"DMNO, but that was a weird thing to say.","Used to soften a potentially offensive or blunt statement, similar to saying 'no offense.'","Hey man, no worries mate, that was a bit odd, innit?","Buddy, I've got to say, that was quite an unusual comment.","I beg your pardon, but that remark seemed rather peculiar."
DMY,Don’t mess yourself,"That movie wasn’t scary at all, DMY!",A playful way to tell someone not to overreact or be too scared.,"Man, that film sure wasn't spooky, don't scare yourself!","That film wasn't even remotely terrifying, take care!","That film was utterly unnerving, by no means frightening."
DN,Down,I’m DN to hang out later.,A casual way of saying you’re interested or willing to do something.,Ain't feelin' up for it later on.,I'm not really up for hanging out later.,I regret to inform you that I cannot make plans for later.
DNC,I do not understand,What did you mean by that? DNC.,Used when someone is confused or doesn’t comprehend something.,"Gotcha, but whatcha really implyin' there? Clueless, mate!",What on earth do you mean by that? I'm clueless.,Could you please clarify your meaning? I'm unable to comprehend it.
DNR,Dinner,Let’s grab DNR tonight.,"A shorthand for 'dinner,' often used in casual text conversations.",Let's hit up some grub tonight.,Let's get dinner tonight.,Shall we have dinner together tonight?
DNT,Don’t,DNT forget to bring the tickets!,"A shortened version of 'don’t,' typically used in texting or casual chats.","Don't ball up without those tix, ya hear?","Don't forget those tickets, okay?",Please remember to bring the tickets!
d00d,Dude,"What’s up, d00d?","A playful or slang version of 'dude,' often used in gaming or online culture.","Hey buddy, what's happening?",Hey there! How's it going?,"Greetings, sir! How are you doing?"
DOE,Daughter of Eve,"She’s a true DOE, always kind and caring.","Refers to a woman, often used with a biblical or spiritual connotation.","She's pure gold, always sweet and nurturing.",She's truly an embodiment of compassionate womanhood.,"She is indeed a paragon of womanhood, always exhibiting kindness and compassion."
DORBS,Adorable,That puppy is so DORBS!,A cutesy way of saying something is adorable or very cute.,That pup's a total charmer!,"Oh my goodness, that puppy is absolutely charming!",That puppy is utterly charming!
DOT,Damage over time,I applied a DOT spell during the boss fight.,"A gaming term, referring to a status effect that causes damage to a target over a period of time.",Hit 'em with some tick tick damage during the boss brawl.,I casted a sustained-damage curse during the boss battle.,I employed a continuous damage effect during the battle against the boss.
Downvote,Voting negatively,"My comment got a downvote, guess it wasn’t popular.",Used on online platforms like Reddit to express disapproval or disagreement by voting a comment or post down.,"My comment didn't go down too well, looks like it flopped.","My comment didn't seem to resonate, looks like it wasn't well-liked.","My comment received negative feedback, suggesting it was not well-received."
DPS,Damage per second,I’m playing a DPS role in the raid.,A gaming term referring to how much damage a character can deal in one second.,I'm crankin' out them numbers as a DPS in the raid!,I'm handling the damage output in the raid.,I am assuming a role that delivers damage per second during the raid.
DQMOT,Don’t quote me on this,"I think the meeting is tomorrow, but DQMOT.",A disclaimer used when someone isn’t sure about the accuracy of their statement.,"Think the meeting's tomorrow, but lemme stress, this ain't confirmed yet.","I believe the meeting is scheduled for tomorrow, but take that with a grain of salt.","I believe that the meeting is scheduled for tomorrow, however, I should clarify this information."
DR,Didn’t read,"DR, what’s the summary?",Used to indicate that someone didn’t read a long message or article and wants a summary.,"Skipped it, what's the gist?","Didn't catch the summary, could you fill me in?",Could you please summarize as I haven't had the chance to read it yet.
DS,Dear  son,My DS is coming home from college this weekend.,A term of affection for one’s son.,"Aye, me boy's headin' back from college this weekend.",My dear son is returning from college this weekend.,My dear son will be returning home from college this weekend.
DTR,Define the relationship,"We need to DTR, are we just friends or more?",Refers to a conversation to clarify the status or nature of a relationship.,"Let's talk 'bout us, where do we stand? Are we just pals, or something else?",Let's clarify where we stand – are we simply friends or something more?,It is essential for us to clarify our current relationship status. Are we merely friends or is there something more between us?
DTRT,Do the right thing,"Even if it’s hard, always DTRT.",Encourages someone to act ethically or make the best decision.,"Always do what's right, even when it ain't easy.","No matter how tough, always do what's right.","Regardless of difficulty, ensure you act in an honorable manner at all times."
DTS,Don’t think so,Are you coming to the party? DTS.,A casual way of expressing doubt or saying no.,"Ain't you gonna come to the party, mate? Nah, probably not.",Aren't you coming to the party? Not really.,Will you be attending the party? I'm afraid not.
DTTD,Don’t touch that dial,"We’ll be right back, DTTD!","Used to ask someone not to leave or change something, typically in broadcasting or TV contexts.","Alright, hang tight, keep chillin'! We'll be back soon!","Just a sec, hang tight!",We shall return shortly; please remain tuned.
DUPE,Duplicate,I accidentally made a DUPE of the file.,"Refers to creating a duplicate or copy of something, often used in tech or gaming.","Whoops, I just duplicated that file by mistake.",I goofed and created a duplicate of the file.,I inadvertently created an identical copy of the file.
DUR,Do you remember?,DUR that trip we took last year?,A shorthand way of asking if someone recalls something from the past.,"Hey, don't you remember that trip from last year?","Hey, do you recall that trip from last year?",Did you recall the journey we undertook last year?
DV8,Deviate,Let’s not DV8 from the original plan.,Refers to moving away from or changing the intended course or plan.,"Let's stick to the OG scheme, alright?","Let's stick to the original scheme, alright?","Let's adhere to the initial scheme, shall we?"
DW,Dear  wife,My DW planned a surprise for my birthday.,A term of affection for one’s wife.,Old lady cooked up a surprise for my bday!,My wife arranged a surprise for my birthday.,My wife has arranged a surprise for my birthday.
DWF,Divorced white female,She’s listed as a DWF in the profile.,Refers to a person’s status in online dating or social profiles.,She's a single white woman on her profile.,"She's a divorced woman, according to her profile.",The woman is identified as a divorced female in her profile.
DWM,Divorced white male,He’s a DWM looking for a new start.,"Similar to DWF, describes a man’s relationship status on dating platforms.",Ex-husband on the hunt for fresh beginnings.,This fellow is a divorced white man seeking fresh beginnings.,He is a divorced man seeking a fresh beginning.
DXNRY,Dictionary,I had to check the DXNRY to figure out what that word meant.,"A shorthand for dictionary, used in casual writing or texts.",Hadta look up the slang dictionary for that one.,Had to look up that word in the dictionary to understand its meaning.,"To ascertain the meaning of that particular term, I consulted a dictionary."
DYNWUTB,Do you know what you are talking about?,"You keep saying that, but DYNWUTB?","A sarcastic or questioning remark, asking if the other person truly understands what they are saying.",Ain't you just talkin' out yer hat though?,Are you just talking without knowing what you're talking about?,"Are you actually knowledgeable on that subject, though?"
DYFI,Did you find it?,"You were looking for your keys, DYFI?",A question asking if someone has found something they were searching for.,"Found yourself searching for your keys, mate?",Did you manage to find your keys?,Were you able to locate your keys?
DYFM,"Dude, you fascinate me","The way you explain things, DYFM!","A compliment, often used humorously or sincerely to express admiration for someone’s personality or knowledge.","Man, your way of explaining stuff is on point!","Man, you really know how to make things clear!",Your manner of explaining matters is most intriguing to me.
DYJHIW,Don’t you just hate it when…?,DYJHIW you lose your keys right when you need them?,Used to start a relatable complaint or frustration.,"Ugh, isn't it just the worst when you can't find your keys exactly when you need them most?","Ugh, isn't it frustrating when you misplace your keys exactly when you need them?",Isn't it ever so frustrating to misplace one's keys precisely at a time when they are required?
DYOR,Do your own research,"Before you invest, make sure to DYOR.","Encouraging someone to independently verify information, often used in finance or cryptocurrency discussions.","Don't hop in blind, do your homework first!","Before you invest, be sure to look things up yourself.","Prior to making an investment, ensure that you conduct thorough research on your own."
E,Ecstasy,She was at the club on E last night.,"Refers to the drug Ecstasy, often used in conversations about parties or nightlife.",She was rolled up at the club on some Molly last night.,She was on molly at the club last night.,She was under the influence of MDMA at the nightclub last evening.
E,Enemy,"Watch out, E approaching from the left!",Commonly used in gaming to refer to an enemy or opposing player.,"Keep an eye out, the rival's coming in from the left!","Advisor: Be cautious, the adversary is coming from the left!","Be cautious, an adversary is advancing from your left side!"
E1,Everyone,E1 needs to be ready by 5 PM.,A shorthand way to refer to 'everyone' in a group.,Everybody gotta be ready by 5 PM.,Everyone should be prepared by 5 PM.,All individuals are required to be prepared by 5 PM.
E123,"Easy as one, two, three","Don’t worry about it, it’s E123!",Used to describe something simple or straightforward.,"Piece of cake, mate!","No need to stress, it's a breeze!","Rest assured, it's quite simple indeed!"
E2EG,Ear to ear grin,"After hearing the good news, I had an E2EG.","Describes a wide, happy smile.",Grinning from ear to ear after the great news!,"After learning the great news, I couldn't help but flash a broad smile from ear to ear.","Upon receiving the favorable information, I found myself with a broad smile stretching from ear to ear."
EAK,Eating at keyboard,"I’ll reply in a bit, I’m EAK right now.",Used when someone is multitasking by eating while at their computer.,"Gimme a sec, I'm currently munchin' away at my keyboard.","I'll get back to you soon, I'm currently munching at my keyboard.","I'll respond shortly; at present, I am occupied with eating."
EBKAC,Error between keyboard and chair,"It’s not a tech issue, just an EBKAC!",A humorous way of blaming a problem on the user rather than the computer.,"It's all good, just user error!","It's not a technical problem, it's user error!",The problem isn't technological; it's simply a user error.
ED,Erase display,I accidentally hit ED and lost my work.,"Refers to clearing or erasing a screen or display, often in tech contexts.","Dang it, I accidentally hit 'wipe screen' and now my work's gone.","Oops, I inadvertently wiped out my work on the screen.","I unintentionally activated the clear display function, resulting in the loss of my work."
EF4T,Effort,That took a lot of EF4T to complete.,"Shorthand for 'effort,' used to describe something that required a lot of work or energy.",That required some serious hustle to finish off!,"Man, that took some real effort to finish.",That required substantial effort to accomplish.
EG,Evil grin,He gave me an EG after pulling that prank.,Describes a mischievous or playful smile.,He flashed a sly grin at me after that prank.,He flashed a mischievous smirk at me after playing that trick.,He gave me a malicious smile after executing that trick.
EI,Eat it,"I told him he’d fail, and he totally had to EI.",A way to tell someone they need to accept failure or defeat.,"Told him straight up he'd bomb, and he sure as hell needed to eat a humble pie.","I warned him that he'd flunk, but he surely did bomb instead.","I informed him that he would likely fail, but he nonetheless met with disappointment."
EIP,Editing in progress,"The blog post is still EIP, I’ll send it when it’s ready.",Indicates that a document or content is still being edited or revised.,"Blog's still a work in progress, mate. I'll shoot it over once it's done.","The blog post is still a work in progress, I'll shoot it over once it's done.",The blog post remains under review; I will forward it once it's finalized.
ELI5,Explain like I’m 5,Can you ELI5 how blockchain works?,"A request for a simplified explanation of a complex topic, as if explaining it to a 5-year-old.","Break it down for me like I'm clueless, what exactly is this blockchain thingy?",Could you please explain to me in simple terms how a blockchain functions?,"Could you please explain in simple terms, as if to a child, how blockchain functions?"
EM,E-mail,I’ll send you the details via EM.,"A shorthand for 'email,' used in digital communications.",I'll shoot ya the deets over IM (Instant Message).,I'll shoot you an email with the details.,I shall transmit the particulars to you by email.
EMA,E-mail address ,What’s your EMA so I can send the files?,Refers to someone’s email address.,"Need ya email, mate, so I can chuck over the files?",Could you shoot me an email address for sending over the files?,Could you please provide me with your email address so I can forward the files to you?
EMBAR,Embarassing,That mistake was so EMBAR!,A shorthand way to say 'embarrassing.',"Oh man, that blunder was super cringy!","Oh man, that mistake was super cringe-worthy!",That error was utterly mortifying!
EMFBI,Excuse me for butting in,"EMFBI, but I think you’re mistaken about that.",A polite way to interrupt or join a conversation.,"Hey hey, hold up a sec! I reckon you might've got that wrong.","Excuse me for interjecting here, but I believe there might be a misunderstanding on your part.","Pardon the interruption, however, I believe there may be a misunderstanding on that point."
EMFBI,Excuse me for jumping in,"EMFBI, can I add something here?",Another way to politely interrupt or join a discussion.,"Hey hey, got a thought to toss in if that's cool?","Excuse me for a moment, could I jump in with something?","Excuse me for a moment, may I interject with a comment?"
EMSG,E-mail message,I sent you an EMSG this morning.,Refers to an email message sent to someone.,"Yo, I hitcha up with a email this mornin'.",I shot you a message via email this morning.,I dispatched an email message to you this morning.
ENUF,Enough,"That’s ENUF, let’s move on.","A shorthand for 'enough,' indicating that something has reached a limit.","Alright, that's more than enough. Let's shift gears now.","Alright, that's more than enough. Let's proceed.",That's sufficient; let us proceed.
EOD,End of day,Please submit the report by EOD.,Refers to the end of the workday or business hours.,"Gotta wrap up that report by the close of play today, mate!",Submit the report by the end of today.,Kindly submit the report by the end of the day.
EOD,End of discussion,"We’ve already decided, EOD.",Used to indicate that a topic or debate is closed and no further discussion will occur.,"That's a wrap, no more debate.","That's a wrap, no further discussion needed.","The matter has been resolved, there's nothing more to discuss."
EOL,End of lecture,"That’s all for today, EOL.","Signals the end of a talk, lecture, or presentation.","Alrighty then, that's a wrap for today!","Alright then, that's a wrap for today!",This concludes our discussion for today.
EOL,End of life,This software is nearing its EOL.,"Refers to the point when a product, usually software, will no longer be supported or maintained.","This software's days are numbered, mate.",This software's lifespan is coming to an end soon.,The software is approaching its end-of-life phase.
EOM,End of message,"Meeting moved to 3 PM, EOM.","Indicates the message contains all necessary information, with no further text needed.","Meeting's at 3 PM, that's all folks!","Meeting rescheduled for 3 PM, that's all folks!",Meeting rescheduled for 3 PM. End of message.
EOS,End of show,We’ll talk after EOS.,"Used to refer to the conclusion of a show, performance, or event.","Let's catch up post-show, mate.",Let's connect post-performance.,Our conversation will continue following the conclusion of the event.
EOT,End of transmission,"I’ve sent all the data, EOT.",A formal way to indicate that communication or a data transfer is complete.,"Got it all to ya, all done here!","That's it, all data dispatched!",I have transmitted all the necessary information; this concludes my transmission.
EQ,EverQuest,I used to play EQ all the time.,Refers to the popular online multiplayer game *EverQuest*.,"Man, I was always playing that EverQuest back in the day!","Back in the day, I was a regular on EverQuest.","In the past, I frequently played EverQuest."
ERP,Erotic Role-Play,He’s into ERP in online games.,"Refers to role-playing scenarios with an erotic or sexual theme, often in gaming or virtual environments.",Dude's got a thing for role-playing the steamy stuff in video games.,He enjoys simulating romantic scenarios within online gaming environments.,He participates in simulated romantic scenarios within online games.
ERS2,are you ,ERS2? I can’t believe that happened!,Used to express disbelief or surprise.,"What's goin' on? Can't believe that just went down, mate!",What's going on there? Can't believe that just happened!,Could it be that you are? I find myself utterly astonished by this turn of events!
ES,Erase screen,I accidentally hit ES and lost all my work.,"Refers to clearing a screen or display, typically in tech or software environments.","Oops, I smashed ES and poof went all my work!","Oops, I accidentally wiped out everything on screen, all my work gone!",I unintentionally triggered a command that resulted in the loss of all my work.
ESAD,die,"I was so mad, I told him to ESAD.","A harsh or extreme way to tell someone off, implying they should 'die' or disappear.","Man, I was pissed off, I told him to kick the bucket.","I was really upset, so I told him to kick the bucket.","I was extremely angered, I advised him to depart from life."
ETA,Estimated time of arrival,What’s your ETA? The meeting starts soon.,Used to ask when someone or something will arrive.,"When you gonna be here, mate? The meeting's kickin' off shortly.",When do you plan to arrive for the meeting? It's starting shortly.,"When can I anticipate your arrival at the meeting, as it will be starting shortly?"
ETA,Edited to add,ETA: I just found the missing files.,Used in online forums or posts to indicate an addition or correction to the original message.,"Just added the missing files, cheers!","Just found the missing files, edited to add.",I have located the previously absent files.
EVA,Ever,That was the best movie EVA!,A casual or exaggerated way to say 'ever.',That film was sickest ever!,That was the best movie EVER!,That was absolutely the finest movie ever!
EVO,Evolution,The EVO of technology is fascinating.,"Refers to the process of change or development, especially in science or technology.","Tech's always evolving, it's mind-blowing, ain't it?",The advancement of technology is captivating.,The evolution of technology is captivating.
EWG,teasing,He was EWG me about my new haircut.,Refers to playful or light-hearted teasing.,Dude's giving me grief over this new 'do of mine.,He was giving me a hard time about my new haircut.,He playfully teased me regarding my latest haircut.
EWI,Emailing while intoxicated,"I sent an embarrassing email last night, totally EWI.","Refers to sending emails while under the influence of alcohol, often with regrettable results.","Sent a cringe-worthy email last night, straight up hammered-fingered typing!","Sent a rather mortifying email last night, completely drunk-emailing.",I sent an awkward email in a state of intoxication last night.
EXTRA,Meaning over the top,"Her outfit was so EXTRA, but I loved it!",Used to describe someone or something that is overly dramatic or excessive in a fun way.,"Man, her getup was truly excessive, yet I adored it!","Her outfit was incredibly lavish, yet I adored it!","Her attire was notably elaborate, yet I admired it greatly."
EYC,"Excitable, yet calm","She handled the news EYC, excited but not overwhelmed.",Describes someone who is both enthusiastic and composed.,"She took the news like a cool cat on a hot tin roof, all hyped up yet collected.",She took the news with a mix of enthusiasm and calm composure.,"She displayed an admirable composure, exhibiting a sense of excitement yet maintaining her calmness amidst the news."
EZ,Easy,"That task was EZ, no problem!",A simple way of saying something was easy or effortless.,"Piece of cake, no sweat!","That task was a breeze, no trouble at all!","That task proved to be quite straightforward, without encountering any difficulties at all!"
EZY,Easy,The instructions were super EZY to follow.,"Another shorthand for 'easy,' typically used in text or casual conversation.",The guidelines were a breeze to get through.,Following the instructions was a breeze.,The instructions were straightforward to comprehend.
F,Meaning female,The gamer I met was an F.,"Shorthand for female, often used in profiles or chat rooms.",The gamer I ran into was a chick.,The gamer I encountered was a lady.,The individual I encountered was a woman who happened to be a gamer.
F2F,Face to face,Let’s meet F2F to discuss the details.,Refers to an in-person meeting rather than online or over the phone.,"Let's sit down and chat this through, face to face.",Let's meet in person to talk about it all.,Let's arrange a face-to-face meeting to go over the details.
F2P,Free to play ,"That new game is F2P, so everyone can try it.",Refers to games or content that are free to access but may offer in-game purchases.,"That fresh game's totally free to play, so anyone can give it a go!","That fresh game doesn't cost a dime to play, so anyone can give it a shot!","That fresh game is accessible to all, as it does not require payment for participation."
F4F,Follow for follow,I’ll F4F if you’re interested!,A phrase used on social media to suggest mutual following between users.,Let's connect if you're game!,I'll follow you back if you'd like!,I'd be happy to reciprocate a follow if your interest is piqued!
FAAK,Falling asleep at keyboard,I’ve been working for hours and I’m FAAK right now.,"Describes extreme tiredness, typically from long hours of working at a computer.","Man, I've been at this for ages and I'm zoning out big time!",Been slogging away for ages and I'm zonked out now.,"Despite having worked for several hours, I find myself struggling to stay awake at present."
FAB,Fabulous,You look absolutely FAB tonight!,A compliment to describe something or someone as fantastic or stylish.,"Man, you're looking sharp tonight!",You look incredibly fabulous tonight!,You appear remarkably splendid tonight!
Facepalm,embarrassment or frustration,"I forgot my wallet at home, facepalm.","Used to express embarrassment or frustration, often accompanied by the physical gesture of putting one’s hand to their forehead.","Oops, left my wallet at home, major head-shaker moment.","Oh no, I left my wallet at home, that's just typical!","I inadvertently left my wallet at home, a moment of profound exasperation."
FAF,Funny as freak,That video was FAF!,"Used to describe something as extremely funny, often in a casual or playful tone.","Man, that video was hilarious!",That video was remarkably amusing!,The video was exceptionally amusing!
FAM,friends,"What’s up, FAM? Let’s hang out this weekend.","A slang term for close friends or family, used to show affection or camaraderie.","Hey there, peeps! What's cookin'? Fancy catching up this weekend?","Hey there, buddies! How's it going? Let's grab some time together this weekend.","Greetings, friends! Shall we make plans for a gathering this coming weekend?"
FAQ,Frequently asked questions,Check out the FAQ before you ask any questions.,"Refers to a list of common questions and their answers, often found on websites.","Peep the Q&A before you drop a question, mate!",Take a peek at the list of common queries before asking anything.,Kindly peruse the Frequently Asked Questions section prior to submitting your inquiries.
FAY,Freak all you,"I’m done with this nonsense, FAY!","A dismissive or angry way of telling someone off, usually in response to frustration.","I've had enough of this bullcrap, let loose, man!",I've had enough of this crap!,"I've had enough of this absurdity, indeed!"
FB,Facebook,Add me on FB!,Refers to the social media platform Facebook.,Hit me up on the 'book!,Let's connect on Facebook!,Let's connect on Facebook!
FBB,Facebook buddy,"She’s my FBB, we met through a group.",Refers to someone who is a friend on Facebook.,"She's my Facebook pal, we connected through a gang.",She's my Facebook buddy; we connected through a group.,She is my Facebook acquaintance; our connection originated from a group.
FBC,Facebook chat,I’ll FBC you later about the event.,Refers to chatting with someone through Facebook’s messaging feature.,Catch ya on messenger 'bout that event later.,I'll message you on Facebook later regarding the event.,I will message you on Facebook regarding the event at a later time.
FBF,Flashback Friday,"Here’s a pic from my trip last year, #FBF.","Used on social media to post old photos or memories, typically on Fridays.","Check out this oldie but a goodie from last year's adventure, #ThrowbackThursday!",Here's an old photo from last year's trip! #ThrowbackThursday,"Sharing an image from last year's trip, reminiscing days gone by. #ThrowbackThursday."
FBF,Facebook friend,"We’re FBFs, but we haven’t met in person.","Refers to a friend you are connected with on Facebook, but may not know personally.",Ain't us online pals yet to hang out in real life?,"We're Facebook friends, but we haven't had a chance to hang out offline yet.","We are Facebook friends, yet we have not had the opportunity to meet offline."
FBF,Fat boy food ,"Pizza and wings, time for some FBF!","A humorous way to refer to indulgent, unhealthy food.","Pizza and wings, let's tuck into some grubby grubs!","Hearty pizza and wings, let's dig into some comforting food!","Hearty pizza and chicken wings, let's indulge in a satisfying meal."
FBFR,FaceBook friend,"He’s just an FBFR, we don’t talk much.","Similar to FBF, indicating a casual acquaintance on Facebook.","He's just a Facebook buddy, we don't chat much.",He's only a Facebook friend; we don't chat much.,He's merely a Facebook friend of mine; our conversations are limited.
FBM,Fine by me,"If you want to skip the movie, FBM.",A casual way of saying you are okay with a decision or suggestion.,"Cool, if you wanna bail on the flick, it's all good by me.",That's cool if you'd rather not watch the movie with me.,"If you'd prefer to forego the filming, that is entirely acceptable by me."
FBO,Facebook official,We’re finally FBO—changed our relationship status!,Used to describe when a relationship becomes official on Facebook.,Just made it Facebook official – updated our relationship status!,We've officially updated our relationship status on Facebook now.,We have officially updated our Facebook relationship status.
FBOW,For better or worse,"We’re in this together, FBOW.","Refers to accepting a situation, whether it turns out good or bad.","We're stuck with each other, one way or another.","No matter what happens, we're in it together, come rain or shine.","Regardless of what lies ahead, we are bound to face it jointly."
FC,Fingers crossed,FC that I get the job!,Used to express hope or good luck for an outcome.,Hopefully I nab the gig!,Here's hoping I get the job!,Here's hoping I secure the job!
FC,Full card,"I’ve got an FC today, can’t take any more meetings.",Refers to a fully booked schedule.,"Got a packed day, ain't got time for no more chats.","Got a packed day today, can't squeeze in any more appointments.",I have a fully booked schedule today; I'm unable to accommodate additional appointments.
FC’INGO,For crying out loud,"FC’INGO, just tell me the answer already!",An expression of frustration or impatience.,"Good grief, spill the beans already!","Good grief, just give me the answer already!","Good gracious, could you please provide the answer?"
FCOL,For crying out loud,"FCOL, why is this taking so long?","Similar to FC'INGO, used to express annoyance or frustration.","Good grief, why's it taking forever?","Good grief, why is this taking so long?","Good heavens, why is this process taking such a considerable amount of time?"
Feelsbadman,feel negative.,"Lost the game, feelsbadman.","Used to express sadness or disappointment, often in a humorous or meme context.","Dang, lost the game, that's a bummer.","Darn it, I lost the game. Feeling down.","Regrettably, we lost the game, a situation that is undeniably disheartening."
Feelsbatman,to the extreme,"Got rejected for the third time, feelsbatman.","A more intense version of 'feelsbadman,' used to express deeper negative emotions.","Hit a third rejection, holy-moly intense!","Man, I got rejected for the third time - it's really hitting hard.","Faced rejection for the third instance, it is an extreme sensation."
Feelsgoodman,to feel positive.,"Just finished my project early, feelsgoodman.","Used to express satisfaction or happiness, often in a playful or meme-based context.","Man, I wrapped up that project ahead of time, feeling great!","Completed my project ahead of time, really feels great!",Completed my project ahead of schedule; I feel quite elated.
FEITCTAJ,Freak them if they can’t take a joke,"If they didn’t like my joke, FEITCTAJ.",A defiant or humorous way of saying you don’t care if others are offended by your humor.,Laugh it off if they couldn't handle my humor.,Laugh it off if they couldn't handle my humor.,"If they found my jest unsettling, I do hope they can appreciate a bit of humor."
FF,Follow Friday,Shoutout to my favorite accounts for #FF!,"A social media trend where users recommend people to follow, typically on Fridays.","Hey, giving a shoutout to my fave peeps for the weekly #shoutout!",Give a shout out to my top picks for Mention Monday!,Acknowledgement to my preferred accounts for Mentioning on this Friday!
FFA,Free for all,"It’s an FFA in the chat, anything goes!","Refers to a situation where there are no rules or restrictions, often used in gaming or discussions.",Anything's fair game in this chat!,Anything goes wild in this chat!,"Open discussion in the chat, with unrestricted participation allowed."
FFS,For freak sakes,"FFS, can we please get this done?","An expression of frustration or exasperation, similar to 'for goodness' sake.'","Good grief, let's wrap this up already!","Good grief, can we please wrap this up?","Good heavens, could we kindly expedite this matter, please?"
FICCL,Frankly I couldn’t care a less,"You can complain all you want, FICCL.",Used to express indifference or lack of concern.,"Meh, whine as much as you like, doesn't make a difference to me.","Frankly, I don't give a fig about your complaints.","Despite your complaints, it holds little significance for me."
FIF,Freak I’m funny,"Just made the best joke, FIF!",A playful way to brag about being funny or making a clever remark.,"Cracked up a solid one, dude! (Freak I'm funny)","Man, I just cracked a brilliant joke there!",Simply delivered an exceptionally amusing jest!
FIIK,Freaked if I know,How does this work? FIIK!,Used to express confusion or lack of knowledge about something.,"What's up with this then, I've no idea!",How on earth does this thing work?!,"How does this function, I am unsure!"
FIIOOH,"Forget it, I’m out of here","This meeting is going nowhere, FIIOOH.",A casual way of saying you’re leaving or giving up on a situation.,"This meeting's a total waste, gotta bail.","This meeting's a waste of time, I'm outta here.",This discussion seems to be unproductive; I believe it's best for me to excuse myself.
FIL,Father in law,My FIL is visiting this weekend.,Refers to someone’s father-in-law.,Old man in law's dropping by this weekend.,My father-in-law is coming over this weekend.,My father-in-law will be visiting this weekend.
FIMH,Forever in my heart,"You’ll always be FIMH, no matter what.",A sentimental way of expressing deep affection for someone.,"You'll forever hold a special place in mine, no doubt about that.","You'll forever hold a special place in my heart, no matter what transpires.","You will forever remain in my heart, regardless of circumstances."
Finna,Going to,"I’m finna grab some food, you want anything?","A casual or slang way of saying 'going to,' often used in informal speech.","Gonna grab some grub, ya wanna order somethin'?","I'm about to get some food, you wanna join or order something?",I'm about to get some food. Would you like anything?
Finsta,A second Instagram account where someone can post things that they’re too afraid to post on their main account.,"She posted it on her finsta, not her main account.",Refers to a secondary Instagram account where someone posts more personal or private content.,"She dropped it on her secret 'gram, not the regular one.",She shared it on her secondary Instagram profile instead of the primary one.,She shared that item on a secondary Instagram account rather than her primary one.
FISH,"First in, still here","Been working all day, FISH.",Used to indicate that someone has been present or working from the start of an event and is still there.,"Slaved away all day, still here!","Been grinding all day, still here.","Despite the long workday, I'm still here and going strong."
FITB,Fill in the blank,"The answer is easy, just FITB.",A prompt for someone to complete a sentence or provide missing information.,"Just fill it in, mate.","The answer's a breeze, just fill it in.",The solution is quite straightforward; you merely need to fill in the blank.
FML,Freak My Life,"Spilled coffee all over my laptop, FML.",Used to express frustration or exasperation about something unfortunate that has happened.,"Dropped coffee on my laptop, man... what's going on here?!",Just spilled coffee on my laptop; this is frustrating!,"I've accidentally spilled coffee on my laptop, this is incredibly frustrating."
FOMC,Falling off my chair,That joke had me FOMC!,"Describes extreme laughter, similar to 'LOL' but more intense.",That joke knocked me right over!,That joke left me speechless/breathless!,That joke left me utterly astounded!
FOMO,Fear of missing out,"I have such FOMO, everyone’s going to that concert except me.",Refers to the feeling of anxiety or regret over missing an event or experience.,"Man, I'm really feeling left out, looks like everyone's hitting up that concert and I'm stuck here.",I'm really anxious about missing out on that concert since everyone else is going and I'm not.,"I am experiencing a strong apprehension about missing out on that concert, as everyone else appears to be attending."
FOAD,Freak off and die,"He really made me mad, I just wanted to tell him FOAD.","A harsh or aggressive way to tell someone off, expressing anger or frustration.","Man, he really pushed my buttons; all I could think was ""scram off and rot.""","He seriously pissed me off, I just felt like telling him to shove it.",His behavior truly enraged me; I felt compelled to convey my displeasure in strong terms.
FOAF,Friend of a friend,I heard about the party from a FOAF.,"Refers to someone who is not a direct friend, but is connected through mutual friends.",Heard about that shindig through a mutual pal.,I got wind of that party from an acquaintance of mine.,I learned of the party through an acquaintance of mine.
FOMCL,Falling off my chair laughing,That prank had me FOMCL!,An exaggerated way of saying something was incredibly funny.,That prank left me rolling on the floor laughing!,That prank left me rolling on the floor in laughter!,That prank left me in hysterics!
FRT,For real though,"That test was tough, FRT.","Used to emphasize seriousness or sincerity, often following a joke or lighthearted comment.","Man, that test was a real challenge, for real though.","That test was seriously challenging, for real.","Indeed, that test was challenging, in fact."
FTBOMH,From the bottom of my heart,"Thank you, FTBOMH, for everything you’ve done.",Used to express deep gratitude or sincerity.,"Thanks a ton, from my heart, for all you've put in!","Thanks a bunch, from the depths of my heart, for everything you've accomplished.",Thank you from the depths of my heart for everything you've accomplished.
FTFY,Fixed that for you,"You said the movie was bad, but I FTFY—it’s great!","A playful or sarcastic way of correcting someone’s statement, often used humorously.","You thought the movie sucked, but lemme tell ya, I fixed that for you – it's awesome now!",Actually fixed that for you – it's fantastic!,"Indeed, you expressed your view that the movie was poor. However, allow me to correct your perception - it's excellent!"
FTL,For the loss,"We missed the bus, FTL!","Used to describe a negative outcome or failure, often as a counterpart to 'FTW' (for the win).","Oops, we totally whiffed that bus, man!","Oops, we totally blew that one, man!","Alas, we have failed to catch the bus."
FTW,For the win,"Got the last slice of pizza, FTW!",Used to express success or triumph in a situation.,"Scored that last slice of pizza, totally slaying it!","Scored the last slice of pizza, success!",I secured the final piece of pizza for myself. Successfully achieved!
FU,Freak you,"You messed up my plans, FU!",A harsh or angry way to express frustration or anger towards someone.,"Man, you really screwed up my plans, what a bummer!","Man, you really screwed up my plans. Bad move!",You have disrupted my arrangements; I strongly object!
FUBAR,Fouled up beyond all recognition,That project is completely FUBAR now.,Describes a situation that is irreversibly messed up or chaotic.,That project's a complete mess now.,The project's in a total mess now.,The project has become utterly unmanageable at this point.
FUBB,Fouled up beyond belief,This project is completely FUBB.,"Used to describe a situation that has gone terribly wrong, worse than expected.",This project's a complete disaster!,This project's a complete mess.,This project is utterly chaotic and disorganized.
FUD,Face up deal ,Let’s FUD and see who wins.,"Used in card games, indicating that the cards are dealt face up so everyone can see.","Alright, let's lay it all out on the table and see who comes out on top!","Alright, let's square off and find out who comes out on top.",Let's proceed directly with our negotiations and determine the victor.
FUTAB,"Feet up, take a break","I’m exhausted, time to FUTAB.",Refers to relaxing or taking a break after a long task.,"Time for a breather, mate. I'm beat!","I'm beat, let's take a break for now.",I'm rather weary; it's time for a rest.
FW,Forward,I’ll FW you the email.,"Refers to forwarding something, typically an email or message.",I'll shoot over the email to ya.,I'll send you the email.,I will send you the email.
FWB,Friend with benefits,"They’re not dating, just FWB.",Refers to a relationship where two people are friends but also have a casual sexual relationship without commitment.,"They're not official, just keeping it casual.",They're not in a relationship; it's more of a casual friends-with-benefits situation.,They are merely friends who occasionally engage in mutually beneficial activities.
FWIW,For what it’s worth,"FWIW, I think your idea is great.",Used to offer an opinion or information that may or may not be valuable to the recipient.,"Gosh darn it, I reckon your idea's a cracker, mate.","By the way, I believe your idea is fantastic.","As it happens, I find your idea very impressive."
FWM,Fine with me,"If you want to stay in tonight, FWM.",A casual way of expressing agreement or acceptance.,"Sounds cool if you wanna chill at home tonight, all good by me.",That's cool if you want to stay in tonight.,That's perfectly fine if you'd like to spend the evening here.
FWP,First world problems,"My phone’s battery died, FWP.",Refers to trivial problems or complaints that are seen as minor in comparison to more serious global issues.,"Man, my phone's battery just conked out, no biggie.","My mobile's battery conked out, no big deal.","I'm regretful to mention that my phone's battery has unfortunately drained, yet in the grand scheme of things, it remains a matter of minimal inconvenience compared to more significant issues."
FYE,"Fire, something that is cool",That new song is FYE!,"Slang for something that is awesome or impressive, often used in pop culture.",This new tune's legit fire!,"Man, that new song is awesome!",That new song is exceptional!
FYEO,For your eyes only,This document is FYEO.,Indicates that the information is confidential and intended only for the recipient.,Keep this info on the down low.,This document is strictly confidential.,This document is intended solely for your personal perusal.
FYA,For your amusement,"Here’s a funny meme, FYA!",Used when sharing something intended to entertain or amuse someone.,Check out this hilarious meme for ya!,Check out this amusing meme for your entertainment!,I've prepared an amusing meme for your perusal.
FYI,For your information,"FYI, the meeting is tomorrow at 3 PM.",A polite way of providing additional information that might be helpful.,Heads up! The meeting's tomorrow at 3 PM.,"Just a heads up, the meeting's tomorrow at 3 PM.",Please be advised that the meeting is scheduled for tomorrow at 3 PM.
G,Grin,That joke made me G.,"Indicates a smile or grin, often in response to something funny or amusing.",That gag cracked me up.,That joke had me grinning ear to ear.,That joke caused me to grin.
G,Giggle,"She told a funny story, I had to G.",Refers to a small laugh or giggle.,Cracked up big time when she shared that joke!,Couldn't help but chuckle at her funny story.,"She recounted a humorous anecdote, and I found myself chuckling."
G+,Google+,I added you on G+.,Refers to the social networking service Google+ (now defunct).,I linked up with ya on Google Plus.,I've added you on Google Plus.,I have added you to Google+.
G/F,Girlfriend,My G/F is meeting me after work.,"Refers to someone’s romantic partner, specifically a girlfriend.","Babysitter's comin' over later, mate.",My girlfriend's meeting me after work.,My girlfriend will meet me following her work hours.
G2CU,Good to see you,"It’s been so long, G2CU!",A casual way to express happiness in seeing someone after a while.,"Hey, long time no see!",Hey there! Long time no see!,"Long time no see, it's a pleasure to see you again."
G2G,Got to go,"I’m late for my meeting, G2G.",Used to quickly indicate that someone needs to leave or end the conversation.,"Gotta jet, gotta fly, catch you later!","I need to rush off, got to go.",I'm afraid I must leave now; I have a meeting to attend.
G2GICYAL8ER,Got to go I’ll see you later,"Can’t stay long, G2GICYAL8ER!",A playful or quick way to say goodbye and promise to reconnect later.,"Gotta scoot, catch ya later!","Gotta scoot off now, see ya later!",I must leave soon; until later.
G2R,Got to run,"Sorry, G2R! I’ll text you later.",Another way of saying you need to leave quickly.,"Hey, gotta jet! Text ya soon.","My apologies, gotta scoot now! I'll drop you a line soon.","Apologies, I must depart now; I shall get in touch with you shortly."
G2TU,Got to tell you,"G2TU, I passed the exam!",Used to introduce something important or exciting that needs to be shared.,"Man, I aced that test!","Wow, I actually aced that test!","Indeed, I have some news to share – I managed to pass the examination!"
G4C,Going for coffee,"I’m G4C, want to join?",A simple invitation to go out for coffee.,Wanna grab a cuppa?,Fancy grabbing a coffee with me?,Shall we have a cup of coffee together?
G9,Genius,That idea is G9!,Used to compliment someone on a brilliant or clever idea.,"That's some serious brainiac move, bro!","Brilliant thought, man!",That notion is exceptionally intelligent!
GA,Go ahead,"If you’re ready, GA with the presentation.",A way of giving someone permission to proceed.,"Alrighty then, let's roll with that presentation!","Alrighty, let's proceed with the presentation then.","If you are prepared, proceed with the presentation."
GAC,Get a clue,"You’re completely wrong, GAC.",Used to tell someone they are missing something obvious.,"Dude, you're way off base!","You're totally off base, mate.","You are utterly mistaken, may I suggest you reconsider your stance."
GAFC,Get a freaking clue,"Before you criticize, GAFC!","A more intense version of ""GAC,"" used when someone is being particularly oblivious.","Before you judge, crack open a book, mate!","Before you criticize, take a moment to think it through!","Prior to offering criticism, kindly educate yourself."
GAL,Get a life,"All you do is play video games, GAL!",A dismissive phrase used to tell someone they should focus on more meaningful activities.,"C'mon, ain't you got anything better to do than just gaming all day?",Spend more time on something productive instead of just playing games all day long!,It seems as though your life revolves around playing video games. Perhaps it's time for a broader range of activities?
GANK,Meaning a player ambush or unfair player kill,I got ganked while questing.,A gaming term used to describe being ambushed or unfairly killed by another player.,Caught off guard in the middle of my mission!,Ambushed during my questing session.,I was ambushed unfairly during my quest.
GAS,Got a second?,"Hey, GAS? I need some help.",A polite way to ask if someone has a moment to talk or assist with something.,"Hey, you got a sec? I could use some assistance.","Hey, do you have a moment to spare? I could use some assistance.","Excuse me, do you have a moment to spare? I could use your assistance."
GAS,Greetings and salutations,"GAS, how’s everyone doing today?",A cheerful way of saying hello to a group.,"Hey there, crew! How's it shaping up for ya'll today?",Hello there! How's everybody doing today?,"Greetings to all, how are you all faring this day?"
GB,Goodbye,"I’ve got to head out, GB!",A quick and informal way to say farewell.,"Alrighty, I gotta scoot, catch ya later mate!","Gotta scoot now, take care!","I must take my leave now, Farewell."
GBTW,Get back to work,"Break’s over, time to GBTW.",A phrase used to encourage or remind someone to return to their tasks.,"Alright, that's enough break. Let's get cracking again!","Alright, let's get back to the grind now!",The break has concluded; it's now time to resume work.
GBU,God bless you,"Thanks for your help, GBU.",A religious or heartfelt expression of gratitude or blessing.,"Cheers mate, much appreciated, keep kicking!","Thank you so much for your assistance, blessings to you.",Thank you for your assistance; I wish you well.
GD,Good,That meal was really GD!,A simple way to express that something was enjoyable or satisfactory.,"Man, that meal was sick!",That meal was truly excellent!,That meal was truly excellent!
GDR,"Grinning, ducking, and running","Just teasing, GDR!","A playful way to indicate that a joke or lighthearted comment was made, and the person is now avoiding any backlash.","Hey, just kiddin' around mate!","Just messing around, you!","Merely joking, smiling and evading, my friend!"
GD/R,"Grinning, ducking, and running","That was a bold statement, GD/R!","Similar to GDR, used when someone is playfully dodging consequences for a comment.","That's some nerve, grinning and darting off like that!","That was a real cheeky remark, grinning and darting off, mate!","That was quite an audacious remark, grinning, ducking, and running!"
GFI,Go for it,"If you think it’s a good idea, GFI!",A way to encourage someone to take action or proceed with something.,"Sure thing, let's do this!","Sure thing, let's move ahead with that plan!","Should you deem it advantageous, proceed!"
GF,Girl friend,I’m going out with my GF tonight.,Refers to someone’s female romantic partner.,Hangin' out with my main lady tonight.,I'm heading out with my girlfriend tonight.,I am planning to go out with my partner this evening.
GFN,Gone for now,"He’s GFN, but he’ll be back soon.","Indicates a temporary absence, with the expectation of returning later.","He's outta here for now, but he'll return shortly.","He's taken a brief break, but he'll return shortly.","He has temporarily departed, but will return shortly."
GG,Gotta Go,"It’s late, GG!",A quick way to say you need to leave or sign off.,"Time to skedaddle, mate!","Alright, it's time for me to head out!",It's time for me to go now.
GG,Good Game,"That was a tough match, GG everyone!",A term used in gaming to congratulate others on a well-played game.,"Man, that was some fierce competition, props to all!","That was a challenging game, well played everyone!","That was indeed a challenging game. Well played, everyone!"
GG,Brother,"How’s it going, GG?","Refers to a close friend or brother, often used affectionately.","What's up, my dude?","Hey there buddy, how's life treating you?","Greetings, my friend. How are you faring today?"
GGA,"Good game, all","Thanks for playing, GGA!",Used at the end of a group game or activity to acknowledge everyone’s participation.,"Cheers, all good sports!","Thanks for the game, well played!",Thank you for your participation. Well played indeed.
GGE1,"Good game, everyone","That was fun, GGE1!","Similar to GGA, thanking all participants for a good game.","Alrighty then, that was a blast, y'all!","That was a blast, everyone!","That was enjoyable, everyone!"
GGU2,"Good game, you too","GGU2, that was close!","A response to someone saying ""good game,"" acknowledging their efforts.","Close one, you almost got me!","That was a close one, good game to you too!","Well played, that was a close one."
GGMSOT,Gotta get me some of that,"That dessert looks amazing, GGMSOT!",Used to express a desire for something appealing or desirable.,"Man, that dessert looks tasty, gotta have some of it!","Wow, that dessert looks fantastic, I've got to try some of it!",That dessert appears utterly captivating; I must try some.
GGOH,Gotta Get Outa Here,"This party is getting boring, GGOH.",A casual way of saying you need to leave or escape a situation.,"This shindig's losin' its charm, time to bail out!","This party's getting dull, it's time to bail out.",This party is becoming rather tedious; it's high time we left.
GGP,Got to go pee,"BRB, GGP!",A lighthearted or casual way to excuse oneself for a bathroom break.,"Be right back, gotta take a leak!","Be right back, I need to use the restroom!","I shall be back shortly, I need to use the restroom."
GH,Good hand,"That was a GH, I thought I had you beat.",Used in card games to compliment someone on a well-played hand.,"Damn, that was a solid play, I thought I had you whipped.","That was quite good, I thought I had you beaten.",That was commendable; I had assumed I was ahead.
GIAR,Give it a rest,"You’ve been complaining all day, GIAR!",A way to tell someone to stop talking about something or to calm down.,"Man, enough already with the whining!","You've been whining all day, cut it out already!","You've been expressing concerns persistently today, could you please take a break?"
GIC,Gift in crib,I left a GIC for the baby shower.,"Refers to leaving a gift in a crib, often related to baby showers or newborns.",I dropped off a little something for the baby bash.,I brought a present as a gift for the baby shower.,I brought a present as a gift to the baby shower.
GIGO,"Garbage in, garbage out","If the data is wrong, the results will be too—GIGO.","Refers to the idea that bad input leads to bad output, often used in programming or data analysis.","If you're feedin' crap, expect crap back!","If you've got bad input, you can expect poor output!","If incorrect input leads to inaccurate output, it follows this principle—Garbage in, garbage out."
GIRL,Guy in real life,"That character looks like a girl, but he’s actually a GIRL.",Refers to a male player who plays as a female character in online games or virtual worlds.,"That guy looks like a chick, but he's actually a 'chick'.","That guy seems like a woman, but he's really a man.","That individual appears to be male at first glance, yet is in fact female."
GJ,Good job,"You completed the task, GJ!",Used to congratulate someone for doing something well.,"Nice one, well done!",Well done on completing the task!,Well done on completing the task!
GL,Good luck,GL on your test tomorrow!,A common phrase used to wish someone good fortune in an upcoming task or event.,All the best for your test tomorrow!,All the best for your test tomorrow!,I wish you success on your test tomorrow!
GL2U,Good luck to you,GL2U in the competition!,A more personalized way to wish someone luck.,Best of luck to you in the comp!,Best of luck to you in the competition!,Best of luck to you in the competition!
GLA,Good luck all,"GLA in the tournament, everyone!",A way to wish good luck to a group of people.,"All the best for the tourney, folks!",Best of luck to all in the tournament!,Wishing everyone good fortune in the tournament.
GL/HF,"Good luck, have fun",GL/HF before the match!,Commonly used in gaming to wish everyone a good game and enjoyable experience.,Best of luck and have fun in the game!,All the best and have a great game!,Wishing you good luck and enjoyment in the upcoming match!
GLE,Good luck everyone,"GLE, let’s make this a great event!",Another variation of wishing a group of people good luck.,"Let's smash it at this event, mates!",Here's wishing everyone luck for a fantastic event ahead!,"Best of luck to all, let us strive for an outstanding event!"
GLE1,Good luck everyone,"It’s a big day, GLE1!",Used to wish luck to all participants in an event or challenge.,"Alrighty then, here's your day buddy! Let's make it count!","Alrighty then, here's your day buddy! Let's make it count!","Today marks an important day, everyone!"
GLNG,Good luck next game,"Tough match, GLNG!","Used to wish someone luck in their next game, typically after a loss.","Gotcha, good luck in the next round!","Tough one, good luck in your next game!","Tough contest, I wish you the best of luck in your next encounter."
GMBA,Giggling my butt off,That joke had me GMBA!,A playful way to express that something was extremely funny.,That gag left me cracking up!,That joke cracked me up good and proper!,That joke left me in hearty laughter!
GMTA,Great minds think alike,"You ordered the same thing as me, GMTA!",Used when two people have the same idea or thought at the same time.,"You both got the same order, sweet!","You got the same pick as me, cool!","Indeed, we made identical selections; it suggests a remarkable degree of synchronicity in our thoughts."
GMV,Got my vote,Your idea GMV for sure.,Expresses support for someone’s suggestion or plan.,"Gotcha, that's a solid plan, my vote's on it!","Your idea has my full support, indeed.",Your proposal undoubtedly has my approval.
GN,Good night,"I’m heading to bed, GN!",A short and simple way to say goodnight.,"Alrighty, catchin' some ZZZs now, g'night!","Alright, it's time for me to hit the sack. Good night!","I am retiring for the night, goodnight."
GNA,Good night all,"It’s been fun, GNA everyone!",Used to say goodnight to a group of people.,"Alrighty then, signing off, all y'all!","It's been a blast, everybody! Good night.","It's been a pleasure, good night everyone!"
GNE1,Good night everyone,"GNE1, sleep well!",A way to say goodnight to all participants in a chat or gathering.,"Alrighty then, catch you on the flip side! Sleep tight!","Goodnight everyone, sleep tight!","Good evening, everyone. Sleep well!"
GNIGHT,Good night,"I’m logging off, GNIGHT!",Another variation of saying goodnight.,"Alrighty then, catch ya later! ","Alrighty then, goodnight!","I am signing off now, good night."
GNITE,Good night,"Time to sleep, GNITE!",A casual way to wish someone goodnight.,"Alrighty then, catch some zzz's! Sleep tight!","Time to hit the sack, good night!","Time for rest, goodnight!"
GNSD,"Good night, sweet dreams","GNSD, talk to you tomorrow!","A more affectionate way of saying goodnight, wishing sweet dreams.","Sleep tight, see you tomorrow!","Sleep well, will talk tomorrow!",Good evening and pleasant dreams. I look forward to speaking with you tomorrow.
GOAT,Greatest of all Times,That player is the GOAT of basketball!,Refers to someone who is considered the best in their field or sport.,"He's the top dog in basketball, no question!",That player is the best basketball player ever!,That player is truly the greatest in the annals of basketball history.
GOI,Get over it,"It happened a week ago, GOI already.",Tells someone to stop dwelling on something and move on.,"Move on already, it's been a week!","Alright, it's been a week already, time to move on.",A full week has passed since it occurred; it's time to move on.
GOL,Giggling out loud,"That was hilarious, GOL!",Used to express that something made you giggle or laugh out loud.,"Man, that was a good laugh out loud!","That was absolutely hilarious, I couldn't help but laugh out loud!",That was incredibly amusing! Laughter echoed.
GOMB,Get off my back,"I’ve already done it, GOMB!",A phrase used to tell someone to stop criticizing or pressuring you.,"Stop bugging me, I've done it already!","Alright, I've taken care of it. Stop bothering me now!",I have completed it; kindly desist inquiring further.
GPOY,Gratuitous picture of yourself,"Here’s my beach selfie, GPOY!","Used on social media when sharing a photo of yourself, often humorously.","Check out this beach snap of me, no filter needed!","Here's a picture of me at the beach, selfie time!",Here is a photograph of myself at the beach. I hope you enjoy it.
GR8,Great,That movie was GR8!,A short way to say something was excellent or good.,"Man, that movie was awesome!",That movie was fantastic!,That film was excellent!
GRATZ,Congratulations,"You got the promotion, GRATZ!",Used to congratulate someone on an achievement.,"Sweet! You bagged that promotion, congrats!","Bravo, you snagged that promotion!",Many congratulations on securing that promotion!
GRL,Girl,She’s a GRL I met online.,"Refers to a girl, often used in online communities.",She's an online chick I've met.,She's an interesting girl I met online.,She is a woman I met online.
GRWG,Get right with God,You need to GRWG after that mistake.,A religious or moral reminder to make amends or correct your actions.,"Man, you gotta straighten things out with the man upstairs after that mess-up.",You oughta mend your ways with God after that blunder.,You should seek reconciliation with God following that error.
GR&D,"Grinning, running and ducking","I know you’re mad, but GR&D!","A playful way to indicate that a joke or comment might get a negative reaction, so the person is “running and ducking” to avoid consequences.","You're pissed off, but lemme scram before ya catch me smilin'!","You're clearly annoyed, but can't help but chuckle and dodge!","I am aware that you're upset, however, let us proceed with caution!"
GS,Good shot,"Nice play, GS!",A compliment given in sports or gaming for a well-executed shot or action.,"That's a sweet move, mate!",Well done on that one!,Well played indeed!
GS,Good split,That was a GS during the game!,Refers to making a good decision or move in a game or competition.,That was a peachy split during the match!,That was a fantastic split during the game!,That was an excellent strategic move during the match!
GT,Good try,"We didn’t win, but GT!",Used to acknowledge someone’s effort even if they didn’t succeed.,"Darn it, close one though!","Well played, even though we lost.","Although we did not emerge victorious, well played."
GTFO,Get the *freak* out,"That’s ridiculous, GTFO!",A strong way of telling someone to leave or expressing disbelief.,"That's absurd, scram!",That's absolutely absurd! Get out of here!,That's absolutely preposterous! Depart at once.
GTFOH,Get the *freak* outta here,You really believe that? GTFOH!,"Used to express surprise or disbelief, similar to GTFO but with added emphasis.",That's straight-up ridiculous! Beat it!,"You truly think that's true? Goodness gracious, leave here!",You truly believe that? That's absolutely preposterous!
GTG,Got to go,"I’m late for my meeting, GTG.",A quick way of saying you need to leave or end a conversation.,"Gotta bolt, gotta meet!","Sorry, gotta dash. Meeting to catch!",I must leave now as I have a scheduled appointment.
GTM,Giggling to myself,That comment had me GTM.,Describes quietly laughing or giggling without making a scene.,That comment cracked me up!,That comment left me chuckling.,That comment provoked a quiet chuckle from me.
GTRM,Going to read mail,"Be right back, GTRM.",Used when someone is stepping away to check their emails.,"Heading out for a sec, checkin' my emails soon.","I'll be back momentarily, checking my emails.","I shall be momentarily absent, checking my emails."
GTSY,Great to see you,"It’s been a while, GTSY!",A friendly way of expressing happiness at seeing someone after a long time.,"Hey, long time no see!",Long time no see!,It's truly delightful to see you again after some time.
GUCCI,Good,Everything’s GUCCI here.,"Slang for saying something is going well or is good, often used in trendy or casual speech.",Everything's cool here.,All's good here.,Everything appears to be in order here.
GUD,Good,That meal was GUD!,A shorthand way of saying something was good.,"Man, that meal was legit!",That meal was cracking good!,That meal was excellent!
GWHTLC,Glad we had this little chat,"Thanks for clearing that up, GWHTLC.","A polite way to end a conversation, especially after discussing something important.","All good, glad we sorted that out!","Thanks a bunch for clarifying that, we're all good now!",Thank you for providing clarification; it is indeed appreciated.
H,Hug,Sending you a big H!,A simple way to show affection by virtually sending a hug.,"Gimme a big ol' squeeze, buddy!",Sending you a big virtual hug!,I am sending you a warm embrace.
H8,Hate,I H8 waking up early.,A shorthand way of expressing dislike or hatred for something.,"Can't stand mornings, man.",I really dislike getting up early.,I dislike getting up early.
H8TTU,Hate to be you,You have to work late? H8TTU.,A playful or sarcastic way of expressing relief that you’re not in someone else’s unfortunate situation.,"Man, gotta work late? That totally sucks, mate.","Bummer you've got to work late, mate.",I'm sorry that you have to work late. That must be quite inconvenient for you.
HAG1,Have a good one,"Talk to you later, HAG1!",A casual farewell wishing someone well.,"Chat again soon, take care!","See you later, take care!",Have a pleasant rest of your day!
HAK,Hug and kiss,Sending lots of HAK to you!,"A way to express affection, typically used with close friends or loved ones.",Giving you a big ol' smooch from here!,Sending you tons of warm greetings and affection!,Wishing you warmest greetings and affectionate regards!
HALP,Help,"I can’t figure this out, HALP!",A playful or exaggerated way of asking for help.,"Stuck on this, need some help man!","Can't seem to crack this, could use some assistance!","I am finding it difficult to understand this; could you provide assistance, please?"
HAU,How about you?,"I’m doing fine, HAU?",A casual way to ask someone how they’re doing or what they think.,"You good, mate?",How are you doing? (I'm good),"How are you faring, by any chance?"
H&K,Hugs & kisses,"Miss you, H&K!","A way to express affection, often used in messages to close friends or family.","Miss ya loads, love!","Sending you lots of love and warm regards, my friend.",I miss you dearly. Best wishes to you.
H2CUS,Hope to see you soon,"I had a great time today, H2CUS!",A friendly way to express looking forward to seeing someone again soon.,"Had a blast today, see ya soon!","Had a swell time today, looking forward to seeing you soon!",It was indeed delightful spending time with you today. I look forward to seeing you soon.
HAGN,Have a good night,"It’s getting late, HAGN!",A simple way to wish someone a pleasant night.,"Alright, catch ya later then, matey!","Alright, it's time to call it a night!","Good evening, take care!"
HAGO,Have a good one,"Talk to you tomorrow, HAGO!","A casual goodbye, wishing the other person well.","Chat again tomorrow, take care!","Talk to you tomorrow, take care and have a great day!","I shall be in touch tomorrow, have a pleasant day and night ahead!"
HAND,Have a nice day,"Thanks for your help, HAND!",A polite farewell wishing someone a nice day.,"Cheers for the assist, mate! Enjoy your day!","Thanks so much for your assistance, enjoy the rest of your day!",Thank you for your assistance; I wish you a pleasant day ahead.
HAWT,Have a wonderful day,Take care and HAWT!,Used to wish someone an excellent day.,Have a great day then!,Take good care and have a splendid day!,Enjoy your day and have a wonderful one!
HAWT,sexy,That outfit is so HAWT!,Refers to someone being physically attractive or sexy.,"Man, that outfit's smokin' hot!",That outfit is incredibly attractive!,That outfit is strikingly attractive!
HB,Hurry back,"I’ll be waiting, HB!",Used when someone leaves briefly and you want them to return quickly.,"Catch ya later, can't wait to see ya back!",I'll keep the spot warm for you!,I shall eagerly await your return.
HB,Hug back,"Thanks for the hug, HB!","A response to receiving a virtual or physical hug, reciprocating the affection.","Appreciate the squeeze, matey!",Thank you for the warm greeting!,Thank you for your warm gesture. I appreciate it.
HBD,Happy birthday,HBD! Hope you have a great day!,A common way to wish someone a happy birthday.,"Hey, happy birthday mate! Have an awesome day!",Happy Birthday! I hope it's a splendid day for you!,Wishing you a delightful birthday celebration! May your day be filled with joy and happiness.
H-BDAY,Happy Birthday,"Wishing you all the best, H-BDAY!","Another abbreviation used to say ""Happy Birthday.""","Gotcha! Happy Birthday, mate!",Sending you heaps of well-wishes on your birthday!,Wishing you a most delightful birthday celebration!
HBU,How about you?,"I’m doing fine, HBU?",A way to ask someone how they are or what their opinion is.,"What's up with you, mate?",How are you holding up?,"How are you doing, by the way?"
HF,Have fun,Going to the concert tonight? HF!,A quick and cheerful way to wish someone an enjoyable time.,Heading to the gig tonight? Let's cut loose!,"Enjoying yourself at the concert tonight, then? Cheers!",Have a delightful evening at the concert tonight!
HFAC,Holy flipping animal crackers,"You got the job? HFAC, that’s amazing!",A playful and exaggerated expression of surprise or excitement.,"Whoa, did you snag that job? Holy smokes, that's fantastic!","Wow, you landed the job? That's fantastic!","You've secured the job? By all accounts, that's simply extraordinary!"
H-FDAY,Happy Father’s Day,"Sending love to all the dads, H-FDAY!",A message to wish someone a happy Father’s Day.,"Hey there, giving love to all you pops out there, Happy Father's Day!",Wishing happiness and love to all fathers on this Father's Day!,"Wishing all fathers a day filled with love and happiness, on Father's Day."
HHIS,Head hanging in shame,"I forgot to reply to your message, HHIS.",Used to express embarrassment or guilt.,"Oops, totally spaced on replying to your message, gotta hang my head in shame about that.","Oops, I totally forgot to get back to you on that message, feeling quite sheepish about it.","I regret to inform you that I overlooked responding to your message, and I am deeply apologetic for the oversight."
HIFW,How I felt when,HIFW I found out we had a surprise test!,Used to introduce a reaction or feeling about a situation.,"Man, when I learned about that surprise test...","Man, I sure wasn't expecting that surprise test!",How I felt upon learning about the unanticipated exam!
HL,Half Life ,I’ve been playing HL all day.,Refers to the popular video game *Half Life*.,Been playin' that Half Life game all day long!,Spent the whole day gaming Half Life.,"Today, I have been engrossed in Half Life for the entire day."
HLA,Hola,HLA! How’s it going?,"A casual way to greet someone, derived from the Spanish word ""Hola"" (Hello).",Hey up! What's crackin'?,Hey there! What's up?,Greetings! How are you today?
H-MDAY,Happy Mother’s Day,Wishing all the moms out there an H-MDAY!,A message to wish someone a happy Mother’s Day.,"Hey there, giving a big shoutout to all the moms today – Happy Mother's Day!",Wishing all mothers a Happy Mother's Day!,Wishing all mothers a joyous Mother's Day!
HMU,Hit me up,"I’ll be free later, HMU if you want to hang out.","A way of telling someone to contact you, usually for a casual chat or meeting.","Text me later, let's catch up then!",Shoot me a message later if you fancy catching up.,"I shall become available at a later time; should you wish to socialize, do feel free to contact me."
HNL,Hole nother level,This party is on a HNL!,Used to describe something that is exceptional or far beyond the usual.,This party's next level insane!,This party just went next level!,This party has escalated remarkably!
HOAS,Hold on a second,"HOAS, I’ll check the schedule.",Used to ask someone to wait briefly.,"Hold up a sec, lemme look at my schedule.","Just a sec, let me check the schedule.",Please wait a moment while I check the schedule.
HP,Hit points,"I need to heal, my HP is low.",Refers to a player’s health or life in video games.,"Man, I gotta heal up, my health's dwindling!","I gotta heal up, I'm running low on health.",I require healing as my vitality is diminished.
HRU,How are you?,"Hey, HRU? Haven’t heard from you in a while.",A casual way to ask someone how they are doing.,Hey there! Long time no chat. How's it going with ya?,Hey there! Long time no chat. How's it going with you lately?,Greetings! I trust this message finds you well. It's been some time since we last connected.
HTH,Hope this helps,"Here’s the link to the article, HTH!",A friendly way of offering assistance or information.,"Gotcha the link to the article, here ya go!","Check out this article's link, I hope it proves useful!",Here is the link to the article; I trust this will be helpful for you.
HUB,Head up butt,"He has no clue what he’s doing, his HUB is so far up!",A humorous way to describe someone who is clueless or unaware.,"He's clueless, got his head stuck in clouds!","He's utterly clueless about what he's doing, he's got his head completely in the clouds!","He seems utterly clueless about his actions, utterly inattentive."
HUYA,Head up your butt,"Stop messing around, get your HUYA and focus!","Similar to HUB, used when someone is being unaware or not paying attention.",Get your head out of the clouds and pay attention already!,"Get serious, stop daydreaming, and pay attention!","Pay attention, cease your distractions, and concentrate instead."
HV,Have,I’ll HV it done by tomorrow.,"A shorthand way to say ""have"" in texts or informal messages.","Gotcha, got it! Done deal – I'll have it sorted by tomorrow.","Got it, will have it done by tomorrow.",I will have it completed by tomorrow.
HVH,Heroic Violet Hold,"We’re running HVH tonight, want to join?",Refers to a specific dungeon in the game *World of Warcraft*.,Got plans tonight? Wanna hop in on a wild ride at Heroic Violet Hold?,"Are we doing that brave, epic raid tonight? Fancy tagging along?",Shall we embark on a Heroic Violet Hold operation this evening? Would you care to participate?
HW,Homework,"I can’t come out tonight, I’ve got too much HW.",Refers to schoolwork or assignments that need to be completed.,"Can't hit the town tonight, got a ton of stuff to cram.","I can't make it tonight, I've got a lot of assignments.","Unfortunately, I am unable to come out tonight as I have an excessive amount of assigned work."
HYFR,"Hell yeah, Freaking right!",Did you see that game? HYFR!,A strong affirmation or enthusiastic agreement.,Did you catch that game?! ABSOLUTELY YES!,Did you catch that match? Absolutely!,"Indeed, did you observe that match? Quite remarkable, isn't it?"
I2,I too ,I2 was thinking the same thing!,"A quick way to agree with someone, indicating shared thoughts.","Me too, mate!","Me too, I was thinking along the same lines!","Indeed, I too shared that thought!"
IA8,I already ate,"Thanks for the invite, but IA8.",Used to let someone know you’ve already eaten and aren’t hungry.,"Got your invite, but I'm stuffed already.","Appreciate the invite, but I've already eaten.","Apologies for the inconvenience, but I have already eaten."
IAAA,I am an accountant,"You need tax advice? IAAA, I can help.",Used to indicate that the speaker is a professional accountant.,"Need some tax help? As a bean counter, I gotcha covered!","Need some tax advice? Well, as a certified accountant, consider it done!","If you require assistance with taxes, as a certified accountant, I am more than capable of providing guidance."
IAAD,I am a doctor,"IAAD, let me know if you need any medical advice.",Refers to someone identifying themselves as a doctor.,"Yo Doc, here if ya need medical help!",Hey there! Medical doctor here. Feel free to hit me up for any health advice.,"As a physician, feel free to consult me regarding any medical questions or concerns you may have."
IAAL,I am a lawyer,"Need legal advice? IAAL, happy to help.",Used when someone is identifying as a lawyer.,Got a legal pickle? I'm barred and ready to lend a hand.,"Need some legal assistance? Well then, being a lawyer and all, I'd be more than happy to lend a hand!","Needing legal guidance? As a lawyer, I would be delighted to assist you."
IAC,In any case,"I don’t have the answer right now, but IAC, we should follow up tomorrow.","Used to transition or clarify a point, meaning ""regardless of other factors.""","Alrighty then, no worries, let's touch base again tomorrow, cool?","No worries, we'll figure it out as we go along, but in any case let's connect tomorrow.","Regardless of the current circumstances, let's revisit the matter tomorrow."
IAE,In any event,"IAE, we should still be prepared.",A way to introduce an alternative or backup plan.,"Alrighty then, either way, let's stay ready!","Regardless, let's stay ready.","Regardless, we should remain prepared."
IANAC,I am not a crook,"Trust me, IANAC!","A humorous way to deny guilt or wrongdoing, often said in jest.","Got it, I ain't playin' around here!","Trust me, I'm absolutely honest here!","Trust me, I am not deceitful."
IANAL,I am not a lawyer,"I don’t know the law on this, IANAL.",Used when giving an opinion but making it clear that the speaker is not a legal professional.,"Ain't no legal expert here, matey, just saying!","I'm just a layman here, not a legal expert.",I am not versed in legal matters; I do not hold a legal qualification.
IAO,I am out ,"This discussion is going nowhere, IAO.",A casual way of saying you’re leaving or exiting a situation.,"Alright then, this chat's a wrap for me.","This conversation isn't getting anywhere, got to go.",This conversation seems to be unproductive; I shall take my leave.
IB,I’m back,Missed anything while I was gone? IB!,Used to announce your return after being away for a short time.,"Hey, been away for a bit? All caught up now, ya hear?",Didn't catch up on things when I was away? Here I am!,"Have you missed me during my absence? Rest assured, I am back now."
IB,I’m back,"I had to step out, but IB now.",Another usage to indicate that you have returned.,"Alrighty, took a sec, but I'm back in the game now!","Back for a moment, I was away.","I had to momentarily depart, but I am back now."
IC,I see,"Oh, IC what you mean now.",A quick way to acknowledge understanding of something.,"Gotcha, you're saying something now?","Oh, got it now. What do you mean?","Understood, could you please clarify your meaning now?"
ICAM,I couldn’t agree more,"That’s exactly how I feel, ICAM!","A strong affirmation, showing full agreement with someone’s statement.","Totally feel the same way, mate!",Totally on the same page with you there!,"Indeed, I wholeheartedly concur with your sentiments."
ICBW,It could be worse,"It’s not great, but ICBW.","A phrase used to offer perspective, suggesting that the situation could be more difficult or unfortunate.","Eh, it ain't perfect, but things could be a lot worse, ya know?","Things aren't fantastic, but they could definitely be worse.","While it's less than ideal, there are certainly situations that could be worse."
ICEDI,I can’t even discuss it,"The meeting was a disaster, ICEDI.","Used to express frustration or disbelief, indicating the speaker doesn’t want to talk about it further.","Man, that meeting was a total bust, can't even...","Man, that meeting was a total bust.","The meeting turned out to be quite disastrous, it seems."
ICFILWU,I could fall in love with you,"You’re amazing, ICFILWU!",A romantic phrase used to express strong affection or admiration for someone.,"Man, you're awesome, I could totally dig ya!",You're truly special; I might just fall in love with you.,"You are extraordinary, and I find myself being deeply moved by you."
ICYMI,In case you missed it ,"ICYMI, the new season starts next week.","A way to catch someone up on information they may have missed, often used in social media posts.",Catch up! The new season kicks off in a week.,"In case you weren't aware, the new season begins next week.","In case you were unaware, the upcoming season commences in the following week."
IDBI,I don’t believe it,You won the lottery? IDBI!,Used to express disbelief or surprise at something shocking or unexpected.,You won the lottery? Can't believe it!,You won the lottery? Incredible!,You won the lottery? Incredible!
IDC,I don’t care,"You can pick the movie, IDC.",Used to express indifference or lack of preference.,Whatever movie you choose is cool by me.,"It's all good by me, whatever movie you choose.","The choice of movie is entirely up to you, it does not matter to me."
IDGAF,I don’t give a freak,"Say what you want, IDGAF.","A strong way of saying that you don’t care about something, often in a dismissive tone.","Couldn't care less, mate.","Frankly, I couldn't care less about what you have to say.",Say as you please; I am unconcerned.
IDK,I don’t know,"IDK where he went, maybe check upstairs.",A simple way to express uncertainty or lack of knowledge.,"Got no clue where he bolted off to, might wanna check upstairs.","I'm not sure where he ended up, perhaps you could look upstairs?",I am unsure of his whereabouts; perhaps it would be worthwhile to investigate upstairs.
IDTS,I don’t think so,Will it rain today? IDTS.,Used to express doubt or disagreement.,"Ain't gonna rain today, nah?",Won't it rain today? Not a chance.,Will it rain today? That doesn't seem likely.
IDUNNO,I don’t know,IDUNNO what happened to my keys.,A casual and informal way of saying “I don’t know.”,I'm clueless about where my keys ended up.,I'm not sure where my keys are.,I'm afraid I don't know what happened to my keys.
IFYP,I feel your pain,"That traffic was awful, IFYP.",Used to empathize with someone’s situation or frustration.,"Man, that traffic was a real headache, ain't it?","Man, that traffic was tough on you.",That traffic was truly taxing on one's patience.
IG,Instagram,Follow me on IG for updates!,Refers to the social media platform Instagram.,Hit my 'gram for updates!,Follow me on Instagram for updates!,Kindly follow my Instagram account for updates.
IG2R,I got to run,"Sorry, IG2R, I’m late for a meeting.",A quick way to say you need to leave immediately.,"Gotta scram, got a meeting to catch! Sorry 'bout that!","Gotta scram, buddy. I'm running late for a meeting.","Apologies, I must depart immediately as I am running late for a scheduled meeting."
IGHT,I got high tonight,"I’m feeling relaxed, IGHT.","Used to indicate that someone has consumed drugs, typically marijuana.","Feeling chill, I got lit tonight.","Feeling pretty chill tonight, thanks to some high times.","I find myself in a state of tranquility tonight, as I indulged."
IGN,I’ve got nothing,"What’s your plan? IGN, honestly.",Used when someone has no ideas or suggestions to offer.,"A'ight, whatcha got cookin'? Nothin' much come to mind though, ya feel?","What's your plan? Nothing much, to be honest.","What's your plan? Frankly speaking, I have none at the moment."
IGP,I got to go pee,"Hold on, IGP real quick.",A casual or humorous way to excuse oneself to use the restroom.,"Hang on, gotta pee for a sec.","Hang on, I need to use the restroom for a moment.","Excuse me for a moment, I must attend to a pressing need."
IHNI,I have no idea,IHNI where that came from.,Used to express complete uncertainty or confusion.,Got nowhere on that one.,Where on earth did that come from?,I am entirely unaware of the origin of that.
IIRC,If I remember correctly,"IIRC, the meeting is at 2 PM.",Used to recall something with slight uncertainty.,"As I recall, the meeting's at 2 PM.","As far as I recall, the meeting is at 2 PM.","As far as I recall, the meeting is scheduled for 2 PM."
IIIO,"Intel inside, idiot outside","He’s great with computers, but IIIO sometimes!",A humorous or sarcastic way to describe someone who may be smart in one area but lacking common sense.,"He's a whiz on the computer, but brains in a toaster at times!","He's tech-savvy alright, but brainless at times!","Despite his proficiency with computers, he can be rather foolish at times."
IK,I know,"IK, that movie was amazing!",A quick way to acknowledge agreement or shared knowledge.,"Gotcha, that flick was awesome!","Oh, that film was fantastic!","Indeed, that film was extraordinary!"
IKR,"I know, right?","That new cafe is so good, IKR?",Used to express strong agreement or to emphasize a shared opinion.,"That new cafe is SO rad, ain't it?","That new cafe is fantastic, isn't it?","Indeed, that new café appears to be quite excellent, doesn't it?"
ILBL8,I’ll be late,"ILBL8, traffic is terrible.",Used to notify someone that you will not arrive on time.,"Got held up, traffic's a mess.",I'm running behind due to heavy traffic.,"I'm encountering heavy traffic, which will cause a delay in my arrival."
ILU,I love you,"ILU, see you soon!",A common way to express affection in a short form.,"Got ya covered, can't wait to see ya soon!","I truly care for you, see you soon!",My deepest affection towards you. I shall see you shortly.
ILUM,I love you man,"Thanks for everything, ILUM!",A casual way to express love or appreciation to a close friend.,"Cool, thanks mate, you're a legend!","Thanks a lot, mate! You're truly great!",Thank you immensely for everything; I appreciate your efforts deeply.
ILYSM,I love you so much,"ILYSM, you’re the best!","Used to express deep affection for someone, often romantically.","You're absolutely smashing it, mate!","You're absolutely amazing, I really love you so much!","You exhibit exceptional qualities, and I hold a profound admiration for you."
ILY,I love you,"Goodnight, ILY!","A simple way to express love, often used with close friends or partners.","Goodnight, my dude, you got my heart!","Goodnight, I love you!","Goodnight, my dear, I love you."
IM,Instant message,Just IM me when you’re ready.,Refers to sending a quick message through a chat platform.,Hit me up when you're good to go!,Shoot me a message whenever you're prepared.,Please instant message me whenever you are prepared.
IMAO,In my arrogant opinion,"IMAO, that movie was overrated.",A humorous or self-aware way to share a strong opinion.,"My two cents, that movie was way too hyped up.","Frankly speaking, that film was excessively hyped up.","In my considered opinion, that film appeared to be excessively lauded."
IMHO,In my humble opinion,"IMHO, the book was better than the movie.",A polite way to offer one’s perspective or viewpoint.,"Ain't just me, but I reckon the book was more impressive than the flick.",I think the book was superior to the movie.,"In my considered opinion, the book surpassed the film."
ImL, I love you,"I got your message, ImL!","A shorter variation of ""I love you,"" often used in texts.","Got your message, you're ace, mate!","Got your message, I truly care for you.",Understood your message. My sentiments are indeed affectionate towards you.
IMNSHO,In my not so humble opinion,"IMNSHO, we should have left earlier.",A playful way to share an opinion while acknowledging it’s not modest.,"Frankly, I think we could've left sooner.","Frankly speaking, I think we should've left earlier.","In my considered opinion, we ought to have departed sooner."
IMO,In my opinion,"IMO, it’s best to start early.",A common way to share one’s personal viewpoint.,"Gotta say, starting early's the move, mate.","In my opinion, starting early seems like a good idea.","In my considered opinion, it would be advisable to commence promptly."
IMS,I am sorry,"IMS, I didn’t mean to offend you.","A brief apology, used to express regret.","Dang it, I didn't mean to upset ya.","Gosh darn it, I didn't mean to upset you.",I apologize sincerely if I inadvertently caused offense.
IMSB,I am so bored,"There’s nothing to do, IMSB.",Used to express boredom or lack of activity.,"Man, got nothin' to do, feelin' real bored here.","Man, I've got nothing to do, I'm bored out of my mind.",There appears to be a lack of engaging activities at present; I find myself quite unoccupied.
IMTM,I am the man,"I finished all my tasks early, IMTM!",A confident or playful way of saying you feel accomplished.,"Crushed it, man! Finished all my tasks early.","Crushed it with my tasks, I'm on top of the world!","Indeed, I completed all my tasks ahead of schedule. Quite impressive, wouldn't you say?"
IMU,I miss u (you),"Haven’t seen you in a while, IMU.","Used to express that you miss someone, often in texts or messages.","Man, it's been a minute since I saw ya, gotta say I been missin' ya!","It's been a while since I last saw you, I surely do miss you.","It has been some time since I last saw you, my friend. I have fond memories of our interactions and miss them dearly."
INAL,I’m not a lawyer,"INAL, but I think you should get legal advice.",Used to clarify that the speaker is not providing professional legal advice.,"Hey buddy, while I'm no lawyer, it seems like you might wanna chat with one about this situation!","Not being a lawyer myself, I'd strongly advise you to consult with one.","It appears that I'm not a lawyer, but I would strongly advise seeking professional legal counsel in this matter."
INC,incoming,"Heads up, INC message!",A quick way to warn someone that something is about to happen or arrive.,"Alrighty then, got an incoming for ya!",Here you go:,"Kindly take note, there's an incoming message."
Inspoo,Inspiration,Looking at art galleries for some inspoo.,"A playful or shortened way of saying ""inspiration.""",Cruising art galleries for a dose of inspiration.,Checking out art galleries for some fresh creative ideas.,Exploring art galleries seeking inspiration.
INV,Invite,Send me an INV to the game.,"Used to request or offer an invitation, often in gaming or social events.","Hit me up with a game invite, bro!",Shoot over a invite for the game my way.,Please extend a formal invitation for the game to me.
IOMH,In over my head,"I took on too many projects, IOMH.",Used when someone feels overwhelmed or unable to handle a situation.,"Man, I've bitten off more than I can chew with all these projects.",I've bitten off more than I can chew with all these projects.,I've undertaken more projects than I can effectively manage.
IOW,In other words,"IOW, we need to work faster.",A phrase used to clarify or rephrase something.,"So, what I'm trying to say is, let's pick up the pace, shall we?","We basically gotta pick up the pace, you know?","Essentially, what I'm trying to convey is that we should expedite our pace of work."
IRL,In real life,We should meet up IRL sometime.,Refers to interactions or situations outside of the digital world.,"Let's hook up offline some time, yeah?",Let's hang out in person some time.,Let us arrange a face-to-face encounter at some point.
IRMC,I rest my case,"That’s exactly what I was saying, IRMC!","Used to conclude an argument or discussion, implying that the point has been proven.","Gotcha! Exactly as I said, case closed.",Gotcha! Exactly as I was saying. Case closed.,"Indeed, that aligns precisely with my arguments."
ISLY,I still love you,"We had a fight, but ISLY.",A way of expressing continued affection despite disagreements.,"Despite the argument, still got love for ya.","Despite our argument, I still care for you deeply.","Despite our disagreement, my affection for you remains unchanged."
ISO,In search of,"ISO a new job, any leads?","Used when looking for something, typically in online classifieds or posts.","Looking for a fresh gig, got any tips?","Looking for a new job, got any tips?","Seeking a new job, have you heard of any opportunities?"
ITAM,"It’s The Accounting, Man ",Why is this so complicated? ITAM!,A phrase often used humorously by accountants to explain difficult or frustrating processes.,"Why's it gotta be like this, man? It's all the paperwork!","Why's it gotta be so intricate? It's just Accounting, mate!",Why is this situation so intricate? It appears to be a matter of accounting.
ITT,In This Thread,ITT: People share their favorite books.,Refers to the topic or content being discussed in an online forum thread.,"Here in this thread, folks are dropping their fave reads!","Here in this thread, folks are sharing their favorite books.","Within this discussion thread, individuals are sharing their preferred books."
ITYK,I thought you knew,ITYK that the meeting was rescheduled.,Used when someone assumed another person was already aware of something.,You should've known 'bout the meetin' gettin' moved.,Did you already know that the meeting got rescheduled?,I believed you were aware of the meeting's rescheduling.
IUSS,If you say so,"I’m not sure, but IUSS.",A passive or noncommittal way of agreeing with someone.,"Ain't too sure, but whatever you reckon then.","I'm not too certain, but you could be right.","I'm uncertain, but if that's what you believe to be true."
IWALU,I will always love you,"No matter what happens, IWALU.",A strong expression of enduring love.,"Come what may, I'll always gotcha covered, love.","Regardless of whatever may come, my love for you remains constant.","Regardless of what transpires, my affection for you remains unwavering."
IWAWO,I want a way out,"This job is too stressful, IWAWO.",Used when someone feels trapped or wants to escape a situation.,"Man, this gig's got me feeling drained, need a change somehow.","Man, this job's pressure is too much, I need a break.",This job is excessively demanding; I yearn for a means of escape.
IWIAM,Idiot wrapped in a moron,"That decision was ridiculous, he’s an IWIAM.",A humorous or sarcastic insult implying someone has made a very foolish mistake.,"That decision was beyond boneheaded, he's a real brain-dead buffoon.","That decision was utterly idiotic, he's a total buffoon.",Such a decision was utterly illogical; he demonstrates an alarming lack of intellect.
IWSN,I want sex now,"She texted me, IWSN!",A direct and casual way of expressing a desire for intimacy.,"She hit me up, ready to roll now!","She texted me, ""Wanting some action right now!""","She texted me, expressing her immediate desire for intimacy."
IYKWIM,If you know what I mean,"That conversation got a little awkward, IYKWIM.	","Used to suggest a hidden or implied meaning, often with a humorous or suggestive tone.","Man, that convo sure took a turn for the weird, ain't it?","That convo got a bit uncomfortable, you feel me?","That conversation became somewhat uncomfortable, if you follow my drift."
IYO,In your opinion,"IYO, what’s the best way to learn coding?",Used to ask someone for their personal opinion on a topic.  ,"So, whatcha think's the best way to pick up codin', mate?",What do you think is the best way to learn coding?,"In your view, what would you consider the most effective method for learning coding?"
IYQ,I like you,"IYQ, you’re always so thoughtful.",A playful or casual way to express affection or admiration.  ,"Dig you, you're ever such a sweetheart.","You're always so thoughtful, I really appreciate that about you.","You are consistently considerate, which I greatly appreciate."
IYSS,If you say so,"I don’t think it’s going to work, but IYSS.",Used when you reluctantly agree with someone or are skeptical.  ,"Ain't sure if it'll go right, but okay then.","Alright, I don't quite see how it's going to pan out, but if you're certain, then let's go ahead.","Although I have my doubts, if you insist that it will work."
j00,You,What are j00 up to today?,"A stylized version of ""you,"" often used in online gaming or chat forums.  ","Wazzup doing today, yo?",What's up with you today?,What is one doing today?
j00r,Your,Is that j00r car outside?,"A stylized version of ""your,"" commonly used in internet slang.  ",Ain't that yer car outside?,That your car outside?,Is that your car outside?
JAC,Just a second,"JAC, I’ll be right back.",Used to ask for a brief moment before responding.  ,"Gimme a sec, I'm comin' back soon.","One sec, I'll be back shortly.","In a moment, I will return."
JAM,Just a minute,"Hold on, JAM while I finish this.",A quick request for a short pause.  ,"Hang on a sec, lemme wrap this up.","Hang on for a sec, I'll just wrap up this bit.",Kindly wait for a moment whilst I complete this.
JAS,Just a second,"JAS, let me grab my phone.","A short pause, similar to ""JAC.""  ","Hold up, give me a sec to get my phone.","Just a moment, I'm reaching for my phone.","Just a moment, I will retrieve my phone."
JC (J/C),Just checking,"JC, did you send that email?",Used to verify or confirm information.  ,"Hey up, did you shoot off that email yet?","Hey, have you sent the email yet?",Have you dispatched the email?
JDI,Just do it,"You’ve been hesitating too long, JDI!",A phrase encouraging someone to take action without overthinking.  ,"Alright mate, stop dilly-dallying and get on with it!",Time to stop dawdling and take action already!,It's time to take action without further delay.
JELLY,jealous,You went to the concert? I’m so JELLY!,A playful way to express envy or jealousy.  ,"Man, I wish I was there too, you lucky dog!","Man, I wish I'd gone to that concert with you!",I'm rather envious that you managed to attend the concert.
JFF,Just for fun,"I took the quiz JFF, it’s not serious.",Indicates that something is being done casually or for entertainment.  ,"I just did that quiz for a laugh, it ain't important.","I just did that quiz for fun, it's no big deal.",I undertook the quiz merely for amusement; it holds no importance.
JFGI,Just freaking Google it,"I don’t know the answer, JFGI!",A slightly frustrated suggestion for someone to search for information themselves online.  ,"Bounce off Google, mate!","Here's a possible rephrased sentence that retains the original intent and sentiment while avoiding slang: ""Just look it up online, will you?""","I'm sorry, but I can't seem to find the answer. Could you please look it up online?"
JIC,Just in case,"Take an umbrella, JIC it rains.",Used when preparing for a potential situation or outcome.  ,"Bring an umbrella, ya never know if it might rain.","Grab an umbrella, just in case it might rain.","Carry an umbrella, as a precaution in case it rains."
JJ (J/J),Just joking,"I didn’t mean it, JJ!",A quick way to clarify that you’re only joking.  ,"Chillax, I was only messin' 'round, mate!",I was just kidding!,"I was merely jesting, you understand?"
JJA,Just joking around,"Don’t take it seriously, I’m JJA.",A casual way to indicate that a comment was made in jest.  ,"Chill out, I'm just messin' around.","I'm just messing around, don't worry too much.",Please do not interpret it literally; I was merely joking around.
JK (J/K),Just kidding,I’m moving to Mars… JK!,A common phrase used to indicate that what was said was a joke or not serious.  ,Ain't gonna move to Mars... just joshing ya!,I'm just pulling your leg about going to Mars.,I was merely joking about moving to Mars.
JLMK,Just let me know,"If you’re free tomorrow, JLMK.",A polite way of asking someone to inform you when they have an update.  ,"Hey if y'all got time tomorrow, holler back!",Shoot me a message if you're available tomorrow.,"Should you find yourself available tomorrow, do let me know."
JMO,Just my opinion,"JMO, but I think the first movie was better.",A way to express your thoughts while acknowledging it’s just a personal viewpoint.  ,"IMHO, I reckon the first one was tops.","Just sharing my thoughts here, but I believe the initial film was superior.","In my considered opinion, I believe that the initial film was superior."
JP,Just playing,"I wasn’t being serious, JP!",Used to clarify that a previous comment was made in fun or as a joke.  ,"Ain't I just kiddin' around, mate!",I was just kidding around!,"I was merely joking, you understand?"
JP,Jackpot,We hit the JP with that business deal!,"Refers to a big win or success, often used in gaming or business contexts.  ",Scored a windfall with that biz move!,Nailed it with that business deal!,We have struck a lucrative agreement with that business deal!
JT (J/T),Just teasing,"Don’t get mad, I’m JT!",A playful way to let someone know you’re joking or teasing them.  ,"Chill out, I'm only messin' 'round!","Don't take it seriously, I was just joking around!",Please do not be offended; I was merely joking.
JTLYK,Just to let you know,"JTLYK, the meeting’s been moved to 3 PM.","Used to inform someone of something, often in a polite or casual way.  ","Heads up, meeting's shifted to 3 PM!","Heads up, the meeting's been shifted to 3 PM.",I am writing to inform you that the meeting has been rescheduled for 3 PM.
JV,Joint venture,We’re starting a JV with another company.,Refers to a business partnership or collaborative project.  ,We're gonna team up with another crew on a new project.,We're teaming up with another firm on a new project.,Our organization is embarking on a collaborative business enterprise with another company.
JW,Just wondering,JW if you were still planning to come tonight?,Used to ask a casual or non-urgent question.  ,"Heya, still on for tonight?",Are you still thinking of dropping by tonight?,Inquiring as to whether your plans for tonight still include attendance?
K,Okay,"I’ll see you later, K?","A shorthand way of saying ""okay,"" often used in texting.  ","Got it, cool? See ya l8r!","See you later, cool?",Shall we meet again in the future?
KK,"Knock, knock","KK, anyone home?","A playful way to check if someone is available or paying attention, often in chat.  ",Hey there! Anyone around?,Hey there! Is anybody around?,Is there anyone present?
KK,"Okay, Okay!","KK, I’ll meet you at the restaurant.","A more enthusiastic or playful version of ""okay.""  ","Gotcha, see you at the resto!","Got it, I'll see you at the restaurant.","Understood, I will meet you at the restaurant."
K8T,Katie,K8T is coming to the party tonight.,"A playful or phonetic way of spelling the name ""Katie.""  ",Kat's gonna be at the shindig tonight.,Katy will be at the party tonight.,Miss Catherine will be attending the party tonight.
k/b,Keyboard,"I need a new k/b, mine is broken.","A shorthand way of referring to a keyboard, often used in tech or gaming.  ","Gotta cop a fresh one, my keys ain't working right.","My keyboard's busted, need a new one.",I require a replacement for my malfunctioning keyboard.
KB,Keyboard,My KB stopped working.,"Another shorthand for keyboard, used in informal conversations.  ",My keys ain't respondin'.,The keyboard isn't responding.,The keyboard I am using has malfunctioned.
KB,Kick butt,Go out there and KB in your presentation!,A phrase used to encourage someone to do well or succeed.  ,Knock 'em dead with that presentation!,Deliver an outstanding performance in your presentation!,Excel in your presentation with vigor and confidence!
KDFU,Cracking K ,That joke had me KDFU!,"A playful way to express that something was really funny, making you laugh hard.  ",That joke cracked me up!,"Man, that joke cracked me up!",That joke left me in stitches!
KEWL,Cool,That new game is KEWL!,"A stylized version of ""cool,"" often used in casual or playful contexts.  ","Man, that new game's totally rad!",That new game is really cool!,That new game is most impressive indeed.
KEYA,I will key you later,"I’m busy now, but KEYA when I’m free.",A way to tell someone you will message them later.  ,"Gotta bail now, catch ya later!","I'm swamped at the moment, but let's catch up later.","I'm occupied presently, but I shall get back to you when I am available."
KEYME,Key me when you get in,KEYME once you arrive at the hotel.,A phrase asking someone to send a message upon their arrival.  ,Text me when you check in at the hotel.,Let me know when you reach the hotel.,Please inform me as soon as you arrive at the hotel.
KFY,Kiss for you,Goodnight! KFY!,"A sweet or affectionate message, often used between close friends or partners.  ","G'night, smooch for ya!","Goodnight, give you a kiss!",Goodnight! I hope you have a lovely evening.
KIA,Know it all,"He’s such a KIA, always correcting people.","Refers to someone who acts as if they know everything, often in an annoying way.  ","He's such a smart aleck, always correcting folks.","He's just an expert at correcting others, isn't he?","He is incredibly pedantic, constantly correcting others."
KIR,Keep it real,"No matter what happens, just KIR.",A phrase encouraging someone to stay genuine or authentic.  ,"Whatever goes down, gotta keep it authentic.","Whatever goes down, keep it authentic.","Regardless of what unfolds, please be sincere and honest in your actions."
KISS,"Keep it simple, stupid",Remember the KISS principle while writing the report.,A reminder to keep things straightforward and simple.  ,"Keep it real, ya fool, when penning that report!",Keep things straightforward when composing the report.,Adhere to the principle of simplicity when composing the report.
KIT,Keep in touch,"It was great seeing you, KIT!",A way of telling someone to stay in contact after parting ways.  ,"Cool chatting with ya, let's stay connected!","It was nice meeting up with you, let's stay connected!",It was a pleasure meeting you; let's stay in touch.
KMA,Kiss my ass,"If they don’t like it, they can KMA.",A rude or defiant response when someone doesn’t care about others' opinions.  ,"If they ain't happy, make 'em un-happy.","If they don't like it, they can go jump in a lake.","If they do not agree, I invite them to express their opinion in a more formal manner."
KMK,Kiss my keister,Don’t like my opinion? KMK!,"A playful or slightly less rude version of ""Kiss my ass.""  ","Got a problem with my viewpoint? Well then, stick it!","Not a fan of my viewpoint? Well then, take it up with me!",Disagree with my viewpoint? Respectfully disagree then.
KMS,Killing myself,"I have so much homework, KMS.",A hyperbolic or humorous expression used to convey extreme frustration or stress.  ,"Got way too much homework, might as well call it a day.","I have way too much homework, it's driving me insane.",I'm finding myself overwhelmed by all this homework; it feels as though I might need a break.
KMT,Kiss my tushie,"You don’t agree? Well, KMT.","A very lighthearted and playful version of ""Kiss my ass.""  ","You don't agree, huh? Well, get lost then!","You don't see it that way, huh? Well, change your mind then!","You disagree, do you? Very well, I strongly advise you to reconsider your stance."
KOC,Kiss on cheek,I gave her a KOC when we said goodbye.,Refers to a friendly or affectionate kiss on the cheek.  ,Gave 'er a peck on the cheek when we parted ways.,I gave her a peck on the cheek when we parted ways.,I offered her a farewell peck on the cheek.
KOL,Key opinion leader,He’s a KOL in the tech industry.,Refers to someone who is highly influential in a particular field.  ,He's a big fish in the tech pond.,He's an influential voice in the tech sector.,He is an influential figure within the technology sector.
Koreaboo,Someone obsessed with Korean culture,"She’s a total Koreaboo, always watching K-dramas.","Refers to someone who is overly fascinated with Korean culture, often in a positive or humorous sense.  ","She's totally Hallyu addiction, can't get enough of those K-dramas!","This person is utterly fixated on Korean culture, constantly tuning into K-dramas.","She demonstrates an extreme fondness for Korean culture, frequently engaging in viewing K-dramas."
KOS,Kid over shoulder,"KOS right now, I’ll text you later.","Used to indicate that a child is nearby, often as a warning to avoid inappropriate language.  ","Gotta scoot for a sec, I'll hit you up afterwards.","Kid's tagging along at the moment, I'll hit you up later.","A child is currently with me, but I will get back to you later."
KOS,Kill on sight,That enemy guild is KOS in this area.,A gaming term used to describe players or characters who should be attacked immediately.,That enemy guild's heads are on a pin in this zone.,Eliminate that enemy guild in this region without mercy.,That enemy guild must be eliminated immediately within this region.
KOW,Knock on wood,"I haven’t been sick all year, KOW!",Used to avoid bad luck after mentioning something positive or fortunate.  ,"Touch wood, I've stayed healthy all year!","Touch wood, I haven't been sick all year!","I have remained healthy throughout the entire year, touch wood!"
KOTC,Kiss on the cheek,We said goodbye with a KOTC.,Refers to a friendly or affectionate kiss on the cheek.  ,We peaced out with a smooch on the cheek.,We gave each other a friendly peck on the cheek as we parted ways.,We bid farewell with an affectionate cheek kiss.
KOTD,Kicks of the day,"Check out my new sneakers, KOTD!","Refers to the shoes someone is wearing, often shared on social media.  ","Peep my fresh kicks today, man!",Check out these fresh kicks!,"Take a look at my latest pair of shoes, they're simply extraordinary today!"
KOTL,Kiss on the lips,We had our first KOTL last night.,Refers to a romantic kiss on the lips.  ,Nailed a smooch last night.,We shared our first kiss last night.,We shared a kiss on the lips for the first time last night.
KNIM,Know what I mean?,"It’s been a tough day, KNIM?",Used to check if the listener understands or agrees with what’s being said.  ,"You know, it's been a rough one today, yeah?","Had a rough day, get it?",Has today been challenging for you?
KNOW,knowledge,He’s got a lot of KNOW about computers.,Refers to someone’s expertise or understanding of a subject.  ,"Guy's clued up on computers, no doubt.",He's really clued up on computers.,He possesses extensive knowledge regarding computers.
KPC,Keeping parents clueless,"We stayed out late, KPC!",Refers to keeping information or activities hidden from parents.  ,"Hangin' 'round past curfew, no worries, KPC'd it!",We kept parents in the dark about our late night!,"We remained out late, maintaining discretion regarding our activities."
KS,Kill then steal,That player just KS’d me in the game!,Used in gaming when someone kills an enemy and then takes the loot or rewards.  ,That player straight-up looted me in the game!,That player straight up backstabbed me in the game!,That player eliminated and appropriated my resources within the game.
KSC,"Kind of, sort of chuckle","That joke was funny, KSC.","Used to indicate mild amusement, like a small laugh.  ","That joke was a bit chucklesome, matey.",That joke was kinda chuckle-worthy.,That joke was amusingly quaint.
KT,Katie,I’m hanging out with KT tonight.,"A short or playful spelling of the name ""Katie.""  ",Hanging with Kat tonight.,I'm spending time with Katie tonight.,I shall be spending my evening with Miss Catherine tonight.
KUTGW,Keep up the good work,"Your presentation was awesome, KUTGW!",A way of encouraging someone to continue doing a good job.  ,"Man, that presentation was sick! Keep rockin' it!","You did an amazing job with that presentation, keep it up!","Your presentation was excellent, well done!"
KYS,Kill yourself,"That was such a bad move, KYS!","A harsh and offensive phrase, typically used inappropriately online.  ","Oh man, that's a real dumb move, go screw yourself!","That was absolutely atrocious, you should give up.",Such a disastrous decision! Consider reevaluating your strategy.
L2G,Like to go?,L2G for a coffee?,Used to ask someone if they would like to go somewhere.  ,Fancy grabbing a cuppa?,Fancy grabbing a coffee?,Fancy grabbing a coffee?
L2G,(would) Love to go,"That sounds great, I L2G!",Expresses enthusiasm for going somewhere or joining an activity.  ,"Sounds ace, let's roll!","Sounds awesome, let's go!",That sounds splendid; I would be delighted to attend.
L2K,Like to come,"We’re heading out to dinner, L2K?",Used to invite someone to join an event or outing.  ,"Heading out for dinner, you feel like joining?","Heading out for dinner, fancy joining us?",Shall we go for dinner then?
L2P,Learn to play,"You keep dying early, L2P!",A phrase used in gaming to suggest someone needs to improve their skills.  ,"Keep biting the dust, learn to play it right!","You're kicking the bucket too soon, learn as you go!",You continue to perish prematurely; it's time for you to learn and adapt.
l33t,"Leet, meaning ‘elite’",His coding skills are so l33t.,"Refers to someone being highly skilled, often in gaming or technology.  ",Dude's code game is elite-level.,His programming skills are top-notch.,His coding abilities are extraordinarily proficient.
L4L,Like for like ,Follow me for a L4L!,A social media term used when someone offers to like or follow someone in return for the same action.  ,Hit that follow button for a return favor!,Follow me for a reciprocal follow!,"Follow me in return, please!"
L8R,Later,I’ll catch you L8R!,"A casual way of saying goodbye or ""see you later.""  ","See ya later, mate!",See you later!,I shall speak with you again soon.
L8RG8R,"Later, gator","Gotta run, L8RG8R!","A playful way to say goodbye, often used in friendly conversations.  ","Alrighty, I'll skedaddle off then, catch ya later alligator!","Alright, I'll be off then, catch you later!",I must depart now; do let us meet again soon.
LAB,Life is a bitch,"This week has been so stressful, LAB.",Used to express frustration about life’s difficulties.  ,"Man, this week's been a real pain in the neck!","Man, this week's been a real tough nut to crack!",This week has been incredibly taxing; life can be rather challenging at times.
LBAY,Laughing back at you,"That was a good one, LBAY!","A playful response to something funny, showing mutual amusement.  ","Gotcha, that's a keeper, had me rolling!","Gotcha, that was well played!","That was quite amusing, I must say!"
LBS,"Laughing, but serious","You need to stop doing that, LBS.","Indicates that while something might seem humorous, the speaker is serious about the underlying message.  ","C'mon, you gotta cut that out, grin and bear it though.","You've got to lay off that, with a smirk hidden within.","You really ought to cease that behavior, humor aside."
LBVS,"Laughing, but very serious","I’m laughing, but LBVS, you need to fix that.",Similar to LBS but with more emphasis on the seriousness.  ,"Man, I'm chuckling here, but lemme be real, you gotta sort that out.","I'm chuckling a bit here, but this is quite serious - you need to address it.","Despite my amusement, your situation warrants serious attention and needs to be addressed."
LD,"Later, dude","It’s been fun, LD!","A casual way to say goodbye, usually to a male friend.  ","Catch ya later, buddy!","Alrighty then, see you later!","It's been pleasant, I shall continue later."
LD,Long distance,We’ve been in an LD relationship for a year.,Refers to a relationship where the people involved live far apart.  ,Been doin' this long-distance thing for a solid year now.,We've been apart for a year in our long-distance romance.,We have maintained a long-distance relationship for a year.
LDO,"Like, duh obviously","We’re going to the concert, LDO!",Used to point out something that should be obvious to the listener.  ,"Heck yeah, we're hitting that concert, obvs!","Heading to the concert, obviously!","Indeed, we are heading to the concert, obviously."
LEMENO,Let me know,LEMENO if you’re free this weekend.,A casual way of asking someone to inform you about something.  ,Sound good if we catch up this weekend?,"Sure thing, just let me know if you're free this weekend.",Please inform me if you are available this weekend.
LERK,Leaving easy reach of keyboard,"I’ll be LERK for a bit, need to grab lunch.",Used to indicate that someone will be away from their computer for a while.  ,"I'm outta here for a sec, gotta get some grub.",I'm taking a break for a while; gotta get some grub.,I shall step away from my keyboard for a moment; I need to have some lunch.
LFD,Left for day,"The boss has LFD, we’ll continue tomorrow.",Refers to someone who has left work or an activity for the rest of the day.  ,"Alrighty then, the boss bolted for today, see ya all tomorrow!","The boss is gone for today, we'll pick up again tomorrow.",The boss is absent today; we'll resume work tomorrow.
LFG,Looking for group,I’m LFG for tonight’s raid.,A term used in online games when searching for other players to form a group.  ,Need a crew for tonight's raid?,I'm looking for a group for tonight's raid.,I am seeking a group for tonight's raid.
LFG,Looking for guard,"Our base is under attack, LFG!",Used in certain games to refer to seeking protection or assistance.  ,"Alright, our base's getting pummeled! Need some backup!","Our base is getting attacked, let's form a defense team!",Our base is under attack; we require immediate assistance.
LFM,Looking for more,"We need more players for the dungeon, LFM.",A gaming term used when recruiting additional players for a group or activity.  ,"Need a few extra folks for the dungeon run, peeps?",Need some extra players for the dungeon? Let's find more!,We are in need of additional participants for the dungeon expedition. Seeking further participants.
LGH,Lets get high,"It’s Friday night, LGH.",Refers to the desire to use drugs or get intoxicated.  ,"Alrighty then, it's Friday night, let's kick back and unwind!","Let's have some fun tonight, shall we?",Let's indulge in a relaxing evening tonight.
LH6,Lets have sex,"We’ve been flirting all night, LH6?",A direct and casual invitation for intimacy.  ,"Ready for some fun tonight, you up for it?",Ready for some action tonight?,Shall we proceed to a more intimate encounter tonight?
LHSX,Lets have sex,She texted me LHSX after the party.,Another way to suggest engaging in sexual activity.  ,"She hit up the texting, suggesting we get it on after the party.","She texted me, proposing we spend an intimate night together, following the party.",She suggested intimacy with me following the party.
LHM,Lord help me,"This project is driving me crazy, LHM.","An expression of frustration or exasperation, asking for divine assistance.  ","This project's really got me frazzled, good grief!","This project is really getting on my nerves, goodness gracious.",This project is overwhelming me; I truly need assistance.
LHO,Laughing head off,That story had me LHO!,"A phrase used to express extreme laughter, similar to ""LOL"" but more intense.  ","Man, that story was a riot!",That story had me roaring with laughter!,That story left me in fits of laughter!
LI,LinkedIn,I just updated my LI profile.,Refers to the professional networking site LinkedIn.  ,Just spruced up my LinkedIn page!,Just spruced up my LinkedIn profile.,I've recently revised my LinkedIn profile.
LIC,Like I care,You don’t like my opinion? LIC!,A dismissive response indicating indifference.  ,"Don't feel my vibe, who cares!","Frankly, your opinion doesn't matter much to me.","Your disapproval of my opinion is noted, nevertheless."
LIK,Meaning liquor,We need some LIK for the party.,Refers to alcoholic beverages in a casual or slangy way.  ,Let's grab some hooch for the shindig.,We need some booze for the party.,We require alcohol for the party.
LIMT,Laugh in my tummy,"That joke was so cute, LIMT!","Used to describe a warm, lighthearted laugh or amusement.  ","That gag had me rollin', man!","That joke was so adorably funny, it tickled my funny bone!",That joke was adorably amusing!
LIT,really good or something fun and exciting,The concert last night was LIT!,"Describes something that was very exciting, fun, or impressive.  ",That concert was fire last night!,The concert last night was off the charts amazing!,The concert last night was extraordinarily entertaining!
LIT,Extremely intoxicated,We were so LIT after that party.,"Refers to being heavily intoxicated, often from alcohol or drugs.  ",We were absolutely blasted following that shindig.,We were absolutely smashed following that party.,We were incredibly intoxicated following the party.
LLGB,"Love, later, God bless","I’ve got to go now, LLGB.","A heartfelt goodbye, often used in a spiritual or affectionate way.  ","Alrighty then, catch ya later, much love and God's blessings!","Alright then, take care and goodbye for now!","I must depart now; may love, patience, and blessings be with you."
LLS,Laughing like silly,That meme had me LLS!,"Describes uncontrollable laughter, usually over something particularly funny.  ",That meme cracked me up good!,That meme left me giggling like a fool!,That meme left me in fits of laughter!
LMAO,Laughing my ass off,"Your story is hilarious, LMAO!","A stronger version of LOL, expressing extreme amusement.  ","Cracking up at your story, ROFL!",Your story's got me cracking up goodly!,Your tale is incredibly amusing; I find myself in fits of laughter.
LMBO,Laughing my butt off,"I couldn’t stop laughing, LMBO!","A milder version of LMAO, used to express laughter.  ",Cracking up big time!,I was rolling on the floor laughing!,I was utterly unable to contain my laughter!
LMFAO,Laughing my freaking ass off,That prank had me LMFAO!,An even stronger expression of laughter than LMAO.  ,That prank had me cracking up big time!,That prank left me in fits of laughter!,That prank left me in uproarious laughter!
LMIRL,Lets meet in real life,"We’ve been chatting for weeks, LMIRL sometime?",Used to suggest meeting someone face-to-face after interacting online.,"Alright then, fancy catching up IRL someday?",Shall we grab some time to actually meet after chatting for so long?,Could we possibly arrange a face-to-face meeting after our prolonged online conversations?
LMK,Let me know,LMK if you need help with your project.,A polite way of asking someone to provide updates or inform you about something.  ,Hit me up if you need a hand with that project.,Let me know if you need assistance with your project.,Please let me know if you require assistance with your project.
LMMFAO,Laughing out loud,That joke had me LMMFAO!,"A stronger version of LMAO, indicating uncontrollable laughter.  ",That joke had me ROFLing hard!,That joke had me ROFLing loudly!,That joke left me in fits of laughter!
LMNK,Leave my name out,"I don’t want to get involved, so LMNK.",A way of telling someone to exclude you from a situation or conversation.  ,"Keep me outta this, cool?","I'd rather keep my distance, so let's not mention me.","Kindly exclude my involvement, if you wouldn't mind."
LMS,Like my status,LMS if you’re ready for the weekend!,Commonly used on social media to ask people to like a status post.  ,Gotcha if ya'll all set for the weekend?,"Looking forward to the weekend, are you?",Ready as you are for the weekend?
LNT,Meaning lost in translation,"That joke didn’t make sense, it was LNT.",Refers to something that doesn’t translate well or is misunderstood.  ,"That gag went over my head, it was totally LOL-worthy in translation.","The joke didn't quite hit the mark, it was a bit lost in translation.",The humor in that joke wasn't discernible; it fell flat.
LOA,List of acronyms,Here’s an LOA for the project terms.,"A reference to a list of commonly used acronyms, often for clarity in communication.  ","Alrighty, here's the lowdown on the acronym list for the project lingo!",Here's a list of acronyms for the project terms.,Here's a list of abbreviations for the project terminology.
LOL,Laughing out loud,That cat video made me LOL!,"A simple way to express that something is funny, often used in text or chat.  ",That cat vid had me cracking up!,That cat video had me chuckling out loud!,The cat video had me roaring with laughter!
LOL,Laugh out loud,"The movie was so funny, I couldn’t stop LOL.",Another version of laughing at something funny.  ,"Man, that movie had me cracking up big time!","The film was hilarious, I was roaring with laughter!",The film was remarkably amusing; it prompted hearty laughter from me.
LOL,Lots of love,"Miss you, LOL!","A way to express affection, often confused with the ""laughing out loud"" version.  ",Miss you heaps!,Miss you loads!,I miss you warmly.
LOLH,Laughing out loud hysterically,That meme has me LOLH!,Indicates an even more intense level of laughter than LOL.  ,That meme's got me ROFLing hard!,That meme has me rolling with laughter!,That meme leaves me in uproarious laughter!
LOLO,Lots of love,Sending you LOLO from across the miles.,"A message of affection or support, typically used in close relationships.  ",Heaps of love to you from afar.,Sending you heaps of love from afar.,Wishing you heartfelt affection from afar.
LOLWTF,Laughing out loud ,"That situation was so bizarre, I’m LOLWTF!","Expresses extreme surprise and laughter, often in response to something unexpected.  ","That's downright weird, I'm ROFLMAO (Rolling on the floor laughing my a** off)!","What a peculiar situation, I'm cracking up in disbelief!",That circumstance was incredibly peculiar; it left me in fits of laughter.
LOTI,Laughing on the inside,"That was mildly funny, but I’m just LOTI.","Used when something is amusing, but you’re not physically laughing.  ","That was kinda funny, but I'm still cracking up on the inside.","That was somewhat amusing, but I'm really chuckling on the quiet.","Found that somewhat amusing, yet I maintain my composure."
LOTR,Lord of The Rings ,I just rewatched LOTR last weekend.,Refers to the popular *Lord of The Rings* book or movie series.  ,"Man, I just caught up with ol' LOTR last weekend!",I recently watched The Lord of the Rings films over the weekend.,"Last weekend, I re-watched The Lord of the Rings."
LQTM,Laughing quietly to myself,"That was pretty funny, I’m LQTM over here.","Describes chuckling or laughing softly, usually in a subtle way.  ",Cracked me up good there! Quiet chuckle to myself right now.,"That was quite amusing, chuckling quietly to myself.",That was quite amusing; I find myself chuckling quietly.
LSHMBH,Laugh so hard my belly hurts,That stand-up comedian had me LSHMBH!,"Indicates extreme laughter, to the point where it causes physical discomfort.  ","Man, that stand-up comedian had me cracking up something fierce!",That stand-up comedian left me rolling with laughter!,That stand-up comedian left me in stitches!
LSV,"Language, sex and violence",This movie is rated for LSV.,"Refers to content warnings in media for mature audiences due to language, sexual content, or violence.  ","This flick's got a mature rating, language, nudity, and gore included.","This film carries a warning for explicit language, sexual content, and violence.","This film carries a rating for adult content, including explicit language, sexual scenes, and violence."
LTD,Living the dream,"I just got a promotion, LTD!","Used to express contentment or success in life, sometimes sarcastically.  ","Scored that promotion, livin' the life, man!","I just scored that promotion, living the dream!","I've just been promoted, living the dream!"
LTLWDLS,Let’s twist like we did last summer,"Can’t wait for the party, LTLWDLS!","A playful reference to dancing or having fun, often nostalgic.  ",Can't wait to get this summer vibe going on at the party!,"Looking forward to the party, ready for another wild one like last summer!",I am looking forward to the party; let's recreate the enjoyable moments we had last summer.
LTNS,Long time no see,"Wow, LTNS! How have you been?",Used when reconnecting with someone after a long absence.  ,"Hey there, it's been a minute! How ya doin'?","Hey there! It's been a while, haven't we? Hope everything's good on your end.",Goodness gracious! It's been a considerable amount of time since we last met. How have you fared in these intervening periods?
LTOD,Laptop of death,"My old laptop keeps crashing, it’s an LTOD!",Refers to an old or malfunctioning laptop that causes frustration.  ,"This darn old computer keeps freezing up like a clunker, man – it's basically a tech tombstone now!","That darned computer of mine just keeps freezing up, it's like a dead weight now!","That old laptop of mine seems to be experiencing frequent system failures, essentially rendering it almost unusable."
LTS,Laughing to self,I read your message and started LTS.,Indicates that something was amusing enough to laugh quietly alone.  ,Cracked up reading your message.,I read your message and had a chuckle to myself.,"Upon reading your message, I found myself chuckling privately."
LULT,Love you long time,"Thanks for always being there, LULT!","A phrase expressing enduring affection, often used playfully.  ","Cheers mate, thanks for never leaving me hangin', ya legend!","Thanks so much for always being there, buddy!","Thank you ever so much for consistently being there, my dear friend."
LULZ,"Meaning joke, or for laughs",I joined the prank for the LULZ.,Refers to doing something purely for fun or as a joke.  ,I hopped on board for a chuckle.,I hopped in on the joke for some good laughs.,I participated in the prank for amusement's sake.
LVM,Left voice mail,"I LVM, call me back when you can.",Used to inform someone that you left them a voicemail.  ,"Gotta voicemail, hit me up when ya can.","Left a voice message, give me a ring when convenient.",I left a voicemail; please call me back when convenient.
LWOS,Laughing without smiling,"That was so dry, I’m LWOS over here.",Refers to finding something funny but not showing it outwardly.  ,"Man, that was bone dry – chuckling to myself like a fool.","That was so dry, I'm chuckling quietly here.","That was so lacking in humor, I'm suppressing laughter without a smile."
LY,Love ya,"Goodnight, LY!","A casual way of saying ""I love you,"" often used with friends or family.  ","Goodnight, Take Care!","Goodnight, Take Care!","Goodnight, Kind Regards!"
LYLAS,Love you like a sis,"You’re the best, LYLAS!","Used to express strong affection between close female friends, like sisters.  ","Gotcha, you're awesome, sis-style!","You're absolutely fantastic, I love you like a sister!","You're simply extraordinary, my dear friend."
LYLC,Love you like crazy,"You’re amazing, LYLC!",An exaggerated way to show affection or love for someone.  ,"Dang, you're incredible, my dude!","You're truly incredible, I love you dearly!","You're extraordinary, I adore you deeply!"
LYSM,Love you so much,"I miss you, LYSM!","Used to express deep love or affection, often to a close friend or partner.  ","I really miss ya, loads!",I truly miss you a lot!,"I deeply miss you, my dear."
M$,Microsoft,I just installed the latest update from M$.,"Refers to the tech company Microsoft, often used in tech-related discussions.  ",Just slapped on the freshest patch from the Big M.,Just set up the newest Microsoft update.,I've recently installed the latest update from Microsoft.
M8,Mate,"How’s it going, M8?","A slang term for ""mate,"" often used in British English to refer to a friend.  ","Alright, what's up, mate?","Hey there, buddy! How's it going?","How are you doing, friend?"
MB,Mamma’s boy,"He’s always calling his mom for advice, such an MB.",Refers to someone who is overly dependent on or attached to their mother.  ,"Dude's constantly phoning his ma for guidance, sure is a mama's pet.","He's excessively reliant on his mother for guidance, quite the momma's pet.","He frequently seeks guidance from his mother, exhibiting a strong maternal dependence."
MBS,Mom behind shoulder,"I can’t talk about that right now, MBS.","A warning that someone’s mom is nearby, often used to indicate a need for discretion.  ","Can't chat 'bout it now, Ma on my back.","I can't discuss that just yet, dear.","I'm unable to discuss that matter at present, mother."
MC,Merry Christmas,Wishing you all a MC and a Happy New Year!,"A holiday greeting, often used in December.  ","Gotcha covered, here's my take on it:",Wishing you all a Merry Christmas and a Happy New Year!,Wishing you all a Merry Christmas and a prosperous New Year!
MDIAC,My Dad is a cop,"MDIAC, so I know a lot about law enforcement.","Used to let someone know that the speaker’s father is a police officer, often as a disclaimer or warning.  ","Old Man Blue is a cop, so I've got the lowdown on the law!","My old man's a cop, so I'm pretty well-versed in law enforcement matters.","My father is a police officer, hence I have extensive knowledge regarding law enforcement."
MEGO,My eyes glaze over,"Whenever they talk about quantum physics, MEGO.",Describes becoming bored or overwhelmed by a complex or dull subject.  ,"Every time they bring up quantum physics, I zone out.","Whenever they discuss quantum physics, my mind drifts off.","Whenever they discuss quantum physics, my comprehension wanes."
MEH,shrugging shoulders,"That movie was MEH, nothing special.",Expresses indifference or lack of enthusiasm about something.  ,"That film was kinda 'meh', nothing too exciting.","That film was just alright, nothing extraordinary.","The film was unremarkable, nothing particularly exceptional."
MEH,just okay,"The food was MEH, not great but not terrible.",Used to describe something as average or mediocre.  ,"The grub was 'ehh', nothing special, but not worth complaining about either.","The food was alright, nothing exceptional but not bad either.","The food was satisfactory, neither impressive nor disappointing."
MEHH,sighing,"It’s been a long day, MEHH.",A sound or expression of weariness or resignation.  ,"Man, what a drag, huh?","Man, what a drag of a day, ughh.","Indeed, it has been a rather taxing day, sigh."
MEZ,mesmerize,"That performance was MEZ, I couldn’t look away.",Used to describe something captivating or enchanting.  ,"Man, that performance had me hooked, I just couldn't tear my eyes away.",That performance absolutely captivated me; I just couldn't tear my eyes away.,The performance was captivating; I found it impossible to divert my gaze.
MFI,Mad for it,I’m MFI for the new season of the show!,Used to express intense excitement or enthusiasm about something.  ,I'm seriously pumped for the new season of the show!,I'm absolutely thrilled about the new season of the show!,I am utterly enthusiastic about the upcoming season of the show!
MFW,My face when,MFW I found out the concert was canceled.,"Used to describe a facial reaction to a specific event or news, often accompanied by a meme.  ","Man, when I learned the concert got axed!",Finding out the concert was canceled left me quite disappointed.,"Discovering that the concert had been cancelled, I felt... (expression of disappointment can be inferred)"
MGB,May God bless,"Hope everything goes well, MGB.",A heartfelt or spiritual way to wish someone well.  ,"Wish it all works out, my dude!","I hope everything works out for you, my friend.",I hope everything proceeds smoothly for you; may fortune favor you.
MGMT,Management,I’ll check with MGMT before making a decision.,Refers to the management team or leadership in an organization.  ,I'll run it by the bosses first.,I'll run it by the higher-ups before moving forward.,I will consult with the management prior to making a decision.
MHOTY,My hat off to you,"You did an amazing job, MHOTY!",A phrase used to show respect or admiration for someone’s accomplishment.  ,"Man, you aced it, top marks to ya'!","You absolutely nailed it, you're brilliant!","Your performance was truly exceptional, my admiration goes out to you!"
MIRL,Me in real life,"This meme is so relatable, it’s MIRL.",Refers to something that represents the speaker’s real-life experience or personality.  ,"This meme's spot-on, feels like me in person.","This meme is incredibly relatable, it's just like me in real life.",This meme is remarkably similar to real life experiences.
MIRL,Meet in real life,"We’ve been talking online for months, let’s MIRL soon.",Used to suggest meeting someone face-to-face after interacting online.  ,"Let's hook up IRL soon, we've chatted long enough online!","Let's catch up in person soon, we've been chatting online for a while now.",Let's arrange a face-to-face meeting soon after our lengthy online conversations.
MISS.3,3-year old daughter,"I’m with MISS.3, we’re going to the park.",A way of referring to one’s 3-year-old daughter in online conversations or posts.,"I'm hangin' out with my 3-year-old, heading to the park!","I'm with my three-year-old, we're heading to the park.",I'm with my three-year-old daughter; we're heading to the park.
MKAY,"Mmm, okay”","That’s your plan? MKAY, sounds good.",A playful or slightly sarcastic way of agreeing with someone.,Got it like that? Sounds solid.,Got it. Sounds alright to me.,"Understood, that's your plan. I approve."
MLM,give the middle finger,"He was being so rude, so I gave him the MLM.",Used to describe the action of giving someone the middle finger as a rude gesture.  ,"He was acting like a jerk, so I flipped him off.","He was being such a jerk, so I flipped him off.","I found his behavior quite impolite, so I showed him a display of disapproval."
MM,Sister ,Hanging out with my MM this weekend.,"A shorthand way to refer to a sister, often in casual or affectionate conversation.  ",Chillin' with my sis this weekend.,Spending time with my sister this weekend.,Spending time with my sister this weekend.
MMK,Meaning okay?,You’re coming over later? MMK?,"A casual way of confirming something, often with a slight tone of questioning.  ","You comin' over later, alright?",You're swinging by later alright?,Are you planning to drop by later on? I inquire.
MNC,Mother nature calls,"Sorry, MNC—I’ll be right back.",A polite or humorous way of saying someone needs to use the restroom.  ,Nature's calling—I'll just be a sec.,"Excuse me, I need to use the restroom – I'll be back shortly.","Excuse me, nature calls - I shall return momentarily."
MNSG,message in Spanish,"I just received an MNSG, can you help translate?",Used to indicate that a message has been sent or received in Spanish.  ,"Just got a msg in Spanish, wanna help me decode it?","I've just gotten a message in Spanish, could you help me translate it?",I have recently received a message in Spanish; could you assist me with its translation?
MOD,Moderator,The MOD had to step in and calm things down.,"Refers to someone who moderates discussions or content in forums, chatrooms, or games.  ",The OG needed to jump in and cool things off.,The Admin intervened to cool things off.,The individual designated as the moderator intervened to restore tranquility.
MOD,Modification,I downloaded a new MOD for the game.,Refers to a custom modification made to a video game or software to alter its functionality or appearance.  ,Just nabbed a fresh tweak for that game of ours!,I grabbed a fresh update for the game.,I have downloaded a fresh update for the game.
MORF,Male or female?,You didn’t mention—MORF?,"A question used to ask someone’s gender, often in online chat or forums.  ","Dude, you forget to say, Male or Female?",Did you forget to specify if it's male or female?,Did you neglect to specify whether it's a male or female matter?
MOMBOY,Mamma’s boy,"He’s such a MOMBOY, always calling his mom for advice.",A slang term for someone who is overly attached or dependent on their mother.  ,"He's still that momma's pet, can't go a day without ringing her up for guidance.",He's always seeking guidance from his mom like a typical mama's boy.,"He is undeniably overly dependent on his mother, frequently seeking her guidance."
MOO,My own opinion,"In MOO, that’s not the best approach.",Used to indicate that what is being said is the speaker’s personal opinion.  ,"That ain't my way, mate.","That's not really my style, you know?","In my own opinion, that is not an appropriate strategy."
MOOS,Member of the opposite sex,Are you bringing a MOOS to the party?,"Refers to a person of the opposite gender, often in casual or humorous conversation.  ",Gotting anyone fancy for the shindig?,Got a lady coming to the party with you?,Will there be a female companion attending the party?
MOS,Mother over shoulder,"Can’t talk about that right now, MOS.","A warning that someone’s mother is nearby, so the conversation should be appropriate.  ","Can't chat 'bout it now, momma bearin' me.","Can't chat about it at the moment, mom over shoulder.","I'm afraid I cannot discuss that matter at the moment, with my mother present."
MOSS,Member of same sex,We’ve got a MOSS joining our team.,Refers to someone of the same gender in casual conversation.  ,We've just scored another queer teammate!,We've just added another male colleague to our team.,A male colleague will be joining our team.
MP,Mana points ,"I’m out of MP, need to recharge.",Used in gaming to refer to the points that allow a character to use magic or special abilities.  ,"I'm tapped out, gotta juice up!","I've run out of energy, need to replenish.","I've depleted my energy reserves, require replenishment."
MR.3,3-year old son,Spending the afternoon with MR.3 at the park.,A way of referring to one’s 3-year-old son in online discussions or posts.,Hanging out with my little dude (aged 3) at the park today.,Spending the afternoon with my three-year-old at the park.,Spending the afternoon accompanied by a three-year-old child at the park.
MRT,Modified ReTweet,I made an MRT of that tweet with my own comment.,Refers to retweeting something on Twitter with slight modifications or added comments.  ,I RT'd that tweet with my spin on it!,I gave that tweet a little twist with my personal remark.,I crafted a retweet with personal commentary of that tweet.
MRW,My reaction when,MRW I found out the concert was canceled.,"Used to describe one’s reaction to a situation, often accompanied by a meme or image.  ","Man, when I learned the concert got scrapped...","Oh man, when I learned the concert got cancelled!",Upon discovering that the concert had been called off.
MSG,Message,I’ll send you an MSG later with the details.,"Refers to sending someone a message, often in the context of texting or social media.  ","Gonna hit ya up later with the deets, mate!",I'll shoot you a message with the deets later.,I shall forward a detailed message to you at a later time.
MTF,More to follow,"I’ll send the first draft now, MTF on updates.",Used to indicate that more information or content is coming.  ,"Here you go: Sending over the initial draft now, stay tuned for updates!","Here you go, I've sent the first draft now, keep an eye out for updates.",I will send the initial draft immediately; further developments will be communicated subsequently.
MTFBWU,May the force be with you,Good luck on your test! MTFBWU!,A phrase from *Star Wars* used to wish someone good luck or success.  ,"All right, break a leg on that exam! Keep the force with ya!",All the best for your test! May you find success and determination.,I wish you success on your test. May fortitude and wisdom guide you.
MU,Miss you,"It’s been so long since we hung out, MU!",A short way of expressing that you miss someone.  ,"Man, it's been ages since we chilled, I miss you bro!","Man, it's been way too long since we caught up, I really miss hanging out with you.","It has been such a prolonged period since our last meeting, my friend. I truly miss our interactions."
MUAH,Multiple unsuccessful attempts at humor,I tried making a joke but it was MUAH.,Used humorously to acknowledge failed attempts at being funny.  ,"Man, my attempt at a joke just bombed.","Attempted some humor, but it bombed.",My attempt at humor fell flat.
MUSM,Miss you so much,"Haven’t seen you in ages, MUSM!","A stronger version of ""miss you,"" expressing deep feelings of missing someone.  ","Aye, it's been ages, missin' ya big time!","Man, it's been ages since I last saw you. Really miss you a lot!",It has been a long time since I last saw you; I greatly miss your presence.
MWAH,kiss,"Goodnight, MWAH!",A playful or affectionate way to send a kiss in a message.  ,"Nighty night, smooch!","Goodnight, love!","Goodnight, with a kiss."
MYO,Mind your own business,"That’s personal, MYO!",A blunt way of telling someone to stay out of your affairs.  ,Back off that's none of your biz!,Keep your nose out of it!,That matter is of a private nature; it is advisable for you to concern yourself elsewhere.
MYOB,Mind your own business,"I’ll handle it myself, MYOB.","Similar to MYO, used to tell someone to stay out of your concerns.  ","Keep outta my affairs, got it covered here.","Keep out of it, concern yourself elsewhere.",Please allow me to manage this situation on my own; kindly focus on your own matters.
n00b,Newbie,"Don’t worry, everyone’s a n00b at first.","Refers to someone who is new or inexperienced, especially in gaming.  ","No stress, everybody's green at the start.","Everyone starts off as a beginner, so don't stress it.",Everyone is a beginner initially.
N1,Nice one,"You really aced that presentation, N1!",Used to compliment someone for a job well done.  ,"Man, you nailed that presentation, top-notch!","Bloody hell, you nailed that presentation, mate!",Well done on delivering that excellent presentation!
N2M,Nothing too much,What’s up with you? N2M over here.,A casual way to say that not much is happening.  ,"Hey man, nothing much with me. How 'bout yourself?",How's it going with you? Nothing much happening on my end.,How are you doing? Everything's quite ordinary with me.
NADT,Not a darn thing,What’s new? NADT.,Another way to say that nothing is going on or nothing has changed.  ,Ain't nothing new here.,What's up? Nothing much happening here.,What's new? Nothing of consequence.
NALOPKT,Not a lot of people know that,"This plant is rare, NALOPKT!",Used to share interesting or obscure information.  ,"Dang, this plant ain't common knowledge, though!","Few people actually know about this plant, you know!","This plant is rather uncommon, it appears."
NANA,"Not now, no need","I was going to call, but NANA—it’s handled.",Used to indicate that something isn’t necessary at the moment.  ,"I was about to hit you up, but nah—it's all good.","I was about to ring you up, but I've got it under control.","I had intended to make a call, however, it seems that matter has been taken care of."
NBD,No big deal,"I fixed the problem, NBD.",Used to downplay the significance of something.  ,"No worries, all good now.","Not a biggie, it's all good now.","Issue resolved, nothing significant to report."
NBFAB,No bad for a beginner,"You’re doing great for your first try, NBFAB!",A way to compliment someone who is new at something but performing well.  ,"Not half bad for a newbie, mate!",You're off to a fantastic start for a beginner!,You're off to a commendable start for a beginner!
NC,Nice crib ,"I love your new place, NC!",A compliment on someone’s house or living space.  ,"Man, that's a sweet pad of yours!","Man, your new pad is sweet!",I truly appreciate your new residence.
ND,Nice double,"You hit two home runs, ND!","Used in sports, especially baseball or tennis, to compliment a well-played double.  ","Nailed it, twice!","Man, you've smashed two homers there!",You've knocked it out of the park twice!
NE,Any,Do you have NE idea what time the show starts?,"A shorthand way of saying ""any,"" often used in casual text or chat.  ","Got no clue what time the show's kicking off, mate?",Got no clue about the start time for the show?,Do you have any idea when the show begins?
NE1,Anyone,Is NE1 coming to the game tonight?,"A shorthand way of saying ""anyone,"" often used in text or online communication.  ",Anyone comin' to the game tonight?,Anyone coming to the game tonight?,Is anyone coming to the game tonight?
NERF,Changed and is now weaker,They NERFed my favorite character in the game!,A gaming term used when a character or weapon has been weakened in an update or patch.  ,"Man, they made my fave character a joke in the game now!",They toned down my preferred character in the game!,"The developers have altered my preferred character in the game, making it less effective."
NFM,None for me ,"I’ll pass on dessert, NFM.",Used to indicate that you don’t want something being offered.  ,"Pass on the dessert, it ain't for me.","I'll skip dessert, thanks.","I'll abstain from dessert, thank you."
NFM,Not for me,"I tried it, but it’s NFM.",A way to say that something isn’t suited to your preferences.  ,"Nah, it ain't my thing.","Tried it, but it's not my thing.","I've given it a try, yet it does not appeal to me."
NGL,Not going to lie,"NGL, that was the best meal I’ve had in a while.","Used to introduce a statement of honesty, often in casual conversation.  ","Ain't lyin', that was one hell of a meal recently.","Frankly speaking, that was one of the finest meals I've had recently.","Truly, that was one of the finest meals I've enjoyed recently."
NFS,Need for Speed,I’m addicted to playing NFS.,Refers to the popular racing video game *Need for Speed*.  ,"Man, I'm hooked on those speed games!","I can't get enough of racing games, especially Need for Speed.",I am greatly fond of playing the game Need for Speed.
NFS,Not for sale,"That car is NFS, sorry!",Indicates that something is not available for purchase.  ,"Aye, that whip ain't up for grabs, my bad!","That car isn't up for grabs, I'm afraid!",I'm afraid that car isn't for sale.
NFW,No *freaking* way,You got tickets to the concert? NFW!,Used to express disbelief or surprise.  ,You've got concert tickets? Can't be serious!,"You're joking, right? I don't believe you have tickets for the concert!",You've secured concert tickets? Impossible!
NFW,Not for work,"That meme is NFW, don’t open it here!",Used to describe content that is inappropriate for the workplace.  ,"This meme's too risqué, better save it for elsewhere!","That meme's inappropriate, better not check it at work!",That meme is unsuitable for a professional setting; please refrain from opening it here.
NFWS,Not for work safe,"Be careful with that link, it’s NFWS.","A variation of NFW, indicating that something is not safe to view in a work environment.  ","Watch out with that link, it's NSFW-ish.",Proceed cautiously with that link; it's inappropriate for professional environments.,"Exercise caution with that link, as its content is inappropriate for professional settings."
NH,Nice hand ,"You played that perfectly, NH!",Used in card games to compliment someone’s well-played hand.  ,"Man, you nailed that one perfectly!","That was flawlessly executed, well done!",You played it flawlessly!
NIFOC,Naked in front of computer,"I’m home alone, NIFOC right now.",A playful or humorous way to describe being undressed while using the computer.  ,"I'm home alone, stripping down in front of this screen here.","I'm at home all by myself, stripped down in front of this screen.","I'm currently at home alone, clothed or otherwise."
NIGI,Now I get it,"Oh, I misunderstood earlier, NIGI now.",Used to indicate understanding after something is explained or clarified.,"Gotcha, now I see what you mean.","Gotcha, I see what you mean now.","Ah, I see now that I had misunderstood earlier."
NIMBY,Not in my back yard,"They’re proposing a new building, but it’s a total NIMBY situation.",Refers to someone opposing developments or changes near their home while accepting them elsewhere.  ,"Man's suggesting a fresh construction, but it's like an all-out ""not-here-pal"" response!","People are suggesting a new construction, yet there's a strong resistance to it.",There is strong opposition to the proposed construction of a new building.
NIROK,Not in reach of keyboard,"BRB, NIROK for a few minutes.",Used to let someone know that you’re temporarily away from your computer.  ,"Gone for a sec, offline for a bit.","Be right back, away from keyboard for a bit.","I'll be right back, temporarily unavailable at my keyboard for a few minutes."
NLT,No later than,Please send the report NLT Friday.,A deadline indicator meaning something needs to be done by a certain time.  ,"Gotta get that report to me by Friday, mate!",Please get me that report latest by Friday.,Kindly submit the report by close of business on Friday.
NM,Nothing much,"What’s up? NM, just hanging out.",A casual way to say that nothing significant is happening.  ,"Hey, what's crackin'? Ain't much, just chillin'.","Hey there! Not much happening here, just relaxing.","How are you doing? Not much, simply passing the time."
NM,Never mind,"Wait, NM, I found the answer.",Used to dismiss or retract a previous statement.  ,"Gotcha, forget it, I got the solution.","Got it, no worries, I've found the solution.","Never mind that, I've found the solution instead."
NM,Nice meld,"You played that card well, NM!",A compliment used in card games like rummy for a well-played combination.  ,"You nailed that play, wowzers!","Impressive play, nicely done!","You executed that move skillfully, impressive!"
NMH,Not much here,"How’s it going? NMH, just relaxing.",A casual way to say that nothing significant is happening where you are.  ,"What's up? Ain't much happening, just chillin'.","What's up? Nothing much really, just chilling out.","How are you doing? Nothing much is happening here, I'm merely taking it easy."
NMJC,"Nothing much, just chilling",What are you up to tonight? NMJC.,A relaxed way to say that you’re not doing anything important.  ,Got plans for tonight? Just kickin' it easy.,What's happening tonight? Just hanging out.,"What are your plans for tonight? Nothing much, merely relaxing."
NMU,"Not much, you?",Hey! What’s going on? NMU?,"Used to respond to someone asking what’s happening, then asking the same question back.  ","Yo! Wassup? Ain't much with you, mate?",Hey there! What's been happening with you? Not much on your end?,Hello! How are you doing today? Is everything alright with you?
NO1,No one,I told NO1 about the surprise.,"A shorthand way to say ""no one,"" often used in texts or chat.  ",I didn't tell a soul about that surprise.,I didn't tell anyone about the surprise.,I informed nobody about the surprise.
NOOB,someone who is bad at online games,"That player kept dying, total NOOB.","Refers to a new or unskilled player, especially in online gaming.  ","That dude's a real newb, keep getting killed!",That player sure is a beginner at this game.,"That player consistently demonstrated a lack of proficiency, evidently inexperienced."
NOWL,knowledge,He’s got some serious NOWL about computers.,Refers to expertise or understanding in a particular subject.  ,Dude's a whiz when it comes to tech stuff.,He's really clued up when it comes to computers.,He possesses considerable knowledge regarding computers.
NOYB,None of your business,What’s going on with you? NOYB!,A blunt way to tell someone to stay out of your personal matters.  ,Mind your own beeswax!,Mind your own beeswax!,"That is a matter of concern to me, is it not? None of it concerns you."
NP,No problem,Thanks for your help! NP!,A casual way to say that something wasn’t an issue or that you’re happy to assist.  ,Gotcha! No worries at all.,Thanks a bunch for your assistance! Not at all.,Thank you for your assistance! My pleasure!
NPC,Non-playing character,That NPC just gave me a quest.,Refers to characters in video games that are controlled by the game and not by players.  ,That scripted dude just handed me a mission.,The scripted character handed me a mission.,The pre-programmed individual has assigned me a mission.
NQT,Newly qualified teacher,She’s doing great as an NQT!,Refers to someone who has recently qualified as a teacher.  ,She's killing it as a brand new teacher!,She's doing fantastic as a freshly minted teacher!,She's performing admirably in her role as a newly qualified teacher.
NR,Nice roll,"You got double sixes, NR!",A compliment used in dice games when someone gets a good result.  ,"Man, you hit a sweet combo there!","Wow, you rolled two sixes, that's a great roll!","Well done, you've rolled a pair of sixes, impressively!"
NRN,No response necessary,I just wanted to update you—NRN.,Used to indicate that a reply isn’t required.  ,Just wanted to let ya know—all good here.,I just wanted to let you know - all good here.,I merely wished to inform you – there is no need for a response.
NS,Nice score,"You got 100 points, NS!",A compliment for getting a high or impressive score.  ,"Dang, you bagged a hundred! Kudos!","Wow, you scored 100 points, that's impressive!",You've achieved a commendable score of 100; well done!
NS,Nice split,"That bowling split was tough, but NS!",A term used in bowling to compliment a difficult split being handled well.  ,"Damn, that bowling split was rough, but wicked nice split!","That bowling split was challenging, yet impressive!","That bowling split was challenging indeed, yet impressive."
NSA,No strings attached,"I’m not looking for anything serious, just NSA.",Refers to a relationship or interaction without emotional commitment or expectations.  ,"Ain't lookin' for nothing heavy, just keepin' it casual.",I'm not after something long-term; I'm good with no commitments.,I'm not seeking a committed relationship; I'm merely interested in encounters without any obligations.
NSFL,Not safe for life,"That video is NSFL, don’t watch it!",A warning that content is so disturbing that it might not be suitable for anyone.  ,"Dude, that clip's straight-up unwatchable, steer clear!","That video is incredibly disturbing, it's best not to watch it.",The content of that video is highly disturbing; I strongly advise against viewing it.
NSFW,Not safe for work,"That image is NSFW, don’t open it at the office!",Used to indicate that content is inappropriate to view in a professional or public setting.  ,"That picture ain't work-friendly, better keep it closed at the job!","Be cautious about that picture; it's inappropriate for a work setting, so avoid opening it in the office.",That image contains content unsuitable for a professional environment; refrain from opening it in the office.
NSISR,Not sure if spelled right,"I think it’s ‘accommodate,’ NSISR.",Used when unsure about the correct spelling of a word.  ,"Ain't quite sure if it's 'accommodate,' could be wrong though.","Think it might be 'accommodate,' but I'm not entirely certain.","I believe it might be 'accommodate', but I am unsure if spelled correctly."
NT,Nice try,"You didn’t win, but NT!","A polite way of acknowledging someone’s effort, even if they didn’t succeed.  ","You didn't make it, still impressive attempt though!","Not quite, but well done!","Your attempt was unsuccessful, yet commendable."
NTHING,Nothing,"What’s up? NTHING, just relaxing.",A casual way to say that nothing is happening.  ,"What's crackin'? Ain't much, just chillin'.","Hey there! Nothing much, just chilling out.","Greetings! Not much happening here, just taking it easy."
NTS,Note to self,NTS: Remember to send the email tomorrow.,Used to remind oneself of something important.  ,Hey me! Remember to send that email tomorrow.,Reminder: Send that email tomorrow.,Please note: Sending the email is scheduled for tomorrow.
NVM,Never mind,"Forget what I said, NVM.",A way to retract a statement or indicate that something is no longer relevant.  ,"Never mind that, forget it.","Disregard that, never mind it.",Disregard what I mentioned previously.
NVR,Never,I’d NVR do that!,"A shorthand way of saying ""never,"" often used for emphasis.  ",Ain't gotta chance in hell I'd do that!,I'd never do that!,I would absolutely never do that!
NW,No way,You won the lottery? NW!,Used to express surprise or disbelief.  ,You won the lottery? Can't believe it!,"That's incredible! Not a chance, mate!",That's utterly implausible! You won the lottery?
NWO,No way out,This situation feels like there’s NWO.,Refers to a situation that feels like it has no solution or escape.  ,"This situation's got me cornered, got no escape!",This scenario seems hopeless.,This scenario seems utterly hopeless.
O4U,Only for you,I saved the last slice O4U!,A sweet or affectionate way to indicate that something is exclusively for someone.  ,Got that last slice just for you!,I held the final slice for you!,I saved the last slice especially for you!
O,Opponent ,We’re facing a tough O in the next round.,Used to refer to the opposing player or team in a game or competition.  ,Got a real stiff one comin' up in the next round.,We've got a tough competitor to deal with in the upcoming round.,We are confronting a challenging adversary in the upcoming round.
O,hugs,"Sending you O, hope you feel better soon!","A shorthand for sending hugs, often used in friendly or affectionate messages.  ","Sending you a big squeeze, feeling better soon!","Sending you a big hug, hoping you feel better soon!",I am sending you my warmest regards and wishes for a speedy recovery.
O,Over,"Mission complete, O.",Used in radio communications or similar settings to indicate that a message is finished.  ,"Task done, that's all she wrote!","Task accomplished, done.","Task accomplished, indeed."
OA,Online auctions,I got a great deal through OA.,"Refers to websites where items are bought and sold via auction, such as eBay.  ",Scored an awesome buy on the web auction!,Found an amazing bargain via online auctions.,I secured an excellent purchase through online auctions.
OATUS,On a totally unrelated subject,"OATUS, did you see the game last night?",Used to introduce a completely unrelated topic in conversation.  ,"Hey buddy, what's up? Ever catch that game yesterday?","Moving on to a different topic here, did you catch that game last night?","In a completely unrelated matter, have you happened to watch the game last night?"
OB,Oh baby,"That was an amazing shot, OB!","An expression of excitement or admiration, often in a playful or affectionate tone.  ","Dang, that's some fine aiming, dude!","Wow, what a fantastic shot!",That was a remarkable shot indeed!
OB,Oh brother,You lost your keys again? OB!,Used to express mild frustration or exasperation.  ,"Man, did you lose your keys again?! Aw nuts!","Good grief, you've lost your keys again?!","Good heavens, you've misplaced your keys once more? My word!"
OBV,Obviously,"OBV, I was going to say yes!",A casual or sarcastic way to point out that something is clear or should be obvious.  ,"Duh, I was gonna say yes for sure!","Of course, that's exactly what I was planning to do!","Clearly, I would have said yes."
OFC,Of course,OFC I’ll be there tomorrow.,"A shorthand way of saying ""of course,"" often used in text or chat.  ","Got it, no problem!","Absolutely, I'll be there tomorrow.","Certainly, I will attend tomorrow."
OG,Original gangster,He’s the OG of street style.,"Refers to someone who is original or highly respected in their field, often used as a compliment.  ",He's the old-school master of the streets.,He's a pioneer in street fashion.,He is a pioneer in urban fashion.
OGIM,"Oh God, it’s Monday","The weekend went by so fast, OGIM.",A humorous way to express the dread of starting a new workweek.  ,"Man, the weekend flew by, ain't it a bummer it's Monday.","Man, the weekend flew by, it's feeling like a long Monday already.","Alas, the weekend has flown by remarkably swiftly; it's a pity that we find ourselves back at the start of another workweek."
OH,Overheard,OH at the coffee shop: ‘I can’t believe they canceled the meeting!’,Used to share something funny or interesting that was overheard in conversation.  ,Heard it at the coffee shop: 'Can't freakin' believe they axed the meetup!',"Heard at the coffee shop: ""Can't believe they called off the meeting!""","Overheard at the coffee shop: ""It seems that the meeting has been called off!"""
OHHEMMGEE,Oh My God,"OHHEMMGEE, that’s so cute!","A playful and exaggerated way to say ""Oh My God.""  ","Wowzers, that's adorable!","Good grief, that's adorable!","Good heavens, how adorable that is!"
OI,Operator indisposed,"I’ll call you back later, OI right now.",Used to indicate that someone is unavailable or busy at the moment.  ,"Gimme a sec, I'm momentarily tied up, mate.","I'll get back to you later, Sorry for now.",I'm currently unavailable for a call; please try again later.
OIB,"Oh, I’m back","OIB, what did I miss?",A quick way to announce that you’ve returned to a conversation after being away.  ,"Hey, guess what? I'm back. What happened while I was gone?","Hey, been away! What's been happening?","Indeed, I have returned. Pray tell, what transpired in my absence?"
OIC,"Oh, I see","OIC, that makes sense now.",Used to express understanding or realization after something is explained.  ,"Yep, gotcha!","Got it, that clears things up now.","Indeed, I perceive that more clearly now."
OJ,Only joking,You’re really mad? OJ!,A way to clarify that a previous statement was made in jest.  ,"Aww, chillin' out, bro? OJ!",Are you seriously upset? Just kidding!,You're genuinely upset? I was only joking!
OL,Old lady,Going to visit my OL this weekend.,A casual or affectionate way to refer to one’s wife or girlfriend.,Hangin' with the granny this weekend.,Visiting an older relative this weekend.,Visiting an elderly relative this weekend.
OLL,Online love,I met someone through OLL!,Refers to a romantic relationship or feelings that develop online.  ,"Met someone online, ya?",Met someone online!,I've encountered an individual online!
OM,Old man,I’m going fishing with my OM this weekend.,A casual or affectionate term for one’s father.  ,Hangin' with the old codger for some fishin' this weekend.,I'm going fishing with the old guy this weekend.,I am planning to go fishing with an elderly relative this weekend.
OM,"Oh, my","OM, I can’t believe that just happened!",Used to express surprise or disbelief.  ,"Holy cow, did that just happen?!","Good grief, I can't believe that actually took place!","Good heavens, I cannot believe that occurred!"
OMAA,"Oh, my aching butt","After sitting all day, OMAA!",Used humorously to express discomfort from sitting too long.  ,"Boy, my backside sure is hurting after all this sitting!","Gosh, my backside is sore after all this sitting!","Indeed, after spending the entire day seated, my derriere feels quite weary."
OMDB,Over my dead body,You want to change my weekend plans? OMDB!,A strong expression of refusal or resistance.  ,"That ain't happening to my weekend, mate!",You're suggesting a change in my weekend plans? Absolutely not!,Under no circumstances will I allow changes to my weekend plans.
OMFG,Oh my freaking God,"OMFG, that’s incredible!","A more intense version of ""OMG"" to express shock or amazement.  ","Holy cow, that's amazing!","Holy cow, that's amazing!","Good heavens, that's astonishing!"
OMG,Oh my God,"OMG, I can’t believe it!","Commonly used to express surprise, excitement, or disbelief.  ","Good grief, I can't bloody believe it!","Good heavens, I can't believe it!","Good heavens, I cannot fathom it!"
OMG,Oh my gosh,"OMG, you look amazing!","A more polite or less intense version of ""Oh my God.""  ","Wow, you look fantastic!","Goodness gracious, you look fantastic!","Good heavens, you appear remarkable!"
OMGYG2BK,"Oh my God, you got to be kidding","OMGYG2BK, that’s the best news ever!","Used to express surprise or disbelief, often in a humorous way.  ",Can't believe it! That's the best news I've heard in ages!,That's absolutely fantastic news you're sharing!,"Good heavens, that is truly extraordinary news!"
OMGYS,Oh my gosh you suck,You missed the shot? OMGYS!,A playful or teasing way to express frustration with someone’s actions.  ,"Holy cow, you really whiffed that shot!","Man, you really whiffed that shot!","Good heavens, you missed the shot!"
OMS,On my soul,"OMS, that’s the truth!",Used to emphasize the truthfulness or sincerity of a statement.  ,"Gosh darn it, that's the real deal!","By all that's genuine, that's the honest truth!","Indeed, that is the unvarnished truth!"
OMW,On my way,"Just finished up, OMW now.",Used to let someone know that you are heading to meet them.  ,"Just wrapped up, headin' out now.","Just wrapped up, heading over now.",I have just concluded my tasks; I am on my way now.
ONL,Online,I’ll be ONL tonight if you want to chat.,Refers to being connected to the internet or available for online interaction.  ,Gonna be online tonight if ya wanna talk!,I'll be online tonight if you wanna talk.,I shall be available online tonight should you wish to converse.
OO,Over and out,"Finished for the day, OO!","A phrase used to indicate that communication is ending, often in radio conversations.  ","That's a wrap for today, laters!","All right then, signing off for today!","Completed for today, over and out."
OOC,Out of character,That comment was totally OOC for him.,"Refers to someone acting in a way that’s unusual for them, often used in role-playing games.  ","Man, that comment didn't fit his usual vibe at all.",That remark wasn't typical of him at all.,That remark was decidedly inconsistent with his usual demeanor.
OOH,Out of here,"It’s late, I’m OOH!",A casual way to say you are leaving or exiting a place.  ,"Time's a-tickin', gotta scram!","Time's getting on, gotta scram!","It's getting late, I must be going."
OOMF,One of my followers,OOMF just liked my tweet.,Refers to a follower on social media.  ,One of mine just hit that like on my tweet.,One of the people following me gave a thumbs up to my tweet.,One of my followers has liked my tweet.
OOTD,One of these days,"OOTD, I’ll finally visit Paris.",Used to indicate something you plan or hope to do in the future.  ,"One of these days, I'm gonna hit up Paris.","Someday, I'll definitely make it to Paris.","One day, I shall eventually visit Paris."
OOTD,Outfit of the day,Posting my OOTD for Instagram.,Commonly used on social media to show off one’s daily outfit.  ,Sharing my today's fit on Insta!,Sharing my daily outfit on Instagram today.,Sharing today's ensemble on Instagram.
OOTO,Out of the office,"I’m OOTO until Monday, so I’ll reply then.",Used in business or professional settings to let others know you’re unavailable.  ,"Away till Monday, won't get back to you 'til then!","Away from my desk until Monday, will get back to you then.",I am currently away from the office and will respond to your message on Monday.
OP,On phone,"Can’t talk right now, I’m OP.",Used to indicate that someone is on the phone and unable to chat.  ,"Gotta take this call, I'm glued to my screen.","Can't chat now, I'm on my phone.","Currently unavailable for conversation, as I'm occupied on my phone."
ORLY,Oh really?,You finished the project already? ORLY?,A sarcastic or surprised response to something unexpected.  ,Did you really finish the project already? Wowzers!,Did you actually finish the project already? Incredible!,"Indeed, you've completed the project already? Surprisingly so?"
OS,Operating system,I’m updating my OS tonight.,"Refers to the software that runs on a computer or device, like Windows or macOS.  ",A'ma gonna update my system tonight.,I'll be updating my operating system tonight.,I will be upgrading my operating system this evening.
OT,Off topic ,"This might be OT, but did you see the game last night?",Used to indicate that a comment is unrelated to the current discussion.  ,"Heya, this could be a bit off topic, but did ya catch that game last night?","Hey, just wanted to ask if you caught the game last night - not exactly related to our topic though.","This may have strayed from the subject at hand, but have you caught the game from last night?"
OTB,Off to bed,"It’s late, OTB for me.",Used to say that someone is going to sleep.  ,"Time to hit the hay, mate.","Time to hit the sack, I'm off.","It's quite late now, I believe it's time for me to retire for the night."
OTFL,On the floor laughing,That joke had me OTFL!,"A stronger version of LOL, indicating extreme laughter.  ",Cracked me up good on that one!,That joke left me rolling on the floor in laughter!,The joke left me in fits of laughter!
OTL,Out to lunch,"I’m OTL, back in an hour.",Refers to someone being away for a lunch break.  ,"I'm off my rocker for a bit, be back soon!","I've stepped out for a bit, I'll be back in an hour.","I shall be absent for a brief while, returning in approximately one hour."
OTOH,On the other hand,"It’s expensive, but OTOH, it’s a great investment.",Used to introduce an alternative viewpoint or consideration.  ,"It's pricey, yet it's a pretty solid investment, though.","It's costly, however, it's quite a solid investment.","Although it is costly, nevertheless, it constitutes a worthwhile investment."
OTP,On the phone,"Can’t talk, I’m OTP right now.",Used to indicate that someone is currently on a phone call.  ,"Gotta chat later, I'm on the blower at the moment.",I'm currently on the phone.,I'm currently engaged in a telephone conversation.
OTP,couple,They’re my favorite OTP from the show.,"Refers to ""one true pairing,"" often used to describe a favorite romantic couple in TV shows, movies, or books.  ",They're my fave ship from the series.,They're my favorite pairing from the series.,They are my preferred couple from the series.
OTT,Over the top,"That party was so OTT, but fun!",Refers to something that is excessive or exaggerated.  ,"That party was totally excessive, yet a blast!",That party was excessively extravagant yet enjoyable!,"That party was excessively extravagant, yet enjoyable!"
OTTOMH,Off the top of my head,"OTTOMH, I’d say it’s about five miles.",Used when giving an estimate or answer without checking the facts.  ,"Just offhand, I'd guess it's around five miles.","Offhand, I'd estimate it's approximately five miles.","Offhand, I would estimate it to be approximately five miles."
OTW,Off to work,"Got to go, OTW now!",Used to say that someone is heading to work.  ,"Alrighty, headed to work now!","Heading out, off to work now!",I must depart; I am on my way to work now.
OVA,Over,That match is OVA!,"A shortened version of ""over,"" often used to indicate that something is finished.  ",That game's over!,That match is done and dusted!,That match exceeded expectations!
OYO,On your own,"I can’t make it, you’re OYO this time.",Used to tell someone they’ll have to handle something by themselves.  ,"Gotcha, gotta bail – you're on your own this time!","Gotcha, you're on your own this time.","I'm unable to attend, you will have to manage on your own for this instance."
P,Partner,I’m going to dinner with my P tonight.,A shorthand way to refer to a romantic or business partner.  ,Hangin' out for dinner with my main squeeze tonight.,I'm heading out for dinner with my significant other tonight.,I am dining out with my companion this evening.
P2P,Parent to parent,It’s nice to have a P2P discussion about school events.,Used in parenting communities to describe conversations between parents.  ,Chillin' out to chat school stuff directly with the parents is cool.,It's great to chat like parents about upcoming school activities.,Engaging in a dialogue between parents regarding school activities can be quite pleasant.
P2P,Peer to peer,P2P sharing is common in online networks.,"Refers to a direct connection between users, often for sharing files or information.  ",Swapping stuff directly with other folks is quite frequent in online hangouts.,Direct file sharing among online users is quite prevalent.,"Direct, user-to-user file sharing is prevalent within digital networks."
P2P,Pay to play,"This game is P2P, so you need a subscription.",Used in gaming or services where users have to pay to access content.  ,This game's all about the VIP treatment – you gotta pay to play!,"This game's a paid one, so you gotta subscribe.","To play this game, a subscription is required as it operates on a fee-based system."
P911,Parents coming into room alert,"Can’t talk now, P911!","A warning that someone’s parents are approaching, used to indicate the need to change the topic.  ","Gotta mute, folks are here!","Gotta wrap up, parents are around!","I'm unable to converse at the moment, parents are entering my room."
PAP,Post a picture,PAP of your new car!,"A request to share a photo, usually in social media conversations.  ",Show off that new whip of yours!,Show me a photo of your new car!,Kindly share a photograph of your latest automobile acquisition!
PAT,patrol,We’re on PAT duty tonight.,"Refers to someone being assigned to patrol a specific area, often in military or police contexts.  ",Gotta be on guard duty tonight.,We've got patrol duty tonight.,We are assigned to carry out surveillance duties tonight.
PAW,Parents are watching,"Can’t discuss that right now, PAW.",Used to warn someone that a parent is nearby and monitoring the conversation.  ,"Gotta keep it low-key, folks are listening in.","Can't chat about that now, folks might overhear.","Cannot engage in that discussion at present, as if under parental supervision."
PBOOK,Phonebook,I found your number in the PBOOK.,Refers to a contact list or directory on a phone or online.  ,I got your digits from the contacts!,I dug up your number from the phonebook.,I've managed to locate your phone number in the directory.
PC,Player character ,My PC is a wizard in the game.,Refers to the character controlled by a player in a role-playing game.  ,My main character's got some mad skills in the game.,My character in the game is quite the sorcerer.,My character excels significantly within the game.
PCM,Please call me,"If you’re free later, PCM.","A request for someone to call you, often used in texts or messages.  ","Hey, if you've got some time later on, give me a shout!","If you've got some time later on, give me a call.","If you are available at a later time, I would appreciate it if we could speak then."
PDA,Personal display of affection,They were showing too much PDA at the park.,"Refers to public displays of affection, such as kissing or hugging in public.  ",They were getting way too lovey-dovey at the park.,They were displaying an excessive amount of public affection in the park.,They exhibited an excessive display of affection in public at the park.
PDH,Pretty darn happy,Got the job! I’m PDH right now!,Used to express excitement or satisfaction.  ,Nailed it! Feeling super stoked at the moment!,Nailed it! I'm feeling absolutely terrific at the moment!,"Secured a new position! Currently, I am quite delighted."
PDS,Please don’t shoot,"I’m unarmed, PDS!",Used humorously or literally to ask for mercy in a dangerous or competitive situation.  ,"Easy there, I ain't packing heat!","I'm not carrying a weapon, please be careful!",I am not armed; kindly refrain from violence.
PDQ,Pretty darn quick,I’ll be there PDQ!,A playful way to say that something will happen quickly.  ,I'm on my way super fast!,I'll get there swiftly!,I shall arrive promptly!
PEEPS,People,Hanging out with my PEEPS this weekend.,Refers to friends or close acquaintances.  ,Chillin' with the crew this weekend.,Chilling with the folks this weekend.,Spending time with friends this weekend.
PFT,Pretty *freaking* tight,Your new car is PFT!,Used to describe something that’s really cool or impressive.  ,"Man, that new car of yours is a real peach!",That's one sharp ride you've got there!,The new car is exceptionally well-designed!
PIC,Picture,Send me a PIC of your new puppy!,A shorthand way of asking for or referring to a picture.  ,"Hey, can you slide me over a snap of that new pup?",Send me a photo of your new puppy!,Could you please send a photograph of your new puppy?
PIP,laughing hard,That joke had me PIP!,Describes laughing so hard that it’s uncontrollable.  ,Cracked me up good on that one!,That joke really cracked me up!,The joke left me in stitches!
PIR,Parents in room,"PIR, can’t talk about that right now.","A warning that parents are nearby, so the conversation should be appropriate.  ","Got 'rents listenin', gotta keep quiet for a sec.",Got parents around? Can't discuss it at the moment.,"Parents presently unavailable, unable to discuss at this time."
PISS,Put in some sugar,Can you PISS in my coffee?,A playful or informal way to ask someone to add sugar to a drink.  ,Gonna need ya to sweeten up my joe!,Could you sweeten up my coffee for me?,Would you mind adding a little sugar to my coffee?
PITA,Pain in the butt,This project is such a PITA.,Refers to something that’s annoying or difficult to deal with.  ,"Man, this project's driving me nuts!",This project is a real hassle.,This project is incredibly vexatious.
PKMN,Pokemon,I caught a rare PKMN today!,Refers to the popular video game and media franchise Pokémon.  ,"Man, I snagged a rare 'mon today!",I snagged a rare pocket monster today!,I captured a rare Pokémon today!
PL8,Plate,I just got a new PL8 for my car.,"Refers to a license plate, often used in the context of vehicles.  ",Just copped a fresh dish for my whip!,Just acquired a fresh dinner plate for my vehicle.,I recently obtained a new dinner plate for my vehicle.
PLD,Played,That was a well-PLD match!,A compliment for someone’s skill in a game or performance.  ,"Man, that game was played hard!",That was a well-played match!,That was skillfully played match!
PLMK,Please let me know,PLMK if you’re free tomorrow.,A polite way to ask someone to inform you or update you about something.  ,Gimme a shout if you're free tomorrow.,"Hey, are you available tomorrow?",Could you please inform me if you are available tomorrow?
PLS,Please,"Can you send me the report, PLS?","A shorthand version of ""please,"" commonly used in text messaging or online chat.  ","Couldja hit me up with that report, mate?",Could you please send me the report?,"Could you kindly forward the report to me, please?"
PLU,People like us,This event is perfect for PLU!,Used to describe people who share similar interests or backgrounds.  ,"Man, this event's tailor-made for our kind of crowd!",This event fits right in with folks like us!,This event caters admirably to individuals of similar backgrounds and interests.
PLZ,Please,PLZ send me the details ASAP.,"Another shorthand way of saying ""please,"" often used in informal conversations.  ","Hey, can you shoot over the deets right away?",Could you please send me the details right away?,"Could you kindly send me the details immediately, please."
PLZTLME,Please tell me,PLZTLME what happened at the meeting!,Used when asking for more information about something.  ,"Hey, spill the beans on what went down at the meetup!","Hey, could you fill me in on what happened during the meeting?",Could you please inform me about the details of the meeting?
PM,Private Message,I’ll PM you the details.,Refers to sending a private message in online chats or forums.  ,Shoot me a DM with the deets.,I'll shoot you a private message with the details.,I shall message you privately with the particulars.
PMFI,Pardon me for interrupting,"PMFI, but I think we need to revise this.",A polite way to excuse oneself for interrupting a conversation.  ,"Hey, sorry to butt in here, but I reckon we might wanna tweak things a bit.","Excuse me for a moment, but I believe there's a need for some revisions here.","Excuse me for interrupting, but I believe there is a need for revisions in this matter."
PMFJI,Pardon me for jumping in,"PMFJI, but I have a suggestion.","Similar to PMFI, used to politely join a conversation.  ","Hey, hopping in here, just thought I'd share an idea...","Excuse me for interjecting, but I've got an idea.","Excuse me for interjecting, however, I'd like to offer a suggestion."
PMSL,Pee myself laughing,That story had me PMSL!,An exaggerated way to describe something extremely funny.  ,Cracked me up good with that story!,That story left me in stitches!,That story left me in stitches!
POAHF,Put on a happy face,You’re having a tough day? POAHF!,A phrase used to encourage someone to stay positive despite difficulties.  ,"Got yourself a rough one today, huh? Cheer up!","Cheer up, even if today's been rough!","Despite having a challenging day, do your utmost to maintain an optimistic outlook."
POIDH,it didn’t happen,"If there’s no photo, POIDH!","Used humorously to suggest that unless there’s proof, it didn’t happen.  ","If no pic, it didn't go down!","If there's no picture, it didn't happen, then!","If there's no photographic evidence, it didn't occur."
POS,Parent over shoulder,"POS, talk later.","A warning that a parent is nearby, often used to indicate the need to change the topic.  ","Mum's earful, catch ya later.","Parent watching over me, let's chat another time.","Parent under supervision, I'll speak to you at a later time."
POT,potion,I need to use a POT to heal.,"Refers to potions in video games, usually to restore health or magic.  ",Gotta whip up a brew to mend.,Gotta brew a potion for healing.,I require a remedy for healing.
POTD,Photo of the day,Check out my POTD on Instagram!,Refers to a daily highlight photo posted on social media.  ,Peep my Insta pick of the day!,Take a peek at today's photo I posted on Instagram!,Please take a moment to view today's featured image on Instagram.
POV,Point of view,"From my POV, this makes the most sense.",Refers to someone’s perspective or opinion on a situation.  ,"This strikes me as the most logical take, no doubt in my mind.","To me, it seems like this is the best option.","In my viewpoint, this appears to be the most logical option."
POV,Privately owned vehicle,I’ll be taking my POV on the road trip.,"Refers to a personal vehicle owned by an individual, often used in military or government contexts.  ",Gonna cruise in my ride for the roadie.,I'll be driving my own car for the road trip.,I will travel by my personal vehicle during the road trip.
PPL,People,A lot of PPL showed up to the event.,"A shorthand way of saying ""people,"" commonly used in texting and online chat.  ",Loads of folks turned out for the event.,Quite a few individuals turned out for the event.,A considerable number of individuals attended the event.
PPU,Pending pick-up,The package is PPU.,Refers to something that is ready and waiting to be picked up.  ,"Package's on hold, mate.",The package's status is still pending.,The package awaits collection.
PRESH,Precious,Your baby is so PRESH!,A cute or affectionate way to describe something as precious or adorable.  ,"Damn, your kid's a real gem!",Your kid is just adorable!,Your child is most delightful indeed!
PROBS,Probably,I’ll PROBS be there by 7.,"A shorthand way of saying ""probably,"" often used in casual conversation.  ",I'm likely to be there by 7.,I'll likely be there by 7.,I shall likely be there by 7.
PROLLY,Probably,I’ll PROLLY skip the meeting.,"A casual, slang variation of ""probably.""  ",I'm guessing I might skip the meeting.,I might just miss the meeting.,It is likely that I will not attend the meeting.
PROGGY,computer program,I’m running a new PROGGY on my laptop.,Refers to a computer program or software.  ,Crankin' a fresh one on the ol' laptop of mine.,I've got a fresh piece of software running on my laptop.,I am operating a novel software application on my laptop.
PRON,pornography,"Be careful, that site’s full of PRON.","Refers to adult content or pornography, often used in a humorous or discreet manner.  ","Watch out, that site's loaded with explicit content.","Watch out, that site's filled with explicit content.","Exercise caution, that website contains explicit sexual content."
PRT,Party,Are you coming to the PRT tonight?,Refers to a social gathering or celebration.  ,Got plans for tonight? Wanna link up and vibe at the party?,Are you going to the party tonight?,Will you be joining us for the social gathering this evening?
PRT,Please Retweet,"Help spread the word, PRT!",A request on Twitter asking followers to retweet a message.  ,"Give it a share, lemme know if ya do, mate!","Kindly help share this, won't you?",Kindly assist in sharing this information further.
PRW,Parents are watching,"Can’t talk about it now, PRW.",A warning that parents are nearby and monitoring the conversation.  ,"Gotta keep this hush for a bit, folks are listening in.","Gotta keep quiet for now, Mom and Dad are around.","Cannot discuss that at present, as parents (or others) might be listening."
PSA,Public Service Announcement,Just a PSA: Don’t forget to hydrate!,Used to share important or helpful information with others.  ,"Hey peeps, quick heads up – keep your fluids flowing!",A friendly reminder: Keep yourself hydrated!,A reminder: Ensure that you maintain adequate hydration levels.
PSOS,Parent standing over shoulder,"Let’s change the topic, PSOS.",A warning that a parent is closely observing the conversation.  ,"Let's switch it up, mom/dad peeking over there.","Alright, let's talk about something else now, mom or dad lurking behind me.",Shall we discuss something else while you are nearby?
PSP,Playstation Portable,I’ve been playing on my PSP all day.,Refers to the handheld gaming console made by Sony.  ,Been gaming on my handheld gaming device all day long.,Been gaming on my handheld PlayStation all day long.,I have spent the entire day utilizing my PlayStation Portable for gaming.
PST,Please send tell,"Looking for a group, PST.",Used in online gaming to request someone send a message or reply.  ,"Heading out, need crew - hit me up.","I'm searching for a group, let me know if you find one.",In search of a group; could you please inform me?
PTFO,Pass the freak out,"I was so exhausted, I just PTFO last night.",A slang term for falling asleep or passing out due to exhaustion.  ,"Man, I was completely drained yesterday, I totally lost it!","Man, I was absolutely knackered last night; I could barely keep my eyes open.",I was utterly drained yesterday; I simply had to exit in a state of exhaustion.
PTIYPASI,Put that in your pipe and smoke it,"Well, we won the game, PTIYPASI!",A phrase used to assertively tell someone to accept or acknowledge a statement or outcome.  ,"Alright then, won the game, ain't it something to smoke about!","Alright then, we actually nailed it in that match!","Indeed, we emerged victorious in the contest, my friend."
PTL,Praise the Lord,"PTL, we made it home safely!",A religious phrase expressing gratitude or relief.  ,"Sweet, we're home safe and sound!","Thank goodness, we're home safe and sound!","Thank heavens, we arrived home safely."
PTMM,Please tell me more,"That sounds interesting, PTMM!",A polite way of asking for more information.  ,"Sounds like a cool thing, spill the deets!","That sounds intriguing, could you tell me more?","That appears intriguing. Could you provide more details, please?"
PTO,Paid time off,I’m using some PTO to take a vacation.,"Refers to paid time off from work, where employees are still paid during their absence.  ","I'm takin' a few days off for a vacay, no sweat!",I'll be taking some time off work for a holiday.,"I shall be taking a leave of absence, utilizing the allotted paid time off for my upcoming holiday."
PTO,Personal time off,I’ll be taking some PTO next week.,"Refers to time off from work for personal reasons, either paid or unpaid.  ","Got a bit off next week, homie.",I'm planning a break next week.,I will be on a leave of absence next week.
PTO,Parent Teacher Organization,We’re having a PTO meeting at the school.,Refers to a school-based organization that connects parents and teachers.  ,Got a huddle with the folks from the ol' school PTO today!,We've got a parents-teachers get-together scheduled at the school.,There will be a Parent-Teacher Association meeting at the school.
PUG,Pick up group,I joined a PUG for the dungeon.,Refers to a group of players formed spontaneously in online games.  ,Hit up some random folks for a quick dungeon run.,I teamed up with a group to tackle the dungeon.,I participated in a group for exploring the dungeon.
PVE,Player vs enemy,I prefer PVE content over PVP.,Refers to a game mode where players fight against computer-controlled enemies.  ,"I'm more into fighting baddies than battling players, ya know?",I'd rather play against enemies than other players.,I have a preference for player versus enemy content over player versus player content.
PVP,Player versus player,Let’s try some PVP battles tonight!,Refers to a game mode where players compete against each other directly.  ,Let's get into some player vs player action tonight!,Let's have player-versus-player fights tonight!,Shall we engage in combat matches between players this evening?
PWN,own,I totally PWNed that game last night!,"Refers to dominating or defeating someone, often used in gaming.  ","Crushed that game last night, big time!",I completely dominated that game last night!,I utterly dominated that game last night.
PXT,Please explain that,"I didn’t understand your point, PXT.",A request for further clarification or explanation.  ,"What you meant by that, buddy?",Could you clarify your point for me?,Could you clarify your point for me?
PU,That stinks!,What’s that smell? PU!,"Used to express disgust, especially at an unpleasant odor or situation.  ","Yuck, what's that stench? Blech!",Yuck! That's rank!,"Good heavens, that's most unappealing!"
PUKS,Pick up kids,"I’ll be late, need to PUKS.","Refers to the task of picking up children, often from school or activities.  ","Gotta run, gotta grab the little ones first.","I'm running behind, gotta fetch the kids.","I'll be delayed, I have to fetch children."
PYT,Pretty young thing,She’s such a PYT!,"A compliment, often used to describe an attractive young person.  ",She's totally a knockout!,She's really quite charming!,She is truly an enchanting young lady.
PZ,Peace,"Got to go, PZ!","A casual way of saying goodbye, derived from ""peace.""  ","Catch ya later, peace out!","Alright then, take care!","All right, I'll be off now. Farewell!"
PZA,Pizza,Let’s order some PZA for dinner.,"Refers to pizza, often used in text or casual conversation.  ",Let's grab some pizza for dinner tonight!,How about we grab a pizza for dinner tonight?,Let's place an order for pizza for dinner.
Q,Queue,I’ve been waiting in the Q for 30 minutes.,"Refers to a line or waiting list, often used in the context of games or events.  ",Been chillin' in this line for half an hour now.,"I've been hanging around here for half an hour, seems like I'm still up in line.",I have been standing in line for thirty minutes.
Q4U,I have a question for you,"Hey, Q4U—what’s the plan for tonight?","A shorthand way of saying ""I have a question for you.""  ","Yo, whassup? Got a question for ya - what's the gameplan for tonight?","Hey, what's the game plan for tonight?","Hello there, could you possibly inform me of your plans for tonight?"
QC,Quality control,We need to run a QC check on the product.,"Refers to ensuring the quality of goods or services, often in a business or manufacturing context.  ","Gotta double-check that product's quality, yeah?",Let's double-check the quality of this product.,Let's perform an assessment of the product's quality.
QFE,Question for everyone,QFE: What’s everyone’s favorite movie?,"Used to ask a question directed at a group of people, often in online forums or chats.  ","Alrighty then, what's everybody's top flick, ya know?","Alrighty, what's everyone's top pick for a favored film?",Inquiry for all: What is your preferred film?
QFI,Quoted for idiocy,"That statement is ridiculous, QFI!",Used humorously or sarcastically to highlight a foolish or nonsensical comment.  ,"Man, that's some bullcrap, straight up quoted for stupidity!",That remark is utterly ludicrous!,Such a declaration appears absurdly unfounded.
QFI,Quoted for irony,They said they’d never change their mind… QFI.,Used to point out the ironic nature of a quoted statement.  ,"Can't believe 'em, swore they'd never budge... QFI!",They swore they'd stick to their guns... figuratively speaking.,They asserted they would never alter their decision... Quoted for irony.
QFT,Quoted for truth,"What they said was spot on, QFT.",Used to emphasize agreement with a truthful or insightful comment.  ,"Nailed it, for real though!",Exactly what they said! Couldn't agree more.,The point made by them was indeed accurate. Quoted for truth.
QIK,Quick,Let’s grab a QIK coffee before the meeting.,"A shorthand way to say ""quick,"" often used in informal situations.  ",Let's scoot over for some swift java prior to the huddle.,How about we pop in for a quick coffee break before the meeting?,Let's have a quick coffee break prior to the meeting.
QL,Quit laughing,"Come on, QL! I’m being serious.","Used to tell someone to stop laughing, often in a playful context.  ","Alright, chill out man! I'm dead serious here.","Hey now, knock it off! I'm dead serious here.","Come on now, cease your laughter. I'm being sincere."
QOTD,Quote of the day,‘Be yourself; everyone else is already taken’—QOTD.,Refers to a daily quote that is often shared for inspiration or humor.  ,"""This one's a keeper: 'Be yourself; everyone else is already taken'. Catchy, huh?""","""Be yourself – nobody else can pull it off quite like you!""","""The quote, 'Be yourself; everyone else is already taken,' serves as today's inspirational thought."""
Q_Q,crying eyes,"I lost my keys, Q_Q.","Used to represent sadness or frustration, mimicking crying eyes.  ","Aww man, I lost my keys, bummed out!","Oh no, I've lost my keys, feels like shedding tears.","Alas, I've misplaced my keys."
QQ,Quick question,"Hey, QQ: What time does the event start?",A shorthand for asking a brief or simple question.  ,"Hey up, whassup? Got a minute for a real quickie? What's the time on that event kick off?","Hey, Got a quick query here: What time does the event start?","Hello, may I inquire as to what time the event commences?"
QSL,Reply,"I sent the message, still waiting for a QSL.","Refers to a response or reply, often used in radio communication.  ",Still ain't got no response yet?,"I sent the message, yet to receive a reply.",I dispatched the communication; awaiting a confirmation response.
QSO,Conversation,I had a great QSO with him about technology.,"Refers to a conversation, typically in radio communication or technical contexts.  ","Chatted up a storm with him 'bout tech, it was epic!",We had an excellent chat about tech with him.,I had an engaging discussion with him concerning technology.
QT,Cutie,"Look at that dog, such a QT!",A term of endearment used to describe someone or something cute.  ,"Check out that pooch, what a charmer!",What an adorable dog you've got there!,Observe that canine; it's quite endearing.
QTPI,Cutie pie,My niece is an absolute QTPI!,"A more playful or affectionate version of ""QT,"" often used for children or pets.  ","She's a real sweetheart, my niece!",My niece is utterly adorable!,My niece is utterly charming!
R,are,R you coming to the party tonight?,"A shorthand way of saying ""are"" in casual text or online communication.  ","You comin' to the party tonight, mate?",Are you going to the party tonight?,Will you be attending the party this evening?
R8,Rate ,R8 my outfit from 1 to 10!,"A request for someone to give a rating, often used in social media or gaming.  ","Score my getup, 1 to 10!",How would you score my outfit on a scale of 1 to 10?,Kindly rate my outfit on a scale of 1 to 10!
RBAY,Right back at you,You’re awesome! RBAY!,Used to reciprocate a compliment or positive statement.  ,You're a crackup! Same to you!,You're fantastic! Right back at ya!,Your excellence is truly remarkable! I wholeheartedly reciprocate.
RFN,Right freaking now,We need to leave RFN!,"A strong or urgent way to say ""right now.""  ",Let's jet outta here ASAP!,Gotta scram now!,We must depart immediately!
RGR,"I agree, I understand","RGR, I’ll meet you there.","A way to confirm understanding or agreement, often used in military or technical settings.  ","Got it, see you there!","Got it, I'll meet up with you there.","Understood, I shall meet you there."
RHIP,Rank has its privileges,I got the best seat—RHIP!,Used humorously to suggest that higher rank or status comes with special benefits.  ,Got the prime spot – perks of being in charge!,I've snagged the prime spot – perks of being in charge!,I have secured the finest seat – a perk of my position.
RIP,Rest in peace,"RIP, we’ll miss you.",A respectful message when someone has passed away.  ,"Peace out, you'll be dearly missed.","Farewell, you will be greatly missed.","With deepest sympathy, may you find eternal peace."
RL,Real life,"I can’t play tonight, got RL stuff to do.",Refers to offline activities or responsibilities outside of the digital world.  ,"Gotta bail tonight, gotta tend to some real world matters.",Got some real-world matters to attend to tonight.,I'm unable to play tonight as I have real-world commitments.
RLY,Really,RLY? That’s amazing!,"A shorthand version of ""really,"" often used to express surprise or disbelief.  ","For real though, that's amazing!","Indeed, that's quite remarkable!","Indeed, that's truly remarkable!"
RME,Rolling my eyes,"He’s late again, RME.","Used to express frustration or disbelief, as if physically rolling one’s eyes.  ","Dude's always late, can't believe it, again.","He's late again, for the love of...","Once more, he arrives tardy; this is truly exasperating."
RMLB,Read my lips baby,"RMLB, I’m not going to change my mind.",A dramatic way to emphasize a point or statement.  ,"Got it straight, babe! Ain't no turning back now for me.","Listen carefully, my mind is set and won't be altered.","I assure you, my stance will remain unaltered."
RMMM,Read my mail man,You need more details? RMMM!,"A humorous or casual way to say ""check your messages.""  ","You asking for more info? Got it covered, mate!",Need more specifics? Check your email then!,You require further specifics? I would be pleased to oblige and provide them for you.
ROFL,Rolling on floor laughing,That joke had me ROFL!,"Describes extreme laughter, often used online to indicate something is hilarious.  ",Cracked me up good and proper!,That joke left me in stitches!,That joke left me in stitches of laughter!
ROFLCOPTER,Rolling on floor laughing and spinning around,"That video was so funny, ROFLCOPTER!","A more exaggerated version of ROFL, suggesting uncontrollable laughter.  ","That video had me cracking up, rolling around laughing like a spinning top!",That video had me laughing so hard I could barely catch my breath!,That video was extremely humorous and left me in fits of laughter.
ROFLMAO,"Rolling on the floor, laughing my butt off","I couldn’t stop laughing, ROFLMAO!","An even stronger version of ROFL, indicating extreme laughter.  ","Cracking up big time, LMAOF!","I was absolutely cracking up, laughing uncontrollably!","I found myself in uproarious laughter, utterly helpless to contain it."
ROTFL,Rolling on the floor laughing,That meme had me ROTFL!,"Similar to ROFL, used to describe something extremely funny.  ",That meme cracked me up big time!,That meme had me in stitches!,That meme left me in stitches of laughter!
ROTFLUTS,Rolling on the floor laughing unable to speak,"The prank was so good, ROTFLUTS!",A humorous way to express that something is so funny you can’t even talk.  ,Cracked me up something fierce!,That prank had me absolutely cracking up!,"The prank was extraordinarily amusing, leaving me nearly speechless with laughter."
RS,Runescape,I’ve been playing RS all weekend.,Refers to the online multiplayer game *Runescape*.  ,Been grinding on Runescape non-stop this weekend!,Spent my entire weekend on Runescape.,I have been engaged in Runescape play throughout the weekend.
RSN,Real soon now,I’ll finish the report RSN.,"Used to indicate that something will happen soon, though sometimes said with a hint of sarcasm.  ",I'll wrap up that report pronto!,I'll get the report done shortly.,I shall complete the report shortly.
RT,Roger that,"I’ll be there at 5, RT.","A phrase used to acknowledge a message or command, often in military or technical settings.  ","Got it, I'll be there at 5, cool!","Got it, I'll be there at 5.","Understood, I will arrive at five o'clock."
RT,Retweet,Thanks for the RT!,Refers to sharing or reposting someone else’s content on Twitter.  ,Cheers for the boost!,Thank you for sharing!,Many thanks for sharing my post.
RTBS,Reason to be single,"After that drama, I’ve got a new RTBS.",A humorous or serious reason for staying single.  ,Got myself a fresh reason to stay solo after that mess.,"After that episode, I've found myself more inclined to enjoy being single.","Following that incident, I find myself having increased reasons to maintain my solitude."
RTFM,Read the freaking manual,"You’re doing it wrong, RTFM!",Used humorously or sarcastically to suggest someone check the instructions.  ,"You're messing up big time, check the manual, pal!","Here you go wrong, please consult the instructions!",Kindly review the instructions properly. Consult the manual for guidance.
RTFQ,Read the freaking question,"You missed the point, RTFQ!",A way to remind someone to pay attention to what was asked.  ,"C'mon now, read what I asked, will ya?","Alright, you didn't quite catch what I meant. Check the question again!","You've failed to grasp the essence of the question, please re-read it carefully."
RTHX,Thanks for the RT ,RTHX for sharing my post!,A quick way to thank someone for retweeting or sharing content.  ,Cheers for boosting my post mate!,Thanks a bunch for retweeting my post!,Thank you for retweeting my post.
RTMS,"Read the manual, stupid","Before you ask, RTMS!","A more direct or harsh version of RTFM, telling someone to check the instructions.  ","Before you hit me up, check the manual first, matey!","Before asking, kindly check the manual first.","Prior to inquiring, I would suggest referring to the instructions."
RTNTN,Retention,We need to focus on customer RTNTN.,"Refers to efforts to keep or retain customers, often used in business settings.",Let's zero in on keeping our customers happy!,Let's zero in on keeping our customers on board.,Let's concentrate on enhancing customer retention.
RTRCTV,Retroactive,The pay raise will be RTRCTV to last month.,Refers to something that is applied to a previous period of time.  ,"Gotcha, here's a more casual and conversational way of saying that: ""The pay bump is backdated to last month.""",The pay rise is backdated to last month.,The pay increase will be backdated to last month.
RTRMT,Retirement ,She’s planning for RTRMT in a few years.,Refers to leaving the workforce and ceasing full-time work.  ,She's got some plans for kickin' back soon.,She's got retirement on her mind in a couple of years.,She is making arrangements for retirement within a few years.
RTSM,Read the stupid manual,You’re still confused? RTSM!,"A more direct or frustrated version of ""Read the manual.""  ","Still lost? Check the bloody manual, mate!",Still clueless? Check out the instructions then!,"If you're still perplexed, please consult the manual for clarification."
RTWFQ,Read the whole *freaking* question,"You missed the point, RTWFQ!",A reminder to fully understand the question before answering.  ,"C'mon now, read the whole question carefully!","You completely missed what I'm getting at, read the whole question carefully!",You seem to have overlooked the main idea; please take another look at the question.
RU,Are you?,RU coming to the party tonight?,"A shorthand way of asking ""are you"" in text or chat.  ","Gonna be there at the party tonight, ya?",You coming to the party tonight?,Are you planning on attending the party tonight?
RUMOF,Are you male or female?,"Before we start the game, RUMOF?","A direct question asking someone’s gender, often used in online forums or games.  ","Before we begin, you down for this, mate?","Alrighty then, you ready to play the game? Boy or girl first?","Before we commence the game, may I inquire as to your gender?"
RUT,Are you there?,"I’ve been texting you, RUT?",A quick way to check if someone is present or available.  ,"Heyyo, you there matey?","Hey, have we been messaging?",Have you been receiving my texts?
RUOK,Are you okay?,"You seem upset, RUOK?",A caring inquiry to check on someone’s well-being.  ,"Hey, you look a bit down, all good?","Hey, you look a bit down, everything alright?","Are you feeling alright, by any chance?"
RX,Regards,"I’ll see you soon, RX.","A way of sending regards or best wishes, often used in email closings.  ","Catch ya later, cheers!","See you soon, take care!",I look forward to seeing you soon. Regards.
RW,Real world,Got to get back to RW responsibilities.,Refers to life outside of the digital or virtual space.  ,Gotta tend to real-life stuff now.,Need to get back to real-life duties.,Need to attend to real-world obligations now.
RX,prescription,I need to pick up my RX from the pharmacy.,Refers to a medical prescription for medication.  ,Gotta grab that script from the drugstore.,Gotta grab my prescription from the pharmacy.,I have to collect a prescription from the pharmacy.
RYB,Read your Bible,Feeling down? RYB for inspiration.,A religious suggestion for someone to turn to the Bible for guidance.  ,Having a rough day? Check out the good book for some inspiration.,Needing a pick-me-up? Read your Bible for some inspiration.,In need of some inspiration? Consider reading your Bible.
RYO,Roll your own,I prefer RYO cigarettes.,Refers to making your own cigarettes or something handmade.  ,I dig rollin' my own smokes.,I go for homemade cigarettes.,I opt for hand-rolled cigarettes.
RYS,Read your screen,"The instructions are clear, RYS!",A reminder to pay attention to what is already written on the screen.  ,"Heed the directions, peep that screen!","Check it out, make sure you've got everything down!","Please ensure you follow the guidelines carefully, kindly read your screen."
RYS,Are you single?,"We’ve been chatting for a while, RYS?",A casual way to ask about someone’s relationship status.  ,"Been talkin' for some time now, you got a boo thang or sumthin'?","Hey there, are you currently unattached?","Have we been conversing for some time now, are you currently unattached?"
S2R,Send to receive,"S2R your address, and I’ll mail it.",Used when exchanging contact information or other details.  ,"Shoot me your addy, and I'll post it.",Send me your address so I can mail it to you.,"Kindly provide me with your address, so that I may send you a letter by post."
S2S,Sorry to say,"S2S, but the event has been canceled.",A way to express regret or apologize for bad news.  ,"Bummer, unfortunately, the event's off.",I'm sorry to tell you that the event has been called off.,I regret to inform you that the event has been called off.
S4L,Spam for life,"If you sign up for that site, you’ll get S4L.",Refers to a situation where someone may receive endless spam emails or messages.  ,"If you join that site, it's spam all day, every day!",You'll have a lifetime of spam if you join that website!,"If you register with that website, you'll receive a lifetime of spam emails."
SAL,Such a laugh,That story was SAL!,Used to describe something that was very funny.  ,"Man, that story cracked me up big time!",That story was absolutely hilarious!,That tale was immensely amusing!
SAT,Sorry about that,"I didn’t mean to be late, SAT!",A quick apology for a minor mistake or inconvenience.  ,"Oops, sorry 'bout that, I'm running behind.","Oops, I'm sorry for being late!",I apologize for being late.
SAVAGE,shockingly careless expression,"His comment was SAVAGE, but true.","Describes something said or done with brutal honesty, often in a shocking or careless way.  ","Dude's remark was brutal, yet spot on.","His remark was brutally honest, yet accurate.",His remark was striking in its blunt honesty.
SB,Snap back,I’ll SB when I get your message.,Refers to replying to someone’s Snap on Snapchat.  ,"Gimme a sec, I'll hit you back.",I'll hit you back as soon as I read your message.,I shall respond promptly upon receiving your message.
SB,Should be,The project SB done by Friday.,Used to indicate what should happen or what is expected.  ,This project oughta be wrapped up by Friday.,This project should be completed by Friday.,The project should be completed by Friday.
SB,Smiling back,"You sent me a picture of your smile, SB!","A friendly or flirty response, implying someone is smiling back.  ","You slid me a grinning pic, eh?",You shared a photo with your grinning face!,You've shared a photograph displaying your grin with me.
SBIA,standing back in amazement,That performance had me SBIA!,Used to describe being in awe or impressed by something.  ,"Man, that show left me in awe!","Man, that performance left me absolutely speechless!",That performance left me utterly astonished.
SBT,Sorry about that,"I didn’t mean to miss the call, SBT.",A quick way to apologize for a mistake.  ,"Whoops, my bad for missing the call.",My apologies for missing your call.,I apologize for missing your call.
SC,Stay cool,"It’s getting hot out, SC!",A way to tell someone to remain calm or relaxed.  ,"Chillin' out, no sweat!","It's heating up there, take it easy!",Please remain composed; the weather is heating up.
SD,Sweet dreams,"Goodnight, SD!",A kind way to wish someone a restful sleep.  ,"Catch ya later, sleep tight!","Sleep tight, have pleasant dreams!","Goodnight, sleep well!"
SDMB,"Sweet dreams, my baby","Tucking you in, SDMB.","A very affectionate way to say goodnight, often used for a child or loved one.  ","Tuckin' ya in, sweetie-pie.","Goodnight, my darling. Sweet dreams.","Goodnight, my dear. Sweet dreams to you."
SENPAI,someone older than you,SENPAI noticed me!,"A term from Japanese culture referring to someone who is older or more experienced, often used in anime or fan communities.  ",Old man took notice of me!,Elder observed me!,Elder individual took notice of me.
SEO,Search engine optimization,We need to improve our SEO for better website traffic.,Refers to strategies to improve a website’s visibility in search engine results.  ,"Let's bump up our rankings, mate, for more site visitors!",Let's boost our site's visibility in search engines for more web visitors.,It is crucial to enhance the search engine optimization of our website in order to attract more web traffic.
SETE,Smiling Ear-to-Ear,"When I saw the surprise, I was SETE!",Describes someone who is extremely happy and smiling broadly.  ,"When I caught that surprise, I was grinning ear to ear!","When I saw the surprise, I couldn't help but grin from ear to ear!","Upon witnessing the surprise, I found myself beaming with delight."
SELFIE,A photo that is taken of oneself,Just took a SELFIE at the beach!,"Refers to a picture someone takes of themselves, usually shared on social media.  ",Took a quick snap of myself at the beach!,Just snapped a photo of myself at the beach!,I've just taken a photograph of myself at the beach.
SFAIK,So far as I know,"SFAIK, the meeting is still on for tomorrow.",Used to express that something is true to the best of one’s knowledge.  ,"As far as I know, that meeting's still on for tomorrow.","As far as I'm aware, the meeting is still scheduled for tomorrow.","As far as I am aware, the meeting is scheduled for tomorrow."
SH,Same here,"You’re tired? SH, I’m exhausted too.",A way to agree with someone or share the same sentiment.  ,"Man, I'm knackered just like you.","You're beat? Me too, I'm drained as well.","You're feeling tired? I am as well, exhausted in fact."
SH^,Shut up,"That’s so funny, SH^!","Used in a playful or joking manner to tell someone to stop talking, often in surprise or disbelief.  ","That's hilarious, can it?","That's positively hilarious, would you please keep quiet?",That's remarkably amusing; pray do refrain from further comment.
SHID,Slapping head in disgust,"I forgot my keys again, SHID!",A humorous way to express frustration with oneself.  ,"Blimey, I left my keys again, what a tit!","Darn it, I forgot my keys again!","I once again overlooked my keys, a moment of profound frustration."
SHIP,wishing two people were in a relationship,I totally SHIP those two characters!,"A term used by fans to express a desire for two people, often fictional, to be romantically involved.  ","Man, I'd love to see those two paired up!",I'd love to see those two characters together!,I genuinely hope that those two characters form a romantic relationship.
SICNR,"Sorry, I could not resist","I had to make the joke, SICNR.",Used when someone makes a comment or joke they couldn’t hold back.  ,"Had to slip in the humor, couldn't resist!",I couldn't help myself from making the joke.,"Could not help but make the jest, I'm afraid."
SIG2R,"Sorry, I got to run","I’m late, SIG2R!",A quick way to say you need to leave or end a conversation.  ,"Gotta jet, sorry!","Gotta scoot, running behind!","I'm running late, my apologies."
SIHTH,Stupidity is hard to take,"After that decision, SIHTH.",Used humorously to express frustration with someone’s foolish actions.  ,"Man, that decision was a real head-scratcher.",That decision was beyond frustrating.,"After such a decision, one cannot help but feel exasperated."
SIMYC,Sorry I missed your call,"SIMYC, I was in a meeting.",A polite way to apologize for not answering someone’s phone call.  ,"Oops, I was tied up in a call, mate!","My apologies, I was in a meeting when you called.",I regret to inform you that I missed your call as I was engaged in a meeting at the time.
SIR,Strike it rich,"One day, I’ll SIR with this idea!",Refers to becoming wealthy or successful.  ,"Someday, I'm gonna strike it lucky with this idea!","One day, I'm gonna strike it big with this idea!","One day, I shall find considerable success with this idea!"
SIS,Snickering in silence,"That joke was so bad, I’m SIS.",Used to describe laughing quietly or to oneself.  ,"Man, that joke was awful – I'm barely keeping it together!","That joke was so terrible, I'm practically bursting into quiet laughter.","That joke was so dreadful, I find myself unable to suppress a chuckle."
SIS,Meaning sister,I’m spending the weekend with my SIS.,A term of endearment for one’s sister.  ,Hangin' with my sis this weekend.,Spending the weekend with my sister.,I am spending the weekend with my sister.
SIT,Stay in touch,"It was great catching up, SIT!",A reminder to keep in contact with someone after parting ways.  ,"Catching up was cool, let's keep in touch!","It was awesome chatting again, let's keep in touch!",It was delightful discussing again; do keep in touch.
SITD,Still in the dark,I’m SITD about the details of the project.,Used to describe being uninformed or unaware of something.  ,I'm clueless 'bout the finer points of the project.,I'm still clueless about the specifics of the project.,I remain uninformed regarding the specifics of the project.
SJW,Social justice warrior,"She’s always advocating for causes, total SJW.","Refers to someone who actively promotes social justice issues, often used sarcastically.  ","She's always going off on social justice crusades, full-blown activist.","She's always championing causes, total activist.","She consistently champions various causes, demonstrating a strong commitment to social justice advocacy."
SK8,Skate,We’re going to SK8 at the park later.,"A shorthand for ""skate,"" often referring to skateboarding or rollerblading.  ",Let's hit the skate park later!,We're gonna hit the skate park later on.,We are planning to skate at the park later on.
SK8NG,Skating,I’ve been SK8NG since I was a kid.,"Refers to the activity of skating, whether it’s ice skating, rollerblading, or skateboarding.","I've been cruisin' on my skateboard since forever, bro!",I've been skating since I was a kiddo.,I have been skating since I was a child.
SK8R,Skater,He’s a total SK8R with all the tricks.,Refers to someone who skateboards or is involved in the skating culture.  ,"Dude's a rad skater, got all the moves down!",He's really into skateboarding and knows plenty of cool moves.,"He is an accomplished skateboarder, showcasing numerous techniques."
SK8RBOI,Skater Boy,I used to have a crush on a SK8RBOI.,"A playful term for a boy who skateboards, popularized by the Avril Lavigne song.  ",I once had feelings for a skateboarding dude.,I once had a thing for a skateboarder dude.,I once had feelings for a young man who was an avid skateboarder.
SLAP,Sounds like a plan,Let’s meet at 7 for dinner? SLAP!,Used to agree with or confirm a suggestion or plan.  ,"Sounds good, let's hook up at 7 for dinner, matey!","Sounds good to meet up for dinner at 7, all right?",Shall we arrange to meet for dinner at 7 o'clock? That sounds most agreeable!
Slay,To succeed at something,You totally slayed that presentation!,Describes someone excelling or doing exceptionally well at something.  ,Nailed it with that presentation!,Nailed it on that presentation!,You absolutely excelled in that presentation!
SM,Social media,I spend way too much time on SM.,"Refers to platforms like Facebook, Instagram, Twitter, etc.  ",I'm really racking up the hours on the 'gram!,Spend way too much time on social media.,I devote an excessive amount of time to social media platforms.
SMAZED,Smoky haze,The sky was SMAZED after the fireworks.,"Describes a smoky or hazy atmosphere, often caused by smoke.  ",The sky had a foggy smokiness post-fireworks.,The sky was smoky and hazy following the fireworks.,The sky bore a smoky haze following the fireworks.
SMEXI,sexy Mexican,"He’s SMEXI, isn’t he?",A playful or flirtatious way to describe a Mexican person as attractive.  ,"Man, he's got that hot Latin charm, right?","He's quite attractive, isn't he?","He indeed exudes an attractive and alluring charm, doesn't he?"
SMH,Shaking my head,"He forgot his homework again, SMH.","Used to express disappointment, frustration, or disbelief.  ","Man, he forgot his homework again, rolling my eyes.","Sigh, he forgot his homework again.","Once more, he overlooked his homework – tsk tsk."
SMHID,Scratching my head in disbelief,The logic in that statement has me SMHID.,Used when something is confusing or doesn’t make sense.  ,"That logic's got me head-scratching hard, bro!",That logic leaves me baffled.,The reasoning behind that assertion leaves me utterly perplexed.
SNAFU,Situation normal all fouled up,The meeting turned into a SNAFU.,Used to describe a situation that is chaotic but typical.  ,Things got real messed up during the meeting.,The gathering became quite a mess.,The meeting degenerated into disarray.
SNERT,Snot nosed egotistical rude teenager,That SNERT really needs to learn some manners.,A derogatory term for a teenager who behaves rudely or arrogantly.  ,That bratty know-it-all kid could sure use a lesson in etiquette.,That impolite teenager certainly lacks decorum.,That adolescent exhibits a profound lack of social courtesy.
SNR,Streaks and Recents ,I’ve got so many SNRs to reply to on Snapchat.,Refers to streaks and recent conversations on Snapchat.  ,"Man, I gotta catch up on all these Snaps in my streaks and recents!",Got a ton of recent chats on Snapchat that need my attention.,I have numerous messages in my 'Recents' and 'Streaks' sections on Snapchat that require responses.
SO,Significant other,I’m going out with my SO tonight.,Refers to a person’s romantic partner.  ,Hangin' with my better half tonight.,I'm heading out with my partner tonight.,I am going out with my partner tonight.
SOAB,Son of a bitch,That SOAB cut me off in traffic!,An insult or expression of anger toward someone.  ,"Bloody hell, that jerk cut me off in traffic!","Blimey, that driver rudely cut me off in traffic!","That man was extremely reckless, cutting me off in traffic!"
S’OK,It is okay,"Don’t worry about being late, S’OK.","A casual way to say ""it’s okay"" or ""no problem.""  ","No stress about being late, all good.","No worries, it's all good that you're late.",There's no need to worry about arriving late; it's acceptable.
SOL,Sooner or later,"SOL, you’ll get used to it.",Used to suggest that something will happen eventually.  ,"Catch on eventually, don't worry!","Eventually, you'll grow accustomed to it.",You will adapt to it in due course.
SOMY,Sick of me yet?,"I’ve texted you three times today, SOMY?",A playful way of asking if someone is tired of hearing from you.  ,"Still hittin' up your phone, ain't it gettin' old yet, mate?",Have I bothered you by texting you thrice today?,Have I troubled you by texting you on three separate occasions today?
SorG,Straight or Gay?,"Just wondering, SorG?",A question used to ask someone about their sexual orientation.  ,"Just curious, you straight or gay?","Curious, straight or gay?",May I inquire as to your sexual orientation?
SOS,Meaning help,"SOS, I’m lost in the city!",A call for help or assistance.  ,"Hey, I'm totally lost here in town!",Need some help! I'm lost in the city.,I require assistance; I appear to be disoriented within the urban environment.
SOS,Son of Sam,He was acting like a total SOS.,"Refers to the notorious criminal, sometimes used jokingly to describe erratic behavior.  ",He was acting like one serious headcase.,He was acting incredibly foolish.,He was exhibiting entirely inappropriate behavior.
SOT,Short of time,"Can’t chat long, I’m SOT today.",Indicates that someone is pressed for time or in a hurry.  ,"Gotta scram, short on time today.","Gotta dip soon, time's a tickin' today.",I'm regrettably unable to converse extensively as I am short on time today.
SOTMG,"Short of time, must go","SOTMG, I’ll talk to you later.",A quick way to say that someone is out of time and has to leave.  ,"Gotta jet, catch up soon!","Gotta scoot, catch up with you soon.","Regrettably, I find myself pressed for time and must take my leave. I shall reach out to you at a later juncture."
SOWM,Someone with me,"Can’t talk now, SOWM.","Used to explain that someone is with you, often as a reason to keep a conversation brief.  ","Gotta bounce, got someone wit me.","Gotta run, someone's with me.","I'm unavailable at the moment, someone is with me."
SPK,Speak ,"SPK your mind, I’m listening.",A prompt for someone to share their thoughts or start speaking.  ,"Yakkity at me, I'm all ears.","Speak your mind, I'm all ears.","Express your thoughts, I'm here to listen."
SRSLY,Seriously,"SRSLY, I can’t believe he said that.","A shorthand way to say ""seriously,"" often used to express disbelief or surprise.  ","Holy smokes, I cannot believe he actually said that!","Good heavens, I can't bloody well believe he said that!","Indubitably, I find it hard to believe that he made such a statement."
SPST,"Same place, same time",Let’s meet SPST next week.,Refers to meeting again at the same location and time as before.  ,"Catch you vibin' at the same spot next week, mate!",Let's hook up at the usual spot next week.,Let us arrange to meet at the same location and time next week.
SPTO,Spoke to,I SPTO her about the event.,Used to indicate that someone had a conversation with another person.  ,Chatted up with her 'bout the event.,I talked to her about the event.,I have had a conversation with her regarding the event.
SQ,Square,"He’s so SQ, always following the rules.",A term used to describe someone who is conventional or not adventurous.  ,"Dude's as stiff as a stick, always playing by the book.",He's such a stickler for the rules.,"He's exceedingly conventional, consistently adhering to regulations."
SRY,Sorry,SRY I missed your call.,A quick way to apologize in text or chat.  ,"Oops, my bad, missed your call.",My apologies for missing your call.,I am regretful that I failed to answer your call.
SS,So sorry,SS for being late!,"An even more apologetic version of ""sorry.""  ","Oops, I'm so sorry for being late!","Oh dear, I'm really sorry for being late!",I do apologize for being late.
SSDD,"Same stuff, different day","Nothing new here, SSDD.",Used to describe a routine or repetitive situation.  ,"Ain't nothin' fresh, still more of the same ol' stuff.","Nothing fresh going on today, more of the same old stuff.","Nothing novel to report, business as usual."
SSIF,So stupid it’s funny,"That movie was SSIF, I couldn’t stop laughing.",Used to describe something that’s ridiculous but still amusing.  ,"Man, that flick was a riot! Had me cracking up all through it.","That film was absolutely laughable, I couldn't stop chuckling.","The film was remarkably humorous in its absurdity, causing me frequent fits of laughter."
SSINF,So stupid it’s not funny,"His argument was SSINF, I couldn’t even respond.",Refers to something that’s beyond stupid to the point of frustration.  ,"Man's reasoning was beyond absurd, left me speechless.","His argument was ridiculously dumb, leaving me speechless.",His argument was so utterly illogical that it left me speechless.
ST&D,Stop texting and drive,You better ST&D before you get into trouble!,"A warning to someone texting while driving, encouraging safety.  ","Keep your eyes on the road, not on that phone! Don't make things messy!",Watch out and put down that phone while driving to avoid getting into trouble!,Please cease texting while driving to avoid potential hazards!
Stan,a die-hard fan of someone,I totally Stan for that band!,"Refers to being an obsessive or passionate fan, often used in pop culture.  ",I'm utterly mad about that band!,I'm absolutely a devoted fan of that band!,I am truly an ardent admirer of that band.
STFU,Shut the freak up,"I couldn’t believe what he was saying, STFU!",A blunt or rude way to tell someone to stop talking.  ,"Can't bloody believe what he's babbling, pipe down!",I can't believe what he's saying – could you please keep quiet?,I could hardly comprehend what he was uttering; kindly desist speaking.
STR8,Straight,"I’m STR8, not interested.",Refers to someone’s heterosexual orientation.  ,"Ain't into the straight stuff, mate.","I'm straight up, not interested.",I am heterosexual and not interested.
STW,Search the Web,"If you don’t know, just STW.",A suggestion to look something up online.  ,"Just Google it, mate!","If you're clueless, do a quick Google search instead!","Should you find yourself lacking knowledge, kindly conduct a web search."
SU,Shut up,"SU, I can’t believe you said that!","A casual or playful way of telling someone to stop talking, often used in surprise or disbelief.  ","Cut it out, can't believe you just said that!",Could you please keep quiet for a moment? I find what you just said quite surprising.,Please refrain from such remarks. I find your statement astonishing.
SUITM,See you in the morning,Goodnight! SUITM.,"A way to say goodbye, indicating you’ll see someone the next day.  ",Nighty night! Catch ya later in the AM.,Goodnight! Talk to you tomorrow.,Goodnight! See you tomorrow morning.
SUL,See you later,"Heading out now, SUL!","A casual way of saying goodbye, often used in texting or chat.  ","Catch ya later, mate!","Alrighty then, see you later!","I shall depart now, Farewell until later."
SUP,What’s up?,SUP? Haven’t heard from you in a while.,A casual greeting used to ask how someone is doing.  ,"Yo, what's been up? Been a while, no word from ya!",Hey there! It's been a bit since we last talked. How have you been?,Greetings! It's been some time since we last communicated. How have you been?
SUTH,So use(d) to haters,"They’re talking again, but I’m SUTH.",Used to express being unfazed by criticism or negativity.  ,"Ain't listening to 'em again, I'm past that nonsense.",I'm beyond listening to them now.,"Despite their continued chatter, I remain unfazed."
SUX,it sucks,That traffic SUX!,Used to express dissatisfaction or frustration with something unpleasant.  ,"Man, that traffic's a drag!",That traffic is a real pain!,Traffic is extremely frustrating today!
SUYF,Shut up you fool,"That’s not true, SUYF!",A playful or harsh way to tell someone they’re being foolish.  ,"That's a load of nonsense, you dingbat!","That's not right, you're wronging me!","That's not accurate, sir!"
SWAG,free stuff and giveaways from tech tradeshows,I got so much SWAG at the conference!,Refers to free promotional items given out at events or trade shows.  ,"Man, I scored big-time at that tech event!","Man, I scored a ton of free goodies at the conference!",I acquired a considerable amount of free merchandise at the conference.
SWAG,Scientific wild a guess,"I don’t know the exact answer, but here’s my SWAG.",Used humorously to describe an educated guess.  ,"Got no clue, but here's a ballpark guess.","Here's a wild stab in the dark, but this could be the deal.","While I don't have an exact solution at hand, here's a tentative proposal."
SWAK,Sealed with a kiss,"I sent you a letter, SWAK.","Used to sign off letters or messages with affection, especially romantic ones.  ","I mailed you a note, smooch-sealed.",I've mailed you a letter with a kiss included.,"I dispatched a missive to you, accompanied by a kiss."
SWALK,Sealed with a loving kiss,The letter had SWALK written on the envelope.,"A more affectionate version of SWAK, often used in love letters.  ",The letter sported a smooch seal on its envelope.,The envelope bore a seal of affectionate kissing on it.,The envelope bore a mark indicating a tender farewell kiss was sealed within.
SWAT,Scientific wild butt guess,"I didn’t have time to check the facts, so I made a SWAT.",A playful way to describe a rough or educated guess.,Made a rough estimate since I was short on time.,I was pressed for time and had to take an educated guess instead.,"Given the absence of time to verify the information, I resorted to an educated estimate."
SWL,Screaming with laughter,That joke had me SWL!,Used to describe something that’s so funny it makes you laugh out loud.  ,"Man, that joke cracked me up good!",That joke left me in stitches!,That joke left me in fits of laughter!
SWMBO,wife ,SWMBO says I need to mow the lawn.,"Playfully refers to one’s wife as ""She Who Must Be Obeyed.""  ",Old Lady wants me to cut the grass.,The lady at home wants me to cut the grass.,My spouse has requested that I mow the lawn.
SYL,See you later,"Got to run, SYL!","A casual way to say goodbye, implying you’ll see the person again later.  ","Gotta bolt, catch ya later!","Got to go, take care then!","I must be going now, goodbye for the time being."
SYS,See you soon,"I’ll be over in a bit, SYS!","A friendly way to say goodbye, suggesting a short time apart.  ","Catch you soon, mate!","I'll be there shortly, see you soon!",I shall arrive shortly; see you then.
SYY,Shut your yapper,"You don’t know what you’re talking about, SYY!",A humorous or stern way to tell someone to stop talking.  ,"C'mon, you've got no clue, keep it to yourself!",Stop spouting nonsense!,"You are evidently mistaken on that matter, kindly refrain from continuing this discussion."
T+,Think positive,"We’ll get through this, just T+!",A motivational phrase encouraging someone to stay positive.  ,"Let's handle this, keep your chin up and stay optimistic!",Let's make it happen; stay optimistic!,"Let us overcome this challenge, merely maintain a positive outlook!"
T4BU,Thanks for being you,"You’re the best, T4BU!",A sweet message of appreciation for someone being themselves.  ,"Cheers to you, top bloke/chick!","You're truly amazing, just being you!",Thank you for being who you are!
T:)T,Think happy thoughts,Having a rough day? T:)T!,A positive reminder to focus on good things.  ,Got yourself in a pickle? Think positives!,Got yourself in a bit of a pickle today? Keep smiling!,"Considering you're having a challenging day, let us think of happy thoughts instead."
TA,Thanks a lot,TA for all your help today!,"A casual way to say ""thanks a lot.""  ",Appreciate ya tons for all the assistance today!,Thanks a bunch for all your assistance today!,Thank you very much for all your assistance today!
TAFN,That’s all for now,"Got to sign off, TAFN!",Used to indicate that a conversation or update is ending for the time being.  ,"Alrighty then, catch ya later!",See you later then!,"It's time for me to conclude, until next time."
TAM,Tomorro a.m.,Let’s meet TAM for breakfast.,Refers to something happening in the morning of the next day.  ,Let's hook up early tomorrow for brekkie.,Let's hook up for breakfast tomorrow morning.,Let's arrange to meet in the morning for breakfast tomorrow.
TANK,really strong,That character is such a TANK!,Used in gaming to describe a character who can take a lot of damage.  ,That character is a BEAST!,That character is a real powerhouse!,That character exhibits an extraordinary amount of strength!
TANKED,owned,I totally TANKED that boss in the game.,Refers to dominating or defeating someone or something.  ,I absolutely wrecked my boss in the game!,Managed to utterly dominate that boss during the game.,I utterly defeated that opponent in the game.
TANKING,owning,Our team was TANKING the competition!,Refers to overpowering or defeating others in a game or competition.  ,Our team was crushing the comp!,Our team was crushing the competition!,Our team was dominating the competition!
TARFU,Things Are Really fouled Up.,The project is TARFU right now.,A humorous or sarcastic way to describe a chaotic or problematic situation.  ,"Man, this project's a mess right now!",The project's in a mess at the moment.,The current state of the project is rather disorganized and problematic.
TAU,Thinking about you,"Just wanted to say hi, TAU.",A sweet or affectionate message to show someone they’re on your mind.  ,"Hey there, just checkin' in, missin' ya!",Just thought I'd check in and say hello!,"Simply wished to extend greetings, my thoughts are with you."
TAUMUALU,Thinking about you miss you always love you,"Hope you’re doing well, TAUMUALU.",An affectionate message often used in long-distance relationships.  ,"Still thinking 'bout ya, can't help missin' ya, always got love for ya.","Wishing you're okay, always thinking of you and missing you.","I trust that you are faring splendidly, my thoughts often drift towards you with affectionate longing."
TBAG,Process of disgracing a corpse,He got TBAGGED after losing in the game.,A gaming term referring to a taunting or disrespectful action performed over a defeated opponent.  ,Dude totally got royally humiliated after that loss in the game.,He was disgraced post his defeat in the game.,"Upon his defeat in the game, he met an ignominious fate."
TBBH,To be brutally honest,"TBBH, I didn’t like the movie.",Used when giving a frank or blunt opinion.  ,"Straight up, I wasn't feeling that film.","Frankly speaking, I didn't enjoy the movie.","Frankly speaking, I did not find the film enjoyable."
TBC,To be continued,"The series finale was such a cliffhanger, TBC.",Indicates that something will resume or continue at a later time.  ,"That ending to the series was a real doozy, ain't over yet!","The series finale left us hanging, to be picked up another time!","The series finale left us hanging, to be continued."
TBD,To be determined,The meeting time is TBD.,Refers to something that hasn’t been decided or confirmed yet.  ,"Meeting time's still up in the air, innit?",The meeting time hasn't been decided yet.,The meeting time remains undetermined.
TBH,To be honest,"TBH, I don’t really like sushi.",A phrase used to express an honest opinion.  ,"Gotta level with ya, ain't much for sushi.","To be honest, I'm not a big fan of sushi.","To be honest, I'm not particularly fond of sushi."
TBL,Text back later,"I’m busy now, TBL when you can.",A request for someone to reply later.  ,"Catchin' a break rn, hit me up later mate!","I'm swamped at the moment, let's catch up later.","I am currently occupied, but I shall respond later when you are available."
TBT,Throwback Thursday ,"Here’s a photo from high school, TBT!",A popular social media trend where users share old photos or memories on Thursdays.  ,"Check out this pic from back in the day, flashback Friday vibes!",Here's a throwback picture from high school!,"Here is a photograph from my high school years, as a reminder of past times."
TC,Take care,"Goodbye, TC!",A polite way to say goodbye while wishing someone well.  ,"Alrighty then, catch ya later!","Take good care, then!","Farewell, take good care!"
TCB,Take care of business,I’ve got to TCB before the deadline.,Refers to handling responsibilities or tasks.  ,Gotta handle my affairs before the due date.,Gotta handle things before the deadline.,Must attend to duties prior to the stipulated deadline.
TCOY,Take care of yourself,Stay safe and TCOY.,A way to remind someone to prioritize their well-being.  ,"Take it easy, mate! Look after yourself out there.",Take good care of yourself and stay safe.,Maintain your well-being and take good care of yourself.
TD,Tower defense ,I love playing TD games.,Refers to a gaming genre where players defend a base or structure against waves of enemies.  ,"Man, I really dig those tower defense games!",I really enjoy playing tower defense games.,I greatly enjoy engaging in strategy games that involve defending a specific location or territory.
TD2M,Talk dirty to me,He sent me a flirty message saying TD2M.,A playful or flirtatious request for provocative conversation.  ,"He sent me a suggestive message, implying let's get steamy.","He flirtatiously messaged me, ""Talk to me in an intimate way.""","He sent me a suggestive message, implying intimate conversation."
TDTM,Talk dirty to me,She jokingly said TDTM during the chat.,Another variation of requesting flirtatious or suggestive conversation.  ,She playfully suggested getting a little steamy in our conversation.,She playfully suggested getting a little steamy during our conversation.,"She humorously suggested, ""Indulge me in some explicit conversation."""
TEA,Meaning gossip,"Spill the TEA, I want to hear all the details!",Refers to gossip or sharing juicy information.  ,"Dish the lowdown, give me all the deets!","Let's chat it out, I'm all ears for every single detail!",Please share the specifics; I'm eager to learn all the particulars!
TFF,Too freaking funny,That video was TFF!,Used to describe something that is extremely funny.  ,That video cracked me up big time!,That video was hilarious!,That video was extremely amusing!
TFS,Thanks for sharing,"That article was really helpful, TFS!",A polite way to thank someone for sharing information or content.  ,"That article was super useful, cheers mate!","Great, that article was truly insightful, cheers!","Indeed, that article was very informative. Many thanks for sharing it."
TFTF,Thanks for the follow ,TFTF! Looking forward to your posts.,A message to thank someone for following on social media.  ,"Cheers for following me, mate! Can't wait to see what you share.",Thanks for following! Can't wait to see what you post next.,Thank you for following! I'm eagerly anticipating your contributions.
TFTI,Thanks for the invitation,"TFTI, but I can’t make it to the party.",A way to acknowledge and thank someone for inviting you to something.  ,"Thanks for the invite, but I gotta pass on the shindig this time around.","Thanks for inviting me, but I won't be able to attend the party.","Thank you for extending the invitation, however, I regret to inform you that I will not be able to attend the event."
TFTT,Thanks for this tweet,"This is a great tip, TFTT!",A message to thank someone for a useful or entertaining tweet.  ,"Cool tip, thanks for that mate!",Thanks for this top-notch tip!,"Indeed, that's a valuable piece of advice; thank you for sharing it."
TG,Thank goodness,TG it stopped raining just in time!,A phrase used to express relief.  ,"Phew, thank goodness it stopped raining on time!","Phew, thank goodness it stopped raining on time!",How fortunate that the rain has ceased at this moment!
TGIF,Thank God it’s Friday,"Finally, the weekend is here! TGIF!",A celebratory phrase used at the end of the workweek.  ,"Phew, it's Fri-yay already!","At last, it's the weekend at last! Cheers to that!","At last, it's the weekend at hand! How delightful Friday has arrived!"
THNQ,Thank you ,THNQ for helping me with my project!,"A playful or stylized way of saying ""thank you.""  ",Cheers for assisting me with my project!,Appreciate your help with my project!,Thank you very much for assisting me with my project!
THNX,Thanks,THNX for the advice!,"A shorthand way of saying ""thanks.""  ",Cheers for the tip!,Appreciate your advice!,Many thanks for your guidance!
THOT,That were over there,Look at that THOT at the party.,"A slang term used to refer to someone, often a woman, in a derogatory or flirtatious manner.  ",Check out that gal at the bash.,Check out that woman acting up at the party.,Observe that woman exhibiting rather flamboyant behavior at the gathering.
THT,Think happy thoughts,"Feeling stressed? THT, it’ll get better.","A reminder to focus on positive things, often used to encourage someone.  ","Got yourself feeling all worked up? Keep positive vibes goin', things'll sort themselves out.","Got yourself feeling tense? Just think positively, things'll work out fine.","Feeling overwhelmed? Ponder optimistic thoughts, things will improve."
THX,Thanks,THX for helping me out!,Another shorthand way to express gratitude.  ,Cheers for lendin' a hand!,Cheers for your help!,Thank you very much for your assistance.
TIA,Thanks in advance,TIA for any suggestions you can give!,Used when thanking someone ahead of time for their help or response.  ,Cheers in advance for any tips you got!,Much appreciated if you could share any thoughts or ideas you might have!,I would greatly appreciate any advice or recommendations that you are able to provide.
TIAD,Tomorrow is another day,"Don’t stress, TIAD!",A reminder that there’s always another chance or opportunity.  ,"Chillax, tomorrow's another adventure!","Don't worry, tomorrow will sort itself out!","Do not worry, tomorrow will bring a new day."
TIC,Tongue-in-cheek,"My comment was TIC, don’t take it too seriously.",Used to indicate that something was said in a joking or sarcastic manner.  ,"My remark was a bit of a joke, so don't read too much into it.",My comment was intended to be humorous; please don't overthink it.,"My remark was intended in jest, please do not overly consider it."
TIL,Today I learned,TIL that honey never spoils!,Used to share a fact or piece of knowledge that someone has recently learned.  ,Just learned that honey never goes bad!,Learned today that honey doesn't spoil!,I have just discovered that honey does not spoil.
TILIS,Tell it like it is,I appreciate that you always TILIS.,A phrase used to compliment someone for being straightforward or honest.  ,You always keep it real with me.,You're always straight-up honest with me.,I value your straightforwardness.
TIR,Teacher in room,"Can’t talk about it now, TIR.","A warning that a teacher is present, often used in a classroom setting.  ","Gotta hush for a sec, Sarge (Teacher).","Can't discuss that right now, teacher.","Unfortunately, I can't discuss this matter at the moment, with the teacher present."
TLK2UL8R,Talk to you later,"I’ve got to go, TLK2UL8R!","A playful or casual way to say goodbye, implying that the conversation will continue later.","Alrighty, gotta bounce now, catch ya later!","Alright then, catch you later!","I must depart now, but we shall speak again later."
TL,Too long,"The article was TL, couldn’t finish it.",Used to describe something that is too lengthy to be fully read or considered.,"The article was way too long, couldn't get through it.",The article was overly lengthy; didn't manage to read it through.,The article was excessively lengthy; I failed to complete it.
TL;DR,Too long; didn’t read,Here’s the summary of the report: TL;DR.,A phrase used to summarize lengthy content for someone who didn’t read the entire thing.,Here's the gist of that report: Skimmed it real quick.,"Here's the gist of the report: Too much to read, I missed it.","Here's a brief overview of the report's contents: In essence, it was too lengthy for thorough perusal."
TM,Trust me,"TM, this movie is worth watching!",Used to assure someone about the truth or validity of a statement.,"You bet, this flick's a must-see!",You can definitely trust me on this one – that film is well worth checking out!,"Indeed, I can assure you that this film is well worth your time."
TMA,Take my advice,"TMA, don’t invest in that stock.",Used to offer advice or a suggestion to someone.,"Heed my words, mate! Steer clear of that stock investment.","Heed my advice, stay away from that stock investment.",I would advise against investing in that stock.
TMB,Text me back,"Let me know what time works for you, TMB!",A request for someone to reply via text message.,"Catch up with me later, hit me up!",Could you let me know when would be convenient for you to chat? Please respond.,Kindly inform me of a suitable time for you; could you please respond?
TMB,Tweet me back,"I tagged you in that post, TMB when you see it.",A request for someone to respond on Twitter.,"Hit me up on that post, hit me back when you get a chance.","I tagged you on that post, please get back to me when you check it out.",I have mentioned you in that post; kindly respond when you have a moment to look at it.
TMI,Too much information,"Whoa, that’s TMI about your weekend!","Used when someone shares more details than necessary, often about personal matters.","Whoa, you're oversharing about your weekend!","Woah, sharing too much details about your weekend, mate!",That's excessively detailed information regarding your weekend.
TMOT,Trust me on this,"You’ll love that restaurant, TMOT!",A phrase used to convince someone of the reliability of a suggestion.,"You'll definitely dig that eatery, swear on it!","You'll definitely dig that restaurant, my word of honor!","I assure you, you will find that restaurant most delightful."
TMTH,Too much to handle,This workload is TMTH today.,Refers to something overwhelming or difficult to manage.,This workload's a bloody nightmare today!,This workload is just too much today.,The workload is overwhelming today.
TMYL,Tell me your location,"I’m heading out now, TMYL so I can meet you.",A request for someone to provide their current location.,"Heading out now, where you at so I can link up?","I'm leaving now, so give me your location to meet up.",I am leaving immediately; please provide your location so that we can meet.
TMWFI,Take my word for it,"TMWFI, that movie is amazing.",A phrase used to assure someone that they should trust what you’re saying.,"Trust me on this one, that flick's a cracker.","Trust me on this, that movie is fantastic.","I assure you, that film is truly exceptional."
TNSTAAFL,There’s no such thing as a free lunch,You think that’s a free offer? TNSTAAFL.,"A saying that implies everything has a cost, even if it seems free.","Ain't no such thing as a free ride, buddy!","Ain't nothing for free, you know that right?","It seems as though you believe that offer is without cost. However, remember there's no such thing as a complimentary lunch."
TNT,Til next time,"It’s been fun, TNT!",A way of saying goodbye until the next meeting or conversation.,"Alrighty then, catch ya later!",See you later then!,It's been delightful interacting with you; until our next encounter.
TOJ,Tears of joy,"When I saw the surprise, I had TOJ!",Used to describe feeling so happy that it brings tears.,"Man, when I caught wind of that surprise, it brought on some serious happy tears!","When I beheld the surprise, it brought me genuine joy.","Upon witnessing the surprise, my heart overflowed with feelings of profound delight."
TOS,Terms of service,Make sure you read the TOS before signing up.,Refers to the legal agreement for using a service or product.,Don't forget to check out the fine print before joining in!,Be sure to give the terms and conditions a good read before you sign up.,Ensure that you thoroughly review and understand the contractual terms prior to registering.
TOTES,Totally,I’m totes excited for the trip!,"A playful or casual way of saying ""totally,"" often used in informal conversations.",I'm absolutely psyched for the trip!,I'm absolutely thrilled about the trip!,I am absolutely thrilled about the trip!
TOU,Thinking of you,"Just wanted to say hi, TOU.",A sweet or thoughtful message to let someone know they’re on your mind.,"Hey there, just checking in on ya!","Hey there! Just dropping a quick hello, thinking of you.","Simply wanted to express a greeting, you are in my thoughts."
TOY,Thinking of you,"Hope you’re doing well, TOY!","Another way of expressing that you’re thinking about someone, similar to TOU.","Hey, hope you're good, my friend!","Hey, hope you're doing great!",I trust that everything is going smoothly for you. Warm regards.
TPM,Tomorrow p.m.,Let’s meet TPM for coffee.,Refers to something happening in the afternoon or evening of the next day.,Let's hook up later for some java.,How about we catch up this evening for a cuppa?,Let's arrange to meet this afternoon for a coffee.
TPTB,The powers that be,We’ll have to wait for approval from TPTB.,Refers to people in authority or those who make important decisions.,"Gotta run this by the bigwigs first, mate.",We'll need to get the okay from those in charge.,We'll need to await clearance from those in positions of authority.
TQ,Te quiero / I love you ,Just wanted to say TQ!,"A Spanish term meaning ""I love you,"" used in affectionate messages.","Just wanted to say, I love ya!",Just wanted to tell you I care for you.,Just wished to express my affection for you.
TSH,Tripping so hard,That movie had me TSH!,Used to describe an intense or surreal experience.,"Man, that movie was trippin' hard!",That movie totally blew my mind!,The film left me utterly bewildered.
TSNF,That’s so not fair,You got the last slice? TSNF!,A playful way of expressing that something isn’t fair.,"Dude, you snagged the final piece? That ain't righteous!","Dang it, you got the last slice? That's really unfair!",You got the last slice? That's utterly unfair!
TSTB,"The sooner, the better","Let’s finish this project, TSTB!","Used to express urgency, implying that something should be done as soon as possible.",Let's get this project done ASAP!,Let's wrap up this project ASAP!,Let's expedite this project at the earliest convenience!
TT,Trending topic,That hashtag is the latest TT on Twitter.,Refers to a popular or trending subject on social media platforms.,Latest buzzword on Twitter's trending right now!,That hashtag is the hottest topic trending on Twitter right now.,That particular hashtag currently tops the trending topics list on Twitter.
TTFN,Ta ta for now,"Got to go, TTFN!","A playful or informal way to say goodbye, often used in casual conversations.","Time to scram, see ya later then!","Alrighty then, see you later!",I must be off now; farewell for the time being.
TTLY,Totally,I TTLY agree with you on that!,"A more casual or playful way of saying ""totally,"" often used for emphasis.","Man, I completely agree with you on that!",I completely agree with you on that!,"Indeed, I completely concur with your perspective!"
TTTT,These things take time,"Don’t worry, TTTT—it’ll get better.",A reminder that some things require patience and time to resolve or improve.,"Chill out, it's a process – things'll sort themselves out eventually.","Chill out, things will work out eventually.","Rest assured, given time, things will improve."
TTUL,Talk to you later,"I’ve got to run, TTUL!","A friendly way of saying goodbye, implying the conversation will continue later.","Gotta scoot, catch ya later!","Gotta scoot, catch you later!",I must depart now; let us communicate later.
TU,Thank you,TU for all your help today!,A shorthand way to express gratitude.,"Cheers mate, thanks for all the help today!",Cheers for all the assistance today!,Thank you very much for all your assistance today.
TUI,Turning you in,"You’ve been caught, I’m TUI!",Used humorously or seriously to tell someone that you’re going to report them to an authority.,"Gotcha, I'm snitching on ya!","Gotcha, I'm gonna rat you out!","I've got you, I shall report your actions."
TURNT,"Meaning excitement, turned up",The party was TURNT last night!,"Describes a highly energetic or exciting situation, often used to describe parties.",The party was lit last night!,The party really went off last night!,The party was exceptionally lively last night!
TWSS,That’s what she said,"The comment was too funny not to say, TWSS!",A humorous phrase used to add innuendo to a previous statement.,"That comment cracked me up, I couldn't help but say it: double entendre!",That remark was so hilarious I couldn't help but make a double entendre!,"The remark was so amusing that it couldn't be helped but commented upon, in a manner of speaking."
TTG,Time to go,"It’s getting late, TTG!",Used to indicate that it’s time to leave or finish something.,"Alright, it's time to scram, mate!","Alright, it's time to wrap up now!",It's growing quite late; let us depart now.
TTYAFN,Talk to you awhile from now,"I’m going offline, TTYAFN.",Used to say goodbye with the understanding that you won’t be talking for a while.,"I'll be logging off, catch up later!","I'll be signing off for a bit, talk to you later.",I shall be disconnecting for a while; do let us communicate again shortly.
TTYL,Talk to you later,"I’ve got to head out, TTYL!","A common phrase to end a conversation, implying you’ll talk again soon.","Gotta scoot, catch you later!","Alrighty, I'll be on my way. Take care!",I shall have to depart now; I look forward to our continuation at a later time.
TTYS,Talk to you soon,"Let’s catch up later, TTYS!","A way to say goodbye, indicating that the conversation will continue soon.","Catch up with you soon, laters!",Let's chat again soon!,I look forward to connecting with you at a later time.
TY,Thank you,TY for the gift!,A shorthand way of expressing thanks.,Cheers for the present!,Thanks a lot for the gift!,Thank you very much for the gift.
TYFC,Thank you for charity ,"TYFC, your donation means a lot!",A message used to thank someone for their charitable contribution.,"Much obliged for your kindness, your contribution truly matters!",Thank you so much for your generous contribution! It truly makes a difference.,I am most grateful for your charitable contribution. Thank you very much indeed!
TYFYC,Thank you for your comment,"TYFYC, I appreciate your feedback.",A polite way to acknowledge someone’s comment or feedback.,Thanks a ton for your comment!,"Thanks for your comment, I value your input.",Thank you for taking the time to share your comments with me.
TYS,Told you so,"I said it would rain, TYS!",A playful or teasing way to remind someone that you were right about something.,"Yup, told ya it'd rain!","I told you it would rain, and here we are!","Indeed, as I had predicted, it started to rain."
TYT,Take your time,"No rush, TYT!",A polite way to tell someone they don’t need to hurry.,"Chill out, no worries!","No worries, take your time!","Please proceed at your own pace, in due course."
TYSO,Thank you so much,TYSO for all your hard work!,A heartfelt way to express deep gratitude.,Thanks so much for all your effort!,Many thanks for all your efforts!,Thank you very much for all your diligent efforts!
TYAFY,Thank you and *freak* you,"You helped, but made it harder, TYAFY!",A playful or sarcastic way to express both thanks and frustration.,"Thanks a bunch, but you sure know how to complicate things!","Appreciated your help, yet made it a pain, cheers!","I appreciate your assistance, yet find it frustrating nonetheless."
TYVM,Thank you very much,TYVM for the lovely gift!,A more formal or heartfelt way to express thanks.,Thanks a ton for that sweet present!,Many thanks for that delightful present!,Thank you very much indeed for the delightful present!
TX,Thanks,TX for the quick reply!,"A shorthand way of saying ""thanks.""","Appreciate it, super fast!",Thanks a lot for the swift response!,I appreciate your prompt response!
^URS,Up yours,You think I’m wrong? ^URS!,"A rude or playful retort to someone’s statement, meaning ""up yours.""","Got a beef with me, huh? Stick that in your pipe and smoke it!","Think you've got me wrong? Well, stick that in your pipe and smoke it!","Your opinion differs from mine? Very well, you are mistaken."
UCMU,You crack me up,"That joke was hilarious, UCMU!",Used to tell someone that they’re funny or made you laugh.,Cracked me up big time with that joke!,That joke had me in stitches!,That jest was extraordinarily amusing indeed!
UDI,Unidentified drinking injury,"Woke up with a bruise, total UDI from last night.","Refers to an injury someone gets while intoxicated, with no memory of how it happened.","Awoke sporting a shiner, clearly an unidentified drinking incident reared its ugly head overnight.","Awoke this morning with a mystery bump, definitely an unidentified drinking incident relic from yesterday.","Awoke today with a mysterious injury of unknown origin, likely from the previous evening's events."
UDM,U (You) da (the) man,"You fixed the issue, UDM!",A playful or complimentary way to tell someone they did a great job.,"Got that sorted, you're a star!","Man, you really sorted that out! Nicely done!","You've solved the problem, you're excellent!"
UDS,Ugly domestic scene,"Things got heated last night, total UDS.",Refers to a conflict or argument within a household.,"Man, things really went sideways last night, major drama!","Matters escalated quite a bit last night, it was quite an unpleasant domestic incident.","Matters became quite tense last night, resulting in a rather unpleasant domestic incident."
UFB,Un *freaking* believable,That result was UFB!,Used to express extreme disbelief or amazement.,"Holy cow, that outcome was insane!",That outcome was incredibly impressive!,That outcome was astonishingly remarkable!
UFN,Until further notice,The meeting is postponed UFN.,Refers to something being put on hold until new information is available.,"Meeting's on ice for now, mate.",Meeting's on hold for now.,The meeting has been adjourned pending further announcement.
UFWM,You *freaking* with me?,You just won the lottery? UFWM?,Used to express surprise or disbelief in a playful or serious way.,Did you really hit the jackpot? What's up with that?,Did you really win the lottery? What's going on here?,Have you genuinely won the lottery? Is this some sort of jest?
UGTBK,You’ve got to be kidding,They canceled the event? UGTBK!,Used to express disbelief or frustration about surprising news.,Are they cancelling the event? Can't believe it!,Are they seriously cancelling the event?! Unbelievable!,They cancelled the event? That's most unfortunate indeed!
UHGTBSM,You have got to be shitting me!,You got that for free? UHGTBSM!,A more vulgar way of expressing extreme disbelief.,Can't believe it's free! Holy smokes!,That can't be true! Incredulous!,That's simply astonishing! Incredible!
UKTR,You know that’s right,Best food in town? UKTR!,Used to agree emphatically with someone’s statement.,That's some top-notch grub right there!,"That's some of the best grub in town, for sure!","Undoubtedly, the finest cuisine in town, indeed!"
UL,Upload,I’ll UL the files to the server.,Refers to uploading data or files to the internet or a server.,Gonna chuck those files up on the server.,I'll send the files up to the server.,I shall upload the files to the server.
U-L,You will,U-L love this new song!,A prediction or assurance that someone will enjoy something.,You gonna love this new tune!,You're really going to love this new song!,You will indeed love this new song!
UNA,Use no acronyms,Please UNA in the report.,"A request to avoid using acronyms, often in formal writing.","No abbreviations in the report, please.","Kindly avoid using any abbreviations in the report, please.",Kindly avoid using acronyms in the report.
UN4TUN8,Unfortunate,That accident was really UN4TUN8.,A stylized way to say something was unfortunate or unlucky.,"Man, that accident was some bad luck.","Man, that accident was quite unfortunate.",That unfortunate incident indeed occurred.
UNBLEFBLE,Unbelievable,That game was UNBLEFBLE!,Used to express astonishment or disbelief.,"Man, that game was insane!",That game was absolutely incredible!,That game was utterly astonishing!
UNCRTN,Uncertain,The results are still UNCRTN.,Refers to a lack of clarity or certainty about something.,"Dang, still not clear yet.",Things are still up in the air regarding the results.,The results remain ambiguous.
UNPC,not politically correct,"That joke was funny, but definitely UNPC.",Describes something that may be considered offensive or insensitive by modern standards.,"Man, that joke was hilarious, but it ain't exactly PC.","That joke was pretty humorous, yet undeniably insensitive.","The humor in that joke was evident, yet it lacked political correctness."
UOK,You ok?,"You seem upset, UOK?",A quick way to ask if someone is feeling alright.,"Hey, you look a bit down, all good?",Are you feeling alright there?,"Are you feeling alright, my friend?"
UR,You are ,UR the best!,"A shorthand way to say ""you are,"" commonly used in text messaging.",You're bloody brilliant!,You are truly fantastic!,You are truly exceptional!
UR2YS4ME,You are too wise for me,"You solved that puzzle so quickly, UR2YS4ME!",A compliment acknowledging someone’s intelligence or cleverness.,"You're way too clever for me, solving that puzzle so fast!","You're smarter than I give you credit for, that's impressive!",Your swift resolution of that puzzle leaves me utterly baffled.
URA*,You are a star,"Thanks for helping with the project, URA*!",A way to compliment or thank someone for their efforts.,"Dang, you're a peach for assisting with that project!","Thanks so much for assisting with the project, you're a gem!",Thank you very much for your assistance with the project. You are truly exceptional!
URH,You are hot ,URH in that outfit!,A flirtatious way to compliment someone’s appearance.,You're looking good in that getup!,You look great in that outfit!,You look quite attractive in that attire.
URSKTM,You are so kind to me,"Thanks for the gift, URSKTM!",A warm way to express gratitude for someone’s kindness.,"Man, you're such a sweetheart for the present, thanks a bunch!",Thanks so much for the gift – you're incredibly kind!,Thank you so much for the thoughtful gift. You are exceedingly kind to me.
URTM,You are the man,"You nailed that presentation, URTM!",A compliment given to someone who has done something impressive.,"Nailed it, bro! You're killin' it!","Nailed it on that presentation, you're a star!",You delivered that presentation exceptionally well; you are truly impressive!
URW,You are welcome,Thanks for your help! URW!,A shorthand way of responding to someone’s thanks.,"Cool, thanks for the assist! No worries!",Thank you so much for your assistance! My pleasure!,Thank you very much for your assistance. You're most welcome.
USBCA,Until something better comes along,I’ll keep this job USBCA.,Refers to doing something temporarily until a better opportunity arises.,"Gotta stick with this gig for now, I guess.",I'll stick with this job for now.,I'll hold onto this position until a more appealing opportunity arises.
USU,Usually,I USU work from home on Fridays.,"A shorthand way of saying ""usually,"" indicating a regular occurrence.","Most times, I work from home on Fridays.",I typically work from home on Fridays.,"Typically, I work from home on Fridays."
UT,Unreal Tournament,I’ve been playing UT all weekend!,Refers to the popular first-person shooter video game *Unreal Tournament*.,Been slayin' in UT all weekend long!,I've been tearing it up in Unreal Tournament all weekend!,I have spent the entire weekend engaged in games similar to Unreal Tournament.
UT2L,You take too long,"Hurry up, UT2L!",Used to express impatience with someone who is taking too long.,"C'mon, don't dilly-dally now!","C'mon, take a hint and speed it up already!","Hurry up, you are taking excessively long."
UTM,You tell me,What’s the best option? UTM.,A way to ask for someone’s opinion or perspective.,Whaddaya reckon's the best choice? UTM.,What's the best choice here? I'm clueless.,"What would be the optimal choice, if you please?"
UV,Unpleasant visual,That outfit was a total UV!,Refers to something that is visually unappealing or unpleasant.,"Man, that outfit's a real eye-sore!",That getup was absolutely hideous!,That outfit was utterly unattractive.
UW,You’re welcome,Thanks for helping me! UW!,A casual way of responding to someone’s thanks.,"Cool, thanks for that help! My bad, you didn't have to!",My thanks for your help! No problem at all.,Thank you for your assistance. My thanks to you.
UX,User experience,We need to improve the UX of this website.,"Refers to the overall experience of a user when interacting with a product, particularly in tech and design.",Let's work on giving this site a smoother vibe for users!,Let's work on enhancing the user experience for this site.,It is essential that we enhance the user experience on this website.
V,Very,That’s V impressive!,"A shorthand way of saying ""very,"" often used in casual communication.",That's seriously impressive!,That's incredibly impressive!,That's extremely impressive!
VAT,Value added tax,The total cost includes VAT.,Refers to the tax added to goods or services in certain countries.,"Gotta factor in them taxes too, mate!",The total price includes tax.,The total price encompasses the Value-Added Tax (VAT).
VBL,Visible bra line,You can totally see her VBL in that top.,Refers to the visible outline of a bra under clothing.,Her bra's showing pretty clearly in that top.,Her bra line is quite visible in that top.,The visible outline of her bra is clearly discernible in that top.
VBS,Very big smile,I saw the surprise and had a VBS!,Used to describe someone smiling broadly.,"Man, I saw that surprise and lit up like a Christmas tree!",I saw the surprise and couldn't help but grin broadly!,I observed the surprise and couldn't help but break into a broad grin!
VC,Voice chat,Let’s hop on VC to discuss the project.,"Refers to using voice communication, often in gaming or online meetings.",Let's jump on a call for the chat about the project.,Let's jump onto a call to talk about the project.,Let us convene a voice call to discuss the project.
VEG,Very evil grin,He made a VEG when he pulled the prank.,"A mischievous or playful smile, often indicating someone is up to no good.",He flashed a wicked grin as he played his trick.,He flashed an impish grin as he played the trick.,He gave a most malicious grin upon pulling the prank.
VFF,Very freaking funny,That meme was VFF!,Used to describe something that’s extremely funny.,"Man, that meme was hilarious as hell!",That meme was incredibly hilarious!,That meme was extraordinarily humorous!
VFM,Value for money,This laptop is great VFM.,Refers to getting good quality or performance for the price paid.,"This laptop's a solid deal, mate!",This laptop offers a fantastic deal for its price.,This laptop offers excellent value for the money spent.
VGC,Very good condition,This phone is secondhand but in VGC.,Describes something that is used but still in excellent condition.,"This phone's pre-owned, but it's in top nick.",This secondhand phone's in great shape.,"This phone, though used, remains in excellent condition."
VGG,Very good game,"That was a tough match, but VGG!",Used in gaming to compliment the overall quality of the game.,"Damn, that was a rough one, but bloody hell, well played!","That was a challenging game, but brilliantly played!","Despite the challenging contest, exceptionally well played!"
VGH,Very good hand,You played a VGH in that round.,Refers to a well-played hand in card games.,"Man, you had some serious skills going on there!",You absolutely nailed that round.,You exhibited exceptional skill in that round.
VIP,Very important person,He’s got VIP access to the event.,Refers to someone who has special status or privileges.,He's big-time hooked up for that shindig.,He has exclusive entry to the event.,He holds exclusive access to the event.
VM,Voice mail,I left you a VM about the meeting.,Refers to a recorded message left when someone can’t answer the phone.,"I hit up your phone message bout that meetup, ya feel?",I've got a message for you regarding the meeting.,I have left a voicemail message regarding the meeting for you.
VN,Very nice,That dress looks VN on you!,A compliment used to describe something that is pleasant or appealing.,That dress suits you a treat!,That dress suits you really well!,That dress suits you remarkably well!
VNH,Very nice hand ,You won the game with a VNH.,A compliment used in card games to recognize a well-played hand.,"Man, you played great! What a killer hand that won the game.",You played an outstanding game there.,You've triumphed in the game in an exceptionally commendable manner.
VoIP,Voice over Internet Protocol,We use VoIP for all our office calls.,Refers to making voice calls over the internet rather than through traditional phone lines.,"We run all our office chats over the net, matey!","For all our office chats, we employ internet phone service.","For all office communications, we utilize Voice over Internet Protocol."
VRY,Very,I’m VRY excited for the weekend!,"A shorthand version of ""very,"" often used in texting or online communication.",I'm freakin' pumped for the weekend!,I'm really excited for the weekend!,I am extremely excited for the weekend!
VSC,Very soft chuckle,That comment made me VSC.,"Describes a light or subtle laugh, often in response to something mildly amusing.",That joke gave me a gentle chuckle.,That remark had me chuckling quite gently.,"That remark prompted a gentle, quiet chuckle from me."
VSF,Very sad face,"I missed the event, VSF.",Used to express disappointment or sadness.,"Dang, I missed it :(","Man, I'm really bummed out that I missed the event.",I regret missing the event deeply.
VWD,Very well done,Your presentation was VWD!,A compliment to someone who has done something exceptionally well.,"Nailed it, mate!",That presentation knocked it out of the park!,Your presentation was exceptionally impressive!
VWP,Very well played,"You outsmarted me in that game, VWP!",Used to compliment someone for playing well in a game or competitive situation.,"Dang, you got me there, well played!","You really got me there, well played!",You displayed remarkable strategic insight during that game; congratulations.
W@,What?,W@ did you just say?,"A shorthand way to ask ""what,"" typically used in texting or online chat.","Ya'll good, didja just say that?","Really now, what was that you said?","Indeed, could you repeat that, please?"
W/,With,I’m going to the movies W/ my friends.,"A shorthand version of ""with,"" often used in text or informal writing.",Hittin' the flicks wit my crew.,I'm hitting the movies with my pals.,I'm going to the movies with my friends.
W/B,Welcome back,"You’ve been gone for a while, W/B!",A friendly way to greet someone who has returned after being away.,"Hey there, glad to have you back!","Hey there, it's great to have you back!",It's great to have you back after some time away!
W3,WWW ,Check out the latest updates on W3!,"Refers to the World Wide Web, often used in tech contexts.",Hit up the newest deets on the webz!,Check out the latest updates on the web!,Explore the most recent developments on the World Wide Web!
W8,Wait,"W8, I need to check something first.","A shorthand for ""wait,"" used in quick messages or chats.","Hold tight, lemme just double-check something real quick!","Hang on a sec, let me just double-check something real quick.",Please wait a moment; I have to verify something first.
WAH,Working at home,"I’m WAH today, so I’ll be online later.","Refers to someone working from home, often used in professional settings.","I'm diggin' the home office life today, so don't expect me online till later!","Working from home today, so I'll hop online a bit later.","I am working from home today, hence I will be available online at a later time."
WAJ,What a jerk,"He cut me off in traffic, WAJ!",Used to describe someone behaving rudely or inconsiderately.,"Blimey, he bloody cut me off in traffic, what a bell-end!","Blimey, he just rudely pushed past me on the road!",He rudely drove ahead of me in traffic!
WAM,Wait a minute,"WAM, I need to grab my keys.",A casual way to ask someone to pause or wait briefly.,"Hold on a sec, gotta snag my keys.","Just a sec, I have to get my keys.","Excuse me for a moment, I have to retrieve my keys."
WAN2,Want to,WAN2 grab lunch later?,"A shorthand way to say ""want to,"" commonly used in text messages.",Fancy catching some grub later on?,Fancy catching up for lunch later?,Shall we arrange for lunch later on?
WAN2TLK,Want to talk,"Feeling bored, WAN2TLK?",A quick way to ask someone if they want to have a conversation.,"Feeelin' a bit restless, fancy a chat?","Hey there, feeling a bit idle and fancy a chat?","Feeling somewhat idle, would you care for a conversation?"
WAREZ,pirated software,"Be careful downloading WAREZ, it could be risky.",Refers to illegal copies of software that are often distributed online.,"Watch out while grabbing crackeds, they can be tricky.",Watch out when you're grabbing unauthorized software – it might land you in trouble.,"Exercise caution while downloading unlicensed software, as it may pose a risk."
WAS,Wait a second,"WAS, I need to check my calendar.",A casual way to ask someone to wait for a brief moment.,"Hold on a sec, gotta check my schedule.","Hold on a sec, let me just check my schedule.","Just a moment, please, let me check my schedule."
WAS,Wild a guess,"I’m not sure, just taking a WAS.",Refers to making a random guess about something.,"Ain't got a clue, just takin' a shot in the dark.",I'm kinda guessing here.,"I'm merely speculating, if you will."
WAT,What,WAT are you talking about?,"A shorthand way of saying ""what,"" often used in informal conversations.",Ya gotta clue 'bout what you're chattin' 'bout?,What on earth are you talking about?,What on earth are you referring to?
WAWA,Where are we at?,"We’ve been driving for hours, WAWA?",A way to ask for an update on progress or location.,"Still cruisin' for ages, eh?","Hey, we've been on the road for quite a while now, right?",Have we been driving for several hours now?
WAYF,Where are you from?,Nice to meet you! WAYF?,A common question in online chats to ask about someone’s origin or hometown.,"Cool to meet ya! Hail from where, buddy?",Hey there! Where's home for you?,Pleasure to make your acquaintance! From which part of the world do you hail?
W/B,Write back,"Let me know your thoughts, W/B when you can.","A request for someone to respond, often used in emails or letters.","Hit me up with your thoughts, hit me back when you're able.","Drop me a line with your thoughts, let me hear from you soon.",Please share your thoughts with me; do let me know as soon as you have the opportunity.
WB,Welcome back,"You’ve been offline for a while, WB!",A greeting used when someone returns after being away.,"Hey there, been missing ya! Back in action now?","Hey there, glad to have you back!",Greetings! It appears you've been away for some time. I trust your return is pleasant.
WBS,Write back soon,"Looking forward to hearing from you, WBS!","A polite request for someone to reply soon, often used in letters or emails.","Can't wait to catch up with ya soon, cheers mate!",Can't wait to hear from you soon!,I look forward to receiving your response shortly.
WBU,What about you?,"I’m doing well, WBU?",A question asking someone to share their own situation or feelings.,How's it going with you?,How's it going for you?,"How are you doing, as for myself, I'm fareing well."
WC,Welcome,"Thanks for the invite, WC!","A simple way to say ""welcome"" in response to thanks.","Hey, nice one inviting me!","Thanks for the invite, buddy!",Thank you for the invitation.
WC,Who cares,"I missed the meeting, but WC?",Used to express indifference about something.,"No biggie, didn't make it to the meetup.","No big deal, I missed the meeting.","I missed the meeting, however, that's neither here nor there."
WCA,Who cares anyway,"It didn’t go as planned, but WCA.","A more dismissive version of ""who cares,"" often used when something doesn’t matter.","It ain't what we expected, but who gives a hoot!","Oh well, it didn't work out as expected, oh well.","Despite not turning out as expected, nevertheless, it doesn't really matter."
W/E,Whatever,You don’t agree? W/E.,"A casual or dismissive way of saying ""whatever.""","No worries, it's all good either way.","That's cool, we can disagree anyway.",You disagree? Very well then.
W/END,Weekend,I’m planning to relax this W/END.,"A shorthand way to refer to the weekend, often used in informal conversation.",I'ma chill this weekend.,I've got plans for a chill weekend ahead.,I am intending to rest during the upcoming weekend.
WE,Whatever,"I didn’t like the movie, but WE.","Another way to say ""whatever,"" used in casual speech.","Nah, the movie wasn't my cup of tea, but whatever.","It wasn't my cup of tea, that movie, but never mind.","I did not care for the film, it mattered little to me."
WEBO,Webopedia,I looked it up on WEBO.,"Refers to the online tech dictionary Webopedia, used for technical definitions.",I checked it out on the old internet encyclopedia.,I checked it out on the Webopedia.,I consulted it in an online encyclopedia.
WEEBO,a person obsessed with of Japanese culture,"He’s such a WEEBO, always watching anime.","Refers to someone who is highly passionate about Japanese culture, often in a fanatical way.","Dude's totally otaku-obsessed, can't stop watching anime!","This guy's got quite an obsession with Japanese culture, particularly anime.","This individual exhibits an extraordinary fascination with Japanese culture, particularly in the realm of animated series."
WEP,Weapon,What’s your favorite WEP in the game?,"Refers to a weapon, commonly used in gaming contexts.",Whatcha got a soft spot for in terms of heat in the game?,What's your preferred weapon of choice in the game?,Which is your preferred instrument of choice within the game?
WH5,"Who, what, when, where, why",I need the WH5 of the event before I can plan.,A shorthand for the basic information needed in a situation.,Gotta know the scoop on that shindig first to get my plans straight.,I require details about the specifics of the event for planning purposes.,"To plan effectively, I require information about who will attend, what will occur, when it will take place, where it will be held, and why we're hosting the event."
WHATEVES,Whatever,"They can do what they want, WHATEVES.","A casual or indifferent way of saying ""whatever.""","They can do whatever, no biggie.","They can go ahead and do whatever they like, it's all good.",They can proceed as they wish; it matters little to me.
WIBNI,Wouldn’t it be nice if,WIBNI we could take a vacation right now?,Used to express a wish or hopeful scenario.,Fancy a quick vacay right about now?,Isn't it just wonderful to think about going on a vacation right now?,Wouldn't it be delightful if we were to go on a vacation immediately?
WDALYIC,Who died and left you in charge,"You’re acting like the boss, WDALYIC?",A sarcastic way to challenge someone’s authority or assertiveness.,Who the hell appointed you the big boss here?,"Are you acting all big shot here, who made you the boss?","You appear to be assuming a position of authority, as if someone had passed away and left you in charge?"
WDYK,What do you know?,"I just found out the news, WDYK?",Used to ask for someone’s knowledge or opinion on a topic.,"Just heard some news, what's the lowdown?","Just heard some news, what's the scoop?",Have you heard the recent news then?
WDYT,What do you think?,"I’m considering getting a new phone, WDYT?",A simple way to ask for someone’s opinion.,"Heading for a new phone, ya think?","What about getting a new phone, what's your take on it?",What are your thoughts on me acquiring a new phone?
WGACA,What do you think?,"I’m not sure about the plan, WGACA?",Another way to ask for someone’s opinion or input.,"So, what's your take on this plan, mate?",Got any thoughts on this plan?,Could you please share your thoughts on the plan?
WIIFM,What’s in it for me?,"I’ll help, but WIIFM?",Used to ask about personal benefits or incentives.,"What's in it for me, though, if you need my help?","Why should I help, though?",What can I gain by helping?
WISP,Winning is so pleasurable,"After that victory, I can say WISP!",A playful phrase expressing the joy of winning.,"Man, that win was a blast! Feeling ecstatic, mate!","Man, that win sure feels great!","After that triumph, I may express my great satisfaction!"
WITP,What is the point?,"I don’t get it, WITP of this task?",Used to ask why something is being done or its purpose.,What's the deal with this task though?,Why on earth does this task matter to me?,"I fail to comprehend, what is the purpose of this task?"
WITW,What in the world,WITW is happening over there?,Used to express shock or confusion about something surprising.,What on earth's going on over there?,What on earth is going on over there?,What on earth is taking place over there?
WIU,Wrap it up,"We’re running out of time, WIU!",A phrase used to tell someone to finish or conclude something quickly.,"Alright, let's get this show on the road, wrap it up already!","Time's a-tickin', let's wrap it up!",Time is running short; let's conclude matters.
WK,Week,I’ve got a busy WK ahead.,"A shorthand way to say ""week,"" often used in text.",Got a packed week comin' up!,I've got a hectic week coming up.,I have a rather hectic week approaching.
WKD,Weekend,Can’t wait for the WKD!,A shorthand way of referring to the weekend.,Gonna have a blast this weekend!,I can't wait for the weekend!,I'm eagerly anticipating the weekend!
WRT,With regard to,"WRT your last email, I have some questions.","A formal way of referring to a previous point, often used in business communication.","On yer last email, got some queries here.","Regarding your last email, I've got a few queries.","In reference to your previous email, I have some queries."
WL,Whatta loser,"He didn’t even try, WL!",A playful or critical way to describe someone who isn’t succeeding or trying.,"Dude, what a total bummer he didn't bother to give it a shot!","Man, he just gave up without a fight!","He made absolutely no effort at all, what a dismal failure!"
W/O,Without,I can’t finish this W/O more information.,"A shorthand for ""without,"" commonly used in text or casual writing.",Can't wrap this up without more deets.,I can't wrap this up without having more info.,I cannot complete this without additional information.
WOA,Work of Art,Her painting is a real WOA.,A compliment used to describe something exceptionally well done or beautiful.,"Man, that painting's some serious masterpiece!",That woman's artwork is truly impressive.,Her painting is truly remarkable.
WOKE,"people who are aware of current social issues, and politics","He’s so WOKE, always talking about social justice.","Refers to someone who is highly aware or informed about societal issues, often used in a positive or sometimes sarcastic way.","He's always on top of social issues, never shying away from discussions about justice.",He's always on top of current social issues and advocating for justice.,He demonstrates a keen awareness and frequent discussion on matters related to social justice.
WOMBAT,"Waste of money, brains and time",That project was a total WOMBAT.,A humorous or critical way to describe something that’s completely pointless or wasteful.,That project was a complete money-down-the-drain fiasco.,"That project was an absolute waste of money, intelligence, and effort.",That project proved to be entirely unproductive and misplaced.
WOW,World of Warcraft,I’ve been playing WOW all night!,Refers to the popular online multiplayer game *World of Warcraft*.,Been binging on WoW all night long!,Played World of Warcraft all night long!,I have spent the entire night engaged in World of Warcraft.
WRK,Work,"I’m at WRK right now, can’t talk.","A shorthand for ""work,"" often used in text or messaging.","Gotta focus on the grind, catch up later!","I'm currently working, can't chat.",I'm currently engaged in my duties; unable to converse at present.
WRU,Where are you?,"We’re all waiting for you, WRU?",A simple way to ask someone about their location.,"Yo, where ya at, mate?","Hey, where are you at the moment?","Where are you at presently, I inquire?"
WRU@,Where are you at?,"I’m already here, WRU@?","Another way to ask where someone is, often used in casual conversations.","Hey, you here already? Where ya at?","Where are you currently, mate?",I am already present. Where are you located?
WRUD,What are you doing?,WRUD later tonight?,A quick way to ask someone what they are up to or planning.,Got plans later tonight?,Got anything planned for tonight?,What are your plans for this evening?
WTB,Want to buy,"WTB a new gaming console, any recommendations?",Commonly used in online marketplaces or games when looking to buy something.,"Looking for a new gaming console, got any suggestions?",Looking for a new gaming console. Any suggestions?,I am interested in purchasing a new gaming console. Are there any recommendations you could provide?
WTF,What the freak?,WTF is going on here?,"An expression of surprise, disbelief, or frustration.",What in the world's happening here?,What on earth is happening here?,What on earth is happening here?
WTFE,What the freak ever,"You didn’t agree? WTFE, I don’t care.","A dismissive way to say ""whatever.""","You ain't agree then? So what, I couldn't care less.","Didn't you agree? What's up with that, I honestly couldn't care less.","If you disagree, that's utterly bewildering to me, but it doesn't concern me in the slightest."
WTFO,"What the freak?, over",You seriously forgot the meeting? WTFO?,"A stronger or more emphatic version of WTF, often used for emphasis.",Good grief! Did you really forget the meeting?,"Goodness gracious, you actually forgot the meeting?!","Good heavens, you genuinely overlooked the meeting? I'm utterly astounded."
WTG,Way to go,You aced the test! WTG!,A congratulatory phrase used to compliment someone on a job well done.,"Nailed it on that test, dude! Great job!",Great job on passing the test! Bravo!,Well done on passing the test!
WTGP,Want to go private,"We can talk more freely, WTGP?",A phrase used in online chats to suggest moving to a private conversation.,Can we chat privately instead?,Can we chat privately instead?,Shall we continue our conversation privately?
WTH,What the heck?,WTH is happening right now?,"A less explicit version of ""WTF,"" expressing confusion or surprise.",What on earth's going on here?!,What on earth is going on at this moment?,"Good heavens, what on earth is transpiring at this moment?"
WTM,Who’s the man?,"I got the promotion, WTM?",A phrase used to boast or celebrate an accomplishment.,"Damn, snagged that promotion, ain't I?","Did I score the promotion, then?","Have I secured the promotion then, sir?"
WTS,Want to sell? ,I WTS my old gaming gear.,Commonly used in online marketplaces or games when offering something for sale.,Got some old gaming stuff for sale?,Looking to sell my old gaming equipment.,I have for sale my previous gaming equipment.
WTT,Want to trade?,"I have an extra keyboard, WTT for your headphones?",Used to ask if someone wants to trade goods or services.,"Got an extra keyboard, you got some good headphones to swap?","Got an extra keyboard here. Got anything audio-wise you'd be willing to swap for it, like headphones perhaps?",I have an additional keyboard available. Would you be interested in trading it for your headphones?
WU,What’s up?,"Hey, WU?",A casual greeting asking how someone is or what they are doing.,"Yo, what's happening?","Hey, what's new?",Greetings! How are you doing?
WUCIWUG,What you see is what you get,The software’s WUCIWUG interface makes it easy to use.,Refers to something straightforward with no hidden elements.,This software's interface is straight-up user-friendly.,The software's user interface is straightforward and simple to navigate.,The user-friendly interface of the software ensures its ease of use.
WUF,Where are you from?,Nice to meet you! WUF?,A common question in online chats asking for someone’s origin.,"Hey there! Whatcha part of town, huh?",Hey there! Where're you from?,Pleasant to make your acquaintance! Could you please tell me where you're from?
WUP,What’s up?,"Long time no chat, WUP?","Another variation of ""What’s up?"", often used in casual conversation.","Hey there! Been a while since we talked, so what's the lowdown?","Long time no talk, what's new?",Long time since our last conversation; how have you been doing?
WUT,what,WUT did you just say?,"A shorthand way to ask ""what,"" often used in texting or informal chat.",What the heck did ya just say?,What on earth did you just say?,What on earth did you just say?
WUW,What you want?,WUW for dinner tonight?,A casual way to ask what someone wants or prefers.,Wanna know what for dinner tonight?,What do you fancy for dinner tonight?,What are your plans for dinner tonight?
WUU2,What are you up to?,"Hey, WUU2 this weekend?",A quick way to ask what someone is doing or planning.,"Hey, whatcha got planned this weekend?","Hey, got anything planned for the weekend?","Hello there, what do you have planned for this weekend?"
WUZ,Meaning “was”,WUZ that a good idea?,"A playful shorthand for ""was,"" used in informal text.",Dat a smart move?,Wasn't that a good idea?,Was that a good idea?
WWJD,What would Jesus do?,"In tough situations, ask yourself WWJD.",A phrase used to reflect on how to act morally or compassionately.,"In sticky spots, give a thought to how Jesus'd handle it.","In difficult circumstances, consider what Jesus would do instead.","In challenging circumstances, contemplate what one might suppose Jesus would do in a similar situation."
WWJD,What Would Judd Do?,"Before making a decision, think WWJD.","A playful or alternative use of the acronym, referring to the advice of someone named Judd.","Before you act, ask yourself, ""What's Judd do?""","Before deciding, consider what a wise and just person would do.","In moments of indecision, consider how Judd might act."
WWNC,Will wonders never cease,She finished her project early—WWNC!,Used to express amazement or surprise at something unexpected.,"Can't believe she wrapped up her project ahead of time, huh?","Incredible, she completed her project ahead of time!",How remarkable that she completed her project ahead of time.
WWYC,Write when you can,"I’ll be waiting for your email, WWYC.",A polite way to tell someone to get in touch when they have time.,Catch me on my next mail when you're ready!,"Let me know when you're ready to send that email, take your time.",I look forward to receiving your message at a convenient time for you.
WYCM,Will you call me?,"I’ve got some news, WYCM later?",A request for someone to call when they have the chance.,"What's up, fancy catching a call from me later on?","Hey there, got something to share. Can we chat later on?","Could you spare a moment to discuss some news at a later time, if convenient for you?"
WYD,What are you doing?,WYD this afternoon?,A common way to ask someone about their current or upcoming plans.,"So, whatcha got planned for this afternoon?",What's up this afternoon?,What do you have planned for this afternoon?
WYGAM,When you get a minute,"Could you send me the file, WYGAM?",A polite way to ask someone to do something when they have time.,"Hey, can you shoot me the file when you have a sec?","Hey, can you shoot over that file when you have a moment?",Could you please send me the file at your earliest convenience?
WYHAM,When you have a minute,"Let’s chat about the project, WYHAM.","A similar phrase to WYGAM, used to ask for someone’s attention at their convenience.","Hey, let's talk 'bout that project, when ya got a sec?",How about we talk about that project when you have some time?,Let's discuss the project at your convenience.
WYLEI,When you least expect it,Opportunities come WYLEI.,A phrase that suggests something unexpected will happen at any moment.,Opportunities strike out of nowhere!,Opportunities strike when you least anticipate them.,Opportunities often arise unexpectedly.
WYSIWYG,What you see is what you get,"The job offer is straightforward, WYSIWYG.","Refers to something that is exactly as it appears, with no hidden surprises.","This gig's as clear as daylight, it's straight up what you see is what you get.","The job offer's pretty clear-cut; it's as is, see is what you get.",The job offer presents itself in a transparent manner.
WYWH,Wish you were here,"This vacation is amazing, WYWH!",A phrase often used in postcards or messages to express missing someone.,"Man, this vacation's a blast, I wish you were here too!","Oh, I wish you were here to enjoy this fantastic vacation with me!",I am greatly enjoying this holiday; I sincerely wish you were here to share it with me.
X-1-10,Exciting,That rollercoaster was X-1-10!,A playful way to describe something as thrilling or exciting.,"Man, that rollercoaster was a thrill ride alright!","Man, that rollercoaster was a thrill ride!",The rollercoaster was truly thrilling!
X,Kiss,"Love you, X!","Used to represent a kiss in a message, often at the end of a note.","Gotcha hooked, smoochy-smooch!","Gosh, I adore you so much!",I love you deeply.
X!,a typical woman,She’s X! Always multitasking.,Used playfully or stereotypically to describe a woman’s behavior.,She's a juggling act! Always on multiple fronts.,She's quite the juggler! Always keeping several balls in the air.,She is remarkably adept at managing multiple tasks simultaneously.
XD,really hard laugh,That joke had me XD!,"Represents laughter, often used in gaming or online chats.",Cracked me up goodly on that one!,That joke really cracked me up!,That joke elicited a hearty laugh from me!
XD,devilish smile,"I’ve got a plan, XD.",Represents a mischievous or playful grin.,"Got an idea, hehe!",I've got an idea grinning deviously.,"I've conceived a strategy, my dear (formal equivalent of 'XD')."
XME,Excuse Me,"XME, could you move a little?",A polite way to ask for someone’s attention or space.,"Hey up, could ya scooch over a bit?","Excuse me, could you please scootch over a bit?","Pardon me, would you be so kind as to shift slightly?"
XOXOXO,Hugs & Kisses,"Missing you, XOXOXO!",A common way to express affection at the end of a message.,"Miss ya lots, big hugs and kisses!","Wishing I could give you a hug, take care!","Dearest, I fondly miss you. Warm regards,"
XLNT,Excellent,The presentation was XLNT!,A shorthand way to describe something as excellent or impressive.,That preso was smashing!,The presentation was terrific!,The presentation was outstanding!
XLR8,going faster,Let’s XLR8 and finish this project.,"A stylized way of saying ""accelerate"" or to go faster.",Let's step it up and crush this project!,Let's step it up and wrap up this project!,Let's expedite our progress and complete this project promptly.
XPOST,Cross-post,I’ll XPOST this to another group.,"Refers to sharing the same content in multiple places, often used in online forums or social media.",I'm gonna hit 'em up in another crew too.,I'm going to share this in another group as well.,I shall share this post in another group as well.
XYL,Ex-young lady,Ran into my XYL today.,"Refers to a former girlfriend or wife, used in a playful or casual way.",Bumped into my ex-girlfriend today.,Bumped into an old flame today.,Encountered my former girlfriend today.
XYZ,Examine your zipper,"Hey, XYZ!",A discreet or playful way of telling someone their zipper is down.,"Hey, buddy! Check your fly, will ya?","Hey, check your fly!","Kindly check your fastenings, please."
Y?,Why?,Y? I don’t understand.,"A shorthand way to ask ""why.""","Wazzup, I'm lost here.",Why on earth didn't I get that?,"Why, pray tell, do I not comprehend?"
Y,Meaning Yawn,"That movie was boring, Y.",Used to express boredom or sleepiness.,"Man, that film was so dull, snooze-fest material.","That film was a real snooze, isn't it?","The film was distinctly unengaging, I must admit."
Y2K,You’re too kind,"Thanks for helping me with the project, Y2K!",A playful way to express gratitude for someone’s kindness.,"Man, you're a life saver on this project, buddy!","Thanks a bunch for assisting me with the project, you're truly wonderful!","Thank you exceedingly much for assisting me with the project, dear friend."
YA,Your,What’s YA plan for the weekend?,"A shorthand version of ""your,"" commonly used in casual conversation.",What's your game plan for the weekend?,What's your plan for the weekend?,What is your plan for the weekend?
YAA,Yet another acronym,This list is full of YAA.,Used humorously to refer to the overuse of acronyms.,This list's brimming with more acronyms!,This list's brimming with yet more abbreviations.,This list comprises yet another set of acronyms.
YABA,Yet another bloody acronym,"Ugh, YABA in this manual!","A more frustrated version of YAA, expressing annoyance with too many acronyms.","Man, another one of these jargon terms in here!","Oh dear, another tiresome acronym in this guide!","Sigh, another acronym in this manual!"
YARLY,"Ya, really?",You won the lottery? YARLY?,"A playful or sarcastic way of saying ""really?""",Did you really win the lottery?,"Really, you won the lottery?","Indeed, you've won the lottery? Truly?"
YAS,Meaning “praise”,"YAS, queen!","Used to express enthusiastic approval or praise, often in pop culture contexts.","Absolutely, girl!","Absolutely, my queen!","Indeed, splendidly so!"
YBIC,Your brother in Christ,"Take care, YBIC.",Used in religious or Christian communities to refer to fellow believers.,"Keep it real, my spiritual bro!","Be well, my friend in faith.","Take care, fellow brother in faith."
YBS,You’ll be sorry,"If you skip this, YBS!",A warning that someone may regret their actions.,"Watch out now if you pass on this, you'll regret it!",Skip this and you'll regret it!,"If you choose to disregard this, be prepared to regret your decision."
YCDBWYCID,You can’t do business when your computer is down,"The system crashed, and YCDBWYCID.",Used to express the frustration of trying to work when technology fails.,"Man, the system's out of commission! Can't do a thing without it running.","The system went down, can't operate without it.","The system has encountered an issue, making it impossible to conduct business operations due to its current state of inactivity."
YCHT,You can have them,Those leftovers? YCHT.,A casual way of offering something to someone.,"Go ahead and grab those leftovers, mate!","Sure thing, those leftovers are all yours.",Those leftovers are indeed at your disposal.
YCLIU,You can look it up,"If you don’t believe me, YCLIU.",A challenge or suggestion to verify information.,"Gotcha covered, it's all online, you know how it goes!",Look it up if you don't trust me.,"If you doubt my word, kindly consult a reliable source for verification."
YCMU,You crack me up,"That joke was hilarious, YCMU!",Used to tell someone they made you laugh.,"Man, that joke cracked me up!","Man, that joke had me laughing out loud!",That joke was utterly amusing; it left me in stitches.
YCT,Meaning Your comment to?,I noticed YCT on that post.,A way to ask if someone also commented on a particular thread or post.,"Did you write ""YCT"" on that post?",Did you have something to say in that post?,I observed a comment regarding that post.
YD,Yesterday,I finished the project YD.,"A shorthand for ""yesterday.""",Wrapped up that project day before yester.,I wrapped up the project yesterday.,I completed the project yesterday.
YEET,approval or display of energy,"He nailed the jump, YEET!","Used to express excitement, approval, or energy, often in sports or enthusiastic situations.","Nailed it, whoa!","Nailed it, wowza!","Indeed, he executed that leap impressively!"
YF,Wife,I’ll check with my YF before making plans.,A shorthand way to refer to one’s wife.,"Gotta run it past the missus first, mate.",I'll consult my wife before setting any plans.,I'll consult my spouse before arranging plans.
YG,Young gentleman,The YG was polite and well-dressed.,"Refers to a young man, often used formally.",That young cat sure knew how to clean up nice.,The young gentleman displayed good manners and was dressed smartly.,The young gentleman displayed courtesy and impeccable attire.
YGG,You go girl,"You’re killing it at work, YGG!",A supportive phrase used to cheer on a female friend.,"Crushing it at work, girl power!","Nailing it at work, you're fantastic!","You're truly excelling in your work, well done!"
YGTBKM,You’ve got to be kidding me,They canceled the event? YGTBKM!,Used to express disbelief or shock.,They scrapped the event?! Are you kidding me?!,They cancelled the event?! That's unbelievable!,They cancelled the event? That's simply astonishing!
YGTR,You got that right,"This heat is unbearable, YGTR.",Used to agree emphatically with someone’s statement.,"Man, this heat is brutal, ain't it?","This heat is unbearably intense, I must say.","Indeed, this heat is intolerable, I must concur."
YHBT,You have been trolled,"Don’t fall for it, YHBT.","Used to inform someone they’ve been tricked or ""trolled"" online.","Don't get hooked, you've been had!","Don't get hooked, you've been pranked!","Beware, you've been subjected to a deceitful tactic."
YHBW,You have been warned,"If you stay up late, YHBW.",A warning that someone should heed.,Better catch some Z's if you don't wanna end up in trouble later!,"If you keep on staying up late, consider yourself warned!","Should you choose to remain awake past a suitable hour, kindly be mindful of the potential consequences."
YHL,You have lost,"Game over, YHL!",Used to inform someone they’ve lost in a game or competition.,"Ah, game's up, mate! You're beat!","Game's up, you're beaten!","The game has come to an end, my apologies for the loss."
YIU,"Yes, I understand","Got it, YIU.",A quick way to confirm that you understand something.,"Gotcha, coolio.","Understood, got it.","Understood, I have grasped that."
YKW,You know what,"YKW, I think we should just stay home.",Used to start a statement or suggestion.,"You know the drill, let's just chill at home instead.","You know what, maybe it's best we stay at home.","Undoubtedly, it appears that staying at home would be a more appropriate course of action."
YKWYCD,You know what you can do,"If you don’t like it, YKWYCD.",A strong or sometimes confrontational suggestion that someone can take action.,"If you ain't feelin' it, figure it out yourself.","If you're not a fan, figure something out for yourself.","If you're not pleased with it, feel free to take appropriate action."
YL,Young lady,The YL at the party was very charming.,"Refers to a young woman, often used in formal or polite contexts.",That gal at the party was real charmin'.,The young lady at the party was quite captivating.,The young lady at the party displayed considerable charm.
YMMV,Your mileage may vary,"That diet worked for me, but YMMV.",Used to indicate that results may differ from person to person.,"That diet worked for me, but everyone's different, so it might not work the same way for you.","That diet might work for some folks, but everyone's different.","The diet was effective for me, but individual results may vary."
YNK,You never know,"We might win the lottery, YNK!","Used to express uncertainty about future events, with a hint of optimism.","Man, could be we hit that jackpot, who knows?","Who knows, we might just hit the lottery jackpot!",One never knows; we might just strike it lucky!
YOLO,You only live once,Let’s take the trip—YOLO!,"A phrase encouraging people to take risks or seize opportunities, as life is short.","Let's do it, live a little!","Seize the moment, let's go for that trip!",Let us embark on the journey; seize the day!
YR,Your,What’s YR plan for the weekend?,"A shorthand way to say ""your,"" often used in text or online messaging.",Whatcha got cookin' up this weekend?,"What's your plan for the weekend, mate?",What is your plan for the weekend?
YR,Yeah right,You’ll finish in an hour? YR.,A sarcastic way to express disbelief.,You'll wrap up in an hour? Not a chance.,You'll finish in an hour? I seriously doubt that.,You will certainly finish within an hour? I highly doubt that.
YRYOCC,You’re running your own cuckoo clock,You think you can pull that off? YRYOCC.,A playful way to suggest that someone is being unrealistic or eccentric.,Can't you see that's a recipe for disaster? You're definitely running your own three-ring circus!,"Can't see it going smoothly for you, mate.","Do you genuinely believe you are capable of managing that situation? Remarkably impudent, if I may say so myself."
YSIC,Your sister in Christ,"Praying for you, YSIC.",Used in religious communities to refer to a female believer.,"Keeping you in my prayers, sister in faith.","Sending prayers your way, sister in faith.","I am praying for your wellbeing, sister in faith."
YSYD,Yeah sure you do,You remember? YSYD.,A sarcastic response to someone claiming they recall or know something.,"You still think that's true, don't you?",Do you really though?,"Indeed, I recall that fact. However, it's rather doubtful."
YT,YouTube,Check out this video on YT!,Refers to the popular video-sharing platform YouTube.,Chk it out on the tube!,Watch this video over on YouTube!,Please take a look at this video on YouTube.
YT,You there?,"Haven’t heard from you, YT?",A quick way to ask if someone is present or paying attention.,"Got nothing from ya lately, you around?","Have you been keeping quiet, mate?",Have we not been in contact lately?
YTB,You’re the best,"Thanks for all your help, YTB!",A compliment or expression of gratitude.,"Cheers mate, top work matey!","You're simply amazing, thank you so much for your assistance!",Thank you very much for your assistance; you have been most beneficial!
YTB,Youth talk back,The YTB session was lively and full of energy.,Refers to discussions or activities where young people voice their opinions.,That YTB sesh was buzzin' with vibes!,The youngsters were chatty and brimming with zest during the meeting.,The discussion among the younger generation was animated and brimming with vigor.
YTTL,You take too long,"Hurry up, YTTL!",Used to express impatience with someone who is slow.,"C'mon, you're dragging your feet!","Hang on, you're moving slowly!","Hasten your pace, you are unduly delaying."
YTG,You’re the greatest,"You fixed my computer, YTG!",A compliment expressing admiration or gratitude.,"Man, you really saved my bacon there!","Man, you really sorted out my computer! Top work!","You've successfully repaired my computer, indeed you are remarkable!"
YW,You’re welcome,Thanks for the ride! YW!,A polite response to someone’s thanks.,"No prob, glad I could help! My pleasure!",Thanks a bunch for the lift! My pleasure!,Thank you for the ride. My pleasure.
YWHNB,"Yes, we have no bananas","We’re out of stock, YWHNB!",A playful phrase meaning something is unavailable.,"Ain't got it here, no monkey business!","Unfortunately, we've run out of stock!","Regrettably, we appear to be out of stock at present."
YWHOL,Yelling “woohoo” out loud,I won the game and was YWHOL!,Describes someone literally or figuratively shouting in excitement.,"Whoa, I totally scored that game and let out a loud ""whoop""!",I won the game and couldn't help but cheer out loud!,I triumphantly won the game and exclaimed with delight!
YWSYLS,"You win some, you lose some","I didn’t win this time, but YWSYLS.",A way of expressing acceptance of both victories and defeats.,"Nah, I didn't bag this round, but it is what it is.","Ah, it's a no-go for me this round, but you get lucky sometimes, doesn't ya?","Alas, I did not succeed on this occasion, yet it's a part of the game – one wins some, and one loses some."
YYSSW,"Yeah, yeah, sure, sure, whatever",You’re going to finish on time? YYSSW.,A dismissive or sarcastic response to something you don’t fully believe.,"Gonna make it by deadline, huh? Sure thing, pal.","Alright then, you'll get it done on time, will you? Okay, okay, go ahead.","Will you manage to complete it by the deadline? Certainly, if that's what you are asking."
Z,Zero,I scored a Z on that test.,"Refers to the number zero, often used to indicate failure or nothing.","Man, I bagged nothing on that exam.",I got nothing on that test.,I achieved a zero on that test.
Z,going to bed,"I’m exhausted, time for Z.",A shorthand way to indicate going to sleep.,"Man, I'm beat, gotta hit the sack now.",Time to hit the sack; I'm beat.,"I'm feeling rather tired now, it seems appropriate to retire for the night."
Z,Said,That’s what I Z.,Refers to something that was stated or spoken.,That's what I'm sayin'.,That's exactly what I'm saying.,"Indeed, that is precisely my sentiments."
Z%,Zoo,This place is a Z% with all the chaos.,Refers to a chaotic or busy environment.,This joint's gone bananas with all the madness!,This joint's absolutely crazy with all the madness here.,This location appears chaotic and disorderly.
ZH,Sleeping Hour,"It’s ZH, goodnight!",Refers to the time when someone usually goes to sleep.,"Time to snooze, catch ya later!","It's bedtime, good night!","It's bedtime now, goodnight!"
ZOMG,Oh My God,"ZOMG, I can’t believe you did that!","An exaggerated or enthusiastic version of ""OMG,"" often used for emphasis.","Holy smokes, I can't even believe you pulled off that stunt!","Good grief, I can't believe you did that!","Good heavens, I am utterly astonished by what you have done!"
ZOT,Zero tolerance,Our school has a ZOT policy for bullying.,"Refers to a strict policy where certain behaviors, such as violence or harassment, are not tolerated under any circumstances.",School's got a no-nonsense approach to bullying.,Our school doesn't tolerate bullying at all.,Our school maintains a strict zero-tolerance policy towards bullying.
ZUP,What’s up?,"Hey, ZUP with you today?",A casual way to ask how someone is doing or what’s going on.,"Yo, what's crackin' today?","Hey, what's going on with you today?","Greetings, how are you doing today?"
ZZZZ,Sleeping,"I was so tired, I went to bed and was out in seconds, ZZZZ.","Represents sleep or someone being asleep, often used humorously.","Man, I was knackered, hit the sack, and was asleep in no time, catchin' some serious Zs.","Man, I was knackered, hit the sack and was fast asleep in no time. Zzz.",I was utterly exhausted; I retired to bed almost instantaneously.
