tldr_completion,retrieved_similar_1,retrieved_similar_2,retrieved_similar_3,best_genz_output,best_hybrid_score,best_semantic_similarity
" I still have contact with an old ex's friends but can't stand to see or talk to him. His friends are really nice ,so how do I tell them I possibly want to unfriend them on Facebook because of him?","He’s just an FBFR, we don’t talk much.",My BF and I have known each other for years.,I only see him AAF.,"I'm still linked w/ that old ex's pals, but ain't got the vibe for him. They're super cool, though. How do I unfollow 'em on FB without seeming rude 'cause of him?",0.7349844617724098,0.777578592300415
" Progress is still happening, even when you think it might not be! Don't get discouraged, even if your journey seems to be going slowly. Don't give up, warriors.","I’m not looking for anything serious, just NSA.",WB! How was your trip?,DITYID about how stressful work has been?,"Ain't progress always slow af sometimes, but don't lose hope, no cap! Even when it feels like nothing's happening, keep pushing through, warriors. 💪🏽💫",0.6610774159431457,0.6221548318862915
 My skin is scarred badly; what could I do/say about it that would gross my future partner out the least? What's your experience with body image issues?,"If you want it done right, just DIY.","IAAD, let me know if you need any medical advice.","I’ll handle it myself, MYOB.","Bro, if you gotta ask, maybe work on vibes n' self-love 'stead of worrying 'bout grossin' out a boo. My two cents? Embrace yo' skin flaws, they make you unique! As for my exp w/ body image issues, been there, done that, now focusing on self-acceptance 💪🏽💙",0.614525294303894,0.5290505886077881
 $14k in student debt (all <5%) and need to save more for down payment on a ~$300k house. How to allocate $5200/mo between the two?,"You need tax advice? IAAA, I can help.","Sheesh, that’s a lot of money!","I’m not sure about the plan, WGACA?","Got a $14k student loan deb, low-key interest rates, and tryna save for a ~$300k crib. Wanna know howta split up dat $5.2k/mo btw debt n savings? 💰🤔🏠",0.6503976348352873,0.6680886149406433
" GF is a meanie-bo-beanie when I'm nice, and an absolute doll when I'm uninterested. Sex is bomb and she's the hottest I've ever dated. What do?",Stop simping over her.,I’m going out with my GF tonight.,I gave her a KOC when we said goodbye.,"GF's trippin' when I'm cool, but cute AF when I'm not feelin'. Bangin' and she's the baddest I've rolled with. Wyd? (What you doing?)",0.5585655709943712,0.4918849468231201
 I asked guy I have been dating for a month if everything was okay and now I regret it because I think it makes me look pushy /clingy.,He was EWG me about my new haircut.,"He talks with his mouth full, that gave me the ick.","We’ve been hanging out a lot, but it’s just a situationship.","Yo, I prob hit that dude I've been chilling with hard recently with the ""chill, is everything cool?"" vibe, and now I'm thinking I overstepped 'cause it might make me seem too needy or clingy. 😬",0.5473819136619568,0.3947638273239136
 Gf said she almost didn't date me because I was too short.  Now I am really turned off by her.,Stop simping over her.,My G/F is meeting me after work.,"She texted me, IWSN!",GF fronted she almost wasn't feeling me cause I'm shorty. Now I'm so side-eyed by her.,0.5526354935019097,0.5844712257385254
 Had a big-ass ovarian cyst; scared that I'm irreparably broken; hormonal shitstorm ensues; worried I'm going to alienate my boyfriend with my behavior.,"I’ll handle it myself, MYOB.",Stay safe and TCOY.,"Had a minor ACDNT on the way home, but I’m okay.",Had a huge af cyst; freaking out 'cause I think I'm permanently busted; hormones all over the place; stressing 'bout losing my boo thang.,0.6571274002777042,0.6877084970474243
 I think I might like two girls at once. Don't want to; just want to be head over heels for one. Do I do anything before college?,"After that drama, I’ve got a new RTBS.","Before we start the game, RUMOF?","Yo, wanna swipe for some coffee later?","Aighty, I'm kinda feelin' 'bout two gals at the same time, but ain't tryna get twisted up. Just wanna go hard for one. Anything I gotta handle before uni though?",0.6990405082702636,0.6980810165405273
 how do I deny sex with my boyfriend of 2.5 years without him feeling like I don't want to please him?,I think he’s benching me—he texts but never makes plans.,"He keeps telling me I’m overreacting, but I think he’s gaslighting me.","We’ve been hanging out a lot, but it’s just a situationship.",How do I turn down my bae for 2.5 years without making him feel unwanted in bed?,0.5055381535096369,0.6529742479324341
 I'm worried about moving out of parent's house and into an apartment with a boyfriend who doesn't really seemed worried at all.,"I’ll handle it myself, MYOB.",Stay safe and TCOY.,"PIR, can’t talk about that right now.","I'm freaking out abt moving in w/ bf, he don't seem phased at all tho 😕",0.35764089986227887,0.43827348947525024
 Witnessing a different kind of relationship is making me question mine. I don't know whether this is all in my head or I'm onto something,"Everyone’s cuffing this fall, it’s relationship season.","We’ve been hanging out a lot, but it’s just a situationship.","BME, that’s not how it usually works.",Seein' a different type of situation got me doubting my own. Ain't sure if it's all in my head or I'ma onto sthn.,0.4215445490424983,0.5106791257858276
" I've found myself attracted to a man who is not my boyfriend. I can't quit my job, so how can I overcome these feelings?",I think he’s benching me—he texts but never makes plans.,"Stop messing around, get your HUYA and focus!","He keeps telling me I’m overreacting, but I think he’s gaslighting me.","I'm crushing hard on this non-BF dude, but I can't just ditch my gig! How do I cope with these feels?",0.41844258991965294,0.5875777006149292
" My GF wants to pay for helping her with her accounting class, but I don't want to get paid since I think that something like this should be expected in a relationship. Both perspectives are provided in the post.","You need tax advice? IAAA, I can help.","She’s always late—kind of a pink flag, but not a dealbreaker.","They’re not dating, just FWB.","My gf's offering cheddar 'cause I helped her with accy class, but I ain't about dat life—I do it for the love. Both sides got deets in the post.",0.4738334673263359,0.44905197620391846
" I like this girl. A friend of mine likes this girl. This girl doesn't likes him back. This girl might like another friend, although I'm not sure of that. How do I proceed?","She’s breadcrumbing him, always texting but never wanting to meet.",Give me the B/G on that.,"Take care, AAYF, until next time!","She digs me, but homie's got dibs on her - she ain't feelin' him back. She might be into someone else, it's kinda sketchy though. What's the move now?",0.581316957224439,0.49781396985054016
" Met a girl while traveling, trying to figure out a way we can spend more time together and how to tell her how I feel.",She’s a GRL I met online.,We’ve been in an LD relationship for a year.,My G/F is meeting me after work.,"Met a GRL while traveling, tryna make it work long-distance and figuring out how to spill da feels.",0.46737031807859847,0.5469290018081665
 HOW do I introduce new people? HOW do I introduce new dogs? WHAT do I do about 4th of July??,Let’s meet B4 the event.,See you 2MORO at the meeting.,I need the WH5 of the event before I can plan.,How do I intro new ppl? How do I intro new pups? Wtf do bout 4th of july tho??,0.49137083975562096,0.7334342002868652
" Saw a friend had self-harm scars and want to know what I can do to help, or at least make her feel more comfortable.","Oof, that must have hurt.","She told a funny story, I had to G.",We need to normalize self-care.,"Aye, saw a pal with some rough marks, wonderin' how I can be there for 'em or just make 'em feel less pressured.",0.3139403337339285,0.3231715261936188
" dated a guy for two years, crazy destructive ex still has pictures of me and I'm not legal. What can I do?","He ghosted me months ago, and now he’s zombie-ing by texting me again.",He ghosted me after our date.,I think he’s benching me—he texts but never makes plans.,"Ex still got my pics even though we're not official, he's creeping on my timeline. What's good to get him off my grid?",0.5096475945945591,0.6314835548400879
" turns out my ex-fwb was married, lied to me about it, I found out, do I tell him I know? ","Keep this on the DL, it’s a secret.","He keeps telling me I’m overreacting, but I think he’s gaslighting me.","I was so mad, I told him to ESAD.","He was hitched and fibbed 'bout it, now I'm on the lowkey knowing, should spill the tea?",0.45261496404531587,0.4343158006668091
 Was depressed. Got crazy angry. Messed up life. Fixing life. Would like to hear from others how they fixed their life after possibly messing it up.,"How’s it going, GG?","Had a minor ACDNT on the way home, but I’m okay.",WB! How was your trip?,"Feeling down, mad AF, life's a mess but trying to sort things out. Need to know how y'all bounced back when you messed up your lives, let's chat!",0.613778625746513,0.6181389689445496
 My mom hid me from my dad by falsifying DNA test when I was born. I want to meet him now (19 years later) but am lost of what I should do in legal/moral terms?,"In tough situations, ask yourself WWJD.","We stayed out late, KPC!","I don’t know the law on this, IANAL.","Aye, so my mom pulled a fast one and faked the paternity test back when I was a baby to keep me away from my dad. Now that I'm 19, I wanna link up with him but ain't got a clue about the legal/moral deets. IRL advice needed ASAP! (I'm Real Life)",0.8512661755084991,0.7025323510169983
 Been seeing/talking to girl for more than 3 months. Have taken her out twice and have lunch weekly.  How do I ask her to get official/serious?,I’m going out with my GF tonight.,She texted me LHSX after the party.,"She texted me, IWSN!","AYO, we been vibin' wit this chick fo' a min now, hit up twice on dates n' lunch weekly. Whut da game plan for makin' it official tho?",0.40838167170408357,0.3458492159843445
" made the mistake of breaking up, got back together, bf's Dad and Stepmom are completely stonewalling me.","He ghosted me months ago, and now he’s zombie-ing by texting me again.","It’s been so long since we hung out, MU!","You messed up my plans, FU!",BF's pops and stepmom are straight clamping down on me after I messed up and got back with him again.,0.618333518092322,0.5995479226112366
" Confronted borderline mother, now feel guilty. Would like to hear others' stories of similar confrontations with borderline people.","He’s always calling his mom for advice, such an MB.","He’s such a MOMBOY, always calling his mom for advice.","Can’t talk about that right now, MOS.","Hit up my momma bear, now feeling the guilty vibes. Wanna hear about y'all's run-ins with borderline peeps too.",0.5888628761523979,0.59600830078125
" The aforementioned ""Alberta guy"" from the last post is now the out of the picture. I feel like I connect with her on a more emotional level since our second meeting so I was wondering what I should do from here.",She’s a GRL I met online.,I SPTO her about the event.,We’ve been in an LD relationship for a year.,"The Alberta dude from the last post is ghosting now. She's vibing on an emotional level since our secnd chill, so I'm tryna figure out the next move.",0.6707022625983917,0.621182918548584
 In a relationship with a wonderful girl but afraid to commit cause of my lack of dating experience. And the fact that she is not very good looking.,"She’s always late—kind of a pink flag, but not a dealbreaker.","I’m not looking for anything serious, just NSA.","We’ve been hanging out a lot, but it’s just a situationship.","I'm coupled up with this babe, but scared to make it official 'cause I'm kinda dating-challenged and let's be real, she ain't exactly a 10.",0.36213172621343936,0.3087509870529175
 How can I convince my strict parents to let me take a trip with my best friend? My parents have known my best friend for over 10 years.,We’ve been BFFL since high school.,"PIR, can’t talk about that right now.","She’s my BFF, we tell each other everything.","Yo, how do I get my PIRs to cop that I need a vacay with my BFF? Been fam for like, more than a decade, they know my BFF already.",0.3940566736079979,0.28949838876724243
 GF's comments on IG are a bit too much for my personal comfort. How do I tell her to be mindful?,Stop simping over her.,I’m going out with my GF tonight.,She's throwing shade at her ex.,"GF's Insta vibes are too extra, lemme drop some chill vibes instead.",0.47437135454195023,0.4501277506351471
" LDR boyfriend has been texting less and less, now waiting until late evening to initiate contact.  Do I have any right to be upset for not hearing from him on today of all days?","I texted him last night, but I got NR.",I think he’s benching me—he texts but never makes plans.,I waited all day for him to text me back. I’m such a clown.,"LDR bf ghosting me harder these days, always hitting up late af. Got any reason to be salty he ain't texted me on this day of all days?",0.6581928673873647,0.6515657901763916
" 7 months since we first dated, never defined what we are. he did stop seeing someone in March, that's all i know about his past ;)",We’ve been in an LD relationship for a year.,"We’ve been hanging out a lot, but it’s just a situationship.","He ghosted me months ago, and now he’s zombie-ing by texting me again.","He's been my situation for 7 months, and we're still figuring out labels. Last I heard, he was single in March. That's all I got on his ex drama ;)",0.6093951317577151,0.6647736430168152
 If I break up with my boyfriend I will be homeless. Should I pretend like everything is okay until I can leave?,My B/F is meeting me later.,"We’ve been hanging out a lot, but it’s just a situationship.","I have to run some errands, BBL.","If I split with my B/F, I'm couch-surfin'. Should I play it cool 'til I bounce?",0.41438462979410495,0.41325679421424866
 blood blisters on my 2 different sized feet. What can I do to combat this? Am I doomed to spend ridiculous money on shoes and orthotics?,"Yo, just hit the mall and scored some sick kicks!",You bought the same shoes as me? GMTA!,"IAAD, let me know if you need any medical advice.","Dang, got 2 different-sized feet with pesky blisters! Any tips for preventing these foot nightmares? Feel like I gotta shell out big bucks for shoes n' insoles forever?",0.7803624850230864,0.7574008703231812
 i left my lube in the shower for a couple days and my roommate mistook it for hair conditioner. To this day he doesn't know.,"I told you to clean your room, 4COL!",He was EWG me about my new haircut.,"He buys her gifts every day, he’s such a simp.","My roomie thought that gel was my hair cream, turns out I left it in the shower for too long, oops! 😂😂",0.4689245739967209,0.577738344669342
" I want my mom to stop tricking me and my sister, who hate each other, into meeting in the hope that we will suddenly get along after two decades.",I’m spending the weekend with my SIS.,"That meeting sounds rough, BYTM!",Hanging out with my MM this weekend.,"My Moms tryna force play me and my SIS, who can't stand each other, into hanging out, thinking it'll magically fix things after 20 years! 🤨🥴",0.5737115296630648,0.5934064388275146
" A girl who I only know a little has said yes to seeing a film with me, which we both really want to see, and suggested we have coffee before, is it a date, or just as friends?","I’m G4C, want to join?","Yo, wanna swipe for some coffee later?",L2G for a coffee?,Is it a date or jus chillin'? She game for pre-movie caffeine vibes 😎🍿📽️☕️,0.5567416208602715,0.6148682832717896
" He loved me, then realized he didn't. Then he told me he could love me, and as soon as he saw me he told me he couldn't.","He cut me off in traffic, WAJ!","He ghosted me months ago, and now he’s zombie-ing by texting me again.","I texted him last night, but I got NR.","He loves me, hates me, maybe loves me again, but then changes his mind instantly when he sees me - typical rollercoaster, amirite?",0.49988033946531296,0.5011457204818726
" I like this guy but am moving away, should we do it long distance, have a summer fling or let it fizzle?",We’ve been in an LD relationship for a year.,"We’ve been hanging out a lot, but it’s just a situationship.","Even though we’re miles apart, we’re BFFLNMW.","Should we LD, summer vibe or ghost it?",0.3305648589233282,0.3564205765724182
 Met an amazing girl. Had an amazing connection. Problem is she looks better with clothes on than off. I'm in conflict about how to proceed.,She’s a GRL I met online.,She was throwing shade at my outfit.,She's so extra with her outfits.,"She's a total vibe, but damn, she slays both ways in her fits. Gotta figure out my next move though.",0.4403423326827812,0.3820697069168091
 I have an adopted 18 year old sister without social skills and I need advice on how to help her attain social skills for college.,My DD is starting school this year.,Stay woke.,"She just turned 18, officially at the AOM.","My AO sis is 18, socially awkward and gonna go to college soon. Need tips on helping her level up her social game!",0.5923014099082788,0.7690903544425964
" Hang out with new male friend who needs my help very often, don't want boyfriend getting the wrong idea, but can't tell him why I'm gone","We’ve been hanging out a lot, but it’s just a situationship.",My B/F is meeting me later.,"I’ll help, but WIIFM?","Gotta chill with a new bro bro, he needs me a lot, gotta keep B/F in the dark 'bout it though, can't spill why I'm MIA.",0.42353848762129154,0.4315645098686218
" Guy gets me to do job for him, tells me that he never wanted me to do it in the first place, hours of work lost.",I think he’s benching me—he texts but never makes plans.,He was EWG me about my new haircut.,"He was being so rude, so I gave him the MLM.","Homie ghosted on the job, now I'm SOL.",0.2790082322015657,0.28100815415382385
" gf sleeping in the same room with her friend who loves her, feel I'm overreacting by being upset/angry about it",Stop simping over her.,"She’s always late—kind of a pink flag, but not a dealbreaker.",She's throwing shade at her ex.,"She's co-sleeping with her BFF who's got a crush, think I'm salty for being mad about it.",0.5067112961799485,0.6533117890357971
 I want to go to school for a 6 month program out of area as an investment for my business and self. ,Make sure you read the TOS before signing up.,"Before you invest, make sure to DYOR.",See the AA instructions for details.,"I'm tryna do a 6-month course outta town, just stacking that knowledge for my biz and me.",0.42532978601072635,0.43514710664749146
 new biker in SF bay-area needs advice on what kinds of standard/cruiser motorcycles are good for around-the-town driving,Check out my new whip.,Check out my new whip.,"WTB a new gaming console, any recommendations?","What's up, need recs for some chill cruisers in the SF Bay for city rides? (Note that this conversion is approximate and Gen Z slang can vary greatly depending on regional differences and individual usage.)",0.5838673952708944,0.5029148459434509
" Was seeing a girl a few months ago, left it when I stopped fancying her but saw her recently and I think I still do. How do I play it?",She’s a GRL I met online.,"We were talking for weeks, and then she just ghosted me.",The gamer I met was an F.,"Aye, was vibin' wit an F a few mths back, but called it off cuz I lost feelings. Ran into her lately n' I think I might be feelin' it again. Wanna roll wit her agz, but not sure how to approach. How should I play dis?",0.7675098200584052,0.593191385269165
" I used to like my job, now not so much. Need help to stay motivated and actually do work so i don't get fired for being shit.","ISO a new job, any leads?",I'm lowkey exhausted today and vibing in chill mode.,I'm lowkey exhausted today and vibing in chill mode.,"Ain't vibing with my job as much anymore. Struggling to keep it poppin', don't wanna get the axe. Need some tips on staying grindin'.",0.5262351732009666,0.47075289487838745
" Friend knows something about my girlfriend and he's worried it will cause trouble between my girlfriend and I. Should I bring this up with her and if so, how?","She’s my BFF, we tell each other everything.","We’ve been hanging out a lot, but it’s just a situationship.","I’ll handle it myself, MYOB.","My homie knows something 'bout my GF that might cause some drama, but should I spill the tea or keep it movin'? If I do talk, what's the best way to approach it?",0.6248964015136464,0.5849728584289551
 Girlfriend is about to get a job in a different city and I am thinking to follow her. Opinions?,We’ve been in an LD relationship for a year.,"Even though we’re miles apart, we’re BFFLNMW.","She’s always late—kind of a pink flag, but not a dealbreaker.",GF gon' work in another city soon and I'm thinking bout moving too—any thoughts?,0.46429161516913414,0.6792757511138916
" Wife staying home for the next 6-8 years, should I reduce our student loan repayments for that period to give us more breathing room?",I’ll check with my YF before making plans.,"She’s always late—kind of a pink flag, but not a dealbreaker.","YKW, I think we should just stay home.","GF on home vibes for 6-8 years, should we chill on the student loan reppin' during that time to have some extra cash flow?",0.6577619906112429,0.6784048676490784
 Boyfriend doesn't think of himself as very attractive - how do I get him to see himself the way I see him?,"He’s SMEXI, isn’t he?",He showed up to the party looking like a whole snack.,He's so thirsty for likes.,"Homie ain't vibin' his own swag, lemme help him flex that mirror confidence, tho.",0.31792148667029063,0.30343300104141235
" Girlfriend constantly goes through my phone while I'm asleep, makes wild assumptions that I'm cheating on her, and starts fights over things that aren't there. Is it time to drop this relationship?","She’s always late—kind of a pink flag, but not a dealbreaker.",I’m going out with my GF tonight.,"We’ve been hanging out a lot, but it’s just a situationship.","GF always creeping my phone when I'm asleep, overreacting about cheating drama, and starting beef over nothing. Time to cut ties? 🚀🔥💔",0.637652322938898,0.7212880253791809
" Been rejected countless times, Really like this girl, Afraid of expressing my feelings, don't know how to do it. (English isn't my main language so I'm sorry for any grammatical errors )","Got rejected for the third time, feelsbatman.",Stop simping over her.,She’s a GRL I met online.,"Been swiped left too many times, vibin' hard for this gal, Scared AF to spill the tea, ain't got a clue how to drop the hint.",0.48050866009786186,0.3515990376472473
 he hit me and I moved out (about a month and a half ago). I'm now living with my grandmother. I believe he gives her about $100-200 for food a month. ,He's the plug for all the best snacks.,He’s my BFAW; we have lunch together every day.,"He really made me mad, I just wanted to tell him FOAD.","He smacked me, so I bounced (a month and a half ago), now I'm cribbing at grandma's. I think he slides her $100-$200 for grub monthly.",0.6667772229358431,0.6964353322982788
 I found out I was good at writing papers on a band that isn't my favourite band but I found it nets me the best grades. Does this make me obsessed with that band?,I'm a stan for that band.,I totally Stan for that band!,I'm a stan for that band.,"Ain't my fave band, but it's lit when I write about 'em for top grades. Does that make me overly fond of it? Nah, just here for the Ws.",0.5268583359645674,0.6105033755302429
 I live on the 5th floor and my cat just walked out on my window ledge and came back in. Should I be nervous she's going to explore too far out and fall to her kitty death?,That cat video made me LOL!,"Had a minor ACDNT on the way home, but I’m okay.","She just tripped over her own feet, LOL.","My apartment's up high, but my cat just chillin' on the window sill, might venture too far and take a tumble... am I stressing about a feline fatality? 👀",0.6919621069015228,0.6637026071548462
" tried to make a weird kid feel better and ended up being attacked by him because he was hungry. I not only had a sore arm but I felt horrible for the kids living conditions at home, double whammy.","Oof, that must have hurt.","Sending you O, hope you feel better soon!","Had a minor ACDNT on the way home, but I’m okay.","Trippin' tryna comfort that sketchy kid, ends up getting clowned cuz he was hangry. Not just a sore arm now, but feeling rough for his home situation - straight up 2X4 moment.",0.6695925679233266,0.591262698173523
" Me emotional guy, gf unemotional. Broke up, wanting to know if most girls actually like romance and guys caring and shit, or if this unemotional, uncommunicative bullshit is the norm.","They’re not dating, just FWB.",What’s your body count?,"Everyone’s cuffing this fall, it’s relationship season.","Ain't I a softie, gf all cool vibes. Split, wondering if most chicks dig romance and dudes showing emotions, or if this cold, no-communication drama is the deal.",0.7786059853442818,0.6984862089157104
 I constantly worry that I've done something to weird out or upset my girlfriend and can't help it - it's having detrimental affects on me as a person..,Stop simping over her.,"I’ll handle it myself, MYOB.",I’m going out with my GF tonight.,"I can't stop vibing weird 'cause I think I did smth to upset my GF, and it's messin' up my mood big time.",0.5141305337322055,0.5573469400405884
" Girl had a nip slip at prom, photo was taken (not on purpose) and it was blamed on me.",That accident was really UN4TUN8.,"If there’s no photo, POIDH!",She was throwing shade at my outfit.,"Girl got a wardrobe malfunction at prom, pic leaked (accidentally), blame game started on me.",0.6895933937167857,0.6866660118103027
" Girlfriend on break sleeps with another guy (after promising not to), lots of remorse, trying to figure out if I should take her back.",I’m going out with my GF tonight.,"She’s always late—kind of a pink flag, but not a dealbreaker.",She texted me LHSX after the party.,"GF on a break cheated (promised no hoes), feels bad, debating if she's worth another chance.",0.5158752420932633,0.6716396808624268
" I try not to give fucks, but eventually fucks are given. Can fucks be ungiven? Help.","No matter what happens, IWALU.","BME, that’s not how it usually works.","Don’t worry, TTTT—it’ll get better.","Ain't got time to be salty, but sh*t happens, and sometimes it sticks! Can we unsalty? Pls help!",0.48952520372464714,0.36963212490081787
 I attempted an incognito social experiment to estimate to see how many bronies live in my area and got it blown wide open by way of discussion of video games.,I hit up the park yesterday and saw a bunch of peeps vibing and having a good time.,I hit up the park yesterday and saw a bunch of peeps vibing and having a good time.,Stay woke.,"I tried a secret op to figure out who da Brony peeps are in my town, but it backfired cuz someone started talkin' bout video games.",0.6229902799770113,0.6088614463806152
" I probably can't have kids, but boyfriend wants kids and doesn't really want to adopt. I want to be able to have children for him, but also want him to respect me.","He’s such a MOMBOY, always calling his mom for advice.",Keanu Reeves is my dad.,"He’s always calling his mom for advice, such an MB.","Boyf isn't down with adoption, but he still wants mini-mes... I wanna carry his babies, but also need that respect tho.",0.5666920552623569,0.6624699831008911
 Did I take the easy way out? Or did I make a wise choice by realizing that this was not going anywhere?,"You messed up my plans, FU!","Had a minor ACDNT on the way home, but I’m okay.","He was being so rude, so I gave him the MLM.",Did I cop out or was it lit to call it quits bcos this was dead anyways?,0.3442855792280049,0.30075952410697937
" MY BRO GOT FUCKED UP BY MY CAT, I ALMOST GOT FUCKED UP BY HIM. CAT IS NEVER LIKE THAT AND IS EXTREMELY LOVABLE ",That cat video made me LOL!,My dog has the zoomies.,"Look at that dog, such a QT!","My bro got clowned by the cat! Almost got clowned too, but he's usually super lovable, never like that.",0.6073456908527173,0.6883755922317505
" I don't want to move in with my boyfriend because I like visiting my family without him, want to move my parents into my home in the future, and just like being alone. Does this mean anything?","We’ve been hanging out a lot, but it’s just a situationship.","PIR, can’t talk about that right now.",You’re moving to LA? Fr?,"Ain't feelin' livin' with bae 'cause I enjoy fam visits sans him, got plans for parents to live w me in the long run, and diggin' solo vibes. Mean anything? 🚀🏡☕️ (Living with boyfriend, family visits, future living arrangements, solitude)",0.757204434795723,0.5171789526939392
" GF talks to guys from her past, but gets mad when I talk to old female friends. What should I do?",Stop simping over her.,She had to swerve that awkward conversation.,"Take care, AAYF, until next time!","GF hittin' up exes, mad 'bout my old girls chat? Got any advice, fam?",0.5732978942321608,0.7033824920654297
" sepmom put time blocks on wifi, all i want to do is watch netflix at night... Can i put myself as admin without being caught? (Are my lying skills good enough)",You’ll need to talk to the ADMIN to get access.,"Be careful downloading WAREZ, it could be risky.",You better ST&D before you get into trouble!,"Aye, my wifi got restricted by the ol' SEPMOM. Wanna know if I can hack my way to becoming an ADMIN undetected so I can binge Netflix at night? Gotta be stealthy about it though! 🤔💻📺🤫👀",0.831200492844357,0.7759743928909302
 My dog was attacked and I'm scared he's going to die. I'm really not ready to say goodbye to him.,My dog has the zoomies.,"Yo, just peeped the cutest pupper on my walk, fr.",Stay safe and TCOY.,"Aye, my dog got jumped and it's freaking me out that he might not make it. I'm straight up not prepared for this L, bro.",0.4518446291169962,0.48817679286003113
 Friend wants to get married to guy she cheated on in Morocco. Don't wanna go cos I hate the place from bad experience and disagree with infidelity.  ,DAFUQ just happened there?,"Before making a decision, think WWJD.",He's such a simp for her.,"Girl tryna marry her ex from that shady trip in Marrakesh, no thanks. Can't stand the vibes and ain't cool with the cheating game.",0.5857098500484245,0.5897022485733032
" My boyfriend doesn't seem to want to help me with anything, even when he sees I'm clearly stressed out. What actions do I need to take to change his behavior? Or is it too late?",I’ve got to TCB before the deadline.,I think he’s benching me—he texts but never makes plans.,"He keeps telling me I’m overreacting, but I think he’s gaslighting me.",BF ain't stepping up even though I'm obviously vibing stressful? Wuzzo my plays to make him pitch in or am I already stuck in this situation?,0.5339518885368125,0.48618632555007935
" Got super drunk, passed out, had to take emergency piss and pee'd on the furnace causing the smell of stinky urine to permeate the house.","Had a minor ACDNT on the way home, but I’m okay.","I was so tired, I went to bed and was out in seconds, ZZZZ.","I tripped and spilled my drink, ROFLOL!","I got lit AF, blacked out, had a bathroom emerg, peed on the heater, now the whole crib smells like piss. 🤦‍♀️😷💦🔥",0.6427015606055959,0.620583176612854
 I'm conflicted about my ex because seeing him made me realize that sometimes what you think you want isn't what's good for you.,"We’ve been hanging out a lot, but it’s just a situationship.","He keeps telling me I’m overreacting, but I think he’s gaslighting me.",I didn’t know you had a BCOY!,He ain't all that but seeing him made me remember why I FOMO'd in the first place.,0.30433991270712535,0.2762698531150818
" Seeing girl for a month, I go down on her every time, having great sex, she still hasn't gone down on me..",Stop simping over her.,I’m going out with my GF tonight.,I gave her a KOC when we said goodbye.,"She ain't returned the favor yet, but we been hookin' up for a month.",0.3423937985111141,0.43548011779785156
" ex got married, proposed to girl with used ring. Still won't leave me alone. Do I tell his wife??","AAMOF, I was just about to call you.","AMOF, I was planning to call you today.",She texted me LHSX after the party.,"Ex got hitched, popped the question with a pre-owned rock. Won't let me breathe easy. Decide if I spill the beans to the missus?",0.4286640199350188,0.41411474347114563
" Me and my SO who is the man of my dreams are going to be long distance for two+ years, not sure what we should do",We’ve been in an LD relationship for a year.,We’ve been in an LDR for two years now.,"What’s your plan? IGN, honestly.","Us and bae (boyfriend/girlfriend) who's my dreamboi are gonna be LDR (long-distance relationship) for 2+ years, no clue what moves to make.",0.7347824801368397,0.6385400295257568
" I think he's hiding a new smoking habit because he knows I hate it, and I'm not sure how to proceed.","He keeps telling me I’m overreacting, but I think he’s gaslighting me.",You think I’m wrong? ^URS!,"He really made me mad, I just wanted to tell him FOAD.","He's probs hidin' a new smoke habit since he knows I ain't cool with it, and IDK what to do next.",0.6171713339324802,0.8465310335159302
" BF and I taking a break to re-evaluate our relationship, but I'm not sure how to go through with a meaningful break if we are still living together and seeing eachother every day.",We’ve been in an LD relationship for a year.,"We’ve been hanging out a lot, but it’s just a situationship.",I’ll be taking some PTO next week.,"Us and bae takin a breather to reassess the sitch, but I ain't got the tea on how to make it official when we still livin together and linking up daily.",0.5158869568000539,0.36695396900177
 Had a fling for a month. Apparently the girl I had the fling with is pregnant and says its mine.  I'm married and have a family of my own already. Not sure what to do.,She texted me LHSX after the party.,"I’ll handle it myself, MYOB.",My DW planned a surprise for my birthday.,"Yo, turns out the chick I hooked up with for a sec is preggo and claims it's mine. Gotta tell my ride or die this, got a fam of my own already. No idea how to play this one out.",0.488307719250465,0.3671971559524536
 How do you ask out a coworker that you almost never are alone with? Is it okay to ask a girl on a date in front of people?,We should meet up IRL sometime.,She’s a GRL I met online.,"We can talk more freely, WTGP?","Yo, how's it goin'? Wanna vibe and slide into her DMs at work (if we ever get a chance to be alone)? And bout asking a GRL out in public... some ppl might think it's extra, but if she's down, who cares what others think? 🤷‍♂️😊💃",0.7347996830940247,0.4695993661880493
 Met a guy online and am getting feelings for him. I am leaving the country to meet him and need some advice on whether the feeling could be mutual or not.,I met someone through OLL!,We’ve been in an LD relationship for a year.,She’s a GRL I met online.,"AYO, I met this dude OLL and got some feels goin' on. Heading outta the country soon to link up with him IRL, but wondering if it's all one-sided or nah. Need advice! 🔥💔🤔",0.6415000099719727,0.5627784132957458
 I suspect my wife may be unfaithful but have 0 proof. I genuinely appreciate any help or advice. Thanks.,Where are the receipts for your claim?,"She’s always late—kind of a pink flag, but not a dealbreaker.","We were talking for weeks, and then she just ghosted me.","She might be cheating, but I ain't got the tea on it. Any tips or vibes are much appreciated, thanks!",0.4777283626415062,0.45684176683425903
 I initiated a breakup due to lack of passion in the relationship even though everything else about the relationship was just fine.  I feel horrible about it. Any words of advice?,"We’ve been hanging out a lot, but it’s just a situationship.","She’s always late—kind of a pink flag, but not a dealbreaker.","Everyone’s cuffing this fall, it’s relationship season.","I ghosted 'em cuz the vibe wasn't poppin', but now I'm feeling some serious regret. Got any tips, fam?",0.38898431833761216,0.27935367822647095
" Girl broke up with guy, guy asks to get back together and they. I like her, don't know what to do. ","She texted me, IWSN!","It happened a week ago, GOI already.",I’m going out with my GF tonight.,"Gurl dumped dude, dude wants her back, can't decide W2S. I dig her, dunno my next move.",0.4081937493627421,0.4839775264263153
" I tought my gf drank too much, build up resentment, exploded in her face. This happened 2 times before, now she wants explenation that it won't happen again.",Stop simping over her.,She spilled her drink on her dress and I oop!,"I tripped and spilled my drink, ROFLOL!","She thought my GF was tipsy, built up some anger, blew up in her grill. This went down twice before, now she needs the lowdown that it won't pop off again.",0.5127998198333539,0.4992838501930237
" There is no way for us, as individual voters, to really comprehend the logistics of a national election. So... IMO there is an element of faith involved, because we can be told any outcome.","FFS, why is this meeting taking so long?",The results are still UNCRTN.,I'm just keeping it 100 with you.,"This sh*t's complicated AF, but tbh, it feels like we gotta have faith in the system cuz who knows what's really going on? 🤷‍♀️🤞🏼",0.6318779025546731,0.4881325364112854
 BF's housemate wants me to pay rent and bills just because I stay over a lot. Bills have not increased and I don't use water or electricity anyway. Thoughts?,"We’ve been hanging out a lot, but it’s just a situationship.",We’ve been in an LD relationship for a year.,I think he’s benching me—he texts but never makes plans.,"Homie tryna charge me for stayovers, but the bills ain't even go up and I barely touch his utilities. What's good with that? 🚀💸🤔",0.6208956885535961,0.6323730945587158
" How do I get over a break-up and talk to people about it when the one person I want to talk to is my best friend, being the guy that dumped me.",Let’s meet F2F to discuss the details.,"He ghosted me months ago, and now he’s zombie-ing by texting me again.",CU later!,"How do I cop after getting dumped, and spill the tea to ppl, but my BF is the ex who did me dirty? That's a messy situation right there! 🤔",0.5231644254064296,0.35380807518959045
 How do I throw a kick ass party with a bunch of people who don't really know each other and my house is still standing in the morning?,Are you going to the PRT tonight?,I'm hella drained today and totally vibing solo — not tryna hit the party.,I'm hella drained today and totally vibing solo — not tryna hit the party.,"How do I host a lit shindig with randoms that ain't got a clue, while keeping my crib intact by dawn?",0.415368230141431,0.3598223328590393
" Hate myself for no reason, don't know why, and don't know how to get past it. Makes me sad that I can't seem to really love myself",Why are you so salty?,Why are you so salty?,Why are you so salty today?,"Feelin' myself super rough, no clue why, and ain't got a clue how to snap outta it. Bums me out 'cause I can't truly vibe with myself.",0.4558484422202916,0.5238852500915527
" My uncle killed himself today, leaving behind his ex-wife and two  children who struggle with depression and coping with their parents divorce. I need help.","IDK where he went, maybe check upstairs.","I’m so mad at him, he can BIH.",I'm deadass exhausted today and not tryna do anything sus.,"Uncle took a sad turn, left behind mom and two kids battlin' with depression post-divorce drama. I'm struggling. Help vibes only.",0.7335263524524392,0.6914294362068176
 Scared the living shit out of my friends playing Charlie Charlie pencil game and I will be surprised if they come to school tommorow.,We’re having a PTO meeting at the school.,It’s nice to have a P2P discussion about school events.,I'm hyped for the game tomorrow!,"My friends prolly ghosting me after that Charlie Charlie game last night, bet they ain't coming to school tomorrow.",0.6618931043346172,0.7143679261207581
" ex and I have been friends since we broke up almost 3 years ago. He tried to sext me last night, even though we both have partners. Advice on what to do.","He ghosted me months ago, and now he’s zombie-ing by texting me again.",We had our first KOTL last night.,"I texted him last night, but I got NR.","My ex and I been chillin' since the breakup 3 years back. Last night he was tryna slide in my DMs, despite us both being linked up. Wyd? (What you doing?)",0.6584995460807451,0.40287166833877563
" Should human error be expected sometimes in the workplace? Is a manager with ""no tolerance"" for error being unfair or simply having healthy standards for his company?","He’s such a KIA, always correcting people.","That woman asked to speak to the manager, total Karen move.","Quiet, B9!","Ain't no cap, mistakes gonna happen at work sometimes. But is a boss who got zero chill for blunders really fair or just super intense? 🤔🤷‍♀️😑🤨",0.6356984462764455,0.5234744548797607
 Boyfriend and I are considering moving into the home I own. We have almost identical salaries. What is reasonable for splitting the expenses?,"You need tax advice? IAAA, I can help.",I'm gonna bounce now.,We’ve been in an LD relationship for a year.,"BF & me thinkin 'bout coppin that place I got on lease. Our salaries be pretty much the same, so what's a fair split on bills?",0.5938880841487663,0.6060587167739868
" GF of 5 years hasn't come to visit me in 2 weeks (nearly 3) of being bed ridden, should I be mad?","She’s always late—kind of a pink flag, but not a dealbreaker.",I’m going out with my GF tonight.,We’ve been in an LD relationship for a year.,My GF ain't visited for like 2 weeks (almost 3) while I've been sick—should I be pissed?,0.5910128014900017,0.68341064453125
" Boyfriend would rather have family members he is not close with attend his graduation rather than me, his girlfriend. It makes me sad.",My B/F is meeting me later.,"They’re not dating, just FWB.",I’m spending the weekend with my bae.,"My BF's cool with distant fam crashing his grad instead of me, and it bums me out.",0.45412956347425887,0.5204474925994873
" Dating a crazy guy who thinks I don't pay enough attention to him and can't handle the fact that I've slept with so many people. I should break up with him, right?","He keeps telling me I’m overreacting, but I think he’s gaslighting me.","He was being so rude, so I gave him the MLM.","He’s been texting me nonstop, he’s so thirsty.",Dating a psycho ex who's mad 'cause I hooked up with too many ppl and thinks I ain't giving him enough attention. Should I ghost him or nah?,0.5816483351497439,0.6092800498008728
" Got into a relationship with my best friend, but I feel that it has a deadline - looking for help cause I don't want to lose her.","She’s always late—kind of a pink flag, but not a dealbreaker.",I’ve got to TCB before the deadline.,"She’s my BFF, we tell each other everything.","I got myself in a situation with my BFF, but I'm vibing it might have an expiry date—need some tips so I don't end up losing her.",0.5990635346507762,0.5056062936782837
" My boyfriend broke up with me for texting a girl that was sending flirty stuff to him, and he's telling prople that i'm crazy and read through his stuff. I don't want to break up at all.","I texted him last night, but I got NR.","He’s been texting me nonstop, he’s so thirsty.",My B/F is meeting me later.,"He dumped me 'cuz I slid in another girl's DMs, now he's telling ppl I'm a psycho for snooping on him. But tbh, I ain't tryna split up.",0.5257434802867699,0.5528720021247864
" This guy only declares love when he's drunk, should I just walk away from the whole situation or find out if he's using the drink as a way to express his feelings.",He’s been attending AA meetings for a year now.,I think he’s benching me—he texts but never makes plans.,I only see him AAF.,"This dude only spills the L (love) while lit, do I ghost him or find out if it's the booze talking?",0.5036699587783655,0.5918274521827698
" taken boy has my affections after becoming my friend, says we aren't compatible but always flirts, is confusing the hell out of me.","We’ve been hanging out a lot, but it’s just a situationship.",He sent me a flirty message saying TD2M.,"They’re not dating, just FWB.","Taken bae got me wrapped up, says we ain't good together, yet he keeps flirting... this situation is a mess.",0.5803085717468051,0.6066005229949951
 Girlfriend always has a great time when we hang out but barely ever wants to leave her house. When we do hang out at her house she doesn't like doing anything there.,Stop simping over her.,"She’s always late—kind of a pink flag, but not a dealbreaker.",I’m going out with my GF tonight.,"GF vibes hard whenever we link up but rarely wanna step out the crib. When we do, it's lit but she ain't feeling the vibe at home.",0.4895258205749321,0.48043668270111084
" Guy was a douche, asked for some store samples, I said we didn't have even though we had a fuck ton...heh hehh",I hit up the grocery to snag some snacks.,"Yo, just hit the store and stacked up on snacks, fr fr!","Yo, I just dipped from the store and I’m totally wiped, fr.","Bro was acting sketchy, hit up store samples but I fronted like we were dry, lolz.",0.5311199928584851,0.5359241962432861
" You guys rock. I've enjoyed this first year, and I can't wait to see what the future holds. Thanks again.","Wow, LTNS! How have you been?","Thank you, FTBOMH, for everything you’ve done.",TFTF! Looking forward to your posts.,"Y'all are fire. Loved the first year, stoked for what's next! Thanks once again.",0.5091599495952479,0.6859099268913269
" Girlfriend broke up,met again now she cannot be with me in a relationship and cannot not be in a relationship with me and i an uncertain future",I’m going out with my GF tonight.,She’s listed as a DWF in the profile.,"She’s always late—kind of a pink flag, but not a dealbreaker.","GF broked up, then back on, now we're on a ""complicated"" status, no clear future ahead.",0.5998910519389895,0.645765483379364
 Overpaid for a car that is now costing me lots in repairs. Should I trade it in and get something newer/more reliable or continue to fix it and pay it off? ,I’m putting my old car 4SALE.,That deal sounds 2G2BT.,"I’m considering getting a new phone, WDYT?","My whip's draining my wallet with all these repairs. Should I swap it out for something new & dependable, or keep pourin' the cash into it till it's paid off?",0.48747061741979497,0.44862544536590576
" Played poker for first time ever, without really knowing the rules even.  Turned $10 into $47 in an hour.",I’m trying to stack up this gaup before the weekend.,"That new game is F2P, so everyone can try it.",I got a great deal through OA.,"I just played poke for the first time blind, and ended up turning a ten-spot into a 47-stack in an hour!",0.4106451878917514,0.3503762483596802
" Guy tried cheating with me. Sent screenshots to his fiancée, she was thankful that I told her. We bonded over his misery.","I texted him last night, but I got NR.",She texted me LHSX after the party.,"He really made me mad, I just wanted to tell him FOAD.","She tried to slide into my DMs, so I sent the evidence to GF, and we vibed on his mishap.",0.4444973336692662,0.501183032989502
 GF of 3 years studying/traveling abroad abruptly breaks up with me after convincing me we could make long distance work. Should I try to get some closure out of the situation?,We’ve been in an LD relationship for a year.,"She’s always late—kind of a pink flag, but not a dealbreaker.","We’ve been hanging out a lot, but it’s just a situationship.","My GF of 3 years ghosts me while she's overseas, claiming long-distance was doable—but now I'm left hanging. Worth trying to get some clarity, yeah?",0.5882547649650363,0.6224929094314575
 Breaking up today with girlfriend of 2 years. History of animated reaction when relationship does not go well. How do I ease her suffering and handle her (almost) inevitable reaction?,Stop simping over her.,"She’s always late—kind of a pink flag, but not a dealbreaker.",I’m going out with my GF tonight.,"Dumping my GF after 2 years, she gets dramatic when things go south. Got any tips on keeping the chill vibes and managing her meltdown?",0.6875671092162832,0.7103142738342285
" Pissed on my friend at a concert, got a few punches and forgot to put my dick away. Raved with my dick out for 10-15 minutes. A lot of people saw and laughed.","I tripped and spilled my drink, ROFLOL!","Had a minor ACDNT on the way home, but I’m okay.",I was just vibin' with my crew at the park.,"Yo, I flashed my dong at a rave for like 10-15 mins, got a few swings and left my junk hanging. LMFAO, a bunch of ppl saw and were cracking up.",0.5400586384155083,0.5815023183822632
 My bird didn't deserve to die in such a gruesome way. What can we do to help my brother control his anger and become responsible for his actions?,"I’m so mad at him, he can BIH.","I was so mad, I told him to ESAD.","Praying for you, YSIC.",My homie's pet shouldn't have died like that. How can we get my bro to chill out and take accountability? Let's help him GFY (Get His Life Yoked).,0.6962952699687672,0.6446681022644043
" met girl, arranged date, postponed, attempted to arrange again and was told, no, what about next week?  Wasting my time?",She texted me LHSX after the party.,ITYK that the meeting was rescheduled.,"After the meeting, it was BAU.","Gurl LMSL, set up a hang sesh, had to push it back, tried to rearrange but got denied, what 'bout nex week? Time's being wasted, bruh?",0.5317374411712392,0.3986549377441406
 Saw my ex's fb and he's public about the girl he cheated on me with. It hurt a lot even though I have a boyfriend I love now. Anyone else deal with this type of thing?,"He was being so rude, so I gave him the MLM.",He’s flexing his new car all over social media.,He's such a simp for her.,"He posted his new girlfriend on Insta, salt for days, even though I got a bae I vibe with now. Anyone feel me?",0.5651051099941011,0.4930911064147949
" I kissed this girl I like, don't have strongest feelings for her. Also got fear of commitment (I think) should I start dating her?",We had our first KOTL last night.,She’s a GRL I met online.,"She’s always late—kind of a pink flag, but not a dealbreaker.","Yo, I smushed a GRL I vibe with, but it ain't full-blown love yet. Got FOMO (fear of missing out) 'bout commitment though, should I dive into a Relationship with her? 🤷‍♂️💭👀",0.6533697929408742,0.5588171482086182
 found an eraser that smelled like a urinal cake. Freudian slipped it to anal cake for my English teacher.,"I just spilled coffee all over my desk, LOL.",That prank had me FOMCL!,"I tripped and spilled my drink, ROFLOL!","Found a piss-scented eraser, pranked my teacher with it, LMFAO!",0.51548481747054,0.7539613246917725
" Boyfriend wants to go to an expo without me, but with a girl he has a history with after I tell him it will upset me.",My B/F is meeting me later.,"He really made me mad, I just wanted to tell him FOAD.","We’ve been hanging out a lot, but it’s just a situationship.","BF tryna hit the expo with his ex, even tho I told him it'd salty AF.",0.37442008420370954,0.4718318581581116
" My GF always tells me she loves me, I can't say it back and I know I wont for a long time. How do I handle this?",Stop simping over her.,She texted me LHSX after the party.,"She’s always late—kind of a pink flag, but not a dealbreaker.","Can't reciprocate the L's right now, but gotta keep up appearances. Got any chill tips on how to play it cool?",0.28639541890399933,0.0741758793592453
 my boyfriend cheated in me. He apologized and so I took him back. I decided to break up with him when I was drunk and now I regret it.,"He was being so rude, so I gave him the MLM.",My B/F is meeting me later.,"If you skip this, YBS!","My B/F played me, but then he begged for forgiveness. So I gave him another chance until I got too lit and dumped him, now I'm feeling some major FOMO.",0.5957124527141329,0.5543057918548584
" Good friend asked me out, I turned him down. We remained friends, but now he's cockblocking (twatswatting?) me. How do I handle this tactfully?","He was being so rude, so I gave him the MLM.","He really made me mad, I just wanted to tell him FOAD.","He ghosted me months ago, and now he’s zombie-ing by texting me again.","Homie hit on me, I swiped left. We still cool, but now he's being a salty ex by trying to wreck my vibes. Gotta chill him out casually.",0.6044066679197004,0.4054892361164093
" I'm frustrated with wanting to commit my life to something, but having to choose between a life at a computer screen or a life of physical activity.",Living the boujee life.,I prefer JOMO to FOMO any day.,"I’m not looking for anything serious, just NSA.",Can't cope with choosing between desk life or lit workout vibes all day long.,0.45686869492491194,0.5259257555007935
 my boyfriend likes to look and flirt with other girls in front of me. I feel like I will end the relationship over this if it continues. ,"We’ve been hanging out a lot, but it’s just a situationship.",My B/F is meeting me later.,He sent me a flirty message saying TD2M.,"My B/F be thirsting hard around other chicks, and if he don't cut it out, we might break up bout it.",0.42002096421335544,0.42452946305274963
 I feel like my life is in shambles because of how I look. I have a good personality but my looks turn people away. I don't know what to do!,"If you want it done right, just DIY.","OMG, you look amazing!",‘Be yourself; everyone else is already taken’—QOTD.,"Aye, my vibe's all over the place 'cause I ain't feeling my look. Got a bomb personality, but ppl be sidestepping me. No clue what's the move! 😓🙏🏾🔥",0.5292267109218396,0.5321376323699951
 I've been trying to ask a girl out but have seemed to have missed my chance and lost her interest. How can I get her interest back and ask her out?,"Got rejected for the third time, feelsbatman.","She texted me, IWSN!","It’s been so long since we hung out, MU!","Missed yer chance, gotta OTP (re-engage) and ask her out again!",0.44816148000410716,0.5639129877090454
 Long distance relationship with mentally ill gf who seems a perfect match now feels draining and a burden. I dont know what to do,We’ve been in an LD relationship for a year.,"Even though we’re miles apart, we’re BFFLNMW.","We’ve been hanging out a lot, but it’s just a situationship.","LD relationship with a GF battling mental issues, but she's my vibe these days. Feels like too much tho, don't know wtf to do.",0.7046153631236745,0.6613082885742188
 Can't get 1 year old to sleep unless she falls asleep next to one of her parents. Looking for advice other than cry it out (unless you have a super secret cry it out strategy),"GNE1, sleep well!","Can’t talk now, P911!","We stayed out late, KPC!","Got any tips for getting baby snooze without parent co-sleep? Not feeling the whole ""cry it out,"" but down for secret sauce if you got it! 💪🏼😴",0.4669733317439906,0.6015366911888123
" Trying to develop a long term game plan to move back to the affluent neighborhood I grew up in, but can't see how as a server. Need advice on where to make my next career move.","WTB a new gaming console, any recommendations?","ISO a new job, any leads?",I WTS my old gaming gear.,"Trying to cook up a longevity game plan to get back to my old rich hood (RTF), but can't figure out how as a servin' ho. Need some tips on where to make my next career grind. (WTMNXT)",0.5693592179019695,0.5293001532554626
" Music is a massive part of my life, I can't understand how people can live without enjoying the wonderful artists from throughout history.","They’re talking again, but I’m SUTH.",We were just vibing to some music all night.,I'm just chillin' and vibin' with some tunes.,"Ayy, music's lit AF in my world, can't even comprehend how folks survive sans vibing to legends across eras!",0.612695842568564,0.5882725715637207
 Me and my friend babysat extremely drunk girls for 3 hours when we could have had a VERY good time. They both got in serious trouble for underage drinking.,"TBH, I didn’t enjoy the party last night.",Spending the afternoon with MR.3 at the park.,"PIR, can’t talk about that right now.","Me n my homie watched oblitard gurlz for 3 hrs, missin out on lit AF night. They prolly got in deep doo-doo for popping bottles too young.",0.693157848476373,0.4167866110801697
 I have 30k in savings. How much should I invest (and where) versus leave liquid in case I need to support my self for 2 years while in grad school.,"Before you invest, make sure to DYOR.",Make sure you do your DD before investing.,"TMA, don’t invest in that stock.","Got 30k saved? How much tryna drop (invest) vs keep flexin' (liquid) for 2 years grad school? No FWIS (for what it's worth), but ya might wanna consider that emergency fund tho!",0.7729545813518217,0.7425850629806519
" Fuck off if you can't read 250 words then your attention span is too short and you rely too heavily on instant rewards, which are not as good as rewards you get from investing in something and seeing a return.","TMA, don’t invest in that stock.",Why is this so complicated? ITAM!,Make sure you do your DD before investing.,"GTFOH if u can't focus for 250 words, ur attention span is trash & u live for quick wins, not the real wins from investin' n seein' returns.",0.703185577306721,0.7138503789901733
" the Internet is like oxygen, no-one holds a claim to it and it's always going to be there. Why isn't data allowance free?",You think that’s a free offer? TNSTAAFL.,P2P sharing is common in online networks.,We use VoIP for all our office calls.,"Net's life, y'all actin' like data ain't never gon' run out, why ain't it free? 💔",0.5623569356437534,0.7369022369384766
 Librarian threw me on the computer with little instruction and I got pissed off and left. Do you remember losing your internet virginity?,"I forgot my wallet at home, facepalm.",I accidentally hit ES and lost all my work.,"I’ve texted you three times today, SOMY?","Librarian dropped me at a PC with barely any instructions and I lost my chill, peaced out. Ever feel that net loss of virginity? 🌐🙅‍♂️",0.7856730308559132,0.8234236240386963
 Dating super sexy smart giri has total package but is a virgin and we haven't had sex in 6 months. Don't know what to do.,"We’ve been hanging out a lot, but it’s just a situationship.",We’ve been in an LD relationship for a year.,"Everyone’s cuffing this fall, it’s relationship season.","Banging the total bae but he's still a V-card, no action for 6 months. IDK where this is headed.",0.3820801245208592,0.376348614692688
" girlfriend and I fight constantly, have a 6 month old, I need to be happy and feel as though the relationship could be over . How can I deal with this and when?",Stop simping over her.,"We’ve been hanging out a lot, but it’s just a situationship.","Don’t worry, TTTT—it’ll get better.","My gf and I fight non-stop, got a 6-month-old baby, feeling drained and like we're done. Gotta find my happiness and figure out if it's time to ship sail (break up).",0.8537214910224533,0.7102130651473999
" girlfriend and I have grown apart and i need advice in ending it, should I give her more of a warning and what do i do after with mutual friends etc.","She’s always late—kind of a pink flag, but not a dealbreaker.",I’m going out with my GF tonight.,"She’s my BFF, we tell each other everything.","GF and I drifting, need tips on breaking up. Should I give her a heads-up? Post-breakup plans with mutual pals?",0.5251919637096225,0.5794697999954224
" Tried to give my number to a guy by writing it on his hand, he jerked his hand away and said no, awkwardly said okay and walked away","I texted him last night, but I got NR.",He sent me a flirty message saying TD2M.,"He cut me off in traffic, WAJ!","Wrote my digits on his hand, but he veto'd and bounced out like a weirdo.",0.4350567678005081,0.5100027322769165
" found out sister is having sex with bf, have religious parents. Feel like they should know, but I am torn. help?","Praying for you, YSIC.","PIR, can’t talk about that right now.","Before making a decision, think WWJD.","Got a sec? My sis is hooking up with her BF, but my folks are super religious. I'm in two minds about telling 'em. Any advice? 🤔😮🙏🏼",0.6015476594341098,0.732181191444397
" the hospital sent me one bill, I set up a payment plan, now they are sending me a higher bill for no apparent reason","INAL, but I think you should get legal advice.",The pay raise will be RTRCTV to last month.,"I’ve got an FC today, can’t take any more meetings.","The 'ol hospital hit me with a bill, I set up a plan to pay it off, but now they're trying to slap me with an unexpectedly high one outta nowhere. (RTRCTV high bill outta the blue)",0.6498786012882011,0.7180397510528564
 Caught boyfriend [M25] masturbating to a picture of me [F26] and now he seems pretty embarrassed.,"After that presentation, I’m CID.","He keeps telling me I’m overreacting, but I think he’s gaslighting me.","He was being so rude, so I gave him the MLM.",Caught my boo [B25] jacking off to pics of me [me] and now he's lowkey cringing.,0.45020332651785533,0.5679966807365417
" I just value time with romantic SO, not friendships. I just hangout with friends and be social in hopes of bumping into a guy who could potentially be my next SO.",My BF and I have known each other for years.,"OOTD, just vibing with the crew today, no cap.","OOTD, just vibing with the crew today, no cap.","AYO, all I need is quality time wit my boo thang, not just any friendships. I'm just kicking it with the squad, hoping to run into a potential new boo, no cap.",0.4869207453158093,0.22591905295848846
 Met a girl on Tinder. Have a lot of shared interests. Spoken every day for last three weeks. Need to sort out a meet up - do I leave it to her or do I keep asking?,"We’ve been chatting for weeks, LMIRL sometime?","We were talking for weeks, and then she just ghosted me.",She’s a GRL I met online.,Swiped right with a GRL on Tinders. Got a lot in common. Been Snapchatting daily for three weeks now. Dunno if I chill-axe wait for her or keep hitting her up for plans?,0.6358927328170502,0.5515638589859009
 I am happily married and have a crush on a male friend. Should I distance myself from this friendship or am I over thinking it?,I only see him AAF.,"We’ve been hanging out a lot, but it’s just a situationship.","Even though we’re miles apart, we’re BFFLNMW.",I'm SWM (Single White Male) in a relationship but got feelings for my bro. Do I ghost him or is this just overthinking it?,0.43400051248700994,0.3416852355003357
" I did something stupid and now i'm not allowed over my best friends house, how do I regain her parents trust?","She’s my BFF, we tell each other everything.","PIR, can’t talk about that right now.",We’ve been BFFL since high school.,"Aight, so I effed up big time at my BFF's crib and now I'm banned. How do I win back her PIRs' trust? 😓",0.6034439254005199,0.5974695682525635
 HELP ME PLOT THE PERFECT REVENGE.  I have no shame and will try to carry out as many ideas as I can (without breaking the law/getting fired).,"You’re fired! JK, I could never fire you.","Why would you do that, AYSOS?","Your story is hilarious, LMAO!","Let's cook up a vengeance masterpiece, no judgement here! Gonna run wild with ideas, just gotta make sure I don't step on any legal landmines or get my job axed. 🔥🔪💥🚀",0.6106296915591919,0.5010377764701843
 Ex wife hates my new SO and refuses to let my kids and hers socialise or even treat her with any respect at events for the kids.,She's completely unbothered by the hate.,She's completely unbothered by the hate.,Stop simping over her.,"My ex is trippin' over my new S/O, won't let our kids hang or even show basic respect at kid events.",0.5329041050906986,0.6779965758323669
 ? I'm scared of dress shopping! And now we're eloping and I don't know where/when to get my dress. Please help?,"I'm hitting the mall later, fr fr.",I'm vibing to hit the mall later and kick it with my crew.,I'm vibing to hit the mall later and kick it with my crew.,"Ayy, I'm freaking out about finding a dress, and now we're eloping?! Wtf, I need some deets on where and when to cop my fit, ASAP 🤷‍♀️😩🔥💃🏽🤪🚀",0.6298996115985669,0.7334834337234497
 My friend sent bad pictures of me to my fiancé and they all laughed about it. Am I being oversensitive?,"He really made me mad, I just wanted to tell him FOAD.","He was being so rude, so I gave him the MLM.","I was so mad, I told him to ESAD.","My friend dropped some thirst traps on my S/O and everybody cackled at me... am I just overreacting, though? 🤔",0.4198353948520491,0.3964574933052063
 Wondering if asking my platonic friend why she is still dating a scumbag guy would come off as rude.,"They’re not dating, just FWB.","She’s always late—kind of a pink flag, but not a dealbreaker.","She’s breadcrumbing him, always texting but never wanting to meet.","Thinking 'bout asking my pal wtf she's still with that jerky boi, but don't wanna seem too rude.",0.38840530082129376,0.49980229139328003
 Was driving home from school and had to unstick my balls. Scratched them like a fucking fiend under my pants and the bus next to me watched.,I was just vibin' with my crew at the park.,"I was so tired, I went to bed and was out in seconds, ZZZZ.",That SOAB cut me off in traffic!,"Rolled up from school, gotta de-nut. Scratching myself crazy down there, and the bus beside me was eyeing the whole thing. 😜",0.5776281210689334,0.6012396216392517
 I have given a girl I barely know rides home. Should I straight out ask her on a date or should make an attempt to get to know her better?,She’s a GRL I met online.,SWMBO says I need to mow the lawn.,I gave her a KOC when we said goodbye.,"I gave that new chick rides homie, do I slide into the DMs or chill and vibe first?",0.4517751592017937,0.404935359954834
" After living together for 1.5 years (out of our total 2) she decided we should live apart ""for a while"" to work on ourselves. Should I just call it quits now?","She’s always late—kind of a pink flag, but not a dealbreaker.",We’ve been in an LD relationship for a year.,"We’ve been hanging out a lot, but it’s just a situationship.",She ghosted us after 1.5 years living together and said we needed space—is this the end game?,0.5082588555740187,0.5733044147491455
 off/on boyfriend / first love of almost 8 years left me for freedom says its permanent having trouble accepting it and can't stick to no contact without caving,"I’m not looking for anything serious, just NSA.","No matter what happens, IWALU.",I think he’s benching me—he texts but never makes plans.,"Ex-boyfriend (of like, EIGHT YEARS man) ghosted me for the free life and said it's forever, but I'm struggling to cope and keep breaking NC.",0.5769493821750387,0.4890788197517395
" Already motivated to work hard, need motivation and energy to be creative and experiment to find new hobbies and learn new things.","All you do is play video games, GAL!",I'm lowkey exhausted today and vibing in chill mode.,I'm lowkey exhausted today and vibing in chill mode.,"I'm hyped AF to grind, but I'ma need that inspo and vibes to discover fresh pastimes and master new skills, bro!",0.47684805053918317,0.3165769875049591
" I'm interested in starting my own business or freelance as a CAD designer, does anyone have any advice/input about this?","You need tax advice? IAAA, I can help.","ISO a new job, any leads?",I’m trying to CR8 a new design.,"I'ma start my own biz/freelance as a CAD designer, anyone got some tips? 🔥💡✨",0.636261951395019,0.8570114374160767
 Girlfriend broke up with me. Silent treatment ensued. She has been posting and liking dozens of relationship quotes directed at me. Why?,She's throwing shade at her ex.,"She texted me, IWSN!",She got cancelled after that post.,"GF dumped me, went ghost, been dropping relatable af quotes about me. WTF?",0.600858261710719,0.6754007339477539
 Doing poorly in an microeconomics class even with studying and im looking to transfer out next semester is it better to drop the class or fail it?,"Gonna snag some grub then slide to class, fr fr.","Gonna snag some grub then slide to class, fr fr.",I'm just finna get some munch before peacing to class.,"Ain't acing that econ class despite cramming, thinking bout swapping next semester. Is it smarter to ditch it or flunk it? 💪🏽💸🚀",0.49665742311781463,0.6332040429115295
" This guy I know, but not that well, wants to get together with me but I'm not sure if because he likes me or just wants a relationship","We’ve been hanging out a lot, but it’s just a situationship.",He sent me a flirty message saying TD2M.,"He’s been texting me nonstop, he’s so thirsty.","He's tryna link up, but I ain't sure if it's 'cause he's got feelings or just wanna be WLR.",0.38375646635435956,0.4905046224594116
" My parents are separated but not divorced, so I submitted half their joint income on fafsa. Was this the wrong thing to do?","You need tax advice? IAAA, I can help.","I forgot my wallet at home, that’s an L.","Need legal advice? IAAL, happy to help.","Separated parents but no divorce, did the FAFSA wrong move tho? (IAAPBNDW, DTMFT)",0.5839117879352411,0.752311110496521
" We've been friends for a year, obnoxiously close, everyone says we should be together. It has kind of gotten under my skin, so I'm asking if there are others out there with friendships like ours.",My BF and I have known each other for years.,"Even though we’re miles apart, we’re BFFLNMW.","We’re not as close anymore, just BFFN.","Aye, we've been tight for a year, annoyingly close, people always saying we're couple goals. Shit's buggin' me, so I'm tryna find peeps with similar vibes. Anyone feel me? 🤘🏼😎💔",0.6259567421394041,0.44858938455581665
" In short, any advice on how to proceed around my wife's infidelity and her admission to being an addict in this area?",She's living rent-free in my mind.,I’ll check with my YF before making plans.,She's wylin out here.,How to navigate my YF's cheating and addiction issue tho?,0.4973301211387497,0.6345494389533997
" Acted like an immature/pissy asshole manchild, pushed some really good friends away. Would like to know how and if I can rebuild broken bridges.","He ghosted me months ago, and now he’s zombie-ing by texting me again.","Don’t worry, TTTT—it’ll get better.","He cut me off in traffic, WAJ!","He went full toxic tantrum mode, burned some major friendships. Wanna know how to fix that bridge-o-saurus rex?",0.552942961041617,0.46876680850982666
" I want to speak on the floor in the House of Representatives so I can tell Congress to stop being a dick. Is this possible, and how do I do it?","We can talk more freely, WTGP?","I LVM, call me back when you can.",I left you a VM about the meeting.,How bout I spit some bars in the HoR abt Congress actin' up? Can I cypher like dat? 🤷‍♀️🔥🔥,0.4038505616115401,0.36448782682418823
" I have a gf and a ""friend"" that I have feelings for, and will probably lose them both and I turn to drugs to cope.","They’re not dating, just FWB.",My BF and I have known each other for years.,"She’s my BFF, we tell each other everything.","I got a gf and a ""pal"" I'm vibing with, but might end up losin' 'em both, so I cop some pills to chill.",0.5671972188262728,0.5803778171539307
" Track running intervals or constant speed elliptical training for better calorie burning results? I might crosspost this to /r/fitness as well, though I've been ill-received there before lol.","NGL, that was a tough workout.",I’m addicted to playing NFS.,"I’m out of MP, need to recharge.","Gonna hit the track for some high-intensity sprints or hop on the elliptic for steady state cardio? Prob gonna post it in r/fitness too, but they ain't always the friendliest over there lmao.",0.7918026959136581,0.5863754749298096
" During debates with my boyfriend, I think of his past inconsiderate moments. This is unfair to him, and it prevents us from talking about controversial subjects. How can I work past this mentality?",He's tight about what happened.,"He keeps telling me I’m overreacting, but I think he’s gaslighting me.",He's tight about what happened.,"He keeps bringing up our old drama, which ain't cool for either of us. Gotta find a way to let that shit go and chat 'bout them heated topics like adults.",0.6219095763572365,0.3850933909416199
 Developed a crush on a beautiful girl during a seminar but she has a boyfriend with whom she is nearly 2 years togehter,She’s a GRL I met online.,My DD is starting school this year.,Stop simping over her.,Crushed hard on this fine gurl at the sesh but she's been bf-ed up for almost 2 years.,0.49286554402922,0.5702186226844788
 My Girlfriend is not happy with her career/education decisions as well as unemployment and feeling like a bum. I want to make her happy but don't know how,My DD is starting school this year.,"She’s always late—kind of a pink flag, but not a dealbreaker.",Stop simping over her.,"GF ain't vibing with her life choices, jobless vibe, and feeling like a loser. Need ideas to make her lit again.",0.5231267313712852,0.46453601121902466
 Moved in with boyfriend and he's become a couch potato pot cloud and I can't deal with it. Need advice.,"He keeps telling me I’m overreacting, but I think he’s gaslighting me.","I was so mad, I told him to ESAD.",I think he’s benching me—he texts but never makes plans.,"My BF moved in and now he's a lazy bag of chips, I'm vibing him out, need tips.",0.4202853465179327,0.5358615517616272
" wife and I separated, saw other people, fell back in love, want to give it another shot.  Good idea?","It was fun hanging out, CU later!",We’ve been in an LD relationship for a year.,"We’ve been hanging out a lot, but it’s just a situationship.","Exes gave us some space, played the field, rekindled the flame, thinking about giving it another go. Worth it? 🤔🤔🤔",0.4050271826024861,0.4222427308559418
 Remained BFF for 2 years after breaking up. When I met someone - still friends. When he met someone - haven't spoken in about 8 months. Now I'm really sad.,"He ghosted me months ago, and now he’s zombie-ing by texting me again.","We’ve been hanging out a lot, but it’s just a situationship.",My BF and I have known each other for years.,"Stayed cool w/ that ex for 2 years post-breakup, but then I linked up with someone new and we're still chillin'. He got a new boo and we ain't spoken in like 8 months now, and I'm feeling pretty down about it.",0.7291144502460131,0.5441014766693115
 Newish boyfriend (friends for a year before dating) is starting to travel 4-5 days a week for work. Tips or suggestions to keep things exciting/not stressful during this time,We’ve been in an LD relationship for a year.,Can’t wait to hang out with my BFF this weekend!,My B/F is meeting me later.,My boo that we've been chillin' with for a sec is now jetting off 4-5 days a week for work. Any tips or suggestions to keep it lit/chill during this time?,0.4707256059402244,0.3597337603569031
 Why the vehemence and activism among youth about SOPA but not McCain-Levin which attacks a much more basic freedom?,"He’s so WOKE, always talking about social justice.","She’s always advocating for causes, total SJW.",That SNERT really needs to learn some manners.,"Why the intense vibes abt SOPA over McCain-Levin, when it's about a more foundational freedom tho? (SOPA = Stop Online Piracy Act, McCain-Levin = PIPA - Protect Intellectual Property Act)",0.7959041473277718,0.7330825328826904
" Vodafone gave me an upgrade over the phone with a great deal, then they called me back to stop that deal",I'm vibing 'cause I peeped a fresh new phone yesterday.,I'm vibing 'cause I peeped a fresh new phone yesterday.,"I’m considering getting a new phone, WDYT?","Vodafone fronted me a lit deal for an upgrade, but they hit me back to scrapped it later.",0.6720993424716748,0.8178828954696655
 My dad is going through a mid life crisis and seeking spiritual healing help.  He is leaving his family behind in search of a new him.,"Praying for you, YSIC.","Thanks for your help, GBU.","Sending love to all the dads, H-FDAY!","Dad's going thru a mid-life revamp, vibes out looking for spiritual guidance. Leaving fam behind on his self-discovery journey. (Hope this helps!)",0.7036562401832306,0.6870908737182617
 My ex boyfriend of a year and 2 month (who was also my best friend for 2 years) dumped me and is already over it and its been 2 weeks. How am I so easily forgotten?,"He ghosted me months ago, and now he’s zombie-ing by texting me again.","It’s been so long since we hung out, MU!","It happened a week ago, GOI already.","Ex-boo from a year and some months (who was also BFF for 2 years) ghosted me, yet he's moved on in just 2 weeks. Why am I so quickly replaced, though? 😢🤷‍♀️",0.5708373482867952,0.5045555830001831
 i transferred to a higher responsibility position with no raise. Six months later I ask for fair pay (30% raise) and was denied. What can I do?,The pay raise will be RTRCTV to last month.,"I got the promotion, WTM?","Congrats on your promotion, AMBW!","I stepped up to a new gig w/o the extra dough. Six months later, I asked for fair pay (30% more coins) but got denied 😞. WTF do I do now?",0.540777565039426,0.6106410026550293
" Gf got lied to by cousin on her wedding day by saying no bridal party when there was one, says she is okay but I think they need to talk about it still.",She wore the same dress as the bride at the wedding? Big yikes.,She threw some serious shade at the party.,She texted me LHSX after the party.,"Cousin played GF dirty at the wedding, pretending no bridal party and all that. She's chillin' but prob needs a chat.",0.5721864010158337,0.6180570125579834
 A guy my girlfriend knows has told her that he has feelings for her and talks to her constantly about really personal stuff. What do I do?,"She’s breadcrumbing him, always texting but never wanting to meet.",He's such a simp for her.,"We’ve been hanging out a lot, but it’s just a situationship.","Yo, my girl's friend is hitting on her hard, spilling his guts every chance he gets. Gotta talk bout this tho...",0.46236404355543137,0.4261131286621094
" Was feeling quite stressed, didn't have anyone to talk to. Girlfriend feels like we weren't BF&GF anymore. What do?","It was fun hanging out, CU later!","Feeling stressed? THT, it’ll get better.","I'm totally worn out today and vibing with some major stress, fr.",Feeling some major stress and ain't got nobody to vent to. Gf feels like we ain't official no more. WTF do now? 🔥💔,0.5454190733360121,0.6476248502731323
" I want to keep a $10,000 unexpected windfall from my husband as a surprise to present him with down the road. Fun surprise or bad idea?",My DW planned a surprise for my birthday.,My FIL is visiting this weekend.,"When I saw the surprise, I had TOJ!",Wanna hide a stack cheddar from my partner for a future poppin' moment? Fire move or nah?,0.4580251026351696,0.3066319227218628
" Had sex with man who was married, once I found out he told me he wanted to leave his wife and wondered how I felt about him.","That character looks like a girl, but he’s actually a GIRL.",I waited all day for him to text me back. I’m such a clown.,He sent me a flirty message saying TD2M.,"Hooked up with a married dude, then he spilled the beans that he wants to ditch his wife and was like what's good wit me? 🔥💔",0.4766066240306706,0.5654016137123108
" I don't like spending time with a close friend anymore because if his girlfriend, which I don't like very much. How to deal and keep the friendship?",My BF and I have known each other for years.,"We’ve been hanging out a lot, but it’s just a situationship.","Even though we’re miles apart, we’re BFFLNMW.","Aye, my BF's girl ain't really my vibe, but I still wanna keep the friendship going. Got any tips on how to handle this situation? 🤔",0.5896883550773366,0.5145567655563354
" I love trying to keep a broken relationship going and I always want attention... I know it's unhealthy, how do I stop?",Stop simping over her.,"Stop messing around, get your HUYA and focus!",He's so thirsty for likes.,"I can't stay away from keeping a toxic situation alive and thriving for likes... I know it ain't healthy, how do I chill?",0.47665531582449283,0.5377981662750244
" I really like a girl, Don't know how to go for the first kiss. / Afraid of getting rejected.",We had our first KOTL last night.,"Got rejected for the third time, feelsbatman.","I sent you a letter, SWAK.","She's lit but I'm scared to KISS, might end up with a RLTR.",0.3957006203170628,0.4035896062850952
 I stupidly broke up with my long term girlfriend of 8 years and I realize what a huge mistake I made and I want her back. I really fucked up and I want to make it up to her and be with her again.,I’m going out with my GF tonight.,I gave her a KOC when we said goodbye.,"You messed up my plans, FU!","I dumped my gf of 8 years and now I'm regretting it hard, wanna take her back. Big oof, gotta make it right and win her back.",0.641477480819681,0.7289383411407471
" I've just found out my ex cheated on me three times, and I'm not sure how to feel about it.","Oof, that must have hurt.","He keeps telling me I’m overreacting, but I think he’s gaslighting me.","We’ve been hanging out a lot, but it’s just a situationship.","Oof, my ex played me thrice, can't even cope with the feels right now.",0.3781681486774349,0.5070288181304932
 Think someone stole my identity to get a job. What steps do I need to take to make sure this person isn't going to wreck my credit?,I found your number in the PBOOK.,"Need legal advice? IAAL, happy to help.",Just B yourself!,"Someone swiped my ID for a gig, what moves now to keep 'em off my CC? (CC = Credit)",0.43853714261358795,0.5169634819030762
 I need to end a month-long committed relationship because I met someone else. How honest should I be about the other person (if at all) when I end things with her?,"She’s always late—kind of a pink flag, but not a dealbreaker.",I appreciate that you always TILIS.,"We’ve been hanging out a lot, but it’s just a situationship.",Gotta call it quits on this month-long situation cause I found someone new. Do I spill on 'em or just keep it chill when I ghost her?,0.5520165960544364,0.5223157405853271
" yelled ""OH MY GOD!"" and hung up on a gay's rights activist because I thought it was a recorded phone call, feel like a complete asshole for it.",That prank had me FOMCL!,"I couldn’t stop laughing, LMBO!","I was so mad, I told him to ESAD.","OMG, I totally ghosted a LGBTQ+ ally thinking it was spam! Feeling super awkward now 🙈😂🤭",0.3616387853992282,0.2523634433746338
 A girl I've been seeing for a while is dressing up and going out without me and I'm struggling to understand why ,Her outfit is so BASIC.,She's so extra with her outfits.,"She’s always late—kind of a pink flag, but not a dealbreaker.",She's ghosting me with her fit drops and I'm tryna figure wtf.,0.37467470484427134,0.4169394373893738
" My boyfriend talks about other girls and how amazingly beautiful they are and it's starting to make me feel bad about myself, like I'm not good enough or something. Is this too clingy?","He talks with his mouth full, that gave me the ick.","We’ve been hanging out a lot, but it’s just a situationship.","He keeps telling me I’m overreacting, but I think he’s gaslighting me.",He keeps talking 'bout other girls and it's making me feel insecure AF. Am I being too needy?,0.5472742679046462,0.6513352394104004
 My [F34] ex husband [M33] is dying. I'm not really sure what my place is. I went to see him but he asked me to leave.,He ghosted me after our date.,"IDK where he went, maybe check upstairs.",He ghosted me after our date.,"Ex-hubby's sick af. Idk my role, went to visit but he told me to skram.",0.43300493750876007,0.5058990716934204
 I crushed the self esteem of a girl with chronically low self esteem.  How do I cope with the guilt -- how much is appropriate?,Stop simping over her.,She got cancelled after that post.,She's completely unbothered by the hate.,I wrecked vibes on a chick who's already insecure. Now I'm feeling some serious cringe about it. How bad can my guilt get before it's too much?,0.5409891213241376,0.5556624531745911
" Boyfriend of 2.5 years cheated on me with a random on vacation, confessed it to me in a state of guilt. What do I do?",My B/F is meeting me later.,"He keeps telling me I’m overreacting, but I think he’s gaslighting me.","He was being so rude, so I gave him the MLM.","BF of 2.5 yrs cheated on me while we were on vacay with a rando, he spilled the tea when he felt guilty. WDYM (What do I do)?",0.49824490342444,0.6363790035247803
" I don't know if I should give her something in person, or have flowers delivered to her to see after surgery.",I gave her a KOC when we said goodbye.,I left a GIC for the baby shower.,"Thanks for the gift, URSKTM!",I dunno if I should hit her with somethin' IRL or slide some florals to her crib post-OP.,0.4680794241355727,0.4929455518722534
" Lady tailgates me, I work with some awesome guy to go slow and block her from passing us for the next hour.",That SOAB cut me off in traffic!,My G/F is meeting me after work.,"ILBL8, traffic is terrible.","That salty driver's all over me, we chill bro and slow roll it to block her for an hour straight!",0.44032222131612886,0.40973031520843506
 My ex is a thief and liar. Should I go ahead and press charges even though I got my stuff back to help stop his petty thefts? Or let it go?,"He keeps telling me I’m overreacting, but I think he’s gaslighting me.","He really made me mad, I just wanted to tell him FOAD.","Need legal advice? IAAL, happy to help.","Ex is a scammer and capper. Shoul I cop a case or just forget about it cuz I got my shit back, tryna prevent future cap-heists? 🤔🤷‍♂️🤷‍♀️",0.5761050376783117,0.4873901307582855
" my girlfriend lied about her age, im not mad, she's stressed out now with lots of things going on, and I want to help her feel better.","She just turned 18, officially at the AOM.","She’s always late—kind of a pink flag, but not a dealbreaker.",She's wylin out here.,"She fronted 'bout her age, ain't even mad, she's got a lot on her plate rn, but I'm tryna vibe her up.",0.33985754566839854,0.3473051190376282
 Do I tell him outright we aren't going any further along with details and risk making everything terribly uncomfortable or do I just begin distancing myself?,"We’ve been hanging out a lot, but it’s just a situationship.","He keeps telling me I’m overreacting, but I think he’s gaslighting me.","Keep this on the DL, it’s a secret.",Should I spill the tea and make things awkward or ghost him instead?,0.41999547352751204,0.45217931270599365
" Liked girl for two years now, thought we had mutual attraction, time went by and am confused whether the time and distance would sustain attraction or not. Questioning if I missed my chance by letting time pass by too long.",We’ve been in an LD relationship for a year.,"Everyone’s cuffing this fall, it’s relationship season.","We’ve been hanging out a lot, but it’s just a situationship.","Thought I was vibing with her for 2 years, but now I'm unsure if the distancing is gonna ruin our chemistry. Wonderin' if I blew my shot by waiting too long to make a move.",0.5811604801307424,0.497501015663147
 Apparently I don't get relationships. Does anyone base relationships on their choice to love and commit to a person or is it all based upon feelings now?,"Everyone’s cuffing this fall, it’s relationship season.","They’re not dating, just FWB.","We’ve been hanging out a lot, but it’s just a situationship.","Bro, do ppl even relationship properly anymore? Or is it all bout vibes now?",0.4674034627603362,0.4915936291217804
" Learned way after the fact I may have covered someone else's abortion, not sure I can make eye contact with my girlfriend.",My G/F is meeting me after work.,Stay woke about what's happening.,"I don’t want to get involved, so LMNK.","Aye, turns out I might've fronted for somethin' heavy without knowin', now I'm feelin' a bit awkward 'bout lookin' my G/F in the eyes.",0.4130637752630043,0.32751259207725525
 my wonderful relationship of two years is starting to crumple over a disagreeance regarding children. Something that shouldn't be a problem for ten plus years. Are we just kicking a dead horse?,"We’ve been hanging out a lot, but it’s just a situationship.","Everyone’s cuffing this fall, it’s relationship season.",We’ve been in an LD relationship for a year.,"Our ldr of 2 years is in trouble cuz we got beef 'bout kiddos, but that ain't gonna be an issue for another decade. Feels like we're beating a dead horse, no?",0.5822579856559511,0.5273968577384949
" I was diagnosed with ITBS this past October, took time off and tried to deal with it, it's come back now and I have no clue what to do","IAAD, let me know if you need any medical advice.","Oof, that must have hurt.",I’ll do it AYW.,"ITBS came back, don't know wtf to do now 😔🤕",0.3668874190124448,0.5675698518753052
 Pretty sure my husband [M30] took my best friend's [F27] underwear and masturbated to/with them.,My DW planned a surprise for my birthday.,I left a GIC for the baby shower.,My DH is cooking dinner tonight.,My DH copped some undies from my BFF and got busy with 'em.,0.4601212257823786,0.5047299861907959
 The people around me don't seem to fully comprehend the intention of questions often asked to them. Am I right to feel frustrated with them?,"I know you’re mad, but GR&D!",DITYID about how stressful work has been?,Why are you so salty?,"They dumb as bricks, but is it fair to be mad tho? (Only Gen Z slang)",0.2671010272159471,0.25719374418258667
" Went to the hospital thinking I had appendicitis, just had to take a shit. I'm still getting hospital bills.","Had a minor ACDNT on the way home, but I’m okay.","I tripped and spilled my drink, ROFLOL!",I hit up the grocery to snag some snacks.,"Hit up the ER thinkin' it was appen-drama, turns out I just needed to drop a deuce. Still got them med bills tho.",0.5321442740775871,0.5656735897064209
" Chinese guy tells me he loves me, I think (hope) he mistranslated. What should I do?","He keeps telling me I’m overreacting, but I think he’s gaslighting me.","He’s AZN, right?","He’s such a WEEBO, always watching anime.","Bro, I think that Asian dude said he loves me, but prob'ly just mistranslated. IDK what to do now.",0.5423119986156347,0.7799148559570312
" Girlfriend has had more sexual partners than me, it makes me insecure and I feel bothered / annoying / angry because of it. How do I fix this?",Stop simping over her.,What’s your body count?,"We’ve been hanging out a lot, but it’s just a situationship.","She's got a higher body count than me, and it's bugging the hell outta me. How do I sort this out?",0.4187863985092026,0.4774619936943054
" College student. Must get a job or be kicked out by my parents. Have terrible work history, decent grades, no solid references, and can only work locally or on campus because no car.","Hey, A/S/L?",Can you give me your ASLA?,"PIR, can’t talk about that right now.","Aye, I'm a uni kid in a pinch cause parents ain't playin'. Work history is iffy, grades are solid but no one wants to vouch for me. Gotta find somethin' local or on-campus since no wheels. #struggleisreal",0.6520939794191033,0.4454621970653534
 Girlfriend's Dad said her mom's erratic behavior is because of too much prednisone and now her mom is on Seroquel supposedly to level her off. Plausible story?,"He’s always calling his mom for advice, such an MB.","She’s always late—kind of a pink flag, but not a dealbreaker.","He’s such a MOMBOY, always calling his mom for advice.","Mom's going through it with the meds—prescribed Pred and now Seroq, do they really work though?",0.46049063597029266,0.5608704686164856
 My wife is a cam girl behind my back and I need to know how to confront her without her using it against me because I was on the cam site.,She had to swerve that awkward conversation.,"We were talking for weeks, and then she just ghosted me.",Stop simping over her.,She's catfishing me and I gotta front without getting clapped back on that finsta.,0.46053333089292214,0.3393492102622986
 Elderly woman lives in our apartment and is incontinent. The entire apartment smell like urine. Is there any way to sensitively bring this up or fix the problem?,"BRB, GGP!","Hold on, IGP real quick.","BRB, BIO.","Aye, our old neighbor's got some serious pee issues, making the crib stink like a public pool. Gotta figure out how to address this delicately or find a solution, ya feel me? 💩🤔🔥",0.7852677702903748,0.5705355405807495
" First time I ask someone on a date at age 19 and it goes from promising to failure. Shit sucks, brah.","Got rejected for the third time, feelsbatman.","Everyone’s cuffing this fall, it’s relationship season.","That was such a bad move, KYS!","First time asking out at 19, went sideways real quick. Bummer vibes, fam.",0.5593960541106987,0.620177149772644
" Girl confused about whether to stay in relationship with boyfriend when she still loves him to death, but is really bored with it.","She’s always late—kind of a pink flag, but not a dealbreaker.","We’ve been hanging out a lot, but it’s just a situationship.","They’re not dating, just FWB.","She's on the fence 'bout sticking with her BF cause she still got mad love for him, but the relationship's starting to feel stale AF.",0.5733038144923973,0.6479926705360413
" Best friend and Maid of Honor hasn't been a good friend. I'm considering asking her to step down, and possibly cutting her out of my life.","She’s my BFF, we tell each other everything.",We’ve been BFFL since high school.,"Even though we’re miles apart, we’re BFFLNMW.",My BFF/MOH ain't been vibing lately. Thinking 'bout kickin' her outta the bridal squad and maybe ghosting her for real.,0.5270834755038951,0.3616461753845215
" I'm moving far away in a couple months, should I try a long distance relationship, or break it off before it gets too strong?",We’ve been in an LD relationship for a year.,We’ve been in an LDR for two years now.,"Even though you’re far away, you’re FIMH.",Should I go LDR or break it off 'fore it gets too lit?,0.29253255070246487,0.28035596013069153
" is (semi)couch to half marathon in 5 months do- and adviseable, with no previous races run?","IMO, it’s best to start early.","It seems like a good idea, BTA, it might not work out.","I’m not sure about the plan, WGACA?","Is a (sorta) couch to half marathon in 5 months possible, even without any past races? IDK if it's wise, TBH.",0.6834164621757338,0.9236196279525757
 Young student faced with deciding whatever he should be a farmer or a programmer/mathematician. Fears crap job and energy/population crisis. Needs help deciding.,What’s the best option? UTM.,"Before making a decision, think WWJD.","ATSL, we should consider other options.","Aye, homie's stuck between being a farmer or coding bro. Scared of dead-end gigs and the environment/population mess. Help him pick, bro! 😎🌽💻🚀",0.6175879422895135,0.4595526158809662
" I think I have separation issues with my boyfriend. When he leaves I get sad, the longer he is gone the deeper I slip into depression. What is this?",We’ve been in an LD relationship for a year.,"We’ve been hanging out a lot, but it’s just a situationship.",Why are you so salty?,"Aye, I get super emotional when my bae goes MIA. The longer he's gone, the deeper I spiral into the feels trap. This ain't healthy, right?",0.45872555772188295,0.44653698801994324
" GF is asking for help in a project in my field a lot, and I feel like she doesn't understand what she's doing. How can I be less judgmental and more supportive?",Stop simping over her.,"She’s always late—kind of a pink flag, but not a dealbreaker.",She's wylin out here.,"GF tryna cop some tips from me, but she ain't got it down yet. Gotta chill and vibe with her instead of throwing shade.",0.49347940566136894,0.3775405287742615
" I have a chance to work with some of the smartest people in the world, help me close the deal, plan successfully, and execute on it. I promise I'll share the research with Reddit if I succeed at funding it.",You won the lottery? IDBI!,"If you don’t like my idea, BT.",Let’s hop on VC to discuss the project.,"Hit up those brainiacs with me, help me seal the deal, nail down the plan, and make it happen. If I pull this off, I'mma spill the tea on Reddit about the funded research!",0.6409139331027742,0.6447087526321411
" Infatuated with girl I've been seeing for a month, won't see her for 4. How should my mentality be for this.","Stop messing around, get your HUYA and focus!",Stop simping over her.,She’s a GRL I met online.,"Ain't got no clue what I'ma do without my GRL for 4 days, but I gotta keep my mood up and stay lit!",0.33183337327020646,0.16505178809165955
" Thought I wanted to break up with my GF. Did break up and now I feel miserable, don't know if I made the right choice.","She texted me, IWSN!",I’m going out with my GF tonight.,She texted me LHSX after the party.,"I was thinking 'bout ghosting my GF, did it, now I'm feeling like crap, ain't sure if it was the right call. (LHSX means ""let's have sex"")",0.3852054985688994,0.32719770073890686
 I broke up with my long term long distance boyfriend that I still love to go find myself; feeling remorseful and looking for others with a similar story who got through it.,"It’s been so long since we hung out, MU!",We’ve been in an LD relationship for a year.,"I’m not looking for anything serious, just NSA.","I dumped my long-distance boo thang, even though I'm still in love... looking for peeps who went through the breakup struggle too! 😢👀💔👋💭 #sameboat",0.6032738189452903,0.6248301863670349
" My sister 21/f moved in with 32/m and his fiancee 26/f, and they seem to have some kind of weird three-way relationship, but I'm afraid for her.","She’s always late—kind of a pink flag, but not a dealbreaker.","They’re not dating, just FWB.","We’ve been hanging out a lot, but it’s just a situationship.","My sis just moved in wit a 32 yr old dude and his gf (26), and it's trippy AF. I'm worried bout her tho.",0.4620163218631639,0.6470243334770203
" I work 9 hours a day from home. My partner doesn't work, yet sits on her phone all day on Facebook. Do I have a right to be annoyed?",We’re finally FBO—changed our relationship status!,"We’re FBFs, but we haven’t met in person.","She’s always late—kind of a pink flag, but not a dealbreaker.",She's always on FB while I'm grinding at home—do I got the right to be pissed?,0.5325991275237868,0.6219849586486816
 Ex and I break up over me visiting a girl even though I offer to stay and she refuses. Few months later we date again and she still resents me because I should have known to stay in the first place.,She's throwing shade at her ex.,"She’s always late—kind of a pink flag, but not a dealbreaker.",I’m going out with my GF tonight.,"They split cos I hung w/ another chick, even offered to chill back. Still mad at me cuz I shoulda stayed put in the first place. Few months later, we're back together, but she still ain't over it.",0.6385353480432172,0.3906441032886505
 My (20F) SO (21M) of 4yrs moved to another province 30hrs away for a job without discussing it with me. How do I let it go and make our new LDR work.,BOL on your new job!,"Quiet, B9!","I’ll handle it myself, MYOB.","Damn, bae took off w/o talking 'bout it? Long-distance ain't easy, but we gotta make it work - let's Slack n' FaceTime like crazy! 💬📱💖",0.4625645961787892,0.17720675468444824
 Someone has my personal information and they seem to be trying to scrape more and more of it. What can I do about this (if anything)?,"Be careful downloading WAREZ, it could be risky.",You’ll need to talk to the ADMIN to get access.,"WRT your last email, I have some questions.","Yo, someone's tryna phish me! What should I do 'bout it? 😎🎣",0.30004828887633006,0.2676866054534912
" My landlord saw my collection of my, completely legal, medieval weaponry, he kicked me out of my apartment over two weeks sooner than my actual moving date.","I forgot my wallet at home, facepalm.","I don’t know the law on this, IANAL.","He cut me off in traffic, WAJ!","My Yeezy-wearing Lando gave me the boot from my crib 'cause he caught my full-on, legit medieval gear stash, and now I gotta vacate two weeks early, smh.",0.6045709078166623,0.32271522283554077
 I'm a hot 20 year old in a committed long distance relationship who wants more guy friends!  How do I shut guys down who hit on me while still seeing if they would like to be just friends?,"He’s been texting me nonstop, he’s so thirsty.",My BF and I have known each other for years.,"Even though we’re miles apart, we’re BFFLNMW.","I'm a fire 20 y.o. in a LDR, but I need more bros! How do I swerve dudes tryna holler at me, but still vibe with em as pals?",0.5267099935014492,0.444001704454422
" Girlfriend hasn't felt like sex in a while, is this just the honeymoon phase ending or something more serious?","She’s always late—kind of a pink flag, but not a dealbreaker.",We’ve been in an LD relationship for a year.,She texted me LHSX after the party.,GF ain't been feelin' it for a sec—is it just the hype wearing off or something deeper?,0.3461088472125933,0.4983118772506714
" I'm becoming bored with doing nothing, his passiveness about activities, and having to plan every little thing. How do I suggest solutions without having to say the dramatic ""I'm bored with you.""?","There’s nothing to do, IMSB.",I'm mad tired today and vibing in boredom.,I'm mad tired today and vibing in boredom.,"Aye, I'm vibin' too hard on the chillax life, but his laid-back attitude 'bout plans is annoying AF. Plus, always planning everything sucks. How can I drop hints without going full-on ""Chill vibes ain't cutting it for me""?",0.6653698903619417,0.4166123569011688
 Girlfriend of seven years needs time and space; we're still together; she does not want to talk about us at the moment.,"We’ve been hanging out a lot, but it’s just a situationship.",We’ve been in an LD relationship for a year.,"We were talking for weeks, and then she just ghosted me.","Bae of 7 years needs some me-time; we're still a thing, but she's clamming up about us rn.",0.5623520026576816,0.6537898778915405
 I crushed on someone for the first time in my life (on an older person too!) and it sucks because I don't know what to do. Leave it or go for it?,"Take care, AAYF, until next time!","Even if it’s hard, always DTRT.","It happened a week ago, GOI already.","Damn, I got feels for this OG and ain't sure how to vibe. Should I ghost or slide in DMs? 🤷‍♀️🤷‍♂️",0.33075343621404546,0.13519108295440674
" My fiance keeps doing things that we have had major arguments about, and I don't know how to go about getting the point across any differently.","We’ve been hanging out a lot, but it’s just a situationship.",Had a huge ARG with my friend last night.,"We need to DTR soon, I need to know where we stand.","My partner's been doin' some questionable stuff, can't figure out another way to say it needs to chill.",0.42565757135274995,0.38040101528167725
" Having an absolutely terrible day with both diet and exercise didn't kill my motivation, it made me realize how much I've improved and showed me why what I'm doing is important.",I'm mad dead tired today 'cause I napped like no cap.,I'm mad dead tired today 'cause I napped like no cap.,I'm so drained today 'cause I caught no z's last night.,"Ain't my best day, skipped the gym and ate junk food all day, but tbh it just showed me how far I've come and why I gotta keep grinding.",0.588143900325754,0.6222711801528931
" We talk about lot about 401(k)s, IRAs, and even HSAs but I haven't read anything on this subreddit about After Tax Contributions (Post 86 specifically)","Before you invest, make sure to DYOR.",See the AA instructions for details.,"For more info, check QPSA7 in the FAQ.","Aye, where's the tea on Post 86 ATC in this sub? 👀☕️💰",0.22357644970397209,0.25324708223342896
 How helpful is amino energy in 'longer' (7 miles which I know is child's play to some on here) versus the adrenaline of setting a personal record by two miles?,"OTTOMH, I’d say it’s about five miles.","I don’t want to get involved, so LMNK.",We’ve been in an LDR for two years now.,"Amino Energy vs. PR (Personal Record) by 2 miles, which is no big deal for some on here, who's more lit?",0.47377626387366295,0.6982450485229492
" read the whole thing, it's important. Friend's mom abruptly left his dad, friend may have rare mental disorder. I need advice on helping him with grief in this.","Hope you’re doing well, TAUMUALU.",He's such a simp for her.,He's such a simp for her.,"Yo, fam! Dude's mom bolted, and he might have some serious feels going on. Got any tips for helping him cope with the drama? 👀💔🧩",0.48523454397008686,0.41645246744155884
" German sister loses kids to Social Services; We need to know if it is temporary or if she has really lost full custody due to neglect, so we can make our next move.","INAL, but I think you should get legal advice.","She just turned 18, officially at the AOM.","We were talking for weeks, and then she just ghosted me.","Yo, did that German fam get their kids snatched by Child Protect Services? Need the lowdown - temp situation or perm, so we know what's poppin' next!",0.5771743197025024,0.4341270327568054
" wife asked to leave family 2 month ago, tomorrow will be first time I will meet wife and kids again - need advice how to behave towards my wife to make the best impression",I’m going out with my GF tonight.,"We’re heading out to dinner, L2K?",Are you bringing a MOOS to the party?,"Wifey's been MIA for 2 months, but she's comin' back with the kiddos tomoz. Gonna need tips on how to impress her like a boss! 🤔🚀💥💔✨",0.5408960136680392,0.5277754068374634
" = 200$ to fix my phone, too much - selling it on craigslist - should I buy the same htc one for 220$ or wait for christmas and get a one plus one for 100$ more?","I’m considering getting a new phone, WDYT?",I got a great deal through OA.,I'm vibing 'cause I peeped a fresh new phone yesterday.,"Gonna drop 200 to fix ma phone, that's steep. Selling it on CL, might cop the HTC agzn instead fo' 220 or hold off 'til Xmas n' grab a OnePlus One for an extra C-note.",0.6643481548473116,0.6915771961212158
 am I over reacting? Can men and women just be friends? Why do married men want to *find* female friends? Am I about to be cheated on???,"Everyone’s cuffing this fall, it’s relationship season.","They’re not dating, just FWB.",Why’s he acting so sus all of a sudden?,"Ain't trippin', but are males and females really platonic? Why dudes wanna hang with chicks when they're hitched, though? Feelin' like I'm 'boutta get played?? 💔",0.5010963130195385,0.3927743434906006
 GF [28 F] of 2 years breaking up with me [28 M] because I do not want to get engaged.,She texted me LHSX after the party.,"We’ve been hanging out a lot, but it’s just a situationship.",I’m going out with my GF tonight.,GF [28F] dumping me [28M] cuz I ain't down for a ring.,0.3601708800178486,0.6095384359359741
 Dated a girl for 2 years. Broke up because I moved away to college. I transferred to a school closer to home (for unrelated reasons). We are both single again. I want her back.,I’m going out with my GF tonight.,We’ve been in an LD relationship for a year.,"It’s been so long since we hung out, MU!","Aye, been wit a gurl fa 2 yrs, split cuz I had to move for college life. Switched schools bcos of other stuff. Now we're both solo again. Wanna get back with her tho.",0.7516988043639798,0.6169710159301758
 I left my autistic boyfriend 4 years ago. Now we're coworkers at my new job and his sister came to me and threatened to make my life a living hell if I don't leave him alone.,"He keeps telling me I’m overreacting, but I think he’s gaslighting me.","He ghosted me months ago, and now he’s zombie-ing by texting me again.","He was being so rude, so I gave him the MLM.","My ex (ex-bf) is on my team now, and his sis slid into my DMs, threatening to give me the side eye if I don't stay away from him.",0.44013293256720015,0.4924542307853699
" I dropped 6 lbs and went from 21 to 17.7% body fat, I feel like an athlete! Some clothes fit better and some look humongous!!!",URH in that outfit!,Check out my drip today.,"Yo, just hit the mall and scored some dope fits!","Damn, lost 6 lbs, now at 17.7%, feellin' like a beast! Clothes fit fire, somethin's too baggy tho!!!",0.6016196618449985,0.7323251962661743
" I need good youtube channels, sites, entertainment that could occupy my 8yo daughter but help her develop in some way.",My DEGT loves playing soccer.,She’s the CMGR for our online forum.,My niece is an absolute QTPI!,I'm tryna find some lit YouTube channels or sites for my 8yo cousin that's fun yet edukaysh!,0.5749137061454582,0.6512124538421631
" Seeing way too many 5th graders with iPhone's, overhearing way too many fights between teens and parents about proper laptop usage. I think it's ridiculous.",He's flexing his new phone.,"I’m considering getting a new phone, WDYT?","My phone’s battery died, FWP.","Ain't that extra seeing 5th graders rockin' iPhones, hearing 'bout way too many squabbles between teens and parents over laptop use? I gotta say, it's wild AF!",0.8549849618835133,0.878944993019104
" medical discharge, dream crushed, now just want someone to care about me, random sex makes me more depressed, now I can't eat.","Goodnight, SD!","IAAD, let me know if you need any medical advice.",I'm vibing so busted 'cause I barely slept last night.,"MD, DC, need a S/O, RS makes me vibeless, now I ain't got an appetite.",0.29361096784018414,0.3102136254310608
" can't keep it up in a condom, but girlfriend won't perform oral on me, so I'm not getting off even after I've gotten her off multiple times.",I’m going out with my GF tonight.,"That’s personal, MYO!","You need to stop doing that, LBS.","Can't wrap it, GF ain't down for that, so I'm stuck in the friend zone, even though I've hit the jackpot multiple times. (This is a more subtle and less explicit way to convey the original sentence, but still maintaining some of the Gen Z slang.)",0.6384892379478073,0.2797485589981079
" no debt, got a job offer, combined income over 100k, do this or go in debt to be an engineer.","What’s your plan? IGN, honestly.","TMA, don’t invest in that stock.",Got to get back to RW responsibilities.,"No D, got a JO, combo income OTW 100k, choose this or GD2B an engie.",0.3408132815460089,0.37691742181777954
" Pepper : accidentally tried to poison myself with used gear oil that looked identical to Dr. Pepper, had to get treated in the ER",I need to pick up my RX from the pharmacy.,"Had a minor ACDNT on the way home, but I’m okay.",I need to use a POT to heal.,"I accidentally mistook used motor oil for Dr. Pep, thought it was just a spicy drink, but ended up needing an ER visit 😵‍💫",0.6018848571090487,0.6497530937194824
" Slept with fling, found out that my friend likes him. Realized I fucked up, what can I do/say to her?",She texted me LHSX after the party.,I only see him AAF.,"She’s my BFF, we tell each other everything.","Ate with side-piece, learnt that homie's into him. Realized I messed up, wtf do/say to BFF now?",0.39278561046083876,0.3977595865726471
" Girl left me for a partying lifestyle, want to either die or firebomb the club.. I won't really, but I need help coping.",I'm hella drained today and totally vibing solo — not tryna hit the party.,I'm hella drained today and totally vibing solo — not tryna hit the party.,I'm hella drained today and totally vibing solo — not tryna hit the party.,"Damn, girl bailed on me for a wild club life, now I'm feeling like a hot mess and considering lighting up the scene... ain't gonna do it though, just need some support to chill out.",0.670321044788136,0.45421549677848816
" Found out my current GF was talking to other guys in a sexual manner when she was still with her ex, how to proceed?",She's throwing shade at her ex.,She had to swerve that awkward conversation.,She had to swerve that awkward conversation.,"Yo, so my girl's been talking to other dudes in a flirty way even when she was with her ex... What's the play now?",0.5235200638255915,0.6315276622772217
" bf has hundreds of photos of masturbating ex gf that he lied about deleting twice, that I found by snooping when I told him I wouldn't anymore.","He keeps telling me I’m overreacting, but I think he’s gaslighting me.","She posted it on her finsta, not her main account.",He ghosted me after our date.,"He was keeping pics of his ex masturbating on his phone twice, and I caught 'em after promising not to snoop again. (Note: This is a sensitive topic and should be handled with care.)",0.7620094750396432,0.7483956813812256
" Relationship 3 1/2 years, both cheated. He continued/continues to sleep with the one girl after saying how much he loves/cares about me. I want to let go but just don't know how.","He ghosted me months ago, and now he’s zombie-ing by texting me again.",He's such a simp for her.,"We’ve been hanging out a lot, but it’s just a situationship.","My boo and I have been together for 3.5 years, but we both got messy. He's still sliding in DMs with that other chick while claiming love for me. I wanna cut him loose, but ain't sure how.",0.5583435836921438,0.4518672227859497
 boyfriend doesn't seem to like that I go out with my fraternity and makes me feel guilty that he can't go sometimes since he goes to a different school.,"He keeps telling me I’m overreacting, but I think he’s gaslighting me.","We’ve been hanging out a lot, but it’s just a situationship.",My B/F is meeting me later.,My BF hates when I party with my bros and makes me feel bad 'cause he can't join sometimes 'cause he's at a diff school.,0.5946753526988782,0.6630349159240723
 Who I am has changed dramatically since I met my gf. Wondering if I should break up with her and see what else is out there. What would you do?,"We’ve been hanging out a lot, but it’s just a situationship.",My G/F is meeting me after work.,I’m going out with my GF tonight.,"Yo, my life's been flipped since I started dating this person. Thinking 'bout dumping 'em and exploring the scene again. What's good, bro? (Breakup advice not included 😁)",0.574401934061024,0.4562830924987793
 = husband didn't have PIV sex till he met me. I feel weird because he didn't tell me/lied/witheld the truth. How should I look at this situation?,Why’s he acting so sus all of a sudden?,I waited all day for him to text me back. I’m such a clown.,"Feeling stressed? THT, it’ll get better.","He waited for the deed until we linked up, but now I'm feeling fishy 'cause he kept it hush-hush. What's the vibe on this sitch? 🤨🤔😕",0.4078564459762415,0.40020042657852173
" My wife started receiving benefits while I was kicked out of the house, and now I've moved back in. The State was informed, but took no action at the time. What kind of trouble could she get into?","INAL, but I think you should get legal advice.","I don’t know the law on this, IANAL.","Need legal advice? IAAL, happy to help.","GF got some benefits rollin' in while I was outta pocket, then moved back home. State aware but didn't do anything bout it. Ain't she step into some drama now?",0.6882685910796855,0.6840164065361023
" friend accuses us of bruising her baby while we were babysitting, then backs down when confronted, what would you do?",She threw some serious shade at the party.,Her clapback to that troll was savage.,Stop simping over her.,"Ayy, if my mate accused me of bustin' their kid while I was chillin', but backed off when I checked 'em, I'd prob keep it cool for now... but make sure to clarify the situation later! 😎☑️🙅‍♂️💪",0.5521657552745534,0.35640907287597656
" after smoking weed, a friend and I were yelled at by a box on top of a pole telling us we were photographed, will be prosecuted and should leave.","If there’s no photo, POIDH!",I was just vibin' with my crew at the park.,"Why would you do that, AYSOS?","After blazing up, my homie and I got lit up by a box on top of a pole, saying we got snapped, gonna get fined, and told to scarper.",0.5433194789199618,0.5326223373413086
 I got rejected for being overweight. I literally worked my ass off (-62lbs) only to be rejected for the same reason a year later and now I'm struggling to find a direction and motivation.,"Got rejected for the third time, feelsbatman.","I’m not looking for anything serious, just NSA.","Don’t worry, TTTT—it’ll get better.","Got rejected 'cause I'm thicker than avg, grinded hard (-62lbs), but still got denied for the same reason a year later 😓 Now stuck in a rut, can't find my mojo 😔",0.5693919214515475,0.58476722240448
" BK, relief from stay obtained by old bank.  Old bank sells loan to new bank.  Relief from stay still in place?","Need legal advice? IAAL, happy to help.",Keep this number ICO any emergencies,"INAL, but I think you should get legal advice.","BK sold to NB, RFoS still active?",0.3059130789005195,0.390219509601593
 had break with GF after fighting too much over long distance. She does but doesn't want to get back together. Not really in contact with her. Ended on poor terms.,"She’s always late—kind of a pink flag, but not a dealbreaker.",We’ve been in an LD relationship for a year.,"We were talking for weeks, and then she just ghosted me.",We broke up w/ my GF cause we fought a lot long-distance. She's blocked but not sure if she wants us back. Ain't talking much these days. Left things on bad vibes.,0.7716975193935087,0.7400709390640259
" Girlfriend I rarely see wants to go on a ""break"".  Am I right in thinking that she is just breaking up with me in slow motion?","She’s always late—kind of a pink flag, but not a dealbreaker.","We’ve been hanging out a lot, but it’s just a situationship.",I’m going out with my GF tonight.,GF tryna take it slow and chill off—probs ghosting me slowly.,0.39267660846670577,0.3975415825843811
" Accused a kid of saying fuck, by saying fuck. He didn't say fuck. Which made me think, 'Fuck.'",This movie is rated for LSV.,She threw some serious shade at the party.,"His argument was SSINF, I couldn’t even respond.","Dude accused another dude of swearing, but ended up doing it himself. And then I was like, 'Damn.'",0.5219764369346428,0.5453379154205322
 I want to get a job working in the aerospace technology field and don't know where to start.  Ideas will be much appreciated!,FC that I get the job!,"ISO a new job, any leads?","Got the job today, big W!","Needing a gig in the aero tech field, got any deets on how to kickstart it? Appreciate any tips!",0.4852345297706424,0.49955493211746216
 I Met a girl online. We've been dating for 10 years but neither one of us want to move in with each other. What do?,She’s a GRL I met online.,We’ve been in an LD relationship for a year.,"We’ve been hanging out a lot, but it’s just a situationship.","She’s my OG onlies, we've been in a long-term gf/bf sitch but ain't ready to co-live yet. Wazzup now?",0.37361940460852305,0.4148288369178772
 BF stays out late with friends til 2am for 3 nights in a row. Am annoyed. Am I being unreasonable?,"If you stay up late, YHBW.","I'm hella drained 'cause I stayed up all night, fr fr.","I'm hella drained 'cause I stayed up all night, fr fr.","BF out 'til 2 am w/ crew for 3 nites straight. I'm v pisseD, but abt fair tho? 🤔😠🔥",0.45846501611936785,0.47371673583984375
" Dog has been with us for a long time, has always peed and pooped in the house, on a training pad while we were away or upstairs in our beds.",My dog has the zoomies.,My dog has the zoomies.,"Yo, just peeped the cutest pupper on my walk, fr.","Dawg's been living with us for ages, been leaking pee and poop all over the place, either on a potty pad when we're not home or up in our beds, smh.",0.6346475775882479,0.6321760416030884
 Well I guess I am just asking: Are there any males out there more or less my age who have the same issues? Will I ever find someone who shares my values or is it too late? What do you think?,What's your ASL?,What’s your ASL?,"Hey, A/S/L?","Aye, fr, are there any bros like me tryna cope with the same drama? Is there a fellow squad-goal type out there? Or am I just screwed? Thoughts? 💭",0.4499514448840862,0.29048460721969604
" In an open relationship of 6 months, can't decide whether or not to end it now because I've become too attached. I'm 25, shes 24","She’s always late—kind of a pink flag, but not a dealbreaker.","We’ve been hanging out a lot, but it’s just a situationship.","I’m not looking for anything serious, just NSA.","We're in an O-ship for half a year, but now I'm debating if I should call it quits 'cause I've gotten too attached. I'm 25, she's 24.",0.5225889200649103,0.6296653747558594
" if your bf / gf was fucking with people behind your back, would you want to be told? Would you tell if you knew?","Keep this on the DL, it’s a secret.",What’s your body count?,"They’re not dating, just FWB.","Yo, if my S/O was sneaking around, I'd rather know ASAP. And if I found out first, I'd def spill the tea.",0.38345213923758087,0.406793475151062
" We fight, then try to work it out and I get lazy and quit bringing it up, and working on it.","Despite everything, I’m still AAS!","He didn’t even try, WL!","Even if it’s hard, always DTRT.","We beef, then tryna sort it out, but I get too lethargic to keep pushin' it, fam.",0.3737644376104228,0.41511890292167664
 I read a poem about my crush to my crush telling her how I feel about her and she doesn't even know it's for her,"She texted me, IWSN!",I didn’t know you had a BCOY!,"Even though you’re far away, you’re FIMH.","ICYMI, I spilled my feelings thru a poem to my crush not even knowing if they knew it was abt them 💔",0.6157509448455641,0.7882885932922363
 What would be considered a victory for Occupy Wall Street? What would be the impact to society and our living standards in the US?,WTH is happening right now?,It DM whether we go now or later.,This meeting is making me BOOMS.,"OWS win when they force change on corporate greed & wealth inequality. Impact? Less rich getting richer, more equality for all 🤑🌍💥",0.4733298430812656,0.4757455587387085
" I understand it is usually more so about experience than it is about traditional degrees and certifications, but since I do not have any true experience with only just networking or security, I was wondering what is the best course?","IYO, what’s the best way to learn coding?",Make sure you read the TOS before signing up.,His coding skills are so l33t.,"Yo, WTF's da best course if I ain't got no real-life experyence, jus networkin' and securities, tryna level up my game?",0.4031303094859929,0.4184489846229553
 I went to the gym with my boyfriend thought I was doing great. Next day I can barely move. Send help.,I’m tired af after that workout.,I'm dead after hittin' that session today.,"I'm mad exhausted today and I can't even focus, lol.","Ayy, me and bae hit the gym hard yesterday, thought I was crushing it. Woke up today, could hardly move. Send some vibes, I'm dragging rn 😅",0.614846164334844,0.5648723840713501
" In love with his best friend, she is in love with another dude, I need to stay away from her without telling her why",He's such a simp for her.,He's such a simp for her.,"She’s breadcrumbing him, always texting but never wanting to meet.","She's ghosting me cause she's got a sidepiece, gotta play it cool and fade away.",0.24425628205498168,0.10070092976093292
 We've fallen into a TV watching routine.  What can we do to branch out and do other fun things together?,"I'm super drained today, just tryna chill and binge some shows.","I'm super drained today, just tryna chill and binge some shows.","I'm super drained today, just tryna chill and binge some shows.",Let's shake things up instead of being Netflix and chill all day! Got any ideas for some lit activities we can do together?,0.6466596524471061,0.7116018533706665
 I keep wanting to call my current boyfriend by my ex's name and it's driving me crazy!  Is it really a huge deal or am I making a mountain out of a mole hill?,"We’ve been hanging out a lot, but it’s just a situationship.",We’ve been in an LD relationship for a year.,My B/F is meeting me later.,"My BF keeps slippin' up with Ex's name, and it's buggin' me out! Is it a biggie or just overthinking it?",0.4356827073810503,0.6774595975875854
" Gotten too attached to online girl, having break in talking, want to talk to her but not sure if getting too attached online is big mistake.",She’s a GRL I met online.,I met someone through OLL!,"We were talking for weeks, and then she just ghosted me.","I'm feeling too tied up to this OLL, we had a break, tryna hit her back up but unsure if being that into someone online is a major LOL mistake.",0.7055147674110127,0.6631070971488953
" Lost phone and made a post on social networks saying I needed numbers. People saw posts and liked them, but nobody has sent me any numbers. Does everyone hate me, or do I have no friends?",I found your number in the PBOOK.,Your tweet got 5 likes and 100 replies calling you out. L + ratio.,I'm vibing 'cause I peeped a fresh new phone yesterday.,"Ain't got my phone, posted on SM begging for nums. Peeps seen it, gave likes, but no nums yet. Am I unpopular or just friendless? 🤨🤔🤷‍♀️🤷‍♂️",0.6382371623100006,0.5562527179718018
 I don't think my potential gf is ready for a relationship yet cause she needs to be less insecure. opinions on the dilemma?,"She’s always late—kind of a pink flag, but not a dealbreaker.","Everyone’s cuffing this fall, it’s relationship season.","Before making a decision, think WWJD.","My potential GF might not be ready for the RL tho, she's still got some insecurity vibes. Thoughts on the sitch? 💭",0.594874113385367,0.5526291131973267
 Close friend's secret SO of 2 yrs passed away. How do I support her without letting her know I know about the relationship?,"She’s my BFF, we tell each other everything.","Keep this on the DL, it’s a secret.",My BF and I have known each other for years.,"My homie's bae of 2 years passed, now what's the dealio on supporting her without spilling that we were tight?",0.5165656457895057,0.4514138400554657
 Cannot keep a stable emotional level during discussions. Small things people say to me affect me more than they should. What can I do to combat this?,Stop simping over her.,"He keeps telling me I’m overreacting, but I think he’s gaslighting me.",Stay woke.,"Can't chill during convos, small shit people say triggers me hard. Any tips on how to keep my emotions in check?",0.5538356664108107,0.6644580364227295
" Broke up with an ex of 2 years since it wasn't working out, yet I still like complete crap almost three months later.","He ghosted me months ago, and now he’s zombie-ing by texting me again.","I’m not looking for anything serious, just NSA.","It happened a week ago, GOI already.","Ex still got me on a post-breakup diet for nearly three months, smh.",0.5112850287944657,0.6624592542648315
" 22 M working abroad. No permanent home, in a different country every month. Is it possible to build a lasting relationship with a woman?",We’ve been in an LD relationship for a year.,"I might move abroad one day, YNK.","I’m not looking for anything serious, just NSA.","Can a 22 yr old bro working abroad, livin' nomad-style, changin' countries monthly, find something serious w/ a girl?",0.6068331997150199,0.6319489479064941
 Been dating a girl for a while and an ex stepped back into my life and my head is all over the place.,"We’ve been hanging out a lot, but it’s just a situationship.","It happened a week ago, GOI already.","He ghosted me months ago, and now he’s zombie-ing by texting me again.","Girl I've been smashing for a sec and then my ex comes creeping back in, my brain's a rollercoaster.",0.5182212355064223,0.5932291746139526
" Gf doesn't want to change name or compromise, says it's a deal breaker if her future husband doesn't take hers","She’s always late—kind of a pink flag, but not a dealbreaker.",He's such a simp for her.,She's throwing shade at her ex.,"She ain't gonna change her name or bend, straight up dealbreaker if future hubby don't claim her handle.",0.6067808176341809,0.6872458457946777
 come exams my boyfriend goes MIA and I feel left in the dust. Am I in the wrong for feeling this way?,"Good luck with your exams, ATB!",That exam was 2EZ!,"I'm completely wiped after all that cram, fr.",My bf goes ghost mode during exams & I'm feelin' abandoned. Is it unfair that I'm salty about it? 🤷🏽‍♀️💔,0.6155509154552238,0.6493843793869019
 girl I'm dating emotionally cheated in a previous relationship. It was with a crappy ex boyfriend and was during a low point in her life where her parents were divorcing. Should her cheating be seen as a red flag?,"She’s always late—kind of a pink flag, but not a dealbreaker.",She's so extra with her drama.,She's throwing shade at her ex.,"She's got a bit of a messy past, dumped emotional bags onto an ex during her parents' split, and now she's back on the scene. Is that history a major warning sign? 🚀🤔🔥🚩💔",0.6139197882440282,0.47991713881492615
" Broke up with ex over cheating/questionable behavior, started ignoring her which drove her crazy, wants me back/wants sex, should I go for it or no?","She texted me, IWSN!",She texted me LHSX after the party.,"It happened a week ago, GOI already.","Ex-cray texting, ghosted her, now she's thirsty and trying to get back/get it on. WYKO (What You Know One)?",0.4517749304834165,0.3772340714931488
" Texting girl, her friend takes over, her friend calls and puts me on speaker and messes with me. Don't know what is going on.","She’s breadcrumbing him, always texting but never wanting to meet.","He’s been texting me nonstop, he’s so thirsty.",What are you up to tonight? NMJC.,"Girl's BFF took over call, trolled me on speaker. Gotta decipher wtf happened.",0.5293252373996533,0.5323346853256226
" How can I show him that I am in this for the long haul, that I'm trustworthy and that this is a risk that is worth it?","He keeps telling me I’m overreacting, but I think he’s gaslighting me.",We’ve been in an LD relationship for a year.,"We’ve been hanging out a lot, but it’s just a situationship.","How can I prove to him I'm down for the long game, loyal AF, and that it's all good vibes and worth it?",0.48152311835592804,0.6029354333877563
" Was drunk, tripped while trying to see what was happening outside my door, scared the shit out of my landlord who was making friendly banter with fellow residents outside, and think I knocked myself out for a tick.","I tripped and spilled my drink, ROFLOL!","Had a minor ACDNT on the way home, but I’m okay.",I was just vibin' with my crew at the park.,"Trippin' hard, stumbled while peepin' outside my crib, spooked my landlord who was vibin' with neighbors, might've even zoned out for a sec.",0.6579963508735402,0.6511727571487427
" I'm hanging out with one of my good friends, who happens to be the ex of another one of my good friends. Is it wrong?",My BF and I have known each other for years.,"They’re not dating, just FWB.","She’s my BFF, we tell each other everything.","Ain't got a problem, we're just chilling with an ex-GF of another homie. No biggie.",0.40415276756246993,0.4204939007759094
" Why is our generation fascinated with Star Wars, even though we weren't part of the phenomenon 30 years ago? Why don't we have an equivalent pop culture landmark for our time.",You don’t understand memes? OK boomer.,The hype is real for this movie.,That movie is rated 4AO.,"Why y'all still obsessed with Star Wars tho when it ain't our era's epic? Where's our gen's cultural icon, though?",0.634333527319319,0.8254537582397461
" friend stole $1000 from my parents' bank account, hasn't paid back in six months, should I call the cops?","Need legal advice? IAAL, happy to help.","I forgot my wallet at home, facepalm.","Sheesh, that’s a lot of money!","Yo, homie swiped $1k from ma' folks' bank acct, no payback in 6 months. Should I rat 'em out to the cops?",0.6495679016753908,0.6620166897773743
 Workplace not giving mom time off and paying her for it instead. Mother doesn't want this she wants her time off. We live in Florida. Is this legal?,"That woman asked to speak to the manager, total Karen move.","She’s always late—kind of a pink flag, but not a dealbreaker.","He’s always calling his mom for advice, such an MB.","Employer ain't giving mom time off but payin' her instead? Mom prefers the actual off-time, y'know? We in Florida. Is that even legal though?",0.7594429898460155,0.9094676971435547
 I wanted to impress my girlfriend so I went to the gym and hurt my back doing deadlifts because I ignored an unusual pain and had to walk like the hunchback of Notre freaking Dame,I’m tired af after that workout.,"NGL, that was a tough workout.","She texted me, IWSN!","I killed it at the gym tryna impress my gf, but now I'm limping around like a TikTok version of the Hunchback of Notre Dame cause I pulled a muscle on deadlifts and ignored the pain. 😅",0.8002889772201178,0.6587496995925903
" Our dog runs out the door or gate at almost every opportunity, and we need to teach him not to before he's hit by a car.",My dog has the zoomies.,My dog has the zoomies.,"Yo, just peeped the cutest pupper on my walk, fr.","Ayy, our pup keeps bolting thru the door/gate like it's his job, gotta school him real quick 'fore he gets lit by a whip.",0.7331837501552296,0.7184450626373291
 asked my house mate if he has sent nudes to his new fwb and whether they sext and gf is now angry. Am I wrong?,"He buys her gifts every day, he’s such a simp.",You’re really mad? OJ!,"I texted him last night, but I got NR.","Aye, did I just ask my roomie if he's been sending thirst traps to the new chick and sexting? Now GF's mad. Was it a bad move? 🤔🤷‍♀️😮",0.4810886951034419,0.6297674179077148
" Brainless girlfriend is not a comedian and texts boyfriend a ""joke"" about cheating on him, boyfriend is a smart man and blows my shit up like a terrorist at a journalism office.","He’s great with computers, but IIIO sometimes!","They’re not dating, just FWB.","His argument was SSINF, I couldn’t even respond.","Girlfriend's IIIO, ain't funny and sends bf jokes 'bout cheating, smart guy goes off like a bomb squad on a troll journalist.",0.6636845309318268,0.6071474552154541
 Do I ditch my life I have with barely any money and travel/hike it back from Edmonton to BC with a girl  who is cooler then shit and I like?,"Don’t worry, TTTT—it’ll get better.","I’m not looking for anything serious, just NSA.","Oh, another road trip? BTDT.",GTG2BC w/ a lit AF girl? DYKTWYL (Do You Know What You're Getting Yourself Into)?,0.43195179583623466,0.2544853091239929
" Best friend, who I work with, used to have feelings for me, moved on, now I have feelings for him. He appears to be in an unhealthy relationship.","We’re not as close anymore, just BFFN.",We’ve been BFFL since high school.,"Even though we’re miles apart, we’re BFFLNMW.","My OG coworker had a thing for me, but he moved on, now I'm crushing hard. Looks like he's stuck in a toxic relationship though. #SadVibesOnly 😔💔",0.5793179813514455,0.4938160181045532
" Girl says that she ""Shouldn't"" be talking to, or get back together with her shit head ex, that she apparently still talks to. Should I just break it off now?",She's throwing shade at her ex.,"She’s breadcrumbing him, always texting but never wanting to meet.","She’s always late—kind of a pink flag, but not a dealbreaker.","She's still vibing with her toxic ex, but ain't gonna lie, he's a douchebag. So, is it time for a ghosting?",0.5058666671577252,0.48541754484176636
" broke up with GF, want her back, what can I do to increase my chances + should I send her a letter? ","She texted me, IWSN!",She texted me LHSX after the party.,"I sent you a letter, SWAK.","Broke up w/ gf, tryna get her back, wbu chances + should I slide in dms w a heart in fire emojis?",0.6041235673625713,0.5988288521766663
 Should I subtract the amount of calories I would have burned at rest from the amount of calories my HR monitor says I burned during a work out to prevent overestimating my calories expended?,"I'm wiped after hustle all day, fr fr.","I'm wiped after hustle all day, fr fr.",I'm dead after hittin' that session today.,"Yoo, should I adjust my calorie count by subtractin' what I burn just chillin' from what my heart rate tracker says I torch durin' that workout to avoid ballparkin' the calorie burn? 🏃‍♂️🔥💪",0.7377371523849191,0.6998510360717773
" Starting to question the quality of my relationship. Love each other but only meet once a week, no sex, relationship feels like the same routine over and over.","We’ve been hanging out a lot, but it’s just a situationship.","Everyone’s cuffing this fall, it’s relationship season.",We’ve been in an LD relationship for a year.,"Relationship's been dull AF, we barely link up weekly, no action, just the same vibe replaying every week.",0.5590563426387607,0.6471985578536987
 I didn't have any experience with anything romantic as a teenager and now I am very awkward around it all and very inexperienced.,We had our first KOTL last night.,We’ve been in an LD relationship for a year.,"We’ve been hanging out a lot, but it’s just a situationship.","I ain't had no game back in my teen years, now I'm clumsy AF when it comes to this love stuff, still figuring life out.",0.3964501137218317,0.37738776206970215
" Girl is broke and doesn't want to travel as a result. I offer to remove the obstacle, girl gets weird.","She brought a whole suitcase for a weekend trip, she’s so extra.",She’s a GRL I met online.,"She’s always late—kind of a pink flag, but not a dealbreaker.","Broke GRL ain't feelin' the trip vibes, then acts sus when I step in with some help.",0.3485949749431452,0.2816774845123291
 Guys in my class are being mean-- What's the best way to punch somebody and cause the most damage and/or get them to leave me alone?,Our school has a ZOT policy for bullying.,"He cut me off in traffic, WAJ!","He really made me mad, I just wanted to tell him FOAD.","Yo, my classmates are being rude AF-- what's the sickest move to throw 'em off and make 'em back tf off?",0.5736237320213107,0.5932308435440063
 I like girl and she liked me in December. I'm really fucking busy and she probably hates me now for not having time for her.,Stop simping over her.,"She’s always late—kind of a pink flag, but not a dealbreaker.",Hanging out with my MM this weekend.,"She dug my vibe back in Dec, but tbh I've been swamped and probs ghosted her.",0.42535187403085817,0.3797896206378937
 My mom and sister have started to get at each other's throats now that sister has graduated and I'm sick of dealing with it.,"Praying for you, YSIC.","Oof, that must have hurt.",She's living rent-free in my mind.,"They're going off on each other since sis graded and it's draining me, tbh.",0.36250504050558624,0.36489927768707275
 Dated an emotional manipulator for two years. How do you shake the feeling that he's going to turn around and decide he wants to be with me again?,"He ghosted me months ago, and now he’s zombie-ing by texting me again.",I think he’s benching me—he texts but never makes plans.,"We’ve been hanging out a lot, but it’s just a situationship.","I dated a toxic ex for 2 years, but now I'm trying to shake the vibes that he'll come back for more drama.",0.5523646677795209,0.5784135460853577
" Mom walked in my room scaring the headphones out of my PC which blared moans and sighs from porn, she walked out silently.",She had to swerve that awkward conversation.,"Can’t talk about it now, PRW.",Are you bringing a MOOS to the party?,"Yo, PRW came busting in my room, sending my earbuds flying from the porn-blasting PC, then bounced without saying a word.",0.5210606711723137,0.543506383895874
" Boyfriend put his foot in it and upset my housemates, now he is worrying and doesn't want to do anything but mope, how do I solve this?","He really made me mad, I just wanted to tell him FOAD.","I was so mad, I told him to ESAD.",He's tight about what happened.,"My BF stepped in it and pissed off my roomies, now he's all moody and not down for anything. How do I fix this drama?",0.5596755208896468,0.6761377453804016
 i have a female friend I talk to a lot. Wife does not like. I basically told her to be ok with it or we will divorce. Wondering if I'm really being so wrong.,"She’s always late—kind of a pink flag, but not a dealbreaker.","She’s my BFF, we tell each other everything.",Stop simping over her.,"I'm chatty with this girl, bae hates it. Gonna split if she can't chill. Thinking I'm in the wrong?",0.4454268226993381,0.4199395179748535
" I brought up the prospect of an open long-distance relationship, but I don't know if I should do it.",We’ve been in an LD relationship for a year.,We’ve been in an LDR for two years now.,"We’ve been hanging out a lot, but it’s just a situationship.","I was thinking 'bout proposing an OLDR, but idk if I should go through with it.",0.3811017194778305,0.4020926356315613
" Girlfriend doesn't want to move out of her parents house because they are lonely with no friends. If they weren't alone, she'd consider moving out. How do I help her parents make some good buddies?*",I’m going out with my GF tonight.,"PIR, can’t talk about that right now.","Can’t talk now, P911!",GF don't wanna leave her P's crib 'cause they lonely wit no mates. Need tips to help em make some lit friends? 🤷‍♀️🔥🤝🏽,0.5364524329963483,0.5465890765190125
 Teacher caught us laughing while looking at pictures of starving african children and now he thinks that we have a mental problem...,"Can’t talk about it now, TIR.","This video is hilarious, but TNTL!",That story had me LHO!,TIR cought us LMAO-ing at pics of skinny African kids and now he thinks we're trippin' or smthn... 😅💪🌪️🥱🔥🤬🔥😫😂,0.44409910983656253,0.4726857542991638
" planned a 10day vacay for April, but I want to leave my job now because a better opportunity presented itself.","Yo, I gotta bounce early today 'cause I got an appointment.",BOL on your new job!,"I’ll be AFK for 10 minutes, need to take a break.","Aye, planned a 10-day vibe in Apr, but I'm tryna ditch this gig 'cause a betta opp got dropped on me.",0.3906568052696059,0.3381003141403198
" GF has herpes #2, Im still not tested and I don't know how to proceed.  I'll get tested in the next week or so.",I scored a Z on that test.,I'm low-key worried about the test.,"IAAD, let me know if you need any medical advice.","My GF might have H2, I ain't tested yet and don't know wtf to do next. Gonna get tested soon, prob next week.",0.5653540851997206,0.6874948740005493
 Boyfriend of 6.5 years broke up with me because 'he doesn't feel like he used to' - just looking for some support whilst I try and get my head around this whole situation!,"He ghosted me months ago, and now he’s zombie-ing by texting me again.","We’ve been hanging out a lot, but it’s just a situationship.","It’s been so long since we hung out, MU!",Ex: My bae of almost 7 years dumped me cause 'he ain't feel the same way' - I'm tryna cope while figuring out this life-changing breakup vibes.,0.5831293265575187,0.5845412015914917
" Have been with my first girlfriend ever for 3 years that I love very much and want to be single and experience my own life, but haven't had the balls to break up with her.","We’ve been hanging out a lot, but it’s just a situationship.","After that drama, I’ve got a new RTBS.",I’m going out with my GF tonight.,"I’ve been with my OG GF for 3 years, but I gotta ghost her so I can live my best life.",0.39639699108217563,0.37728151679039
" friend started getting close to me, a lot of talking and she said a lot of things that I mentioned above. not sure what she's saying is a sign that she's into me or she's just sad about her break up.","She texted me, IWSN!","She’s always late—kind of a pink flag, but not a dealbreaker.",She's throwing shade at her ex.,"She's vibing heavy, flirting hard, but is it cause she's feeling me or post-breakup drama? 🤷‍♀️🤷‍♂️💔",0.42613009307688293,0.49214938282966614
 Therapist sent me home in middle of appointment and I don't know if I should find a new therapist or if I'm overreacting.,"INAL, but I think you should get legal advice.","He keeps telling me I’m overreacting, but I think he’s gaslighting me.",We need to normalize mental health talks.,"Tbh, my therapist bailed on me mid-session and now I'm debating if I need a new one or if I'm just being extra about it.",0.5859322065791925,0.7563519477844238
" I like a girl we cuddled one night she thinks I am cute but also has feelings for another guy and is really confused, whats my best plan of action.",She texted me LHSX after the party.,I gave her a KOC when we said goodbye.,We had our first KOTL last night.,"She digs me but is mixed 'bout us cause she's got feels for someone else, got herself all puzzled, WYD bro? My best move? 🤔🤔🤔",0.47157788895834185,0.49994248151779175
" fiancé shoots down us moving cross country, then to moving at all, and to finding a job. Can't tell if I'm the problem?",We’ve been in an LD relationship for a year.,"Oh, another road trip? BTDT.","We need to DTR soon, I need to know where we stand.","Bae ain't vibing with cross-country move, no work either? Am I the issue tho? 😅",0.4265203797916296,0.548331618309021
 Both angry. BF wants me to be happy for him. I can't hide my emotions well. He gets mad at me for being in a bad mood. Haven't talked for 2 days and is ignoring my attempts at contact.,Why are you so salty?,"He really made me mad, I just wanted to tell him FOAD.",Why are you so tight today?,"Aye, we both vibing on the grumpy side right now. BF wanna see me hyped for him, but it's hard to fake it. He gets mad cuz I can't hide my feelings. We ain't talked in 2 days and he's been ghosting my messages.",0.6860745427020699,0.5134233236312866
" Girlfriend want's a special light, rainbow ""bar"" light that hangs on the wall, reacts to hand clap gestures. Tried searching through Spencers and many sites with no avail. Help!",She posted a total thirst trap on Instagram.,You can totally see her VBL in that top.,She’s been AATK all night working on that project.,"She needs a sick AF, color-changing clap-activated LED bar for her wall, but can't find it anywhere! Any ideas? 💡🤔🔍",0.6109343077007092,0.6955528259277344
" boyfriend is no longer romantic, and seems as if he doesn't care. Even though I have done everything I can.","We’ve been hanging out a lot, but it’s just a situationship.",I think he’s benching me—he texts but never makes plans.,We’ve been in an LD relationship for a year.,"My bf ain't feeling it anymore, seems like he don't give a f**k. I've tried my best though.",0.34735553276175607,0.47310441732406616
 Took a psych study that brought up problems. Need to find some spark of life to invigorate our relationship again.,We’ve been in an LD relationship for a year.,"We’ve been hanging out a lot, but it’s just a situationship.",We’re finally FBO—changed our relationship status!,We took a psycho test that ain't looking good. Gotta find some vibe to reignite this ship ASAP!,0.45821198779790356,0.2793048620223999
" Met girl, became kinda close, discovered via fb she has a bf that she never mentioned, asked her out anyway.",She’s a GRL I met online.,"We were talking for weeks, and then she just ghosted me.","She’s my FBB, we met through a group.","Met GRL, got pretty cool, found out thru FB she's got a BF, slid in her DMs anyways.",0.6195090564994601,0.6850014925003052
" this girl really likes me, but i'm only so-so about her. I want to keep dating her even though I'm not really attracted to her...",Stop simping over her.,"We’ve been hanging out a lot, but it’s just a situationship.",She’s a GRL I met online.,"She's totally into me, but I'm just kinda vibing her. Still, I'mma keep swiping her up even though I ain't feelin' it that much.",0.4568052301776706,0.44269633293151855
" Uncle offers around $12,000(maybe more) for schooling and I don't what my next step to take is as far as getting my Mechanical Engineering degree.",FC that I get the job!,"Sheesh, that’s a lot of money!",His coding skills are so l33t.,"Aye, uncle offered some decent cheddar for school, but now I'm stuck on what move to make for that Mech E deg, bro!",0.38490888575437654,0.2989036440849304
" Need to fix my relationship by stop being a ""nice guy"" and getting walked over without becoming a douchebag. Do not give me the ""break up"", ""there are plenty of fish in the sea"" answer please...","Don’t worry, TTTT—it’ll get better.","We’ve been hanging out a lot, but it’s just a situationship.","He ghosted me months ago, and now he’s zombie-ing by texting me again.","Gotta stop playing the ""goody two shoes"" and stop letting people walk all over me, without turning into a jerk. Don't even think about telling me to break up or that there's always someone better out there.",0.652057100448582,0.6115934252738953
" Minor friend was not violent at Mayday protests, but ""failed to disperse"" when told to by police, got sent to juvie for three days and released without being charged, now he's being charged.","Things got heated last night, total UDS.",That SNERT really needs to learn some manners.,"This party is getting boring, GGOH.","Homie didn't throw down at Mayday, cops told him to lit, ended up in J, out after 3 days, now they're tryna slap charges.",0.6435033026824697,0.6221866607666016
" Found two years worth of pics, flirty e-mails between my then-girlfriend (now wife) and another guy. Now married, I'm finding myself in a predicament. Do I love or leave?",We’ve been in an LD relationship for a year.,"I’ll handle it myself, MYOB.",I’m spending the weekend with my bae.,"I found two years of flirts with another dude, from when GF was my WIFE... now hubby's stuck between a rock & a hard place. Gotta choose: stick or split?",0.6020857829631531,0.4839499592781067
" Met a guy online. Really liked him. Second date was awesome. He told me he's trans, planning on a third date, but not even sure what to do?!",I met someone through OLL!,My B/F is meeting me later.,I think he’s benching me—he texts but never makes plans.,"I matched with this person online, vibing hard. Second linkup was lit AF. They dropped the bomb they're trans before our next hangout, which is gonna be trippy, but we're still feeling it. Not sure how to navigate this though...🤔💭🔥🚀🌈",0.6954316198825836,0.39086323976516724
" girl is giving me the cold shoulder, not sure if it's because she's genuinely busy or because she has no interest in me.","She’s always late—kind of a pink flag, but not a dealbreaker.",Stop simping over her.,"She texted me, IWSN!","She's ghosting me, can't tell if it's 'cause she's swamped or just ain't feelin' me.",0.3245742001939678,0.39984092116355896
" Dog almost bit a friend's girlfriend who showed up to my house drunk, screaming, and without an invitation. Would I be held liable for her injuries if my dog attacked?","Yo, just peeped the cutest pupper on my walk, fr.",My dog has the zoomies.,My dog has the zoomies.,"My dog almost snapped on that girl who crashed my crib lit AF, no invite and wasted. Wyd if she gets hurt, I gotta cover the bills?",0.7152075749355009,0.6270910501480103
" Girlfriend slept over cousins house. She brought a guy over and another cousin walked in on them and told me. She confirmed, but told me nothing else. What can/should I do?",She texted me LHSX after the party.,Stop simping over her.,I’m going out with my GF tonight.,"GF crashed at cuz's place, bro brought some dude, other cuz caught 'em red-handed. She admitted it, ain't said much else. Wyd? (What you doing?)",0.5747021820571614,0.4014819264411926
 1) My boyfriend doesn't seem to like naughty pictures.  Why??   2) How do i tell him I need to be told I'm sexy without looking insecure?,The YG was polite and well-dressed.,He's so thirsty for likes.,"He keeps telling me I’m overreacting, but I think he’s gaslighting me.","1) BF ain't feeling thirst traps, wtf? 🤷‍♂️",0.2516112365550942,0.36471831798553467
" My susceptibility to misunderstands, and tendency to avoid confrontation, makes me paranoid about whether my friends like me. Often times leading to confrontations where I realize I imagined most of the problems in my own head.","He keeps telling me I’m overreacting, but I think he’s gaslighting me.",‘Be yourself; everyone else is already taken’—QOTD.,"I’ll handle it myself, MYOB.","Ain't tryna read too much into it, but sometimes I stress 'bout if pals really feel me cause I got a habit of misreading and avoiding drama. Ends up in face-offs where I realize I was just trippin'.",0.6160367023086284,0.539552628993988
 reasons I want to leave my wife: I don't love her and I find her company unpleasant even though she loves and supports me. what would be good reasons to end a marriage?,"She’s always late—kind of a pink flag, but not a dealbreaker.",Stop simping over her.,Why are you so salty?,"My gf ain't vibing, I ain't feelin' it either, plus she's always on my case even tho she supports me. What's some fire reasons to call it quits in a relationship?",0.5245984050540713,0.4951801896095276
" The girl of my dreams is my best friend, and i cant find a way of going about asking her out with a chance of rejection and losing our friendship.","She’s my BFF, we tell each other everything.",We’ve been BFFL since high school.,"Take care, AAYF, until next time!","My GFY (Girl Friend Goals) got me caught up, can't cop a vibe without risking the WL (Wrecking the friendship).",0.3729058111968793,0.21949583292007446
" I'm worried that my boyfriend is more into his frat than he is into me, and I'm not sure what to do about it.","He keeps telling me I’m overreacting, but I think he’s gaslighting me.",My B/F is meeting me later.,"We’ve been hanging out a lot, but it’s just a situationship.","My B/F's vibes are off cuz he's way too obsessed with the bro-gang, and idk how to navigate this mess.",0.481568043953494,0.43682029843330383
 Caught dad on ad for casual sex - been married to my mom for 17 years - not sure what this means. Advice welcome.,"He’s such a MOMBOY, always calling his mom for advice.","PIR, can’t talk about that right now.","They’re not dating, just FWB.","Dad got caught on a hook-up app - been married to mom for almost two decades - confused af, any deets appreciated.",0.5659047867122449,0.6054937839508057
 My 13 year old Beagle is throwing up a lot and I probably won't be able to take him to a vet.,"Look at that dog, such a QT!",My dog has the zoomies.,My dog has the zoomies.,"OMG, my 13-year-old Beagle's been tossing cookies hardcore, can't even hit the vet rn. 😔🐾",0.5312830375667423,0.6747544407844543
 messages a friend of a friend and I am only getting one word responses back to my attempts to get to know her.,"I sent the message, still waiting for a QSL.","She’s my FBB, we met through a group.","We were talking for weeks, and then she just ghosted me.","Hit up a FOMOF's chick, just getting one-word vibes in my thirst traps.",0.3739840204200586,0.332455575466156
" Sister still learning about sex is going to watch 50 shades on the cinema with friends, and I think this is a terrible idea. She also asked me what would be good movies as a replacement.",That movie is rated 4AO.,"Yo, wanna vibe later and catch a flick?","Yo, wanna vibe later and catch a flick?","Yo, sis that's still figuring it out wants to catch ""Fifty Shades"" at the movies with her crew, I reckon that's a wild idea. She's even hit me up for some better movie recs instead. What do you got for her, fam? 😉",0.748755607413453,0.7218879461288452
 My boss left his dog in a hot car all day and she died. What do I do about my feelings of hatred towards him?,She's completely unbothered by the hate.,"I’m so mad at him, he can BIH.",She's completely unbothered by the hate.,"Yo, my boss left his pup in the ride all day and it passed, now I'm tryna figure out what to do with these intense dislike vibes for him. 🤦🏽‍♀️🐶🌞💔",0.6758480261897777,0.6591752767562866
" Don't lie to your parents. Even if you are hiding something, just say it fucking right now! There's no point in hiding something till you get fucked up!","Keep this on the DL, it’s a secret.","We stayed out late, KPC!","Can’t talk now, P911!","Ain't tryna front, but spill the truth ASAP! No use in keeping secrets 'til ya turnt! 🙌🏽😅🤐🔥",0.4221945920974594,0.4842783808708191
" Open relationship, lied to gf told her I was going home and went to music festival instead. GFs friend passes away, on bus back early to see her. Feeling resentment, am I a dick?",Are you bringing a MOOS to the party?,"She’s always late—kind of a pink flag, but not a dealbreaker.","IMS, I didn’t mean to offend you.","Aye, open vibes but pulled a fast one on the bae, said I was heading home, ended up at a fest instead. Homegirl's pal kicks it, gotta hop off the bus early to support. Now feeling some bad vibes, am I a jerk?",0.7582110166549683,0.5164220333099365
 Shot music video. Label hasn't paid after close to 2 months and wants to make significant changes for no reason without telling me. I'm not okay with this. Exerting my copyright claims to ensure I don't get screwed.,"Could you send me the file, WYGAM?","I don’t know the law on this, IANAL.","The blog post is still EIP, I’ll send it when it’s ready.","Dropped the vid, label still ain't paid up after 2 mos and trying to pull changes w/o warnin'. Not cool. Claimin' my rights so they don't shaft me. #CopyrightOnPoint",0.7598780919475239,0.6887312531471252
" what I really want to know is: am I allowed to be a housewife in this society or should a relationship only work if I am working, too?",I’ll check with my YF before making plans.,I USU work from home on Fridays.,She's living the boujee life.,Am I allowed to be a HWife in this society or do I gotta grind too in the relationship?,0.6213446515418816,0.7440743446350098
 Trying to make new and better friendships. What green flags should I look out for and what red flags should I avoid like the plague?,My BF and I have known each other for years.,Friends 4EVA!,Stay woke.,Trying to cop some fresh friends. What's good vibes only signs (green flags) and toxic vibes I gotta swerve (red flags)?? 🤘🏽,0.7761387352798124,0.6658508777618408
 I have a large amount of numismatic coins and bullion that need to be moved across the country quickly but correctly. What do I do?,"Be careful online, DBEYR.","I might move abroad one day, YNK.",I’m trying to stack up this gaup before the weekend.,"Got some mad stacks of rare coins n' gold to transport cross-country ASAP, what's da move?",0.6349957931239849,0.6605733036994934
" I'm a lucky and spoilt grownup child, and have hurt my parent feelings unintentionally through goddamn social media. Any ideas?",I spend way too much time on SM.,"POS, talk later.","PIR, can’t talk about that right now.","Oof, I accidentally vibed my P's wrong on SM, any tips to fix it?",0.2567502381151072,0.18109050393104553
" I like this girl but she may have a thing for another guy, and my confidence is so low that I want to make sure this is a yes before I ask. Please help me",She texted me LHSX after the party.,She’s a GRL I met online.,I gave her a KOC when we said goodbye.,"She's lit but I think she got someone else vibing, my mood is so down I need to be sure it's a YASB before I hit her up. Plz help me LMAO",0.5575599212230408,0.3948982357978821
" Confused between ""Seeing someone"" and ""Going out with someone"", trying to decide between asking out a girl I like or ""seeing"" one I've just met.","Before making a decision, think WWJD.",I’m going out with my GF tonight.,My G/F is meeting me after work.,"Struggling if I should ask out the girl I like or just vibe with the new chick I met, tryna figure it out.",0.5447250406497733,0.507732629776001
" I have a new girlfriend, and my female friends are inviting her out without me and I'm not comfortable with that just yet. Reasonable?",I’m going out with my GF tonight.,I'm about to snag some eats before I dip with the crew.,I'm about to snag some eats before I dip with the crew.,"My GF is new, but my girls are trying to link her up without me, and I'm not cool with it just yet 😕🤔👀 Reasonable?",0.5096658232139418,0.5761183500289917
 I have a hard time saying no to people I don't like. How can I learn to say no to them in order to stop being friends with them?,Stop simping over her.,"Take care, YBIC.","I'm just gonna bloque with my squad this weekend, no cap.","I struggle to ghost on peeps I ain't feelin'. How can I learn to block 'em and drop 'em to clean up my crew, no cap?",0.4084290372945595,0.3182431161403656
" multiple break ups messed me up, wondering if where and how to meet women again, feeling lonely and lost, looking for guidance/input into how to rebuild myself again","Hope you’re doing well, TAUMUALU.","It’s been so long since we hung out, MU!",LTNS! How have you been?,"AYO, been thru a rough patch with all the break-ups, now tryna figure out where n how to vibe w/ girls again, feelin' lonely af n need some tips on how to get my life back together 💔💕💪🏼✨",0.774320644602551,0.6622146964073181
" I dislike my current job at the Goodwill, but I need the money. Thinking about splitting my time between there and Target. I might need to quit the Goodwill altogether, but Target only offers 20 to 25 hours.","I'm hitting the mall later, fr fr.","Yo, I’m vibing with the idea of hitting the mall later, fr.","Yo, I’m vibing with the idea of hitting the mall later, fr.","Aye, my gig at Goodwill ain't it poppin', but the bills don't pay themselves, feel me? Thinking bout balancin' time between there and Target. Might have to ditch Goodwill completely, but Target can only give me 20-25 hours.",0.7913468707961719,0.7516688108444214
" Boyfriend is short (I don't mind him being short) and feels like shit but has tall dad and really good and healthy habits, will he ever grow?","He’s such a MOMBOY, always calling his mom for advice.",He's zooted right now.,He's zooted right now.,"Shortie got game (don't care about his height), feels crappy but pops with a tall dad and clean habits. Will he ever level up?",0.5987126241100131,0.7265111207962036
 Son screams at his elderly mother so often that my parents and I are scared for her. What do I do without any backlash against her and my parents as neighbors?,"Can’t talk about it now, PRW.","He’s always calling his mom for advice, such an MB.","He’s such a MOMBOY, always calling his mom for advice.","This guy's always yelling at his old lady mom, got me worried about her. How to handle without causing drama with neighbors? 😨",0.6331127929885632,0.6568073034286499
" bitchy coworker who hates morning shift gets a loud ""wake up call"" to ensure she has a great rest of the day.",I H8 waking up early.,"That woman asked to speak to the manager, total Karen move.","She’s breadcrumbing him, always texting but never wanting to meet.","Bitchy coworker who hates mornings gets blasted with a loud ""wakey wakey"" to vibe better for the day.",0.5847707958762995,0.8371316194534302
 My boyfriend [M19] was diagnosed with ASPD (psychopath). Do you think he could love me [F19]?,"He keeps telling me I’m overreacting, but I think he’s gaslighting me.","I’m so mad at him, he can BIH.",He’s into ERP in online games.,My bf [m19] got diagnosed as a psychopath. WYD abt his feelings for me [f19]?,0.5831474775752863,0.7507824897766113
 My questions is...what do I need to do differently to be taken seriously to find a relationship that balances love and sex??,"Stop messing around, get your HUYA and focus!","Everyone’s cuffing this fall, it’s relationship season.",You’re being so unserious about this important issue.,What do I gotta do to level up my game and find the perfect balance of love and lust?? 🔥💘🔥,0.4264046469718796,0.4926984906196594
 Have a chance to invest in a small business. What do I need to know or ask going in so I can make the right choice?,"Before you invest, make sure to DYOR.",Make sure you do your DD before investing.,"TMA, don’t invest in that stock.",Wanna cop a slice of that small biz? Spill the T on what I gotta consider before I invest?,0.5170649195972241,0.5078140497207642
" I chose to avoid my girlfriend of two years at our graduation rather than meet her parents and pretend to be just a friend, am I a shitty boyfriend for not being supportive?","She’s always late—kind of a pink flag, but not a dealbreaker.",I’m going out with my GF tonight.,"They’re not dating, just FWB.",I dodged my GF of 2 yrs at grad to skip the fam meet-n-greet and pretend we're just buds—am I a bad bf for not playing along?,0.44442611131971893,0.5287414193153381
" I'm looking to fly on the cheap, last minute, with a tight budget and an inflexible schedule. What are some of the things I can do to make it happen?","Gotta run, BBIAB!","What’s your plan? IGN, honestly.",I’m trying to stack up this gaup before the weekend.,"Trying to score a low-key deal for a last min trip on a budget and time crunch? What's the tea on hacks to make it happen, fam?",0.4754041197227309,0.5075949430465698
" fell asleep in my kitchen, leg fell asleep, tried to get to bed, fell and sprained my foot. Fuck.","I was so tired, I went to bed and was out in seconds, ZZZZ.","Had a minor ACDNT on the way home, but I’m okay.",I'm mad dead tired today 'cause I napped like no cap.,"I was snoozing in the kitchen, my leg went numb, tried to get to bed but tripped and twisted my ankle, oof! 🤕",0.5799835542232377,0.7998563051223755
" I've known a girl for a long time, but never really been in contact, I just fucked up a conversation, should I try and talk to her in person, or DM in Instagram.","We’ve been talking online for months, let’s MIRL soon.",She’s a GRL I met online.,"We were talking for weeks, and then she just ghosted me.","Yo, I've known this GRL fo' a while, but we ain't been vibin'. I just messed up a convos, should I hit her up MIRL or slide into her DMs on Insta?",0.6339345712245666,0.5476475358009338
" havent asked a girl out in years, theres this pretty girl at my bank, but too pussy to ask her out after many attempts, and keep choking, fuck me right..","She texted me, IWSN!",Are you bringing a MOOS to the party?,"Got rejected for the third time, feelsbatman.","Ain't asked a gal out in yonks, there's this fine one at my bank, but still too scaredy-cat to pop the question after multiple tries, just keeping on fumbling, damn it... (I tried to maintain the essence of your formal sentence)",0.7323850517127652,0.5783435106277466
 Girl has nothing to do for an hour but is obviously interested in hanging around with me; oblivious me says goodbye and heads home. Am I an idiot?,I’m DN to hang out later.,"Yo, wanna kick it today?","Yo, you got time to chill tomorrow arvo?","Girl's lit AF chilling but clueless, still I'm outie, gtfoh. 🤔🤦‍♂️",0.37845704058530916,0.28599995374679565
" SO wants to stop having sex before we're married in four months. I'm struggling with the idea, but don't want to change her mind.",I’ll check with my YF before making plans.,She texted me LHSX after the party.,"She’s always late—kind of a pink flag, but not a dealbreaker.","They gon' wanna chill on the bedroom action til we tie the knot in 4 months. I'm tryna vibe with it, but ain't trying to shift their perspective.",0.46383715674817727,0.34595686197280884
" Sometimes feel jealous of SO's past relationships, even though there's no need to. Also feel generally insecure and comparing myself doesn't help. How do I get over these feelings by myself?",Why are you so salty?,Stop simping over her.,"He keeps telling me I’m overreacting, but I think he’s gaslighting me.","How do I stop being green with envy over my S/O's exes and chill about my self-doubt, without any help? I gotta figure it out on my own.",0.4781837577304682,0.5408550500869751
 Guy stopped texting me for a month and randomly texts me asking how I am and apologizing for falling off the face of the earth. Should I even respond? Why is he texting me now?,"I texted him last night, but I got NR.","He’s been texting me nonstop, he’s so thirsty.","He ghosted me months ago, and now he’s zombie-ing by texting me again.","He ghosted me for a month then hit me up outta nowhere, apologizing and asking how I'm doin'. Ain't tryna be rude, but why now tho?",0.4771860653838953,0.5388596653938293
 Im [20m] supposedly best friends with a girl [20f] who doesn't seem to take must interest in maintaining our relationship or put the effort in.,"They’re not dating, just FWB.","Even though we’re miles apart, we’re BFFLNMW.","We’ve been hanging out a lot, but it’s just a situationship.","She ain't tryna keep up w/ us, just chilling as casual acquaintances.",0.3780492911130768,0.39598777890205383
 if I refer 1200 people to register at a website they will send out an iMac that I can use for my startup graphic design biz. The link is,Just CLK here to sign up.,"If you sign up for that site, you’ll get S4L.",Make sure you read the TOS before signing up.,"If u refer 1k ppl to sign up, they'll hook ya up wit an iMac for ur graphic design biz! Here's da link: [refer_link] 🎉💻🎨",0.5655130909915775,0.7432145476341248
" things were going swimmingly with (what I perceived to be) the girl of my dreams, now she's being incredibly distant. Is it because of my planned holiday? Or is she just off me?",I’m going out with my GF tonight.,"She’s always late—kind of a pink flag, but not a dealbreaker.","We were talking for weeks, and then she just ghosted me.","She was vibing super hard, thought she was my one and only, but now she's acting icy AF. Is it 'cause I'm going on vacay? Or did I get dumped for no reason?",0.5104536656032308,0.3560873866081238
 Girl has no hair. Didnt notice until she told me. Now i dont know if to break up or try.,He was EWG me about my new haircut.,Stop simping over her.,I gave her a KOC when we said goodbye.,She's balding? Ain't noticed till she said sumthin'. Dunno if to call it quits or tryna make it work now.,0.39945996567152875,0.52191162109375
" Gf broke it off, I did NC, she reached out, I saw her, then told her we can't keep in touch daily. Did I handle it right? How do I go forward from here?","We were talking for weeks, and then she just ghosted me.","She texted me, IWSN!",She texted me LHSX after the party.,"Ex-GF hit me with the ""it's over,"" did No Contact, she slid back in my DMs, we met up, then told her no cap, we ain't talking every day. Did I play it cool? What's next, bro?",0.6091400328765615,0.5534601211547852
 Is it worth it from a credit score standpoint to get a second credit card when there is no immediate or forseeable financial need to have a second line of credit open?,"IMO, it’s best to start early.","It’s expensive, but OTOH, it’s a great investment.","It was a tough project, but @TEOTD, it was worth it.","Yo, is it worth the credit score bump to cop a sec credit card even though we ain't got any pressing reasons to have another line on deck rn?",0.5396022262500594,0.6359911561012268
" What seasoning blends can I make in advance to toss in with the water and rice, ""Uncle Ben's"" style, that still taste good?","That dessert looks amazing, GGMSOT!","I’ll pass on dessert, NFM.",WUW for dinner tonight?,"Wazzup abt makin' some flavor packs in advace to chuck in wit da H2O n rice, Uncle B-style, dat still slaps? 🍚💧🥘",0.4260095613815117,0.35340416431427
" dealership messed up my title. Car worth less than I bought it for. They offered to give me money back. When I accepted my money back, offered $880 less than they originally said.",I’m putting my old car 4SALE.,"That car is NFS, sorry!",Did you ACPT the terms of the contract?,"Dealership f*cked up my title. Car's value lower than what I paid for it. They offered cash back. When I took the cash, they lowballed me by $880.",0.6547500307044825,0.8939875960350037
 I hate most of my SO's friends. Some act like I'm not even in the room with them. I have extreme social anxiety.. How do I deal with this and make it better?,Stop simping over her.,I'm just chillin' with my squad at the coffee spot.,I'm just chillin' with my squad at the coffee spot.,"I can't stand a majority of my bae's crew. Some act like I don't even exist sometimes. My social game is weak, yo. Got any tips to vibe with them and boost my cool factor?",0.649646627605787,0.4405674934387207
" I didn't get any free food out of it, no one got fired, but I never went back there at night.  Still felt good yelling at them.","The food was MEH, not great but not terrible.",I hit up the grocery to snag some snacks.,"Yo, just hit the store and stacked up on snacks, fr fr!","Ain't nobody slid me some free grub, no job losses, but still, never rolled up there post-sunset. But shoutout for the rant sesh, it was lit!",0.5652699757398331,0.4103183448314667
" My brother has a picture of him and his crush in his wallet, I'm worried he might be getting a little obsessive and creepy, but he doesn't see it that way. Is it creepy?","He’s SMEXI, isn’t he?",He's so thirsty for likes.,"He’s been texting me nonstop, he’s so thirsty.","He's prolly got her pic on smash, thinking he ain't crossing the line, but it might be getting a tad stalkerish, no? Creepy vibes tho?",0.6083286944518789,0.5518374443054199
 My brother died 9 years ago. At the time he was married to the same girl that I am now engaged to. How do I tell my family?,Going to visit my OL this weekend.,"Praying for you, YSIC.","Keep this on the DL, it’s a secret.","That's rough, bro! But yo, gotta spill the tea about the past love and my future bride. Gonna need to drop a truth bomb, fam.",0.5541074801845234,0.27719002962112427
" My boyfriend has an extra ticket for a game today, but instead of asking me, he just keeps the extra ticket.",He’s got VIP access to the event.,DNT forget to bring the tickets!,My B/F is meeting me later.,"My B's got an extra pass for the game today, but instead of hitn' me up, he kept it for himself.",0.4209840917686346,0.537259042263031
 my SO's semi formal is equivalent to my casual. I have a dress for a wedding that is less then a week that is potentially fancier then the brides dress. Help,She wore the same dress as the bride at the wedding? Big yikes.,That dress looks VN on you!,You’re looking 6Y in that outfit!,"Omg, bae's semi formal is basically my casual. I got a fancy AF dress for a wedding coming up in less than a week, and it might be more lit than the bride's dress! Any ideas? 😂🤔😮🔥🎉",0.7710005428817464,0.7940786480903625
" anyone ever meet/start liking someone who was in a bad relationship, and end up with them (in a non-cheating, non-home wrecking way)?","Everyone’s cuffing this fall, it’s relationship season.",I met someone through OLL!,"We’ve been hanging out a lot, but it’s just a situationship.",Anyone ever link up wit somethin' casual after they were stuck in a toxic ex-situation? 😅,0.43791201359842624,0.46031156182289124
 I'm asking for you to consider the lonelier members of Reddit and their reactions to the posts that have reached the highest ranks on a holiday that excludes the temporarily intimately stranded.*,Hanging out with my PEEPS this weekend.,"I’m heading out for a CB, anyone joining?",I’m using some PTO to take a vacation.,"You're vibin' to upvote the solo Reddit peeps on top posts on Holiday for the Homies, skipping over those stuck in Wifi jail*? *Translation note: In this example, ""Holiday for the Homies"" is a term used for Valentine's Day, and ""Wifi jail"" refers to poor internet connectivity.",0.659865982562221,0.4056045413017273
" I've been out to sea for 10 months, and I'm terrified that it may have ruined my marriage. What do I do?","I’ll handle it myself, MYOB.","I'm sooo hyped for my trip to the beach, it's gonna be lit!","I'm sooo hyped for my trip to the beach, it's gonna be lit!","Ayy, I've been MIA for like 10 months at sea, and now I'm scared my marriage might be sunk! Wtf do I do now? 😅",0.5979426967140049,0.8080737590789795
 always ask for directions when interviewing even if you know the area well and always take your cellphone...GDMFSOB....,You better ST&D before you get into trouble!,What’s your ETA? The meeting starts soon.,Turn on your CAM for the meeting.,"Always ask for the deets (details) during interviews, even if you're familiar with the place, and never forget to bring your phone! GDMFSOB (Gotta Do Me Some Office Business) 😎📱🗺️",0.7852346282916716,0.7671451568603516
" had a great relationship, but now girlfriend is clinically depressed. She makes me feel unwanted sometimes and I know it's not entirely her fault but it's hard to deal with. She still confides in me and stuff. Help?","She’s always late—kind of a pink flag, but not a dealbreaker.",Stop simping over her.,She's throwing shade at her ex.,"Girl's battling some serious depression vibes and it hits hard sometimes, making me feel like a ghost in our own relationship. But she still trusts me, ya know? Help? (#DepressionAwareness)",0.8318616151809692,0.6637232303619385
" been having sex dreams about a girl who used to fancy me before she had a bf, but I dont fancy her at all. Should I tell my girlfriend or just forget about it?",She texted me LHSX after the party.,I’m going out with my GF tonight.,Are you bringing a MOOS to the party?,"Hypothetically, if I've been having some wild sleep fantasies 'bout an ex who once had the hots for me but I ain't feelin' 'em anymore... should I spill to my GF or just let it slide and move on? 🚀💭💕",0.5971574727187856,0.5294950008392334
" I've realised I'm worthless in the free market and my plans that I worked so hard for, my best achievements, will not help me. I dread every day.","Work was brutal today, ADIH.","I’m not looking for anything serious, just NSA.","Work was tough today, but ADAD.","I'm straight up struggling out here, can't catch a break in this capitalist game. Life's been a drag lately. ADIH.",0.5195150125224834,0.4296117424964905
 I am on the road to success and he is content with living paycheck-to-paycheck. Should I stay or should I go?,"You need tax advice? IAAA, I can help.","Before making a decision, think WWJD.",I think he’s benching me—he texts but never makes plans.,"Yo, I'm grinding for the bag while he's still on a budget vibe. Time to level up or ghost?",0.3122901285371622,0.20906779170036316
" Long distance girlfriend suggests that we are ""like friends with benefits"" due to the distance, and I'm confused about what this means for the future of our relationship.",We’ve been in an LD relationship for a year.,"Even though we’re miles apart, we’re BFFLNMW.","They’re not dating, just FWB.","LD GF got me thinking we're just FWB vibes now, and I'm unsure 'bout the future feels.",0.4591812151290703,0.4197474718093872
 I want to move in with GF (w/o getting married). My parents aren't super conservative but just enough. I need advice.,"PIR, can’t talk about that right now.",She texted me LHSX after the party.,"Before making a decision, think WWJD.","I wanna cop a pad w/ GF, but parents are kind-of old school, help vibes needed.",0.5016561496455914,0.3938940167427063
" Run out of things to do in a happy 3 year relationship. Should I seek to remedy this, or simply accept it?*","We’ve been hanging out a lot, but it’s just a situationship.","She’s always late—kind of a pink flag, but not a dealbreaker.","I’m not looking for anything serious, just NSA.",We're bored AF in this 3-year situation. Should we spice it up or just ride it out?,0.42955543270071456,0.4712992310523987
" girl I'm dating is paranoid but keeps stalking my ex and thinks everything she posts is about me, thus affecting us when we're doing fine.",She's throwing shade at her ex.,"She’s breadcrumbing him, always texting but never wanting to meet.",Stop simping over her.,"My gf keeps lurking on my ex, thinking every post is bout me, messin' up our vibe even though we're chillin'.",0.5527861828288874,0.6900599002838135
" Girl with ugly past, doesn't do it anymore but has slept with 8 guys since sohpmore year. We're seniors now. How do I get over her sleeping with 8 guys?",Stop simping over her.,"She’s always late—kind of a pink flag, but not a dealbreaker.","It’s been so long since we hung out, MU!","Girl from the dodgy past, ain't been up to that since sophomore yr but still hooked up with 8 dudes since then. We seniors now. Wtf do I do about her being around with 8 dudes?",0.6497829008300549,0.6901475191116333
 How do I deal with an extended visit from an old friend who takes no initiative and just wants to follow me around?,"Take care, AAYF, until next time!",Going to visit my OL this weekend.,"She’s breadcrumbing him, always texting but never wanting to meet.","How do I handle my old pal crashing for way too long, always clingy and following me everywhere?",0.39584963263071804,0.4869901239871979
 Parents are pressuring me and getting very angry at me. I can't handle this stress and don't know how to confront them about it without causing more trouble.,"PIR, can’t talk about that right now.","We stayed out late, KPC!","Can’t talk now, P911!","This is heavy, fam. I'm feeling the heat from PIR and it's a vibe I ain't coping with. Got no chill on how to sort this out without making things even crazier. SOS!",0.3183126020196237,0.1103094145655632
 I have a hard time connecting with people/ wanting to be friends with people.  Is this normal?  Any protips?,"We’re FBFs, but we haven’t met in person.",My BF and I have known each other for years.,"OOTD, just vibing with the crew today, no cap.","Aye, sometimes vibes don't click, that's lit. Got any tips? Probs try new hangouts, drop some DMs, or just flex your best meme game, no cap.",0.5936459135728529,0.38396772742271423
" During a rough patch with my boyfriend of a previously always happy relationship, began to develop feelings for a co-worker and am now not sure what to do.","We’ve been hanging out a lot, but it’s just a situationship.","They’re not dating, just FWB.","Everyone’s cuffing this fall, it’s relationship season.","I'm in a pickle at work with a crush on a colleague while dealing with a rough patch with bae. Oof, decisions!",0.4557346756521024,0.38515356183052063
 Where are you really glad that you didn't buy bargain basement?  What did you skimp on where it didn't make a difference -- or where it *did* make a difference?,I got a great deal through OA.,"Yo, just dived into this sick new spot downtown, it's fire!","Yo, just dived into this sick new spot downtown, it's fire!","Aye, where would I be thankful for not copping cheap stuff from the dollar store? I mean, maybe I saved coins on some snacks but ended up spending more on better quality later. And there were times when I skimped on that expensive gaming setup, but it didn't really affect gameplay much. But man, when I splurged on those premium headphones, it was 100% worth it!",0.7102833986282349,0.4205667972564697
" New relationship with a girl I love, but she likes another guy I'm positive and I don't know what to do.",I think I have a BCO that new guy.,"We’ve been hanging out a lot, but it’s just a situationship.",Stop simping over her.,"Yo, got a GF but she's into someone else and it's fo shizzle complicated. Got no clues, wtf now?",0.45988850324437885,0.3657603859901428
 I didn't let a littler girl with no arms or legs go down the slide in fear she might drown. Her dad called me a bitch and she swam fine... Still feel like shit to this day.,"Had a minor ACDNT on the way home, but I’m okay.","If they don’t like it, they can KMA.",I’ve been SK8NG since I was a kid.,"Ain't slid that kiddo with no limbs cos I was scared she'd drown, her pops called me a hoe but she was swimmn' just fine... Still got the feels, smh.",0.6988253537307485,0.7328307628631592
 Didn't pay attention to which bowl had the compost and ended up having my teacher yell at us while swearing for possibly the first time.,"Here’s a photo from high school, TBT!","Spill the tea, what happened?","That was pretty funny, I’m LQTM over here.","I accidently mixed up the compost with the snacks, now my teacher's goin' OFF on me, swearing like never before! 😅🤷‍♀️🤬👩‍❤️‍💦🚀",0.6233019772659047,0.5817840099334717
" Girlfriend and I are having some trouble adjusting to her new work schedule, which has us spending a lot less time together than we're used to / than we'd like.","We’ve been hanging out a lot, but it’s just a situationship.",We’ve been in an LD relationship for a year.,I’m going out with my GF tonight.,"GF & I are vibin' differently 'cause of her new work schedule, we ain't got as much time together as usual/want.",0.647165993904473,0.7126145362854004
 Corporate folk want to make a poster with my picture and a short bio and put it on sales floor. I am want to say no without fear of losing my job.,"That image is NSFW, don’t open it at the office!",I’m going to CRE8 a new logo.,I’ll keep this job USBCA.,Corp trying to put me up on that wall st. gotta decline without getting fired.,0.3082838626449458,0.28415775299072266
" My best friend cheated on his wife and needs to choose between her and his mistress, I don't know what to say.","She’s my BFF, we tell each other everything.",He's such a simp for her.,"Before making a decision, think WWJD.","Yo, my boy's playing both sides and now he's stuck in a love triangle! WTF does he do now? 🤷‍♂️💔",0.2449696162442091,0.18523009121418
" Like a girl, but we have to work together for the next 4/5 years and she has a serious LDR, worth even thinking about?","We’ve been hanging out a lot, but it’s just a situationship.","She’s always late—kind of a pink flag, but not a dealbreaker.",We’ve been in an LD relationship for a year.,"She's kinda a WLR (Wifey Material), but we gotta collab for the next 4-5 years—she's in an LD situation too. Is it worth considering?",0.6736887883281444,0.65485680103302
" met a cute kinky [f] online.  set up date, got to sexy chat.  turns out shes a [mtf].  I am confused now. help?",She’s a GRL I met online.,She texted me LHSX after the party.,"We were talking for weeks, and then she just ghosted me.","Met a cutie with some spice online, planned a vibe sesh, turned out she's trans. I'm feeling shook now, need some advice!",0.562081888607004,0.5701471567153931
 dating 3 years and have less in common now then before and I don't feel as attracted to her physically or emotionally .,"We’ve been hanging out a lot, but it’s just a situationship.",Stop simping over her.,"Everyone’s cuffing this fall, it’s relationship season.","We been together for 3 years but we ain't vibing like we used to, no longer got that physical or emotional spark.",0.5122392187488376,0.5535643100738525
" 230 in 2008, promise to run with brother in 2012. Reached goal weight of 175 in 2012 and wanting to keep that for 2013.",I’m hanging out with my BIL this weekend.,"I finished the race DFL, but at least I finished!","That bowling split was tough, but NS!","I hit 230 back in '08, promised to run with my bro in '12. Hit my goal weight at 175 in '12 and wanna maintain that for '13.",0.635609557754115,0.7449033260345459
 my mom blows a fuse anytime she sees gf in my bed regardless of me in there with her or not and she has a tough time dealing with the rules as do I what should we do,"Can’t talk about it now, PRW.","She’s always late—kind of a pink flag, but not a dealbreaker.",She's living rent-free in my mind.,"Mom's freaking out whenever she catches GF in my bed, even if I'm there too. Rules are a struggle for both of us. Gotta figure something out.",0.7559568617812814,0.736290454864502
" Looking for a reasonable book on the atheist perspective towards christianity, not a militant book aimed at the unfaithful",Feeling down? RYB for inspiration.,ITT: People share their favorite books.,"In tough situations, ask yourself WWJD.","LFK A balanced read 'bout atheism vs Christianity, not some aggressive stuff targeting believers. (LFK = looking for kind of)",0.6008630092784639,0.5646069049835205
 Told my cousin who told his girlfriend who told my brother's girlfriend who told my other brother that my middle brother got his girlfriend preggers.,CFS? I have some juicy gossip.,"PIR, can’t talk about that right now.",I’ll DM you the details later.,My lil bro's GF dropped a bomb - she's knocked up my middle bro!,0.4246885890445551,0.4338647127151489
 I don't know how to get what I want out of friendships. It seems like I end up in friendships where I get taken advantage of and treated like an object.,My BF and I have known each other for years.,"We’re not as close anymore, just BFFN.",We’ve been BFFL since high school.,"I can't seem to find my vibe in friendships, always endin' up gettin' played or used like a toy.",0.5287663700507949,0.6143194437026978
" Had a one night stand with my roommate, things have been weird, i do not want to loose her as a roommate or the place we live in.",I’m going out with my GF tonight.,Are you bringing a MOOS to the party?,"She brought a whole suitcase for a weekend trip, she’s so extra.","I hooked up with my roomie last night, vibes are awkward now, don't wanna lose her or our crib.",0.4473836483882735,0.45155400037765503
 ) my SO and I are at opposite ends of the gender role spectrum mentally and emotionally and I'm seeking to reconcile it and get her to open up to me.,Stop simping over her.,"We’ve been hanging out a lot, but it’s just a situationship.",I gave her a KOC when we said goodbye.,"Trying to get my partner to vibe on the same emotional wavelength, cuz she's on a different planet (mentally) and I wanna break that ice.",0.5151994827298907,0.4763823449611664
" My brother got his second seatbelt violation of the year today and I'm worried about his safety, but unsure of how to instill this habit.",That SOAB cut me off in traffic!,You better ST&D before you get into trouble!,He's always flexing his new car.,"Yo, bro just copped his 2nd seatbelt ticket this year and I'm vibing unsafe, don't know how to drill the safety habits in him tho!",0.6887018728454357,0.767985463142395
" gave a dumb guy a wrong formula before an exam, he used the formula we gave him instead of the correct one.",That exam was 2EZ!,"When it comes to math, I’m totally 404.","He forgot his homework again, SMH.","That teacher accidently slid a cap formula to that yoo, and he went ahead using it instead of the right one during the exam, LOL!",0.7248078022472085,0.6739923357963562
" Closet atheist pretending to still be Mormon so he won't destroy his wife and family emotionally, mostly his wife.","In tough situations, ask yourself WWJD.",People are saying he’s canceled after those comments.,"He buys her gifts every day, he’s such a simp.","He's a pretend Mormon ex-Mormon, keeping it lowkey not to hurt his GF emotionally. (Ex-Mormon = closeted atheist, GF = girlfriend)",0.6247810627284802,0.7232463359832764
" Is PRBC trustworthy and worth it to try and build alternate credit as part of the FICO expansion score, considering I have no credit and will be slowly building it?",Make sure you read the TOS before signing up.,"You need tax advice? IAAA, I can help.","It’s expensive, but OTOH, it’s a great investment.","Yo, is PRBC legit for building alt credit and improving my score on that FICO thang since I got no credit? Let's get it poppin'.",0.5979241790698836,0.7526350617408752
" I used to like Jessica, but now I am pursuing someone else. I want to be friends with Jessica, but I don't want her to fall for me.",Stop simping over her.,"We’re not as close anymore, just BFFN.",She’s a GRL I met online.,"I ain't feelin' Jess like before, moved on to sumbody else. Just wanna stay chill with her though, no cap, no feelings involved.",0.5018883953464328,0.532862663269043
" Thought I was over my ex, guess I wasn't. Improving my life isn't helping like everyone said it would, what do I do now?","How’s it going, GG?","Hope you’re doing well, TAUMUALU.","He ghosted me months ago, and now he’s zombie-ing by texting me again.","Guess I ain't done with the ex yet, y'know? Fixing my life ain't solving it like everybody said... So, what now? 🤷‍♀️😓",0.5047840343948216,0.6217564344406128
" Met a girl at a party, we hit it off, traded numbers, I want to see her again but how long should I wait to text her/ what should I do?",She texted me LHSX after the party.,"She texted me, IWSN!","We were talking for weeks, and then she just ghosted me.","Yo, met a sick girl at the party, vibing hard, swapped digits. Thinking 'bout hitting her up again, but like, when's the best time to slide in those DMs? 🤔🤔🤔",0.6846739773605008,0.4829213619232178
" Female friend was willing to move further, I was unsure, she starts being FWB with a friend, I know I'm interested now, what do I do.","She texted me, IWSN!","Even though we’re miles apart, we’re BFFLNMW.",My BF and I have known each other for years.,"AYO, my homegirl was about to level up, I was still tryna figure things out, then she goes and becomes FWB with another homie... now I'm feeling it, WDYT? (What Do You Think?)",0.5987023052003575,0.44948217272758484
" Gf [17F] of 9 months moving & heading to university, but I [18M] am staying home. Advice for long distance.",We’ve been in an LD relationship for a year.,I’m going out with my GF tonight.,My DD is starting school this year.,"GF [17] going off to uni in 9 mos, while I'm sticking home. Any LD tips?",0.5033966624835852,0.7020841836929321
 I have a crush on my former coworker and do not know if I should tell him. Should I just tell him in order to make getting over him easier?,I only see him AAF.,"He keeps telling me I’m overreacting, but I think he’s gaslighting me.",I think I have a BCO that new guy.,Should I spill to that ex-coworker 'bout my feelings so I can move on faster?,0.4536095687557125,0.6579116582870483
" Boyfriend said he would ignore me if I abstained from sex, and that he wouldn't have asked me to move in this summer if we weren't sexually active. Thoughts?",He went AWOL during the meeting.,I think he’s benching me—he texts but never makes plans.,"He was being so rude, so I gave him the MLM.","He tried pulling the ""no-pound"" threat and implied summer move-in was only on deck if things got steamy—what a lowkey creep! 👀🤨💀",0.40926225512311726,0.26450788974761963
 My boss is wonderful and a good friend who is having personal problems of her own - now I have to break the news that I'm leaving for another job after only one year.,BOL on your new job!,"The boss has LFD, we’ll continue tomorrow.","That woman asked to speak to the manager, total Karen move.","My boss is lit AF and we're super tight, but she's got some personal drama going on. Now I gotta drop the bomb 'bout me bouncing for a new gig after just a yeeear 💔",0.6733205092250475,0.43251359462738037
 My SO and I live ~40 minutes apart with busy and conflicting schedules. Looking for some advice on managing our time together,We’ve been in an LD relationship for a year.,"We’ve been hanging out a lot, but it’s just a situationship.","Even though we’re miles apart, we’re BFFLNMW.","My bae and I got diff scheds, living a 40 min drive apart. Need some tips on navigating our time tgl (together)!",0.6372565868983968,0.6096932291984558
 was in a relationship with best friend broke up and tried to give each other space but space made us both feel like we were barely friends. What do I do?,"Even though we’re miles apart, we’re BFFLNMW.","We’re not as close anymore, just BFFN.","We’ve been hanging out a lot, but it’s just a situationship.","Bro, we were official with my BFF, split up, tried keeping distance but it felt like we weren't even cool. Now what? 🤔😅💔",0.5445138613933341,0.5073102712631226
" Parents and brother were fine with it, but he still wants to wait till im 21. I'm going to do what makes him comfortable and I know in 3 years I will be the happiest woman alive.","PIR, can’t talk about that right now.","I’m not looking for anything serious, just NSA.","We’ve been hanging out a lot, but it’s just a situationship.","Aye, fam good wit it, but he still tryna chill till I turn 21. Gonna play his game, 'cause in three years I'mma be the happiest WLF (woman living freely).",0.546574190547922,0.539131760597229
 Guy I was dating has feelings for both his ex and I but I ended things anyway. Was this the right move?,"We’ve been hanging out a lot, but it’s just a situationship.","He was being so rude, so I gave him the MLM.","It happened a week ago, GOI already.","My boo was caught up between his ex and me, but I still ghosted him. Was it F?",0.4134624818355423,0.46681416034698486
" I get grossed out with kissing my boyfriend, I'm not entirely sure why. Any ideas to help me out?","He talks with his mouth full, that gave me the ick.",We had our first KOTL last night.,I’m meeting my BF for dinner.,"I can't seem to vibe with making out with my BF, no clue why. Got any tips?",0.3944072411331113,0.6226094961166382
" Quit my job, had two interviews was not hired at either. Now my GF may leave me and I'll be homeless in a month. ",BOL on your new job!,"You’re fired! JK, I could never fire you.","This job is too stressful, IWAWO.","AITF, had 2 jobs interviews but nada! GF might ghost me soon, and in a month, I'm sleeping under the stars (homeless).",0.5902409459415234,0.6541661024093628
 finance manager told me how much my boss makes. Suspect she's told others. Do I tell my boss? How to avoid looking like a troublemaker?,"That woman asked to speak to the manager, total Karen move.","You’re acting like the boss, WDALYIC?",She gave me a BFG when I told her the news.,My GM spilled the beans 'bout my boss' salary... prob told others too. Should I let 'em know or look like a snitch? Any tips on avoiding drama queen status?,0.6595031108882619,0.5710837841033936
" (Sort of)  I made a choice to not follow an organized religion, a recent relative changing their religious view caused my parents to react...almost crazily.  Should I tell them?  Or leave it be?","PIR, can’t talk about that right now.","We stayed out late, KPC!","You messed up my plans, FU!","Aye, I done dropped the no-religion bomb, and now fam, that recent family member switching up their faith is causing some wild reactions from the 'rents. Spill the tea or keep it on the low, which one tho? 🤔🤔💭🙊",0.6998099011479982,0.48549237847328186
 How to close credit cards and pro and cons of doing so? Is getting legally married a viable way to lower tax if my fiance is still in College and we pay for our expenses together?,"You need tax advice? IAAA, I can help.",Dealing with this paperwork is such a PITA.,"From my POV, this makes the most sense.","Ayo, whassup with the debt situation? Wanna chat 'bout cancelling those cards and the pros and cons? And what about tying the knot legally? If your boo's still in college and y'all cover costs jointly, it might help with taxes. Just sayin'.",0.7904275059700012,0.5808550119400024
" I lost my camera in the stupidest way possible, and now am seeking advice on how to handle this in the least stupid way possible.","I’m home alone, NIFOC right now.",Turn on your CAM for the meeting.,You better ST&D before you get into trouble!,"Lost my phone in the dumbest way ever, need tips to play it cool and fix this ASAP.",0.39928764344252377,0.4938661456108093
" I was basically homeless, bored, and depressed when I found a book in the local library about electronics for beginners, became hooked.  Was 19 at the time",I hit up the grocery to snag some snacks.,I'm mad tired today and vibing in boredom.,I'm mad tired today and vibing in boredom.,"Found myself straight up couch surfing, vibin' in boredom, feeling blue as hell when I stumbled upon a beginner's guide to electronics at the local lib. Turned out to be my new obsession, and I was 19.",0.7750100967296273,0.6912944316864014
" Trying to figure out what order to give my girlfriend Christmas/Holiday presents. (Best gift) Rare Record, (2nd best) Blu-Ray player, (3rd best) 12 Blu-Rays/DVDs",I left a GIC for the baby shower.,"She’s my BFF, we tell each other everything.",TYVM for the lovely gift!,"Trying to decide which bomb ass presie to drop first for the gurl, rare record (lit), Blu-ray player (swag), or stack of flicks (12 Blu-Rays/DVDs)? 🔥🚀💿📺",0.6662231419555368,0.5568230152130127
 Raised my voice and acted like a child when asked to put my feet down off of a chair in a movie theater.,"I couldn’t stop laughing, LMBO!","The movie was so funny, I couldn’t stop LOL.",I was CLAB during that sad movie.,"I lost it when they told me to chill with the chair acrobatics, LMFAO!",0.359944618681131,0.35977843403816223
 I like a classmate of mine who is 16 years older; how do I approach him without being too assertive and scaring him?,I only see him AAF.,"Take care, AAYF, until next time!",Going to visit my OL this weekend.,"AYO, I got a crush on my old-ass classmate (OAC)... how do I vibe with him without coming off too strong and spookin' em?",0.5604632298702018,0.5392090082168579
" I was going to break up with my boyfriend this weekend, just found out he purposefully broke a piece of equipment at work, am I in danger and how do I break up safely?",I’ll be taking some PTO next week.,"We’ve been hanging out a lot, but it’s just a situationship.",My B/F is meeting me later.,"Yo, turns out bae wrecked some gear at work on purpose. Am I in danger now and how can I end things safely?",0.6149843733066337,0.6482512950897217
" If a woman enthusiastically agrees to see a Friday night show with you after you've both already kissed and previously expressed romantic feelings for each other, how likely is it that you have still been friend-zoned?",We had our first KOTL last night.,She texted me LHSX after the party.,My BF and I have known each other for years.,"If she's down for a Fri-yay movie night post-KOTL, you might still be in the friend zone vibes. 😎💔",0.5229122090537792,0.43640613555908203
" I (not knowingly) upset my girlfriend, its been bothering her subconsciously all day and now she's gone off to be alone. How to treat her and the situation?",Stop simping over her.,I’m going out with my GF tonight.,"She’s always late—kind of a pink flag, but not a dealbreaker.","She's mad at me, vibes been off since then. Gotta chill and show some love to make it right.",0.5090250122745281,0.40863174200057983
" Guy sends my gf a text implying their having sex tomorrow (as a recurring thing) and she's lied to me, what do I do?",She texted me LHSX after the party.,"She texted me, IWSN!","She’s breadcrumbing him, always texting but never wanting to meet.","He's gaslighting you, G. Time to cape for yourself and expose his cheating ass! #SaluteToTruth",0.45832672153813686,0.2518334984779358
" Ex, who I am in contact with again recently, failed to acknowledge my birthday. How do I react to this?",My DW planned a surprise for my birthday.,"He ghosted me months ago, and now he’s zombie-ing by texting me again.","I texted him last night, but I got NR.","My ex didn't send me a b-day shoutout, now what tho?",0.36497284261473656,0.48063820600509644
 Girlfriend goes out and an excuse ensues as to why she didn't text me goodnight or that she's home safe and I get mad over it.,I’m going out with my GF tonight.,"She’s always late—kind of a pink flag, but not a dealbreaker.","She’s breadcrumbing him, always texting but never wanting to meet.","GF ghosted me again, mad 'bout it.",0.31022556435698617,0.39884448051452637
" Older girlfriend has sexual fantasy of being with an older married man. This makes me feel inadequate, or that she'd actually cheat given the chance.","Everyone’s cuffing this fall, it’s relationship season.","She’s always late—kind of a pink flag, but not a dealbreaker.","They’re not dating, just FWB.","She’s got a thing for old married dads, and it's giving me insecure vibes—might even be a player if you catch my drift.",0.5600229348584886,0.48292675614356995
" my gf doesn't like getting too intimate with me and it's making me feel unwanted, what should I do?",Stop simping over her.,She texted me LHSX after the party.,"She’s always late—kind of a pink flag, but not a dealbreaker.","Girl ain't down for the deets, leavin' me feelin' overlooked. What's the play here?",0.20999812349223032,0.1429879367351532
" gf never asks me to hang out, i always have to ask, she always says yes, whenever she comes to my house shes late","She’s breadcrumbing him, always texting but never wanting to meet.","She’s always late—kind of a pink flag, but not a dealbreaker.",Stop simping over her.,"She's playing hard to get—always making me ask, always sayin' yes, but always showing up late at my crib.",0.41063838016623605,0.5996701121330261
" my wife doesn't feel loved or desired, what can I say or do on a daily basis to tell her otherwise?",Stop simping over her.,"She’s always late—kind of a pink flag, but not a dealbreaker.","She texted me, IWSN!","Gurl, what u need is some consistent PDA and random acts of love every day. 💖🔥💔✨ #ImHereForYou",0.4010905082288541,0.27586522698402405
 My upcoming shower is huge and completely different from what I would have originally wanted. Is me sitting there alone and opening OUR presents the norm? How do I thank my fiance's second grade teacher for coming without seeming gift-grabby?,I left a GIC for the baby shower.,"He buys her gifts every day, he’s such a simp.",We’re having a PTO meeting at the school.,"Yo, that shindig of mine's gonna be lit but not quite what I envisioned. Is it normal to sit solo, unboxing our swag? How do I thank the second-grader's teacher for coming without coming off as a present hog? 🤔✋🏼✨🎁🔥",0.6703830589217823,0.5097411870956421
" I have feelings for my best friend but he's not gay, I'm scared the truth is I need to leave him behind, by not sure.",I only see him AAF.,"She’s my BFF, we tell each other everything.",We’ve been BFFL since high school.,"AY, I got feels for my BFF but he straight, truth is I gotta chill on him cause I might be too deep, but I dunno.",0.47406953152196885,0.4495241045951843
" girlfriend not talking about her problems with me.  Always reassures me that's it's okay, despite being not the case.","We’ve been hanging out a lot, but it’s just a situationship.",You think that bothers me? DILLIGAS.,I’m going out with my GF tonight.,"GF clamming up 'bout her issues. Keeps telling me she's cool, but I know she ain't tho.",0.4297639401500575,0.527117908000946
 Is a computer science degree worth it in that the pay is decent and the jobs semi-stable? Are all the rumors about the industry being destroyed by outsourcing and age discrimination true?,"It was a tough project, but @TEOTD, it was worth it.",Working in tech means being in an ARE.,His coding skills are so l33t.,"Is a CS deg chillin'? Pay deets solid, but job stability meh. 'Bout that industry stuff, is it trolled by outsourcing and agism for realz? 🤔💭",0.6071278940772746,0.5217350125312805
 My mom refuses to be quiet during movies and it destroys my ability to enjoy watching movies with her.  I then yell at her and we all feel bad.,"Can’t talk about it now, PRW.",I’m going to the movies W/ my friends.,"I'm straight-up exhausted 'cause I was binge-watching movies till late, no cap.","Mom's vibing too loud in the movie theatre, wrecking my mood. Then I holler at her and we all feel awkward AF.",0.5909944834636519,0.7387756705284119
" We rescued a cat who turned out to be sick, giving him meds has made him hate us. We are worried that we are making too bad of a first impression and he will never be ok around us.","I’m so mad at him, he can BIH.","Sending you O, hope you feel better soon!","Had a minor ACDNT on the way home, but I’m okay.","Aye, we saved a cat that's been under the weather, now it's hating our guts cuz of the meds. Thinking we're ruining the first vibes and it'll never chill with us again.",0.5848252783191501,0.6987364292144775
" Got bed bugs on vacation, kids are bit to hell and back and wife is freaked out about creepy crawlies and can't sleep. I want the hotel to pay for their negligence.",Goodnight! DLBBB!,"INAL, but I think you should get legal advice.",I'm vibing so busted 'cause I barely slept last night.,"Aye, vacation turned into a bug vibe nightmare! The kiddos got bitten up big time, wife's spooked by the crawlies, can't snooze. Hotel's supposed to cover this negligence though. #BuggedVacay",0.8254775916770554,0.653725266456604
 I played hide and seek with a two year old and may have ruined all the potty training my Sister-in-law has done.,That prank had me FOMCL!,"I’m with MISS.3, we’re going to the park.","BRB, GGP!","I PHSWS a 2-year-old, might've ruined SIL's PT training.",0.3312601031028663,0.4409135580062866
 Broke up with my first and only girlfriend of 4 years. What to do with social events where ex will be. Most friends are mutual. Need advice on breakups in general<\b>,"He ghosted me months ago, and now he’s zombie-ing by texting me again.",I SPTO her about the event.,"Just dipped back from chillin' with my crew at the park, fr fr.","Dumped my one-and-only bae of 4 years, but we both got mutual fam at the upcoming shindigs... any advice on how to navigate this? Plus, general breakup tips would be dope.",0.7343189140105841,0.526809573173523
 girlfriend of 6 years broke up with me because I am a horrible person. I don't know what to do and I want to win her back.,Stop simping over her.,I’m going out with my GF tonight.,"Even if it’s hard, always DTRT.",GF of 6 yrs dumped me cuz I'm trash. Need tips to get her back.,0.5147649967769506,0.7248208522796631
" BFF still mad, juggles back and forth from trying to work things out and getting better to hating me again and wanted me to go away. Any insight or something would be great","He ghosted me months ago, and now he’s zombie-ing by texting me again.","Don’t worry, TTTT—it’ll get better.","It happened a week ago, GOI already.","BFF's playing hard-to-get, can't decide if they wanna fix things or block me—got any ideas? LMK plz.",0.3694235758438005,0.46183884143829346
 How do I remove myself from my ex's life when I care about his well being and I know he doesn't have anyone else to share his struggles with?,"We’ve been hanging out a lot, but it’s just a situationship.","He keeps telling me I’m overreacting, but I think he’s gaslighting me.",We need to normalize self-care.,How do I ghost my ex but still stay woke about their vibes?,0.39345877041777083,0.39910590648651123
 My Boyfriend and Best friend who is a lesbian are now friends and seem to be getting real close. I don't know how to feel about this.,My BF and I have known each other for years.,"They’re not dating, just FWB.","She’s my BFF, we tell each other everything.",My bf and my BFF (who's a lesbian) are vibing hard lately. Idk if I'm salty or cool with it 🤷‍♀️🌈💪🏼,0.5601185660117881,0.5385196805000305
 Mild case of ADD and Adderall made my day crazy efficient. How do meds actually affect people with a strong case of ADD?,I need to pick up my RX from the pharmacy.,"I'm legit dead tired after grindin' all day, fr.",I'm just chilling today.,"My ADHD on steroids made my day lit AF, but what's up with those meds for ppl w/ hardcore ADD? 🔥💊🔥",0.5951232570030022,0.691631555557251
" Service was busy, the context made me misinterpret customer's question about freeways as ""three ways"", to which I assumed he was asking if he could mix three flavors. He rudely blows me off.",That SOAB cut me off in traffic!,"That traffic was awful, IFYP.",I had to swerve to avoid the drama.,"That service was lit, I mixed up his question 'bout freeways and thought he wanted triple scoops, but he straight ghosted me!",0.6162664588138338,0.5954138040542603
" How do you make friends in clubs/classes and not just the 'hi/hello' type, but an actual friendship?",My BF and I have known each other for years.,"OOTD, just vibing with the crew today, no cap.","OOTD, just vibing with the crew today, no cap.","Hmu at da club or classes n try get dat deep-level vibe goin', not just da surface-level chit-chat fam.",0.4557780782354175,0.44064202904701233
" I don't know whether I should date, fwb, or just be friends with this girl because I tend to hurt people.",Stop simping over her.,"Before making a decision, think WWJD.",She’s a GRL I met online.,"I ain't sure if we're gon' date, f*ck-buddy, or jus' be chillin' with this girl 'cause I got a history of hurting ppl.",0.5488445716716576,0.5990741848945618
 sister said mother was upset that I'd didn't visit for her birthday. I was incredibly busy and she told me to just visit in the week when I'd finished everything.,Hanging out with my MM this weekend.,I’m spending the weekend with my SIS.,My DW planned a surprise for my birthday.,"My SIS spilled the tea that my MOM was salty 'cause I skipped her b-day shindig, but I was swamped and she said to hit her up once I wrapped everything. 😎🎂🎉🎁",0.5867330375800832,0.5086461305618286
 Trying to be friends with a girl who already has a boyfriend and I feel funky and don't know if I'm doing something bad,"OOTD, just vibing with the crew today, no cap.","OOTD, just vibing with the crew today, no cap.","OOTD, just vibing with the crew today, no cap.","Ayy, tryna slide into that taken bae's DMs, vibes feel off though, wondering if it's some cringe move.",0.39095176265180276,0.20018607378005981
 My GF of 7 years broke up with me. I can't move on despite wanting to. I need help/advice on moving on. How long can I expect to feel like this?,"It happened a week ago, GOI already.",We’ve been in an LD relationship for a year.,"We’ve been hanging out a lot, but it’s just a situationship.","My gf dumped me after 7 years, but I'm stuck in this emotional rut. I need tips on getting over it, fast. So, how long till I'm back to normal? (situationship-breakup struggle)",0.8114377488059681,0.7918505668640137
" I'm not a loser, but I feel like I should text this lady, despite the fact I was blackout drunk. What do I say?","She texted me, IWSN!",She had to swerve that awkward conversation.,She texted me LHSX after the party.,"Yo, I ain't a scrub, but I'ma hit up that girl, even though I was turnt last night. WDYM (What do you mean) I should say? 😅",0.46535529675080833,0.32129231095314026
 EX cheated on me 1 year ago with her ex . Destroyed my trust in people . Need help with the trust issue and some closure . (Will be studying with her for one more year starting July),My DD is starting school this year.,"We were talking for weeks, and then she just ghosted me.","Good luck with your exams, ATB!","My bae played me a year ago, hooking up with his ex. F'd up my faith in ppl hard. Need help rebuilding trust n getting that closure. Gonna be stuck in classes with her from July on. 😫💔",0.659453302209067,0.6817874908447266
" I need advice on ending it.. I know I'm still young, and its just high school.. But I really don't know how to do it. :/","I'm gonna do it, YOLO!",That movie had me CRBT at the end.,"It was a tough project, but @TEOTD, it was worth it.","I'ma need some A1 on ghosting... I kno I'm still a teen, but it's jus 'cuz we're in HS... But tbh, I got no clue how to do it 🤔😅",0.3699734376903386,0.35213524103164673
" too lazy to do my work on time, now I have to conjure 5000 words of detailed analysis out of my ass.","I have so much homework, KMS.","I'm dead tired today, but I still gotta grind on my homework.","I'm dead tired today, but I still gotta grind on my homework.","Ain't got the motivation to get my work done on time, now I gotta pull a 5k word deep dive outta nowhere.",0.5019890079868137,0.5330638885498047
 got high and ignored the fact had to pee and pissed myself; tried to cover it up but they figured it out.,"I was so mad, I told him to ESAD.","I tripped and spilled my drink, ROFLOL!",I tried making a joke but it was MUAH.,"Got lit and straight skipped my bathroom break, ended up WYDing myself; tried to play it cool but they called me out.",0.5652838747257011,0.5488502979278564
" I'm working my ass of in college and my despite my happiness and success in my degree, my grandma is still disappointed because I'm not becoming a doctor. Similar stories anyone?","Work was brutal today, ADIH.",My DW planned a surprise for my birthday.,My DD is starting school this year.,"Aye, I'm grinding hard at college, and even though I'm killing it in my major, Nan's still bummed 'cause I ain't med school-bound. Anybody else got that fam drama? 😜",0.4752961899104871,0.42427659034729004
" Having a hard time adjusting to living together, lots of stupid little arguments mostly due to outside stress. Worried I have done damage to a good relationship.",LTNS! How have you been?,"We’ve been hanging out a lot, but it’s just a situationship.",Hey! What’s going on? NMU?,"AY! Livin' with ya ain't all it's cracked up to be, constant petty fights over nonsense, prolly 'cause of external stuff. Feelin' like I mighta messed up a good vibe between us. 😔",0.5915907454209974,0.3798573911190033
 Fiance refuses to let me sign a prenup. I don't think that's fair to either of us.,I think he’s benching me—he texts but never makes plans.,"She’s always late—kind of a pink flag, but not a dealbreaker.",Dealing with this paperwork is such a PITA.,Bae ain't copping to that prenup—don't think it's cool for either of us.,0.40147731467627423,0.525946319103241
" Ex is getting harassed, she blames two friends of mine and me by association. Wants to press some legal action. Harassing calls are from ""No Caller Id"" and a harassing text message was deleted.","That woman asked to speak to the manager, total Karen move.","INAL, but I think you should get legal advice.","Things got heated last night, total UDS.","My ex's getting clowned, says it's my buddies and me, claimin' we're involved somehow. She's threatenin' to sue. Got creepy calls from No Caller ID and a sketchy text that got wiped.",0.663114750732015,0.6614095568656921
" first relationship, her ""slow"" is a slug swimming in molasses (I think, that's why I'm asking)","She’s always late—kind of a pink flag, but not a dealbreaker.","We’ve been hanging out a lot, but it’s just a situationship.","Everyone’s cuffing this fall, it’s relationship season.","Her ""slow"" is moving like a snail on steroids.",0.4078736045188851,0.6772430539131165
" backed out of driveway, hit a moving car, some damage on my bumper, some damage / indentation on her side doors. WE fail to get each others information immensely. Now i dont know what to do.","She’s my BFF, we tell each other everything.","We were talking for weeks, and then she just ghosted me.",You better ST&D before you get into trouble!,"Yo, I just popped out, smacked into another whip, got some scratches on my back, and there's a dent on their doors. We didn't even exchange deets. Now I'm stuck, what should I do?",0.6075484734492949,0.41177284717559814
" Marriage has popped up between GF and me. GF is worried I may regret marrying her because I haven't had other dating experiences. I personally don't mind, though conventions seem to indicate I should. Should I mind?",She texted me LHSX after the party.,"Before making a decision, think WWJD.","Everyone’s cuffing this fall, it’s relationship season.","GF got engaged to me, but she's stressing cuz she thinks I might regret it since I haven't been around the block. Eh, I ain't mad about it tho. But, y'know, societal norms be making me feel like I should. Should I care?",0.7199498046798389,0.6088746786117554
 Ex keeps trying to contact me and I'm confused to what course of action to take. Should I tell her off or keep ignoring her?,"She’s breadcrumbing him, always texting but never wanting to meet.","She texted me, IWSN!",Stop simping over her.,"He just won't stop hitting my line, I'm lost AF on what to do next... Do I ghost her or blast her?",0.4497223364349217,0.511633038520813
" Accidentally left Netflix up, 5 year old Nephew started watching attack on titan which lead to nighmares and an embarassing incident in the mall.",That movie is rated 4AO.,"Hey, I’m just vibing at home and binging some Netflix.","Hey, I’m just vibing at home and binging some Netflix.","Accidentally left Netflix blasting, 5-year-old nephew saw Attack on Titan and ended up spooked at the mall, causing a scene! 😅",0.7226764361614005,0.8636354207992554
" Had to move away for a a job offer, hoped to start dating a girl when I came back, she goes to a conference, meets someone, and now wants to ""play it by ear""","She texted me, IWSN!",She texted me LHSX after the party.,My G/F is meeting me after work.,"HMU after work, thought we were gonna vibe but sis went to a con n met someone else now flexing on me 🤷‍♀️💔",0.404370219506055,0.33782631158828735
 I tried to make a funny but accidentally called a German exchange student a survivor of one of the worst things to happen in his country's past,I tried making a joke but it was MUAH.,"If they didn’t like my joke, FEITCTAJ.","I tripped and spilled my drink, ROFLOL!","OOPS, I called my German homie a Holocaust survivor by accident! (accidentally using Holocaust as a joke)",0.5041723119254917,0.6205329895019531
" Can I do a half-marathon if I've never ran more than 10k but feel like I could pull it off, without injuring myself?","ILBL8, traffic is terrible.",I’m addicted to playing NFS.,"I finished the race DFL, but at least I finished!","Ain't got a full marathon under my belt yet, but think I might be able to smash a halfie without getting hurt.",0.5373082520889113,0.6314032077789307
" Long term relationship with my boyfriend, unfortunate first confrontation between our parents not allowing us to be together but we stuck with it - his family finally accepts me but mine does not.","We’ve been hanging out a lot, but it’s just a situationship.","PIR, can’t talk about that right now.",We’ve been in an LD relationship for a year.,"LTR w/ bf, parents drama but we made it work - his fam finally cool w me, mine still salty.",0.49763118209435997,0.38584408164024353
" going to break up with gf who I still love, but not sure if I should tell her the real reason or not.","She’s always late—kind of a pink flag, but not a dealbreaker.",I’m going out with my GF tonight.,She texted me LHSX after the party.,"I'm 'bouta call it quits with my GF, but ain't sure if I gotta spill the tea or keep it on the DL.",0.39569308553045807,0.4312753677368164
 I have an idea for an application and want to take it from concept to useable software; what should I do?,"If you don’t like my idea, BT.","Let’s chat about the project, WYHAM.",I’m running a new PROGGY on my laptop.,"Yo, what's good, gimme a deets on dis app idek and let's turn dis into somethin' legit. WYD next? 💡🚀🔥",0.38883419883878606,0.25135260820388794
" He really likes me, never hurt me but he has sex with me more rarely and we see each other in real life more rarely than his girlfriend who is obsessive over him even when he's very mean to her.","We’ve been hanging out a lot, but it’s just a situationship.","He keeps telling me I’m overreacting, but I think he’s gaslighting me.","He’s been texting me nonstop, he’s so thirsty.","He's totally got feelings for me, but he's been low-key ghosting me both in the bedroom and IRL. Meanwhile, his clingy GF can't get enough of him, even when he treats her like trash.",0.6766863901199066,0.6331511735916138
 Ex that I'm dating is now friends with a girl he cheated on me with and won't cut off friendship with her because he reassure that they are just friends. I'm uncomfortable with it.,"They’re not dating, just FWB.",I only see him AAF.,My BF and I have known each other for years.,"My ex who I'm seeing again is pals with the chick he cheated with, and he ain't letting go of that friendship cause he swears it's platonic. Makes me uneasy.",0.6231378326785861,0.7753615379333496
" Need to choose between cheap Group Universal Life and Term Life insurance. Universal life insurance is usually poo-pooed in /r/personalfinance, but it seems like a better deal than Term in my case.",Make sure you read the TOS before signing up.,What’s the best option? UTM.,"I'm gonna do it, YOLO!","Gotta decide btw cheap GUL and Term Life, UL usually gets hate in r/personalfinance, but seems lit for me compared to Term.",0.6367011454131795,0.5254798531532288
" I mis-stepped onto a shopping cart's lower basket, did the splits on the way down and fell right on my ass.","I tripped and spilled my drink, ROFLOL!",I hit up the grocery to snag some snacks.,"Had a minor ACDNT on the way home, but I’m okay.","I stepped on a rogue cart, did the splits and landed flat on my keister.",0.4685811826396847,0.6878548860549927
 After 2 years together my ex who I want to give it another go with is playing hot & cold and I'm not sure how to handle it.,"We’ve been hanging out a lot, but it’s just a situationship.",We’ve been in an LD relationship for a year.,"Don’t worry, TTTT—it’ll get better.","My ex is giving me mixed signals after 2 years, and I'm not sure what to do about it—stuck in the friend-zoning zone (FTFZ).",0.5251000429454602,0.5238842964172363
 Girl sneakly pays for dinner. What does this mean? Is going to the washroom after dinner code for 'I want you to pay the bill'?,Are you bringing a MOOS to the party?,I'm about to snag some eats before I dip with the crew.,I'm about to snag some eats before I dip with the crew.,"Aye, she fronted the crib sesh! Yeah, hitting the restroom post-chowdown might be a hint for splittin' the check.",0.5073122229024645,0.3775053322315216
 Basically i need some help getting over a girl that i thought was the one and if i should come clean about my feelings that i have went through these past few months?(feelings of sadness and loneliness and missing her),"Hope you’re doing well, TAUMUALU.","It happened a week ago, GOI already.","We were talking for weeks, and then she just ghosted me.","Yo, I'm tryna heal from this chick I thought was da one, and I'm debating if I should spill the beans 'bout my feels from the last few months (sad, lonely, missin' her).",0.641176968400168,0.6452348232269287
" Brother is failing most of his classes, my parents don't seem to care and all he does is play video games.  Should I try to help him or just leave it be?","I’ll help, but WIIFM?","I’m so mad at him, he can BIH.","All you do is play video games, GAL!","My bro's bombing in school, parents don't give a damn, all he does is game nonstop. Shouda step in or let him chill? AKA: Bro bombin' school, parents don't care, only games. Should I help or nah?",0.7129717555072499,0.6780210733413696
 girl i had a messy break up with a year ago now has a boyfriend but wants to hang out again and shes hiding me from him.,"It’s been so long since we hung out, MU!",She's wylin out here.,I’m going out with my GF tonight.,She's tryna sneak in some old flames while on a new boo thang hush-hush.,0.2674589531078233,0.2579095959663391
" We're not married, but have lived together for over a year. Do I get to keep the Christmas gifts and such, or does she get to keep them?","She’s my BFF, we tell each other everything.",We’ve been in an LD relationship for a year.,She’s planning for RTRMT in a few years.,"Yo, we ain't hitched, but we been cohabitating for over a year. Who keeps the Xmas presents tho, me or her?",0.48919873628920135,0.618286669254303
 = Just found out the whole reasoning on why im not part of the family has really nothing to do with me anymore.........................,"PIR, can’t talk about that right now.","POS, talk later.",Why are you so salty?,"Aye, just realized fam, that whole reason I'm not in the picture is like totally on someone else now. 🤷‍♂️😕",0.3896173442664899,0.25291889905929565
" Need to get rid of page numbers and header on each page, while converting the PDF to .mobi. Tried calibre, and preview. Help?","You fixed my computer, YTG!",ETA: I just found the missing files.,"I’m home alone, NIFOC right now.","Yo, I gotta remove page nums n headers on every page when converting my PDF to .mobi. Calibre didn't work out, Preview either. Any tips, bruh? 🤔",0.7210073973003186,0.9156990051269531
 I want to go to grad school for comp sci but my GPA isn't very good though I'll be co-author on two publications by the time I graduate.  How do these two things affect each other?,"I'm completely wiped after all that cram, fr.","I'm completely wiped after all that cram, fr.",I'm huge tired 'cause I pulled an all-nighter hitting the books.,"Aye, tryna grind on that comp sci masters but GPA ain't poppin', but I'm gonna be credited on two papers by grad, so how does that impact my app situation?",0.6584322046375011,0.6243436336517334
 Had 2 surgeries for an ACL and meniscus tear and found out 2 years later I have arthritis--- all at the age 19.,"IAAD, let me know if you need any medical advice.","Oof, that must have hurt.","Oof, that must have hurt.","Damn, had 2 knee ops for a torn ACL n' meniscus at 19, then found out 'bout arthritis 2 years later. Oof, tough break.",0.6575065057033317,0.7332955598831177
" Got my boyfriend a laptop since his is almost shot, could use some ideas on how to make the delivery of the surprise complete!","Our company is BYOD, so you can use your own laptop.",WRUD later tonight?,"The LAN party is BYOC, so don’t forget your setup!","Gave my bf a new laptop cuz his old one's dying, need some fire ways to make the surprise lit!",0.6488993669811047,0.7714829444885254
" let a friend borrow my phone, friend changes ringtone to racist song, phone goes off in class, now i want to kill myself","I LVM, call me back when you can.",You better ST&D before you get into trouble!,"Bruh, I lowkey left my phone home today, no cap.","Yooo, homeboy borrowed my phone, swapped my ringtone with some racially insensitive bs, it went off in class and now I'm about to snap 😠",0.6085645708350924,0.6631125211715698
 Girlfriend of 5 years suddenly has changed. Says she doesnt know what she wants from this relationship anymore. Need advice on how to deal with this or what made her change.,"She’s always late—kind of a pink flag, but not a dealbreaker.","We’ve been hanging out a lot, but it’s just a situationship.",She’s planning for RTRMT in a few years.,GF of 5 years suddenly went cold—what gives? Need tips on navigating this or why the vibe shifted.,0.573189815408305,0.620063841342926
" change age restrictions to education restrictions, ergo HS diploma = 18 and two years of formal education at a Uni or College would be the equivalent of being 21+",See the AA instructions for details.,"She just turned 18, officially at the AOM.",My DD is starting school this year.,"HS diploma = 18 yrs old, while 21+ is like having 2yrs+ under your belt in college/uni. So, it's like hitting the big leagues at 21+!",0.6316316771705395,0.6538450717926025
" gf hates her job, wants to work for me. I'd love to hire her and have her live with me. I think we'd both like to use each other in the short term, but not focused on long term plans",I’ll check with my YF before making plans.,We’ve been in an LD relationship for a year.,"She’s always late—kind of a pink flag, but not a dealbreaker.","GF tryna quit that dead-end gig, wanna join the team and crash at my place. We both down for some mutually beneficial vibes rn, no lifelong commitments in sight.",0.7711585429896939,0.5727880001068115
 Is confessing love after 2-3 weeks of relationship is too fast if both me and her feel the same way?,"She’s always late—kind of a pink flag, but not a dealbreaker.",We’ve been in an LD relationship for a year.,"We’ve been hanging out a lot, but it’s just a situationship.","Yo, is dropping the L-bomb after a couple of weeks into the gf/bf situation too fast, even though we're feeling each other hardcore?",0.5539945262868649,0.4985707700252533
" My female friend got a message from my ex/""love of my life"". Female friend took it to principal. Love of my life will get in major trouble and blame me. Currently awaiting the storm of crap.","We were talking for weeks, and then she just ghosted me.","She’s my FBB, we met through a group.","She’s my BFF, we tell each other everything.","My G url's ex slid into my girl, principal got involved, he's gonna get roasted big time, and I'm about to catch some heat for it.",0.5992836494029724,0.47834569215774536
 How long do you give a company before asking for your money back on custom made items that missed the verbal deadline? Or is it better to just take them to small claims and let the court sort it out?,I’ve got to TCB before the deadline.,"AIR, the deadline was next week.",Did you ACPT the terms of the contract?,"How long y'all gon' keep me waiting on dat refund for da late, custom-made goods? Should I just sue 'em and let the courts handle it instead? (ACAB = As Court Becomes Arbiter)",0.6532366465663646,0.6139525175094604
" met a girl she said she would text me before me met, she didn't (twice), and i am kinda upset.","She texted me, IWSN!",She texted me LHSX after the party.,"She’s breadcrumbing him, always texting but never wanting to meet.","She ghosted me twice after promising to hit me up, and I'm pretty salty about it.",0.46734074377287127,0.4914681911468506
 As a newbie I've become so obsessed with Reddit I thought a screenshot of it in Google play was actually Reddit.,I accidentally hit ED and lost my work.,"Be careful, that site’s full of PRON.","If you sign up for that site, you’ll get S4L.","I was so deep into Reddit, I thought that screenie on Google Play was legit Reddy.",0.4236081460506302,0.48710548877716064
" im looking to meet new people and hopefully build strong relationships,  either friendships or romantic relationships. But I dont know how to be happy with myself anymore. Nothing I do seems to be working.",I'm mad tired today and not vibing to hang out.,I'm mad tired today and not vibing to hang out.,"Don’t worry, TTTT—it’ll get better.","Aiming to link up with fresh peeps and grow some solid vibes, whether friends or smth more. But lately, I'm struggling to find my own happy place. No matter what I try, it ain't feeling right.",0.8131904867877591,0.6568518877029419
 I cut someone out of my life and now I'm regretting it. What should I say to convince her I'm sorry?,SWMBO says I need to mow the lawn.,She's wylin out here.,"Oof, that's tough.","Aye, I did a lil too much ghostin'. Lemme slide back in and apologize like: ""Yo, I know we had some beef but that was wack. I feel bad about how things went down and wanna make it right."" Hope she hears you out, bro! 😊",0.6927297115325928,0.38545942306518555
 Do I try to find an apprenticeship online and move asap or do I wait it out for another 8 months?,Got to get back to RW responsibilities.,"ISO a new job, any leads?",FC that I get the job!,TF to apply for an apprenticeship online ASAP or should I chill for another 8 months?,0.6436052928340732,0.8162964582443237
" Raised Catholic but am atheist, universally religious family doesn't know, unsure of whether to tell them and risk drama or just keep pretending.","Praying for you, YSIC.","Take care, YBIC.","In tough situations, ask yourself WWJD.","Navigating faith, secretly agnostic in a religiously lit fam, gotta decide spill the tea or chill with the facade.",0.5580942127595647,0.4513684809207916
" It's not very long really. I don't know. I think I'm mostly venting, but advice on how to tactfully approach this would be appreciated.","We’ve been hanging out a lot, but it’s just a situationship.",We’ve been in an LD relationship for a year.,"I’ll handle it myself, MYOB.","I'm just tryna get it off my chest, tbh. Got any vibes on how to navigate this smoothly?",0.41734435733335495,0.33607375621795654
" I did something wrong to my family. I love her, I love the kids and I'm not afraid to take the time and do the things needed to get them back.","I’ll be late, need to PUKS.","Even if it’s hard, always DTRT.","Had a minor ACDNT on the way home, but I’m okay.","Ate shit fam, but I'ma make it right. Got love for mom and the squad, gonna put in work to sort this out.",0.38852730422303944,0.223037987947464
" Make 100k gross, no debt, about 20k total money - what rent should I be looking at for living in Oakland in the near future and how is my savings plan?","Before you invest, make sure to DYOR.",Make sure you do your DD before investing.,I’m trying to stack up this gaup before the weekend.,"What's the average rent gon' be in Oakland for the near future if I'm making 100k gross, no debt, with about 20k to spend, and what's the scoop on my savings plan? (Slang version: Wyd in Oakland for the upcoming rent if I'm pulling in 100k gross, debt-free, with 20k to spare, and what's good with my savings game?)",0.8819494617282518,0.8497714996337891
 Broke it off with kinda BF because he can't handle a relationship right now. Should I even bother holding out hope / trying to stay in his life?,"It happened a week ago, GOI already.","We’ve been hanging out a lot, but it’s just a situationship.",Here’s my 0.02 on the situation: We should wait.,Dumped my sorta bae cuz he ain't ready for the 'ship. Is it worth waiting/keeping him around?,0.459088466504274,0.5580661296844482
" Talking to a girl for a little over a week, we go on a date then I hear nothing the next day. Am I overthinking or not?","We’ve been hanging out a lot, but it’s just a situationship.","Long time no chat, WUP?","It was fun hanging out, CU later!","Hit it off with a girl for a lil hot minute, go on a date then radio silence the next day. Chillin or nah tho?",0.4580714660503197,0.417527973651886
" Haven't dated since high school, now a grown ass man and don't know what's normal for my date this weekend. I'm like Tom Hanks in Big.",I'm deadass exhausted today and had zero chill for going out.,I'm deadass exhausted today and had zero chill for going out.,I'm mad tired today and not tryna dip out.,"Ain't dated in forever, now a full-blown adult and clueless bout this weekend's date vibe. Feels like Tom Hanks in Big, y'know what I mean?",0.6643152880866772,0.7192122936248779
" apartment management sold me an apartment with internet jack, the jack didn't work and apartment refuses to fix/let me get ISP to fix. What are my options?","The system crashed, and YCDBWYCID.",We use VoIP for all our office calls.,We’ve been in an LDR for two years now.,"My bad, the apt mgt sold me a pad wifi jack that don't work, and they ain't fixing or lettin me get an ISP to fix it. WYD next?",0.5822501542495558,0.7212870121002197
" Stage slapped my girlfriend in starbucks, barista looked like she was ready to call the cops, girlfriend saved me and laughed it off though.","I tripped and spilled my drink, ROFLOL!",That prank had me FOMCL!,"I couldn’t stop laughing, LMBO!","Stage slammed gf at Starbucks, barista was RNDC (Ready Nauseous Drop Call), but gf saved me and LOL'd it off!",0.5583437095058261,0.6457732915878296
" Stuck behind the same car for an hour, overtake them in a moment of glory and solidarity with fellow trapped cars.",Is that j00r car outside?,"That car is NFS, sorry!",That SOAB cut me off in traffic!,"Got stuck bumper-to-bumper wit dat same car fo'eva, finally snagged that pass in a lit rush to join my fellow gridlocked mates 🔥🚗",0.5391549865955131,0.49659252166748047
 Disagreeing with gf in any way gets way out of hand and I wonder how I can know if it's my fault.,Stop simping over her.,Had a huge ARG with my friend last night.,"She’s always late—kind of a pink flag, but not a dealbreaker.","Argument with gf escalates every time, wondering if it's all on me.",0.4606093244209184,0.6442103385925293
" Boyfriend is sending sexual messages to girls via Reddit but I found out by being semi-creepy, previously happy/healthy relationship is in jeopardy.",We’re finally FBO—changed our relationship status!,"He’s been texting me nonstop, he’s so thirsty.","I texted him last night, but I got NR.","BF got caught sliding in DMs on Reddit, now our vibe's getting ruined 'cause I was kind of stalking, but ya feel? 😔🤐",0.54829050109327,0.5148635506629944
" Finally won the heart of a girl I've loved for years, now she doesn't want to be public about the relationship even though we've been together for 7 months. How to start transitioning to being more public?",Stop simping over her.,We’ve been in an LD relationship for a year.,"We’ve been hanging out a lot, but it’s just a situationship.","She ain't down to go Instagram official yet, but tryna make it less low-key with her? Let is slide for now, but work on some couple pics or posts that don't scream relationship but hint at us being together. 🤫👀💔",0.5356559891284668,0.35109037160873413
 I don't feel like I'm getting the same energy given to me that I'm putting in sexually and I don't want to break up. How would you talk to her about this?,Stop simping over her.,"We’ve been hanging out a lot, but it’s just a situationship.","She’s always late—kind of a pink flag, but not a dealbreaker.","""Yo, bae, let's chill, but lemme be real, it feels like I'm doing all the heavy lifting in bed and I ain't mad, just wanna chat 'bout it. No drama, promise.""",0.42851568787381916,0.30301475524902344
 want to ask a guy on a date but I can't avoid him if he says no/I totally misjudged him and he's awful about it,I think he’s benching me—he texts but never makes plans.,"I texted him last night, but I got NR.",He went AWOL during the meeting.,"I wanna hit up a dude for a chill sesh, but if he Ghosts me, I'm screwed. Turns out he ain't all that great, and if it goes south, he might roast me.",0.46918770629613354,0.30125629901885986
" My envy is eating away at me, I feel like an emotional vampire and I'm just tired of being like this, but it seems so wrapped in my psyche, I don't even know how to live without my envy.","He’s got so much rizz, everyone likes him.","Even though you’re far away, you’re FIMH.",I'm all about JOMO these days.,"I'm vibing hard on the green-eyed monster, feeling drained like a thirsty emo vamp, and I'm over it, but this jealousy feels like it's permanently attached to me - can't even figure out how to live sans envy.",0.7462850596931172,0.7446476817131042
" Girl I like has broken dates and shut down my advances, but I think she likes me too. How long should I spend ""courting"" her?",She texted me LHSX after the party.,I’m going out with my GF tonight.,"She’s always late—kind of a pink flag, but not a dealbreaker.","She keeps flaking & ghosting me, but I still feel the vibe. So, how long till I lock this chick in? 🔒⏳",0.42813038545302073,0.5238507986068726
" Broke Aus mowing record, ran over a garden bed, blew up the ride-on mower, grounded forever.","Spill the tea, what happened?",He yeeted the ball across the yard.,That accident was really UN4TUN8.,"Bro smashed the Aussie mow record, wrecked a garden bed, nuked the ride-on, grounded til next year.",0.5575031610076777,0.7825963497161865
 Choosing between a more expensive university with a better potential experience and a less expensive university where I'll still live at home. ,What’s the best option? UTM.,"YKW, I think we should just stay home.","ATSL, we should consider other options.",Pickin' betwix a pricier uni wiv a bomb vibe n a cheaper one where I can stay at mom's.,0.34338225593527266,0.2989528775215149
 I and my friend are looking to enter a utility marriage and we want to know what the best way to do it is.,Make sure you read the TOS before signing up.,See the AA instructions for details.,I’ll check with my YF before making plans.,Us n' dat boo thang tryna figure out how to pull off a utility spouse situation. What's da move?,0.48850576158540726,0.47839656472206116
 Mom told me to contact my dad. Didn't take it seriously until I saw my dad's father's contact details while searching for a doctor to treat my injury. Should I still contact him after 23 years of not knowing him?,"Let’s change the topic, PSOS.","I texted him last night, but I got NR.",Keep this number ICO any emergencies,"Mom hit me up to reach out to old man Pops, skipped that til I found his grandpa's number in the doc search. Worth hitting him up now or what, been 23 years?",0.5928631822818534,0.6040089130401611
" Been together for over a year, I've got serious issues with sex, and he gets angry with me every time I say no.","We’ve been hanging out a lot, but it’s just a situationship.",I think he’s benching me—he texts but never makes plans.,"He really made me mad, I just wanted to tell him FOAD.","We've been linked for over a year now, but he gets mad whenever I hit the 'decline.'",0.3135581643545066,0.40550968050956726
" Girlfriend's friends have been trying to convince her that she is better of without me while I'm out of country. What can/should I do, if anything?","Even though we’re miles apart, we’re BFFLNMW.",I’m going out with my GF tonight.,We’ve been in an LD relationship for a year.,"GF's squad tryna tell her we ain't meant to be while I'm overseas. If anything, gotta show my love hardcore when I get back 💯🔥💔",0.46163792487161637,0.42466089129447937
 Would you put it past the government/elite group to orchestrate a credit crunch in order to bring about a deficit? Something that can be used to enact and legitimize otherwise unthinkable legislation.,We need to boost our B2C strategy.,Why is this so complicated? ITAM!,Our company focuses on B2B sales.,Y'all think they'd pull a secret recession move just to slide through some extreme bills no one's down for? 👀💸🚀,0.491403679809742,0.4841924011707306
 Send a flirty message to a young woman I'm interested in and she has not messaged me back since. Should I move on from here or do something else?,"She texted me, IWSN!","I’ve been texting you, RUT?","We were talking for weeks, and then she just ghosted me.","Aye, sent some fire vibes but crickets ever since. Do I slide off or got some other moves up my sleeve? 🔮🔥🕷️",0.34218728121297837,0.18575960397720337
" I know I need to leave, but I am broke, without a vehicle, feel alienated, and my parents live out of town... I'm just looking for some advice as to how I should leave, especially with finals 2 weeks away",I’ll be taking some PTO next week.,Stay safe and TCOY.,"I’m heading out now, TMYL so I can meet you.","I'm low-key struggling rn, broke and no ride, feeling lonely, parents gone, finals approaching soon - any tips on coping/getting outta here before finals hit? 😓🙏🏼",0.6708734121349049,0.5938243865966797
" Girlfriend needs a computer for an online masters program but doesn't have the funds readily available to purchase it herself. I do, but don't want to come off as condescending.",My DD is starting school this year.,He’s got some serious NOWL about computers.,"Our company is BYOD, so you can use your own laptop.","GF gotta cop a laptop fo' her online grad prog, but she's short on cash. Ain't got no chill spendin' on her, but don't wanna seem like I'm tryna save the day.",0.6295485738406881,0.5942772030830383
" People yell at each other and get upset with each other. When does that become ""abusive?"" Is it about frequency?",Our school has a ZOT policy for bullying.,They were showing too much PDA at the park.,"Things got heated last night, total UDS.","When does that become ""toxic""? Is it 'bout how often or intense?",0.3755939186775123,0.5295811891555786
" life is unpleasant, feeling like I'm going to lose my shit, wouldn't mind some advice on holding onto the aforementioned shit.","I’ll handle it myself, MYOB.","Work was brutal today, ADIH.","How’s it going, GG?","Feeling drained AF, need some tips on not losing it, lmaooo.",0.3962296115394444,0.4046475887298584
 Why do women suck up to me when attempting (and failing) to flirt with my boyfriend? I don't understand their games...,She jokingly said TDTM during the chat.,He sent me a flirty message saying TD2M.,She's throwing shade at her ex.,"Why these girls frontin' on my boo tryna get a vibe going, but they can't even score? Ain't got the game. 😅",0.43244198583830096,0.42167067527770996
" boyfriend proposed with his grandmother's ring, promised a new one, we've picked it out, but 2.5 months later, he still hasn't purchased it. ","AAMOF, I was just about to call you.","AMOF, I was planning to call you today.",I think he’s benching me—he texts but never makes plans.,"Bae popped the question with nana's bling, promised a fresh one, we copped it, but 2.5 months later, still ain't dropped the dough.",0.549178484486741,0.32273370027542114
 ! My boyfriend tells me I'm silly for wanting affection and I am very unhappy with my relationship. What do I do?,"We’ve been hanging out a lot, but it’s just a situationship.","He keeps telling me I’m overreacting, but I think he’s gaslighting me.",My B/F is meeting me later.,"My B/F keeps telling me I'm basic for needing love vibes, but my rela is straight trashin' me. Wtf do I do now?",0.46097677004964727,0.39563775062561035
" Can't find a job, BF is trying to save money before knee surgery but is also taking care of me, really putting stress on the relationship. Looking for ideas and help on what to do.",He’s a DWM looking for a new start.,Got to get back to RW responsibilities.,"We’ve been hanging out a lot, but it’s just a situationship.","Relationship's on thin ice cuz bae's struggling w/ job, saving up for knee surgery, plus helping you out. Need ideas n help on how to navigate this mess.",0.6965402994624795,0.6174573302268982
" on the case: During communal living, the roommate who had the bills running through her name overcharged **heavily** for the bills and was cutting a profit off of me and a couple others.","That woman asked to speak to the manager, total Karen move.",Living the boujee life.,"I forgot my wallet at home, facepalm.","She was straight rippin' us off on the rent, swindlin' money outta my wallet and a few others'.",0.4913230295244016,0.456330269575119
 My childhood friend is living like a homeless man after all his relatives died and he gambled away all his money. What should I do?,"Before making a decision, think WWJD.","Need legal advice? IAAL, happy to help.","In tough situations, ask yourself WWJD.","Homie's goin through it hardcore, so let's link up and figure out how to help! #HomelessNoMore",0.3815473134002527,0.3475821614265442
" My wife will be coming home soon from a mental break, but I don't know what will happen with our life together. Help, advice, comfort, guidance, please.",I’m going out with my GF tonight.,I’m going out with my SO tonight.,We’ve been in an LD relationship for a year.,"My girl's bout to chill at home after her mental health break, idk what's up with our future. Need help, vibes, support, and words of wisdom, pls 🙏💭🚀",0.7908183214076668,0.7229108810424805
 Tips on how a communicative and open woman can get to know an unemotional and hard-to-read man without making assumptions and/or having feelings hurt.,"That character looks like a girl, but he’s actually a GIRL.",He’s a DWM looking for a new start.,"She’s such a pick me girl, always saying she’s not like other girls.",How to vibe out with a stone-faced dude who keeps it 100% without jumping to conclusions or catching feelings?,0.39621061705816485,0.34920793771743774
 Ex-GF said that if I would've proposed to her she would've said yes. I didn't know how to respond really and tried best I could. Things are awkward now.,She texted me LHSX after the party.,"She texted me, IWSN!",She jokingly said TDTM during the chat.,"Ex-GF said IFY, I choked, now vibes are weird AF.",0.33515576287650006,0.3933032155036926
" Planning a music trip to Moscow for elementary school kids, being refused the right to educational travel due to Russian anti gay relations.",He went AWOL during the meeting.,This movie is rated for LSV.,Our school has a ZOT policy for bullying.,Plans for Moscow music trip got blocked by Russia's LGBTQ+ drama.,0.5860684523952304,0.7012227773666382
" !: I am frustrated with my ""friend's"" lack of commitment and respect! We act like FWB but he claims he likes me. I think I deserve better... but I like him.",I only see him AAF.,"He’s been texting me nonstop, he’s so thirsty.","Even though we’re miles apart, we’re BFFLNMW.","Aye, my ""homie"" is giving me major mixed signals! We're acting like we're hooking up but he says he digs me. I feel like I deserve more... but I still got feelings for him. 💔🤔🤷‍♀️🤨😢",0.48122399554193185,0.380730539560318
 BF doesn't want me to move in with friend I met at university and now has been blown out of proportion. Please help.,"We’ve been hanging out a lot, but it’s just a situationship.","Even though we’re miles apart, we’re BFFLNMW.",We’ve been in an LD relationship for a year.,"Bae's trippin' 'bout me livin' with my uni homie, situation escalated big-time. Need advice! 😨",0.5065986613982932,0.43147987127304077
" my best friend was a sociopath our entire 7 year friendship causing major stress and emotional deterioration. I'm no longer friends with him. I, myself, cut off all connection.",My BF and I have known each other for years.,"We’re not as close anymore, just BFFN.",We’ve been BFFL since high school.,"My ex-BFF was a psycho the whole 7 years, straight up draining me emotionally. Now we ain't talking, and I ghosted his ass completely.",0.5536927375684484,0.44256553053855896
 Need to look good for a fancy lunch and kayaking with a smart 10. I have no idea what I'm doing. HELP!,WAN2 grab lunch later?,R8 my outfit from 1 to 10!,Just took a SELFIE at the beach!,"NEEDED TO SLAY for that swanky lunch + kayak sesh w/ a fly 10. No clue bout the vibe, help me out, fam!",0.49020645641554095,0.5371996164321899
 Concerned that my boyfriends lack of compliments could be reflecting a possible lack of interest and lack of enthusiasm to vocalize his feelings could as well.,He's so thirsty for likes.,"He keeps telling me I’m overreacting, but I think he’s gaslighting me.",He was EWG me about my new haircut.,"He's maybe ghosting his compliments, possibly means he ain't feeling it.",0.5646368029044936,0.6860603094100952
" Bf spoils me too much, and got upset because I don't want him to spoil me. /what should I do?  And why do I feel like this?","I was so mad, I told him to ESAD.","He really made me mad, I just wanted to tell him FOAD.",My B/F is meeting me later.,"My BF's treating me too extra, and he's mad 'cause I don't wanna be treated that way. What do I even do? Why do I feel like this tho?",0.46449180636709747,0.5688728094100952
 I sent a girl an article on child sex robots treating pedophiles instead of sending her stuff about senior pics. fuck copy and paste.,"Be careful with that link, it’s NFWS.",I need to be the AITR and handle this responsibly.,"Be careful, that site’s full of PRON.","I sent her a link 'bout those creepy kid robot things instead of the usual senior pic spam, smh no autocorrect.",0.5573642807819176,0.6161136031150818
" Dating a guy, and I'm honestly not even sure if he's interested in me. It feels weirdly platonic, although the guy continues to pursue it. Is this guy just reserved? What's going on?",Why’s he acting so sus all of a sudden?,"He’s been texting me nonstop, he’s so thirsty.","They’re not dating, just FWB.","This guy's my main, but idk if he's feelin' me like that. It's kinda vibe-less, yet he keeps tryna make moves. Is he just chill or what? Wtf is the deal?",0.45592353367078997,0.468633770942688
 me and my now ex of a year and a half broke up today. Issue was that he didn't know what to talk about with me anymore. I feel lonely and sad. Did I do the right thing? :(,"It was fun hanging out, CU later!","He ghosted me months ago, and now he’s zombie-ing by texting me again.",You’re still talking about that? GAL!,"My ex and I called it quits today, cuz he ran outta things to say to me. Feeling super lonely and bummed rn. Was I right to dump him tho? 😢😭💔",0.6169635455364005,0.6522096395492554
 I was hit by a car 5 weeks ago. I want to get my funk on at Prom which is in 2 weeks. Help me!,I'm hella drained today and totally vibing solo — not tryna hit the party.,I'm hella drained today and totally vibing solo — not tryna hit the party.,I'm hella drained today and totally vibing solo — not tryna hit the party.,"Ain't nothing gonna stop me from grinding at prom in 2 weeks! I got hit by a whip 5 weeks ago, but I gotta shake it off and make sure I'm fly for the dance! Hook me up with some tips to heal fast, homie!",0.7522413608440072,0.6457569599151611
" Though in general I like who I am, I see myself as a different person from the successful, happy me in the future. How do I get over this and start to see myself as that person?",‘Be yourself; everyone else is already taken’—QOTD.,"Don’t worry, TTTT—it’ll get better.","I’m not looking for anything serious, just NSA.","Ugh, I'm pretty cool now but I wanna be the lit AF version of me in the future. WYA on becoming that boss babe? 🔥💫",0.42803907873227653,0.24665987491607666
" Made WBC reference as joke, came off as obnoxious, bigoted asshole. In retrospect, it really was in bad taste and not as funny as I thought.","That joke was funny, but definitely UNPC.",I tried making a joke but it was MUAH.,I joined the prank for the LULZ.,"Made a problematic joke, vibes like a Toxic Tom, should've known better, ain't funny no more. 😬🤮",0.5179647203132387,0.39881032705307007
" GF found some NSFW links saved in my reddit account, is quite upset that she can't live up to my ""desires""","She texted me, IWSN!",She's throwing shade at her ex.,Stop simping over her.,"GF caught some NSFW links on my Reddit, mad 'cause she can't meet my thirst.",0.6012503864692519,0.7592874765396118
 Guy sending my wife raunchy facebook messages is in a serious committed relationship and loves preaching against cheaters. Torn on weather I should show her what he has been doing.,"She’s breadcrumbing him, always texting but never wanting to meet.",We’re finally FBO—changed our relationship status!,"He’s been texting me nonstop, he’s so thirsty.",Dude sending my wife thirst traps on FB is full-blown taken and talks mad smack about cheaters. Ain't sure if I should spill the tea on his antics.,0.711336263659258,0.6747500896453857
" I'm not physically attracted to my boyfriend and I never have been, but when he asks me I lie to him, which is getting in the way of my sexual pleasure. What to do?","He keeps telling me I’m overreacting, but I think he’s gaslighting me.",I'm just keeping it 100 with you.,I appreciate that you always TILIS.,"He ain't doing it for me, but I be lying to him 'bout it, and it's messing with my vibes. Got any advice?",0.49083646851233165,0.6492629647254944
 Giving stuff made me feel good. And i'm using Reddit as a diary so i can read it later to remind myself to do it more often.,I left a GIC for the baby shower.,MFW someone eats my leftovers without asking.,"Yo, how you vibin' today?","Aye, dropin' swag made me feel lit AF. And I be usin' Reddit like a journal so I can reread it later and remember to keep up the good vibes 🤘🏽",0.579574609149526,0.4943292737007141
" Good friend of mine with boyfriend acts like she and I are a couple. We are getting an apartment together. I cant tell if she is actually interested in me, or where her behavior comes from.","She’s my BFF, we tell each other everything.","She’s breadcrumbing him, always texting but never wanting to meet.","She texted me, IWSN!","She's acting like we're a couple-up, but she got a BF. We're cop-sharing soon. Idk if she's into me or just playin' games!",0.5329951303817558,0.5673753023147583
" Boyfriend and soon to be husband maybe spent 2x on ex wife's ring and thought it was no big deal, but he wants to be cheap with me but claims to like me more. I am confused. ","We’ve been hanging out a lot, but it’s just a situationship.","AAMOF, I was just about to call you.",I think he’s benching me—he texts but never makes plans.,"GF tryna be a baller for the ex, stingy wit me tho, claiming to love harder. Vibes mixed af.",0.3267764227046861,0.3765445351600647
" There is a girl I really like, we have become good friends but I don't know how to kiss her for the first time.",We had our first KOTL last night.,I gave her a KOC when we said goodbye.,"I sent you a letter, SWAK.","She's lit fam, but I ain't got the guts to make my first move yet. (MFMY = There is a girl I really like)",0.3541026035339218,0.3480944037437439
 I've been single 8 months and not ready to get into another relationship but I met someone amazing and don't want to lose this opportunity. PLEASE HELP ME!,"We’ve been hanging out a lot, but it’s just a situationship.","I’m not looking for anything serious, just NSA.",We’ve been in an LD relationship for a year.,"I've been single for 8 months, ain't tryna jump straight back into a relationship, but this person is fire AF, don't wanna let 'em go. HELP!!",0.6660371612643932,0.6395535469055176
" I almost got hit by a mini van on my moped, serious trauma may have ensued. Could have died? IF YOU'RE ON THE ROAD, PAY ATTENTION!","Had a minor ACDNT on the way home, but I’m okay.",That accident was really UN4TUN8.,"That traffic was awful, IFYP.","Almost got whacked by a minivan on my scoot, probably would've had a heart attack. Road rage for real, stay woke!",0.6010108988040702,0.6203043460845947
" how does a nice guy subtly friend-zone an overly friendly, romantically interested girl he will have to see everyday for the next year?","We’ve been hanging out a lot, but it’s just a situationship.","He’s been texting me nonstop, he’s so thirsty.","Even though we’re miles apart, we’re BFFLNMW.","How can a chill bro keep it casual with a girl who's got feels, but they gotta work together daily for the next year? Answer: Make her your WLTM (Worthy-Of-Letterman-Material) friend but keep it platonic.",0.6478840094524076,0.49244391918182373
" friends cat got sick, Mother went on a moral crusade calling the pound over it and can't see why myself and others would be upset with her over it.","He’s always calling his mom for advice, such an MB.","Things got heated last night, total UDS.","Can’t talk about that right now, MOS.","Friend's cat is whack, Mom started some serious drama at the pound about it, no cap, she can't understand why we're salty.",0.6722571197639211,0.6796942949295044
 I love my new sister in law and want to do things with her but not her brother. Am I obligated to invite him on trips?,I’m hanging out with my BIL this weekend.,Going to visit my OL this weekend.,My FIL is visiting this weekend.,"Aye, I looove my new SIL and wanna chill w/ her, but not her bro. Do I gotta invite him on trips tho? 🤔🤷‍♀️",0.555659210913069,0.6681051254272461
" I feel like shit after a breakup. This breakup came at the hands of my SO's parents, for the most part, and it kills me that I couldn't do enough to salvage the relationship. Please share some kind words.",I'm deadass exhausted today and had zero chill for going out.,I'm deadass exhausted today and had zero chill for going out.,"Don’t worry, TTTT—it’ll get better.","Ayy, I'm seriously lowkey trashed post-breakup. Mostly 'cause my SO's folks pulled the plug, and it's just brutal knowing I couldn't save the sitch. Sendin' vibes, homeslice. 💔💪🏼",0.7495150481895065,0.5018001794815063
" I believe I have absence seizures, but I can ""snap myself out of them"" so is it really an absence seizure? Can this be defined, or treated, or coped with in anyway?","Hope you’re doing well, TAUMUALU.","I have such FOMO, everyone’s going to that concert except me.","We’ve been chatting for a while, RYS?","Ain't my diagnosis, but dang, sometimes I space out hard. Is this an absense seizure or what? How it be defined, dealt with, or managed though? #BrainThings",0.6637556146716808,0.6349904537200928
" Disrespected my fiancee, now has been a week of short answers, evasive conversations, and no physical interaction. Unsure of how to proceed",I think he’s benching me—he texts but never makes plans.,Stop simping over her.,"He was being so rude, so I gave him the MLM.","Dude straight disrespected my gf, now ghosting me with short replies, dodgy convos, and no vibes. Don't know what's up next.",0.5693508680507418,0.5015826225280762
" he back-stabbed me, i went in way harder in retaliation, now everything's fucked and i want my friend back.","He ghosted me months ago, and now he’s zombie-ing by texting me again.","He was being so rude, so I gave him the MLM.","We’re not as close anymore, just BFFN.","He snaked me hard, so I went off on him, now we're toxic AF and I miss the old homie.",0.42034451832731673,0.452877402305603
 > *long term unofficial relationship with ex's big sister turns sour after she found out I had sexted another girl. Not sure if I'm in wrong.*,"Everyone’s cuffing this fall, it’s relationship season.","We’ve been hanging out a lot, but it’s just a situationship.","She’s always late—kind of a pink flag, but not a dealbreaker.","My ex's sis caught me sliding in the DMs—drama city, ain't sure if I messed up big time.",0.5002092080928612,0.501803457736969
" I don't know what to think because this ""rule"" works in both our favors but at the same time is pretty silly.","BME, that’s not how it usually works.","AISI, we should approach this problem differently.","He’s so SQ, always following the rules.",This rule is kinda fire for us but also dumb af at the same time.,0.39164852815321605,0.4508870840072632
" My ex wanted to fuck, I've met someone new and refused my ex but I really hurt right now and don't want to worry the new guy.","Oof, that must have hurt.",I think I have a BCO that new guy.,"Got rejected for the third time, feelsbatman.","Ex, tryna get dirty but I went for the new fish instead, got that heartache tho, ain't wanna stress the new boo.",0.4818195010486402,0.4373232126235962
" Manager walked in on his wife with another man. He's missed almost a week of work, understandably, but he is convinced that no one at work cares about him (not true at all).",He went AWOL during the meeting.,He's so pressed about the situation.,"Quiet, B9!","Boss caught his GF stepping out, been MIA for days. Thinks nobody at work gives a hoot (they definitely do).",0.4730774524139235,0.5029416084289551
 Me and bf agreed to get our own place and he's now having second thoughts and won't understand why I want out.,"We’ve been hanging out a lot, but it’s just a situationship.",My B/F is meeting me later.,I think he’s benching me—he texts but never makes plans.,"My B/F backed out on us getting a crib, and now he don't get why I wanna cop a squat elsewhere.",0.4206573779067835,0.4258022904396057
" he cheated once when we first started dating, 3 years later we are very happy. Should I worry it'll happen again?","He ghosted me months ago, and now he’s zombie-ing by texting me again.","We’ve been hanging out a lot, but it’s just a situationship.",We had our first KOTL last night.,"He betrayed us in the beginning, but now we lit, so should I stress about a relapse?",0.4625477904758295,0.5095831155776978
" Decided my nip hair needed a touch up, forgot about them, mum found out, dropped them on the floor, can't find them.",He was EWG me about my new haircut.,I just copped fresh kicks for class. 😎,"You were looking for your keys, DYFI?","Ate my nips, spaced 'em, mum snitched, dropped 'em, can't wlmo (locate) 'em 🤦‍♂️",0.4308233233039729,0.5292366743087769
" I really love this girl, but she lives far away and no longer wants to be intimate (skype/fun pictures). I miss the intimacy and can't get it back no matter what I try. Help :(",We’ve been in an LD relationship for a year.,I’m going out with my GF tonight.,"It’s been so long since we hung out, MU!","Aye, I really vibe with this girl but she's way too far and ain't feeling the long-distance vibes (virtual or pics). Missing that close connection and no matter what, can't seem to get it back. Help :(",0.7816355896293291,0.6491437554359436
" Ex wants to get back together, but I'm not sure if he's serious. I'd rather take things slow. I don't know if I'm being manipulative by ""testing"" his commitment to this.","We’ve been hanging out a lot, but it’s just a situationship.",I think he’s benching me—he texts but never makes plans.,"He keeps telling me I’m overreacting, but I think he’s gaslighting me.","Ex tryna rekindle, but I ain't feeling it yet. Gonna keep him on chill mode. Ain't sure if I'm playing him or just checking his dedication.",0.48030213590639115,0.46198931336402893
" Anyone ever filed a small claims case against someone out of state with in-state interests, and how does that work?","INAL, but I think you should get legal advice.","I don’t know the law on this, IANAL.","Need legal advice? IAAL, happy to help.",Ever filed a small claims against an OOS person with IRL (in-real-life) stakes? How does that go down?,0.5722121748237399,0.5904077291488647
 Just started dating a guy who is likely 20-Or-So years older than he told me. How do I ask him about the fact he has lied.,"He keeps telling me I’m overreacting, but I think he’s gaslighting me.","I couldn’t believe what he was saying, STFU!","I texted him last night, but I got NR.","He's prob hiding his age, so how do I drop that truth bomb on him?",0.4902216167991511,0.6480332612991333
" My boyfriend's ignoring me despite knowing I need his comfort, hit me with your best shot at trolling to get him to talk to me.","I texted him last night, but I got NR.","He ghosted me months ago, and now he’s zombie-ing by texting me again.","He’s been texting me nonstop, he’s so thirsty.","My bf is ghosting me even tho he knows I need his vibes, come through with some epic clapbacks to snap him outta it.",0.5325814079379771,0.37264204025268555
" Me 24F dated a 26M, now his one of his closest friends is hitting on me, what to do?","He’s been texting me nonstop, he’s so thirsty.","He ghosted me months ago, and now he’s zombie-ing by texting me again.","I texted him last night, but I got NR.","My 24F ex-boo's homie's sliding in my DMs, what's the tea?",0.23393575861596003,0.1908632069826126
 The girlfriend wants me to play the part of a woman in the bedroom but is telling me she has no desire for me to be a woman. How should I interpret/ handle this?,She’s living her life like she’s the main character in a movie.,She's such a Karen.,She texted me LHSX after the party.,"Girl's tryna roleplay but ain't down for full drag. IDK, bro, navigate that flexibly.",0.44215134785115884,0.302585244178772
" Dad spends all his money on us, despite losing his retirement savings, and gets no love back.  My brother actually disrespects him.  How do I open my brother's eyes, and show my love?","Sending love to all the dads, H-FDAY!",I’m hanging out with my BIL this weekend.,"Praying for you, YSIC.","Aye, bro is blowing his cheddar on us, even though he lost his bag of chips for retirement, and ain't getting no props back. My other bro is straight dishing dad respect. How do I wake up my other bro, and show some love? #BroLove #RespectYourElders",0.758266748979151,0.5747052431106567
 I need advice on what i can do to stop myself from texting a boy all the time and also on how to stay cool and aloof.,"He’s been texting me nonstop, he’s so thirsty.","She’s breadcrumbing him, always texting but never wanting to meet.","Stop messing around, get your HUYA and focus!",I need tips on how to chill with this dude and not be so thirsty around him.,0.3439069019212617,0.41080549359321594
" 17 year old cousin is pregnant and my whole family is so ecstatic about it, but I'm tired of pretending like their endless drama is OK. Wrong to take a stand on this?",I had to swerve to avoid the drama.,She's so extra with her drama.,"Can’t talk now, P911!",My fam is poppin' ’cause my 17-year-old cuz is preggo! But I'm over their constant chaos and can't fake that it's cool. Is it wrong to call 'em out on their BS?,0.5434856812709586,0.5052539110183716
" My BF started flirting with another girl, i didnt brake up with him but i started freaking out, because i want to be with him. I dont believe when he says he loves me.","He keeps telling me I’m overreacting, but I think he’s gaslighting me.",He sent me a flirty message saying TD2M.,My B/F is meeting me later.,"Him tryna step on other girls while we're still together is giving me anxiety, but tbh I ain't ready to dump him yet cuz I still wanna roll with him. Ain't tryna front, but his love feels sus sometimes.",0.5762462358808254,0.45997169613838196
" Friend and girl I like is dating a druggie who claims to smoke pot, but I believe he has done harder drugs and is lying to her, don't dare to tell her for fear of my being biased.","They’re not dating, just FWB.","Even though we’re miles apart, we’re BFFLNMW.","He keeps telling me I’m overreacting, but I think he’s gaslighting me.","My mate digs a girl, but she's with a stoner cat who says he smokes weed, but I suspect he's on some heavier stuff and fibbing to her. I ain't spilling the tea to her, 'cause I don't wanna seem biased.",0.7420413371928841,0.625356912612915
" Workers at my local Jack-in-the-box think I'm an idiot, and some where in my car a $10 bill went into hiding.",That SOAB cut me off in traffic!,"I forgot my wallet at home, facepalm.","Work was tough today, but ADAD.","Yo, those Jitbox folks thinking I'm a goof, and my cheddar gone ghosted in the whip!",0.36025579892862536,0.27729830145835876
" My boyfriend stepped on my beloved bird and killed him. Myself and my family never held it against him, but he won't forgive himself.","I was so mad, I told him to ESAD.","Things got heated last night, total UDS.","Had a minor ACDNT on the way home, but I’m okay.","My BF stepped on my fav pet and pop-ed it. We ain't mad at him, but he can't get past the RIP.",0.3230587916030778,0.36910927295684814
" 'Friend' is starting to date another guy while still sleeping with me, I want to tell her how I feel. Should I?","She’s my BFF, we tell each other everything.","She’s always late—kind of a pink flag, but not a dealbreaker.",My BF and I have known each other for years.,"""My boo's dating another dude and still hooking up with me—I gotta spill the tea about my feels. Should I?""",0.46786133523958207,0.43710771203041077
" depression drove girlfriend away, but i got a job offer and a whole bunch of new doors opened up. no longer depressed, and i think relationship can be salvaged.",We’ve been in an LD relationship for a year.,"Don’t worry, TTTT—it’ll get better.","We’ve been hanging out a lot, but it’s just a situationship.","AY, depression pushed GF out, but I copped a job offer n' a ton of new opportunities openin'. No longer feelin' down, think we can save da relationship.",0.7050910885974642,0.773063063621521
" shitty breakup about to happen, can't eat, can't sleep, need help being able to eat food without puking it back up.","Sending you O, hope you feel better soon!","Hope you’re doing well, TAUMUALU.","I need to heal, my HP is low.","About to go through a rough split, can't even munch or snooze, struggling to keep meals down without chundering.",0.4864708895168146,0.557429313659668
 I pressured my bf to decide if he wanted to be with me and is serious about the relationship and he decided to break up.,"He really made me mad, I just wanted to tell him FOAD.","He was being so rude, so I gave him the MLM.","We’ve been hanging out a lot, but it’s just a situationship.",My BF backed out and called it quits on us being together for real.,0.4390020498443508,0.628696620464325
" Would it be good to maintain the friendship or should I just let that go, do you think she would still like to be friends, would you?","Even though we’re miles apart, we’re BFFLNMW.","She’s my BFF, we tell each other everything.",My BF and I have known each other for years.,"Yo, we cool to stay friends or u wanna ghost, tho she prob down if u ask rite?",0.4737909796165297,0.5043686628341675
 My grandmother was conned out of thousands of dollars and the police say there isn't anything they can do because it was an anonymous cash transfer.  Is there anything we can do?,You’ll need to talk to the ADMIN to get access.,"Need legal advice? IAAL, happy to help.",He ghosted me after our date.,"Grandma got scammed big time and cops ain't helping cuz it was a shady wire transfer, what now?",0.5918582337714958,0.6851015090942383
" Took sick leave during FY2011 but payroll schedule is already in FY2012, and subsiquenly lost sick leave from FY2011.  Is this legal?",The pay raise will be RTRCTV to last month.,"The boss has LFD, we’ll continue tomorrow.","INAL, but I think you should get legal advice.","This one's a bit tricky, but here's an attempt:",0.12465373961218836,0.0
" Looking to move out, find out current leasing agency has no record of me even living in my house. What can I do?","IDK where he went, maybe check upstairs.",He ghosted me after our date.,He ghosted me after our date.,"My bad, they lost my rental records. Got any hook-ups for a new lease fam?",0.4379628130603695,0.6266181468963623
" got a ride from some drunk strangers, got beer on my pants in a pee formation, walked around a gas station with pee formation on pants, froze my ass off.","I tripped and spilled my drink, ROFLOL!","I was so tired, I went to bed and was out in seconds, ZZZZ.",I was just vibin' with my crew at the park.,"Got a ride from some lit randos, ended up with a piss design on my pants, strolled through a gas station like it was normal, frozen my butt off.",0.8452430737315783,0.7763587236404419
 How do I (19 F) convince my boyfriend (23 M) I am just friends with his brother (30 M) and nothing more?,"We’ve been hanging out a lot, but it’s just a situationship.",My B/F is meeting me later.,We’ve been in an LD relationship for a year.,How do I (19 F) show my B/F (23 M) that I'm jus bros with his bro (30 M)?,0.4520402238639768,0.7378754615783691
" Boyfriend is still very involved with ex and it makes me feel uneasy. I'm unsure about how to bring it up, or if I even should.","We’ve been hanging out a lot, but it’s just a situationship.","Everyone’s cuffing this fall, it’s relationship season.",We’ve been in an LD relationship for a year.,"BF still vibing with ex, making me weird af. Not sure if I should bring it up or nah.",0.5852044830692111,0.6994948387145996
 My girlfriend has incredibly low self esteem and I'm looking for any advice on how to help her feel better about herself.,Stop simping over her.,"She’s such a pick me girl, always saying she’s not like other girls.",She's completely unbothered by the hate.,"My gf struggling with self-love vibes, need tips to boost her confidence, bro?",0.5254392737827143,0.6353660821914673
" Don't get along with Mums BF (guy she had affair with), going to have to live with them, help","Can’t talk about it now, PRW.","PIR, can’t talk about that right now.","He’s always calling his mom for advice, such an MB.","Can't vibe with Mom's ex, gonna be stuck living w them, need help. (MB = momma's boy)",0.49260076079672394,0.6250907182693481
 My insecurities are getting the best of me when I compare myself to my boyfriend's beautiful ex girlfriends/flings.,"He keeps telling me I’m overreacting, but I think he’s gaslighting me.","If you want it done right, just DIY.","Everyone’s cuffing this fall, it’s relationship season.","My exes got him lookin' good, but I gotta remember my worth.",0.318430242115771,0.30445051193237305
 elderly coworker is both overwhelmingly irritating and a genuinely bad person.  I will snap soon and hurt my career.  What fucking do.,"That woman asked to speak to the manager, total Karen move.","MDIAC, so I know a lot about law enforcement.","This job is too stressful, IWAWO.",Ain't this old colleague driving me crazy and straight up toxic? I'm about to pop and mess up my rep. WTF do now?,0.44751889132726885,0.45182448625564575
 My girlfriend has had multiple partners in the past where as I was a virgin and it could threaten our LDR. How do I get over this.,Stop simping over her.,She texted me LHSX after the party.,What’s your body count?,"My GF's got a high score, while I'm still V-card. Long-distance ain't easy with that baggage, how do I cope?",0.43336101945417405,0.3681070804595947
" I'm currently 24, and 100% scared to turn 25. I feel like I'm nowhere as far along as I thought I would be.",Stay safe and TCOY.,What’s your ASL?,What's your ASL?,I'm 24 but freaking out bout turning 25 cause I ain't got sh*t figured out yet 😔,0.5211108156848813,0.7929141521453857
" Girlfriend developed irritating eating habits after moving and flips out every time I bring it up, considering ending relationship because of it. How to fix?",Stop simping over her.,"She’s always late—kind of a pink flag, but not a dealbreaker.",She's living rent-free in my mind.,"GF's got some annoying munchie moves post move, loses her cool whenever I mention it. Should I cut ties or fix this chow down drama?",0.5976266804824575,0.5304334163665771
 should I get back with my bf who i care about but have concerns about the future with due to lack of financial responsibility?,"I’ll handle it myself, MYOB.","We’ve been hanging out a lot, but it’s just a situationship.","I’m not looking for anything serious, just NSA.","Yo, should I take my boo back who I still feel for, but we got issues cause he ain't financially stable?",0.5652168545036105,0.576417088508606
" My girlfriend thinks women are nice, and very gentle when it comes to making out with them.  She now wants a threesome.",I’m going out with my GF tonight.,I gave her a KOC when we said goodbye.,She texted me LHSX after the party.,"GF says girls are lit, soft at making out, now she's tryna get a three-way on.",0.5392529586345536,0.7183951139450073
 Guy has been on the outskirts of my social circle for a while and has now chosen to try to insert himself via me.  How do I kindly distance myself from him?,My B/F is meeting me later.,"I don’t want to get involved, so LMNK.",I think he’s benching me—he texts but never makes plans.,"Dude's been trying to creep into my crew for a sec, but now I gotta ghost him nicely. 🤷🏼‍♀️👋🏼",0.396171789833053,0.3768311142921448
 SO of a year moved away and I am worried this long distance thing will not work. I need to hear some stories/advice.,We’ve been in an LDR for two years now.,We’ve been in an LD relationship for a year.,"Oh, another road trip? BTDT.","My bae moved outta town for a sec, this LDR thing is giving me anxiety. Need some vibes/tips, hit me up!",0.4661259855094709,0.40593618154525757
 Met girl off Tinder. Had to exaggerate my level of education/training in medicine to get laid. Feel bad about that I had to lie. Wish I had my sh!t together.,I met someone through OLL!,"It was fun hanging out, CU later!","Trust me, IANAC!","Met this chick on Tinds, had to flex my med school resume to get some action 😓 Guess I lied a bit too hard... wish I could've kept it real. Gotta work on that life game. 🤷‍♂️",0.7185082171432199,0.6613931655883789
 The time it takes to get over someone varies by person...but any opinions on how long it *may* take someone coming from a 2.5 year relationship?,"We’ve been hanging out a lot, but it’s just a situationship.","Everyone’s cuffing this fall, it’s relationship season.","It happened a week ago, GOI already.","How long it gon' take 'em to get over somebody from a 2.5-year situation? Depends on the person, but how long you reckon?",0.6738764757594904,0.9322404861450195
 I'm fat but I don't want to eat very much. At what point does this become unhealthy and/or hinder my progress?,"That diet worked for me, but YMMV.","I need to heal, my HP is low.",I'm about to snag some eats before I dip with the crew.,"Ain't fat but tryna chill on the grub. When it starts affecting my gains or health, that's a problem.",0.4118947746681044,0.3805762529373169
 found a post from my boyfriend asking why more women dont respond to his eye contact/ check outs ext..don't know how to feel about it.,"He’s been texting me nonstop, he’s so thirsty.",He's so thirsty for likes.,"They’re not dating, just FWB.","BF got caught sliding in DMs, vibes are mixed now.",0.3074183629985661,0.2270250916481018
 Girlfriend is still more receptive to being hit on/ talking to her exes. what is a good line of communication to get this in the open and resolve it.,Stop simping over her.,"She’s breadcrumbing him, always texting but never wanting to meet.","She texted me, IWSN!","GF still vibing with exes, need some honesty talk to sort this out. (IWSN = I Want Sex Now)",0.508599431313306,0.5462847352027893
" Boyfriend in LDR has a lot of female friends and hangs out with them in a ""date-like"" environment ....how do I cope with jealousy ? Am I overreacting ?","We’ve been hanging out a lot, but it’s just a situationship.","They’re not dating, just FWB.","Everyone’s cuffing this fall, it’s relationship season.","My bf in long-distance is friends with lotsa girls, chills with 'em in date vibes ... how do I deal with the green? Ain't I trippin'?",0.5786890979453798,0.5202590823173523
 My boyfriend has a very bright and successful future. I feel inadequate in comparison because I graduated with unemployable humanities degrees and have no direction in life. How can I get over myself and be happy?,He’s a DWM looking for a new start.,"I’m not looking for anything serious, just NSA.","I'm completely wiped after all that cram, fr.","BF's future is lit AF, but my life feels like a mess cuz I got useless degree vibes and no career goals. Gotta learn to slay my inner doubts and vibe positive, ya feel?",0.7301893656108518,0.5739521384239197
" Guy talked shit about me to a girl I'm into, now I'm dreading that she has a different opinion of me",She had to swerve that awkward conversation.,Stop simping over her.,I SPTO her about the event.,"Dude trashed talk me to a crush, now I'm vibing low 'cause she might think differently of me.",0.4655091630454869,0.5432066917419434
 Any good ways to introduce our new cat to our loving dog? Both have been around the opposite species with no issues but are currently fighting the moment they see each other.,"Look at that dog, such a QT!",Send me a PIC of your new puppy!,"Yo, just peeped the cutest pupper on my walk, fr.","Ayy, what's the best way to get my new cat and my OG doggo to chill? They both cool with each other's species but start beefin' when they cross paths.",0.645972112869622,0.7102267742156982
" My daughter, though not overweight, is very out of shape to the point of quick fatigue but refuses to exercise.  I don't know how, or if, to encourage her.",My DEGT loves playing soccer.,I'm dead after hittin' that session today.,She had a major glow-up over the summer.,My DEGT ain't really fit and can't keep up but she's not feelin' the gym vibe. Strugglin' to motivate her tho.,0.47914543846967805,0.48737674951553345
" I want an active job that might let me have a normal physical activity level, make me interact with people and traveling would be a major plus. What do?",Got to get back to RW responsibilities.,"ISO a new job, any leads?",Living the boujee life.,"Wanna find a job that's lit, offers some sweat sesh, people vibes, and travel? What's poppin'?",0.5307469914907234,0.479776531457901
 how do you come off as more of a relationship candidate without being weird? Want to become more than friends with friend but I'm bad with asking/forcing hugs and shizz,My BF and I have known each other for years.,"We’ve been hanging out a lot, but it’s just a situationship.","They’re not dating, just FWB.","Yo, how can I vibe more like a bae option without being too extra? Trying to level up with my friend but I'm awkward af when it comes to initiating cuddles and such. 😂🤔😜",0.6513175454166127,0.5547126531600952
" Forgot to recharge my wheelchair, thought i could drive home from school. Got stranded in the middle of nowhere, which resulted in my being sad and sick for a week.","Just hit the mall, and I’m wiped.",I'm mad dead tired today 'cause I napped like no cap.,I'm mad dead tired today 'cause I napped like no cap.,"Forgot to juice up my whip, thought I could cruise home from school. Got stuck in the boonies, now I've been feeling lousy and lowkey ill for a week.",0.5299236978355206,0.5335316061973572
 It's terrible but I just can't feel sorry for people who allowed themselves to become addicted. So (ex)addicts Why did allow yourself to become addicted?,Why are you so salty?,Why are you so salty?,"I’m not looking for anything serious, just NSA.","Yo, why y'all let yourselves get hooked up like that? No shade, just curious.",0.3561196195121617,0.32442760467529297
" paying into a pension (CPP), have ~30K student debt, thinking of not paying into pension to pay off loans faster","You need tax advice? IAAA, I can help.",That deal sounds 2G2BT.,"I’m not sure about the plan, WGACA?",Skipping on that CPP deets to speed up student loan pays? IDKIFTHATSMART.,0.469758686596667,0.607107400894165
" current gf has friend that wants to break us up any opportunity she gets, and my gf is ok with that.","She’s always late—kind of a pink flag, but not a dealbreaker.","They’re not dating, just FWB.","We’ve been hanging out a lot, but it’s just a situationship.","My girl's salty ex keeps tryna disrupt, and my girl's cool with it. (Salty refers to being resentful or angry.)",0.45618433309228795,0.3860528767108917
" I took an amazing opportunity to attend top b-school across the country, fiance originally supported me and supported moving together, but now hesitates to leave and makes excuses to stay put with no timeline. What to do?",We’ve been in an LD relationship for a year.,"She’s always late—kind of a pink flag, but not a dealbreaker.","I’m not looking for anything serious, just NSA.","Babe, my long-distance GF got cold feet when I got accepted into a fire college outta town. She's been finding reasons not to move and ain't giving me a plan. WTF do now?",0.5777983013282522,0.4907766580581665
" Sad as hell after girlfriend broke up with me twice in two days, looking for any thing that helped you or somebody through a breakup, usual or not, and any suggestions on what to do to cope.","Hope you’re doing well, TAUMUALU.","Hey, HRU? Haven’t heard from you in a while.","How’s it going, GG?","AYO, just got dumped TWICE in two days, need some advice on how to get over it, whether it's the usual heartbreak or something different. Any tips on coping? 💔💔",0.5866627003017224,0.6470096111297607
" My boyfriend of one year seems uninterested in me, I want things to go back to how they were in the beginning of our relationship.",We’ve been in an LD relationship for a year.,"We’ve been hanging out a lot, but it’s just a situationship.","He ghosted me months ago, and now he’s zombie-ing by texting me again.","Bae been acting cold af, wanna get back to us in the start of our relationship vibes.",0.5260809707839733,0.4427436590194702
" opened up a window in a vacant house to smoke weed, forgot to close it, pipes in the house burst the next week",You think I’m wrong? ^URS!,"Spill the tea, what happened?",The sky was SMAZED after the fireworks.,"Forgot to close the window when blazing in an empty crib, pipes busted next week.",0.5391575457977126,0.6351017951965332
" ex-girlfriend keeps blanking me, I often say dumb shit and making situation worse. I just want to be friends with her.",Stop simping over her.,"We were talking for weeks, and then she just ghosted me.",My BF and I have known each other for years.,"Ex-GF keeps ignoring me, always saying some stupid shit and making things awkward. Just wanna stay chill with her.",0.5350892307685683,0.6269651651382446
" My boyfriend is extremely shy talking about sex, and I'm not sure how I should communicate with him about it to make him feel most comfortable.",He sent me a flirty message saying TD2M.,"We’ve been hanging out a lot, but it’s just a situationship.","I couldn’t believe what he was saying, STFU!","BF is super awkward when it comes to sex talk, got any tips on how I can approach this sensitively so he feels comfortable? (or) Need advice on broaching the sex topic w/ shy bf in a way that makes him comfy 😜",0.7856022205379201,0.82328200340271
" no longer attracted to older boyfriend, wants to sleep with other people, doesn't want to break up with boyfriend. HALP.","They’re not dating, just FWB.","We’ve been hanging out a lot, but it’s just a situationship.","He ghosted me months ago, and now he’s zombie-ing by texting me again.","She's over her OG but ain't ready to break up, wants to link up with others, but not single yet. Help!",0.37903630902727553,0.37026098370552063
 Suggested to a close female friend that we go stargazing. Months later she tells me she is going stargazing at the same place with her boyfriend. ,She texted me LHSX after the party.,"She’s my BFF, we tell each other everything.",I’m going out with my GF tonight.,"She hit me up sayin' we should chill star-gawkin', then later she tells me she's star-gawkin' with her BF at that spot.",0.5129887471568881,0.5550633668899536
" what goes through the minds of guys who go on dates with you, only to disappear after sex? Is all of this done on purpose or do they just lose interest and not know why? How can I avoid these people?",I prefer JOMO to FOMO.,"They’re not dating, just FWB.","Stop messing around, get your HUYA and focus!","Why are some dudes ghosting after hookups, though? Is it intentional or do they lack game awareness? Got any tips to dodge 'em?",0.4873508716884412,0.44838595390319824
 How do I motivate myself to work on projects that happen to be in the same field as my 9-5 job?,TFW you finish a tough project and can finally relax.,"I took on too many projects, IOMH.",DITYID about how stressful work has been?,"Ain't it hard af keeping up the hype for side hustles similar to my 9-5 grind? Or, just straight up: Got any tips for staying pumped about side projects in my main gig's lane?",0.5055377479240175,0.3739563822746277
" Girlfriend too focused on study, not putting in much effort, not interested in anything sexual, but has super nice and caring family who really like me.",My DD is starting school this year.,Stop simping over her.,I’m going out with my GF tonight.,"GF's grindin' hard but lackin' the vibe, ain't tryna get frisky, but her fam's lit AF and dig my vibe.",0.37972255150201906,0.28853097558021545
 autistic man living in poverty needs advice/ assistance on handling mom's estate in guatemala (family is trying to manipulate him),"Need legal advice? IAAL, happy to help.","He’s such a MOMBOY, always calling his mom for advice.","INAL, but I think you should get legal advice.","Autistic bro struggling financially needs help sorting out his mom's Guatemalan estate, fam trying to pull a fast one. AKA getting scammed by the fam! Let's get this sorted, ASAP! #HelpNeeded",0.8760289219607937,0.7825287580490112
" Boyfriend snooped through my Facebook messages twice, told me each time, but didn't tell me the whole story the most recent time. Relationship is great other than this one thing. What do I do?","He’s been texting me nonstop, he’s so thirsty.","He’s just an FBFR, we don’t talk much.","We’ve been hanging out a lot, but it’s just a situationship.","BF caught my DMs twice, spilled the beans both times (except last), now I'm in the dark. Everything else with him is lit though. WTF should I do?",0.5397190849536674,0.49772071838378906
" idk if my longtime friend is gay, but I am really attracted to him and I want to find out. help please?","Just wondering, SorG?",I only see him AAF.,My BF and I have known each other for years.,"Yo, my old mate might be queer, but tbh I'm feelin' 'im hard and wanna figure it out. Any tips? 👀💭",0.49048478550527896,0.5654571056365967
 Boyfriend is making more than 5 times what he told me he was and lied because he didn't want me to like him for his money.,"He keeps telling me I’m overreacting, but I think he’s gaslighting me.",I think he’s benching me—he texts but never makes plans.,"He was being so rude, so I gave him the MLM.","BF pulling a rich-boy scam—he's earning way more dough than he let on, so he could pretend it ain't all about the benjamins.",0.43225694321859576,0.42130059003829956
" Breakup hit me really hard, need to stop focusing on it in order to get on with my life, any tips?","I'm mad exhausted today and I can't even focus, lol.","It happened a week ago, GOI already.",I'm lowkey drained today and not tryna pop off outside.,"Bro, breakup smacked me rly hard, need to chill 'bout it and move forward, got any deets?",0.538731789820082,0.634250283241272
 Im the moderator for /r/XboxFitness and Im trying to design a workout for 150 pple using the MOSSA selections available. Your input is solicited!,Let’s XLR8 and finish this project.,"NGL, that was a tough workout.","Check out my new sneakers, KOTD!","Yo, I'm the mod at r/XboxFit and I'm tryna cook up a sweat sesh for 150 peeps using the MOSSA vibes. Hit me with yer ideas, fam!",0.6124796669238822,0.6432418823242188
" Should I focus on calories burned during cardio, or smack myself in the face for being sad my workouts are burning only 155 calories (est.) a pop.",I’m tired af after that workout.,I'm dead after hittin' that session today.,"I'm mad exhausted today and I can't even focus, lol.","Ain't tryna calculate every calorie burn durin' cardio, but dang, it sucks that each workout is only burnin' bout 155 cals (est.). 😔🤷‍♀️😂",0.5433159726478386,0.5880169868469238
" I was supposed to film a wedding, missed the ceremony (but not the dance/speeches), have been ""editing"" the video for a couple months and am not sure how to break it to them.",Turn on your CAM for the meeting.,That video was cringe.,"This video is hilarious, but TNTL!","Aye, I whiffed the wedding, caught the dance/speeches instead, been grinding on the edit for like two months now, ain't sure how to spill the tea about the final vid.",0.7000481572177601,0.6521738767623901
 US Citizen marrying an Irishman. Can we both get dual citizenships or can we just live off of green cards travelling back and forth?,We’ve been in an LD relationship for a year.,He’s a DWM looking for a new start.,"We’ve been hanging out a lot, but it’s just a situationship.","USC marries IRM, can we cop dual citizenships or just live with green cards swapping places?",0.5087046543151719,0.6572985053062439
" I'm not sure if I should spend the money on braces, or save money and deal with my hideous teeth the way they are.","I took on too many projects, IOMH.","It’s expensive, but OTOH, it’s a great investment.","From my POV, this makes the most sense.","Gah, abt that cash for braces, shud I drop it or just vibe wit my wonky chompers? 🔥🦷💰",0.5229018936527072,0.5748896598815918
 husband wants to join a fraternity and is deciding between a social and a service fraternity. I am not easy with that decision. What can I do?,"Before making a decision, think WWJD.",He’s been attending AA meetings for a year now.,Living the boujee life.,Hubby tryna rush a frat and can't decide between the bro-centric or philanthropic one? I ain't feelin' it. What's the move here? 🤔🤝🏼🔥💪🏼,0.5323516580371646,0.5106866955757141
" my long distance guy thinks that rim jobs are disgusting. I did that before. He has been ignoring me for few days, but hour ago he sent me a message. What now?","I texted him last night, but I got NR.",I think he’s benching me—he texts but never makes plans.,"He’s been texting me nonstop, he’s so thirsty.","Long-distance boo thought rimming was whack, did it anyways. Ignored me for days, then popped back up an hour ago. Wtf now?",0.6082045781810528,0.6069908738136292
" I said the word ""relationship"" after a month and the guy I was dating lowkey headed for the hills.","We’ve been hanging out a lot, but it’s just a situationship.","It was fun hanging out, CU later!","Everyone’s cuffing this fall, it’s relationship season.",He bailed when I dropped the R-word after a month.,0.31355513941878427,0.40550363063812256
 Is it okay to eat under my calorie goal of 1200 a couple times a week? Or will that slow down my weight loss?,"That diet worked for me, but YMMV.","I'm mad hungry, let's hit up some lunch fam!",I'm about to snag some eats before I dip with the crew.,Ain't it cool to sneak in some extra chows below the 1200 cal cap a couple days a week? Gonna stall the weight loss tho?,0.5493335622747189,0.4892488420009613
 Boyfriend is amazing but he is a typical introverted geek. Even if we share alot of interests I'm bored. It makes me doubt about the relationship.,"We’ve been hanging out a lot, but it’s just a situationship.","They’re not dating, just FWB.",We’ve been in an LD relationship for a year.,"BF is fire but he's such a quiet nerd vibe, even tho we got same energy, I'm feeling drained. Makes me question the vibe between us.",0.47424746178854205,0.5052816271781921
 I have issues with communication and my boyfriend has issues getting motivated.  What advice can I give him to become motivated? What can I do to get over arguments quickly?,He's so thirsty for likes.,"He keeps telling me I’m overreacting, but I think he’s gaslighting me.","All you do is play video games, GAL!","Bae's all unmotivated and we got comms issues, what's the tea on how to get him hyped and settle fights ASAP? 🚀💪🤝🔥💔",0.5728404160764409,0.3977583944797516
 Roommate thinks I am trying to kill him with radiation from a wireless router. How can I get him to know the truth?,"IDK where he went, maybe check upstairs.","He keeps telling me I’m overreacting, but I think he’s gaslighting me.","I told him he’d fail, and he totally had to EI.","My roomie's trippin' bout WiFi radiations supposedly killing him. Gotta school him on the facts, fam!",0.7053021874454213,0.6626819372177124
 I have feelings for my friend's ex and the situation is impossible for me to date her or tell her how I feel. How do I get over her?,Stop simping over her.,"It happened a week ago, GOI already.",She’s a GRL I met online.,"I can't help but be thirsty af for my homie's ex, but it ain't looking good for us to be a thing. Got any tips on getting over her? 😢💔",0.44002992674254315,0.6030515432357788
 Realized my longterm girlfriend and I have a lot of differences and I'm not sure I see myself being with her in the long-long-run.,We’ve been in an LD relationship for a year.,"We’ve been hanging out a lot, but it’s just a situationship.","She’s always late—kind of a pink flag, but not a dealbreaker.","I'm starting to see we got some major diff-o's, babe. Long-term ain't lookin' so promising for us.",0.31858540860899925,0.3878633379936218
" Since sentences for fraud/embezzlement often include a fine, can we be sure that some/all of this fine will constitute restitution to the wronged party?",We’ll have to wait for approval from TPTB.,"I don’t know the law on this, IANAL.",That was so unnecessary! MTE.,"Yo, is that paperwork saying if the fine goes towards the ones getting scammed by the scammer? Does it cover everything or just some cash? Gonna need clarity on that, fam. #LegalSlang",0.6001743216098511,0.4801270365715027
" Friends with guy and girl, girl seriously considers breaking up with guy, I don't know what to say. Help?","We’ve been hanging out a lot, but it’s just a situationship.","Even though we’re miles apart, we’re BFFLNMW.","She texted me, IWSN!","GF and BF in a pickle, G is thinking about leaving B, stuck for words, need advice! Help a bro out?!",0.4283654259677739,0.46891921758651733
" For the age group (19-25), is cheating really common, and is polyamory just an excuse to cheat?","They’re not dating, just FWB.",What’s your body count?,"Everyone’s cuffing this fall, it’s relationship season.","Ain't monogamy for everyone, is it just 'cuz poly folks got a pass to step out?",0.5083081344158036,0.6565054655075073
" got a year to train at low altitude for a high altitude half, starting from walking 1/5 mile a day takes everything I've got. ","NGL, that was a tough workout.",WB! How was your trip?,"Don’t worry, everyone’s a n00b at first.","AYO, training for a high altitude half a year out, started with walkin' a mile a day, it's draining me already.",0.5065618233337297,0.7361153364181519
 There's a girl who I met at a party; when is a good time to ask her out to do something and what should I say?,She texted me LHSX after the party.,Are you bringing a MOOS to the party?,I’m going out with my GF tonight.,"When you slide into her DMs, what's a lit time to ask her link up and whassup?",0.45115920030344225,0.45910510420799255
" Daughter's dad is angry, abusive, and manipulative. I'm going for full custody, his family backs me. How can I win this?","Sending love to all the dads, H-FDAY!","I’m so mad at him, he can BIH.","Even if it’s hard, always DTRT.","Dad's pops is acting up, causing drama, and playing mind games. I'ma fight for full control, got fam support. What's the game plan to win? 🚀💪👩‍💼🔥💰",0.5914608780036672,0.5181018114089966
 New boyfriend spends a lot of time gaming and would play video games while on the phone with me. Should I tell him this bothers me?,He’s into ERP in online games.,He's flexing his new phone.,He’s got some serious NOWL about computers.,"Yo, my new bae's always turnt up in game world and chattin' on the call while slaying virtual enemies. Shouda tell him it vibes me wrong? 🕹️📱💬",0.5828836400092804,0.44554567337036133
" How do I get a girlfriend? Each day that I am single, I get more scared of girls. I am also scared of becoming a real 40 year old virgin.",Stay safe and TCOY.,"Stop messing around, get your HUYA and focus!","After that drama, I’ve got a new RTBS.","Yo, how tf do I cop a gf? Every day I'm SOS scared of girls, and I'm legit worried 'bout turning into a real-life 40 y.o. simp.",0.6996272746215566,0.7344346046447754
" Phone switched itself on during wedding, messages came through, Fuck her right in the pussy was the sound that accompanied them.",She texted me LHSX after the party.,"I LVM, call me back when you can.",She had to swerve that awkward conversation.,"My phone lit up during the weddie, some NSFW texts popped up with a loud AF beep.",0.5095174374507735,0.575821578502655
" Roommate lays in bed all day, doesn't eat/shower and doesn't respond to me (most of the time). What to do?","I'm mad drained today and just wanna click 'snooze' on life, fr.","I'm mad drained today and just wanna click 'snooze' on life, fr.","I told you to clean your room, 4COL!","My roomie's been a couch potato, skipping showers, skips chow, and ghosting on me, most of the time. Got any tips, fam? 😓",0.5297155040122795,0.5608160495758057
" girl wants either causal dating or relationship before moving in a few months, wants a one time no strings attached hook up with another guy before we get involved as a one last thing of being single.","We’ve been hanging out a lot, but it’s just a situationship.","She’s always late—kind of a pink flag, but not a dealbreaker.","Everyone’s cuffing this fall, it’s relationship season.","She's looking for a FWB situation or to link up long-term, but she also wants to have a one-night stand with someone else before getting serious—last fling before commitment.",0.6767534401443196,0.605584442615509
" asked girl for her number, we had a lack luster conversation and now I dont k ow if I should text her back.","She texted me, IWSN!",She texted me LHSX after the party.,"I LVM, call me back when you can.","AYO, that gurl hit me up, we chatted but vibes were dead, now IDK if I should slide in DMs again 🤦‍♂️🤷‍♀️",0.4886694248363252,0.34021973609924316
" I don't understand how to initiate intimacy with my girlfriend, who just seems to want to watch Weeds until she is asleep.",She texted me LHSX after the party.,I’m going out with my GF tonight.,"She’s always late—kind of a pink flag, but not a dealbreaker.","My GF ain't feelin' it rn, she just wanna Netflix 'n' chill till she's zonked.",0.2998247274566555,0.3503419756889343
 I believe one of us at the very least is bat shit crazy. Discussing feelings on a topic and a solution. Or one person's feelings and then finding a solution. ,We need to normalize mental health talks.,Let’s have a 121 meeting to go over the details.,Let’s meet F2F to discuss the details.,"One of us might be trippin', let's vent 'bout it and brainstorm solutions.",0.4939206356487116,0.5723288059234619
 Cute girl lives upstairs. Haven't talked to much but I want to get to know her better and maybe ask her out. Do I have to get to know her better? What should I do?,"Yo, you tryna link up later to vibe?","Yo, you tryna chill later?","Yo, wanna dip and vibe with me later?","Yo, that cutie lives above me, ain't talked much but gotta vibe with her more and cop a deets. Do I gotta work on the vibes more? What's the game plan?",0.4859944927890545,0.36257070302963257
" ex-gf wants to stay friends, but has been acting hot/cold and basically being dishonest but I don't know if it's to protect my feelings or if she has ulterior motives.","They’re not dating, just FWB.","She’s always late—kind of a pink flag, but not a dealbreaker.",She's throwing shade at her ex.,"Ex-GF tryna be friends, but she's all over the place, kinda playing games—not sure if she's keeping it real or got other plans.",0.5323160948680709,0.6214188933372498
" Nice guy asks me to drop his gf home, naughty willy takes over brain and I end up boning her",Are you bringing a MOOS to the party?,I’m going out with my GF tonight.,My B/F is meeting me later.,"Nice guy ask me to drop his GF, but my naughty brains took over and ended up smashing her.",0.6232710192573367,0.7756279110908508
 new bf wants to be allowed to occasionally see his recent ex but still see me. Should I accept that as a moving on process or run for the hills?,"We’ve been hanging out a lot, but it’s just a situationship.",I think I have a BCO that new guy.,My B/F is meeting me later.,"New BF want chill with ex sometimes, but also me. Do I ride it out as a healing proccess or bail?",0.50239529404944,0.6446797847747803
" opened a door that had a kid leaning against it, arms full of pizza stuff. Kid eats shit, parents were shocked, I was shamed.",I hit up the grocery to snag some snacks.,Not you eating the last slice of pizza!,"No cap, the pizza got here lightning fast!","Kid slammed with pizza on door, parents lost it, I got roasted!",0.4937196799922848,0.7381318807601929
 Bf has hidden camera photos (very recent) of female friend on laptop. Accidentally found them on desktop. World crushed. ,I have major FOMO after seeing everyone’s vacation pics.,He ghosted me after our date.,"We were talking for weeks, and then she just ghosted me.","Yooo, I found some sketchy pics of my girl squad member on bf's laptop... accidently stumbled upon 'em on his desktop, and now my world is spiraling. 😮",0.760072780117764,0.6337189674377441
 My parked car got hit by another (moving) car on an icy hill. Is it my fault or should I find them and pursue an insurance claim?,"That car is NFS, sorry!",Is that j00r car outside?,I’m putting my old car 4SALE.,"My whip slid sideways on that slick ass hill, caught a hit from another car, now the insurance game is poppin', who's liable tho? 🤔",0.6068819459125276,0.576644778251648
 GF carpooling and getting drinks with male coworker. Relationship a little rocky. Am I paranoid for thinking she is being unfaithful or am I paranoid?,"She’s always late—kind of a pink flag, but not a dealbreaker.",My G/F is meeting me after work.,She texted me LHSX after the party.,"GF ride-sharing with work bro, drinking vibes. RL a lil bumpy. Am I trippin' 'bout her cheating or am I trippin'?",0.5297461616035313,0.6716806888580322
 is a fifteen-year old girl a victim of a sexual predator if she willingly engages in a sexual relationship with him?,This movie is rated for LSV.,"She just turned 18, officially at the AOM.",That SNERT really needs to learn some manners.,"Is a 15-year-old willingly hooking up with a creepster still considered a vicky? (Note: ""vicky"" is a derogatory term for a victim, but it's commonly used in Gen Z slang to discuss situations involving sexual assault or harassment.)",0.73381334221264,0.49809759855270386
 boyfriend says he doesn't love me anymore after we've been on edge for a bit. How should I deal with it?,"We’ve been hanging out a lot, but it’s just a situationship.","He ghosted me months ago, and now he’s zombie-ing by texting me again.",I think he’s benching me—he texts but never makes plans.,My bae just dumped me after we hit a rough patch. Got any tips to chill and move on?,0.3971926534852823,0.3788728415966034
" sent to collections for debt that i knew nothing about, if i pay now will i be able to get the debt taken off of my credit report.","AAF, I did finish the report yesterday.",It’s time to get BIC and finish this report.,"WRT your last email, I have some questions.","Ain't got a clue 'bout dat debit, but if I settle it now, will it disappear from mah credit report?",0.46698924098318634,0.573867678642273
 An abusive mother and predominantly negative experiences with dating have resulted in my distorted view of women. How can I overcome my history and introverted nature to approach people and experience trust and closeness in a relationship?,Stop simping over her.,"He’s such a MOMBOY, always calling his mom for advice.","He’s always calling his mom for advice, such an MB.","Yo, I'm tryna shake off my past baggage 'bout moms and dating drama, but it's tough to vibe with peeps and build real connections. Any tips on how to overcome my history and introverted self for some positive relationships vibes? (Or something like that... Gen Z language can be a bit all over the place.)",0.8433262705802917,0.6866525411605835
 Have a lot of school Debt (7k). Don't have a lot money. Trying to look for a quicker way out of it to get back into school asap. Any ideas?,I’m trying to stack up this gaup before the weekend.,Got to get back to RW responsibilities.,I'm hella exhausted after pulling an all-nighter.,Got a big ol' stack of edu debt (7k) and I'm cash poor. Need some fast moves to pay it off so I can get back to school ASAP. Got any tips?,0.68402920692251,0.814041793346405
 I don't want my girlfriend to drop out of school and waste the opportunity of a good graduation just because I am unhappy.,My DD is starting school this year.,"She’s always late—kind of a pink flag, but not a dealbreaker.",I’m going out with my GF tonight.,"My GF ain't dropping out for no reason, I ain't gonna let her blow a good grad trip over some unhappiness.",0.5759869577812026,0.7087606191635132
" If you've ever brought a term/phrase to your town, or if you've invented it, tell the word, and say how you first brought it up.",I had to check the DXNRY to figure out what that word meant.,"That phrase is so cheugy, no one says that anymore.","Ugh, YABA in this manual!","Drop ur OG moves, like when ya first started using that slang in da hood, homie!",0.3772555845596123,0.2558962106704712
" I don't know how to tell my best friend that I don't want to marry her, but I don't want to hurt her because the relationship isn't a bad one.","She’s my BFF, we tell each other everything.",She texted me LHSX after the party.,"She’s always late—kind of a pink flag, but not a dealbreaker.","She's not the one I'm gonna pop the question to, but I ain't tryna break her heart 'cause we still chill pretty hard.",0.4280847514930524,0.32985371351242065
" I have about ~$1,200 a month in extra income, before gas, groceries, and entertainment.  Not looking for a pimp mobile.",I’m trying to stack up this gaup before the weekend.,"It’s expensive, but OTOH, it’s a great investment.",I need those sales STATS by the end of the day.,"Got an extra grand or so monthly, not tryna ball out on gas, food, or fun. Ain't after no fancy ride either.",0.4314076314342319,0.3919011354446411
" Boyfriend's mom died and now he is really depressed, leading him into financial trouble that is now affecting me. How do I support him but not just become his new Mom?","He’s such a MOMBOY, always calling his mom for advice.","He’s always calling his mom for advice, such an MB.",He's such a simp for her.,"Homie's mom passed and he's hit a rough patch, gotta deal with the feels and cash problems. How do I help without morphing into his new Ma?",0.6379945572063204,0.6388700008392334
" I met someone, nearly fell in love, found out he has a gf, (not by him) and I have no idea what to do now.",I met someone through OLL!,My B/F is meeting me later.,"Before making a decision, think WWJD.","I met this guy, almost fell for him hard, found out he's got a GF (not from him), now I'm stuck AF on how to move forward 😕",0.542187509114062,0.7519650459289551
 I think I'm withdrawing from the pain killers I was prescribed and I'm trying not to go batshit. See above questions.***,I need to pick up my RX from the pharmacy.,"Oof, that must have hurt.","I’m out of MP, need to recharge.","I'm kinda feeling the withdrawal vibes from my prezzy meds, tryna keep it together though. 😅💊🔥💪🏽",0.5071846308635543,0.5711559653282166
" Know a girl for 2 weeks, is in my class, other guy likes her aswell, seems to be getting ahead of me, what do i do?","She’s breadcrumbing him, always texting but never wanting to meet.","She texted me, IWSN!",I'm finna snag some coffee before bouncing to class.,"She's on some next level flirting, I need a game plan ASAP!",0.34407900063284874,0.4388505220413208
" Is blocking porn actually going to make 'better' adults? Or should we let kids enjoy the full internet, for better or worse?",We need to stay woke.,We need to stay woke.,We need to improve our SEO for better website traffic.,"Blocking porn make 'better' adults?? More like restrict access, let them learn responsibly. Full Internet, good and bad, it's reality check time.",0.8379848931304635,0.9003465175628662
" Girl continually texts me first, flirts with me, and then when I ask her to do something in person she gets really weird and never truly gives me an answer. Why?","She’s breadcrumbing him, always texting but never wanting to meet.",Stop simping over her.,She texted me LHSX after the party.,"She's playing hard-to-get, always hitting up my DMs but then ghosting when we try to IRL stuff. WYD?",0.513177415258006,0.5000390410423279
" Bf's first love was his highschool best friend, they have recently started to talk again which makes me feel uneasy.",We’ve been BFFL since high school.,"We’re not as close anymore, just BFFN.","She’s my BFF, we tell each other everything.","BF's ex-GF is hitting him up again, and it's throwing me off vibes.",0.4254601763721318,0.46310871839523315
 I find guys who are very similar to my older brother to be attractive (but I don't find my brother attractive) and now last night I saw my brothers face on the guy I'm seeing.,"He’s SMEXI, isn’t he?",He showed up to the party looking like a whole snack.,I’m hanging out with my BIL this weekend.,"My type is dudes who remind me of my OG bro, but obvs not my actual bro, and last night I caught a glimpse of my BF looking like my broski.",0.6470761735023224,0.5739307403564453
" My closest male friend and I were hanging out drinking. I went to my room to sleep, and woke up to him touching me.",My BF and I have known each other for years.,I was just vibin' with my crew at the park.,We had our first KOTL last night.,"My homie and I was vibin', sippin' back at my place. Woke up in the middle of a weird AF situation... dude was creeping on me.",0.6113203215797192,0.6132223606109619
" Just took a new job, feel uncomfortable and over-pressured to get school work done. Looking for advice.    ","ISO a new job, any leads?",DITYID about how stressful work has been?,BOL on your new job!,"Jus started a new job and I'm vibing awkward and swamped with schoolwork. Need some tips, bro!",0.5874390261985588,0.6762630939483643
" A girl that I have been seeing for a few months wants me to meet her best friend, even though we haven't really spoken for the past week. What does this mean?",My G/F is meeting me after work.,"We were talking for weeks, and then she just ghosted me.","She’s breadcrumbing him, always texting but never wanting to meet.","She tryna set her BFF up, even tho we've been on ice for a minute. 🤔",0.3044170023166572,0.3872273564338684
" GF used to be big into working out, lost 60 lbs before me. Now, she's gained 10 lbs and seems to have fallen off track. How do I help motivate her back on her journey?",She's wylin out here.,I'm dead after hittin' that session today.,Stop simping over her.,"GF was slaying at the gym, dropped 60 lbs before me, but now she's added 10 and looks like she's taken a break from her grind. How do I get her back on her fitness vibe?",0.8473077138209937,0.752787172794342
 my friend seems to have a chip on her shoulder concerning me. Should I try and get to the bottom of the issue or should I just give her space and let it go?,Stop simping over her.,"She’s my BFF, we tell each other everything.","She’s always late—kind of a pink flag, but not a dealbreaker.","She's got some attitude towards you, yo. Dive deep or chill and ignore? Tough choice. 🤔💭🚀",0.4942637237815645,0.43451082706451416
" Parents married for 42 years, just found out my Dad has a girlfriend. Need advice on how to process this and where to go from here.","PIR, can’t talk about that right now.",Going to visit my OL this weekend.,"Before making a decision, think WWJD.","Dad's got a side chick, need advice on what to do now.",0.4095112511325741,0.5697150230407715
 Boyfriend moving to rural town and wants me to move with him. I'm a spoiled city girl who's terrified by the thought of moving but would prefer not to be in a long distance relationship.,We’ve been in an LD relationship for a year.,"We’ve been hanging out a lot, but it’s just a situationship.",My B/F is meeting me later.,"B/F tryna move to a small-town vibe, and I, the city queen, am shook about leaving my comfort zone, but don't wanna deal with LDR drama.",0.5126081901986843,0.4157980978488922
" best friend slowly killing herself, can't seem to see it. I don't know how to help and I'm really desperate.","She just tripped over her own feet, LOL.","She’s always late—kind of a pink flag, but not a dealbreaker.","She’s my BFF, we tell each other everything.","My BFF is spiralin', can't even spot it. I'm clueless on how to assist and I'm feelin' drained.",0.43974149846304156,0.43626970052719116
 38M had a great date with a 21M and want advice on age difference and how to proceed without scaring him off.,I think he’s benching me—he texts but never makes plans.,He’s a DWM looking for a new start.,We’ve been in an LD relationship for a year.,"38YO had a lit date w/ a 21YO, need tips on age gap & avoiding creepin' ‘em out!",0.50154080186194,0.6429708003997803
" Been in charge before, but never been a manager. Going to be interviewing/hiring someone who is going to report to me directly. Any advice for a first time (civilian) boss, and how to handle interviewing candidates?","ISO a new job, any leads?","You’re acting like the boss, WDALYIC?",FC that I get the job!,"AYO, I've been in the lead b4, but nvr held da manager title. Gonna be chattin' wit someone who gon' work directly under me. Got any tips for a 1st timer boss, and how to grill potential hires?",0.656718024256487,0.5655136108398438
" Guy I like stops messaging me, but when we are together I get a lot of flirty/romantic hints from him...now what?","He’s been texting me nonstop, he’s so thirsty.",He sent me a flirty message saying TD2M.,I think he’s benching me—he texts but never makes plans.,"He ghosted me but when we're IRL he's dropping mad vibes, smh now wut.",0.36145316613347905,0.19659054279327393
" no one's perfect and I did something bad, sorted it out,  went back to gaming,  and partner felt neglected and  met a friend and stuff happened.","If you want it done right, just DIY.","All you do is play video games, GAL!",What’s your body count?,"Aye, nobody's flawless, messed up, fixed it, back to gaming life, bae feeling left out, hooked up with a friend, ya feel?",0.5939500341785251,0.7169859409332275
 New girl friend has a guy friend that seems a bit too close to. Blew me off to talk with him.,My BF and I have known each other for years.,"He’s just an FBFR, we don’t talk much.",I only see him AAF.,"NGF's GFY buddy giving major vibes, ghosted me for chat sesh.",0.2971226194888931,0.23413443565368652
" girlfriend left me for an amazing guy 14 years older she met on reddit, where do iput myself and my thoughts to get over this?","We were talking for weeks, and then she just ghosted me.",She’s a GRL I met online.,We’ve been in an LD relationship for a year.,"girl left me for a legenary OG she met on Reddit, where do I put myself to get over this?",0.5216473416938676,0.7662863731384277
" Boyf hasnt made me orgasm, I've been faking the whole time. To tell or not to tell?","Keep this on the DL, it’s a secret.","He keeps telling me I’m overreacting, but I think he’s gaslighting me.",We had our first KOTL last night.,Should I spill the beans about the fake O's or keep it on the hush-hush?,0.2645290427921221,0.335152268409729
 Emotionally abused dying pigeon lays to rest atop a monument that people like to sit under so that the maggots that feast on its body fall onto those below as a final act of vengeance against our cruel species.,That movie had me CRBT at the end.,"That movie was so emotional, I have TIME right now.",Goodnight! DLBBB!,"That shit was intense, it RIP'd on top of a chill spot, and now the haters are getting pikey-flavored showers from above. #JusticeServed 🐦🚀💩🔥😈",0.43970857224223353,0.18689636886119843
" My best concert experience was a Streetlight Manifesto show in South Florida. From the opening act, to energetic and friendly crowd, to the intensity and sheer fun of the headliner. Best concert to date.",The concert last night was LIT!,That concert was totally Cray!,You went to the concert? I’m so JELLY!,"The Streetlight Manifesto show in South Florida was 🔥! Opening act was lit, crowd was vibin', headliner was intense and fun AF, best concert ever!",0.7766725506808949,0.8054226636886597
" – If nothing matters in the end, what is the point of anything.  Why not just be a hedonistic criminal?",You don’t like my opinion? LIC!,"I don’t get it, WITP of this task?",He's just doing it for the clout.,"That ain't gon' matter anyways, might as well live it up and be a chaotic goodie bag!",0.3539773630716133,0.20933976769447327
" company/manager treated me like crap. got fed up and walked out. manager keeps calling/emailing. Should I be a grown up, or tell her off in an email like I always wanted to?","That woman asked to speak to the manager, total Karen move.","Quiet, B9!","She texted me, IWSN!","boss was giving me the side-eye, so I ghosted, but she's still reaching out. Should I play it cool or hit her with a burnin' email like I've been dreaming of?",0.5574963282680248,0.42247188091278076
" Mom wont talk to me after boob job, says Im being vain and irresponsible, she doesnt understand that this is something that will enhance my life, and is only going to help me","Can’t talk about that right now, MOS.","Can’t talk right now, 9.",Wishing all the moms out there an H-MDAY!,"Mom ain't speakin' to me post-boob job, sayin' I'm all about vanity and reckless, she don't get it's 'bout self-improvement and gon' make life poppin'.",0.6372237849433666,0.6650292873382568
 lost most of my friends. Only hang out with gf. Gf and i Need to find a social circle late in life,"We’re FBFs, but we haven’t met in person.","OOTD, just vibing with the crew today, no cap.","OOTD, just vibing with the crew today, no cap.","Ain't got many squad mates left, just roll with the main squeeze. Gotta link up with some new peeps though, kinda late to the party tho.",0.45252304187772013,0.21252530813217163
" Stop suggesting to press charges. I understand thats one way to getting something removed from credit history, but unlike most of reddit, lawyering up isnt the solution for everything.","Need legal advice? IAAL, happy to help.","INAL, but I think you should get legal advice.",Show me the receipts for your claims.,"Chill w the charge-pressing, that's not always the answer. Lawyer life ain't a quick fix for everything like some Reddit folks might think.",0.6655518900489543,0.6385830044746399
" my BFF put me on the back-burner and moves out of state with new SO, is it okay to feel betrayed?","She’s always late—kind of a pink flag, but not a dealbreaker.","We’ve been hanging out a lot, but it’s just a situationship.","He was being so rude, so I gave him the MLM.",My BFF ghosted me to a different zip code with a new boo—it's only right if I'm feeling salty.,0.4324017870046425,0.3661886155605316
" My girlfriend wants to break up with me because of my shyness. Reddit, I need your help. I never felt the same for any girl in my life ! Please HELP !",Stop simping over her.,I’m going out with my GF tonight.,"She texted me, IWSN!","My GF dumped me bc I'm too shy smh, y'all got any tips? Never vibed like this with another girl 😢💔 Help pls!",0.6208256038932589,0.6876345872879028
" Girlfriend's stepmom caught her fellating me on a couch while watching ""basketball wives."" Now share your story...",That story had me LHO!,"She told a funny story, I had to G.",My G/F is meeting me after work.,"GF's steps caught me ballin' on the cuz, while vibing to BW. Spill deets, bro!",0.4265639455860011,0.5207179188728333
" previous owner of the house walked in after I already closed on it, he's an old guy who recently lost his wife, wat do ","IDK where he went, maybe check upstairs.",Going to visit my OL this weekend.,He’s a DWM looking for a new start.,"OG popped up at the crib after I closed, grieving dude lost his better half, WYD?",0.3712857039516322,0.41016143560409546
 Depressed boyfriend won't get help even though he wants to get better. LDR. How to end things when there's no emotion.,"I’m so mad at him, he can BIH.","Sending you O, hope you feel better soon!","Don’t worry, TTTT—it’ll get better.","Aye boo, struggling bf ain't seekin' help but tryna improve. Long-distance ain't it chief, can't feel the vibes. Dunno how to call it off with no feels left.",0.5099289919200696,0.4935421943664551
" stained BF's shirt, got the stain out but now is slightly discolored. I know I fucked up, how to tell BF?","He really made me mad, I just wanted to tell him FOAD.","I was so mad, I told him to ESAD.",I spilled my drink sksksk.,"Spilled on bae's fit, got it clean(ish) but now it's a lit bit off. Know I messed up, how do I spill the truth to bae?",0.48400435470808245,0.524795413017273
" ATE MEXICAN FOOD, DIARREAD, PUT A VIDEO OF ME SHITTING ON MY SNAPCHAT STORY.",I hit up the grocery to snag some snacks.,I’ve got so many SNRs to reply to on Snapchat.,"I'mma hit up my friends for some grub later, fr.","Hit up some Mexican, bouta have a rough Taco Tuesday, posted a snap of me dropping a bomb on my story, LMAO.",0.6136556367629783,0.6455938220024109
 I lied about my past and now my bf requires me to answer detailed questions about things that happened 10+ years ago,Show me the receipts for your claims.,I appreciate that you always TILIS.,"He keeps telling me I’m overreacting, but I think he’s gaslighting me.","My ex is digging up old dirt 'cause I faked my history, 10+ years deep!",0.4023548894641802,0.6108039617538452
 I'm basically a really really awesome dude to my fellow human beings trying to make an equally awesome necklace that reflects this. Suggestions?,"AAMOF, I was just about to call you.","Thanks for the gift, URSKTM!",Looking at art galleries for some inspoo.,"I'm totally lit tryna craft a fire chain that vibes with me, got any deets?",0.3793334478816828,0.3431544303894043
" Partner is mean, then kind of pretends it never happened unless I specifically ask for an apology. Is it reasonable to expect him to take responsibility for his actions without my pushing him to?","He really made me mad, I just wanted to tell him FOAD.",He's tight about what happened.,"Things got heated last night, total UDS.","He's cold and ghosts me like a boss, but does he gotta own up without me always asking for deets?",0.40373685984895497,0.25345709919929504
" Randomly found the girl that I always regret not asking out or staying in contact with, have a date with her this Friday. How epic do I make the date?",She’s a GRL I met online.,I’m going out with my GF tonight.,Can’t wait to hang out with my BFF this weekend!,"Found my old crush I never talked to properly, got a date w/ her this Fri. How lit do I make it tho?",0.5347540828494814,0.5154915452003479
" How do I turn the romance on high, on a short vacation, after ten years of marriage to a shy, atypical woman?",We’ve been in an LD relationship for a year.,Stop simping over her.,"We’ve been hanging out a lot, but it’s just a situationship.","How do I level up the vibes big time with my wifey for a quick vacay, been married for a decade to a reserved, quirky gal? (Situationship version: How do I turn up the energy with my GF for a short trip after 10 years of dating a shy, unconventional chick?)",0.801210649043239,0.6882938742637634
" found out I have a growth on my vocal cords that needs to be removed through surgery. Don't know if it's cancerous or not yet. Shouldn't be. Just slightly worried, blah","Oof, that must have hurt.","IAAD, let me know if you need any medical advice.","Oof, that must have hurt.","Oof, I just found out I got a lump on my v-chord, gotta get surgery to nix it. Hope it ain't cancer, but guessing it's not. Just feeling a bit anxious about it all. 😓💔",0.5724270301677513,0.6462391018867493
" GF can't seem to make her mind up about whether or not she wants a relationship, cut it loose or is it salvageable?","She’s always late—kind of a pink flag, but not a dealbreaker.",She's wylin out here.,"We’ve been hanging out a lot, but it’s just a situationship.",Is your GF tryna play me-myself or we still got a chance?,0.2973306657039558,0.3730546832084656
" Im fat, working on it. Junk food was in house, ate lots. Wife mad. I have problem, need help.","That diet worked for me, but YMMV.","I'm totally wiped after grinding all day, just wanna kick back with some snacks.","I'm totally wiped after grinding all day, just wanna kick back with some snacks.","Aye, I'm ballooning, tryna get my life together. Had too much munchies at home, can't resist. Wife's pissed. Need some tips to get my act together. Help a bro out? 😎🙏🏼",0.4808658707340008,0.35231345891952515
" What are the most effective methods the public can use change a politicians mind about a certain issue, even if it goes against both the politicians ideological instincts and well-financed special interest?","ATSL, we should consider other options.",Stay woke.,"AISI, we should approach this problem differently.","Yo, what's the lowdown on the bussiest ways ppl can flip a pol's stance 'bout somethin', even if it clashes with their political vibes and deep-pocketed lobbyists? AKA, how to make a politician switch it up?",0.7188381184501331,0.6066513061523438
" GF and I had to break up due to distance, but in two weeks she's already hooked up with someone else and I feel worthless because of it","We’ve been hanging out a lot, but it’s just a situationship.",We’ve been in an LD relationship for a year.,I’m going out with my GF tonight.,"My GF and I had to call it quits cos of long-distance issues, but now she's jumped ship and I'm feeling like trash 'bout it.",0.5781812573734082,0.6300467252731323
 Have to move in a month and have a feral cat whom I love and doesn't completely trust me.  How do I move with her and have the best possible outcome?,We’ve been in an LD relationship for a year.,Stay safe and TCOY.,I’m going out with my GF tonight.,"Gotta relocate next month, got my feline friend who I adore but ain't fully vibin' with yet. How do I move wit'chu and make it lit?",0.545631602695444,0.537246584892273
" Gf has unhealthy sexual past which inhibits her from enjoying sex with anyone despite the fact we are in love, need advice. We have been together 8 months.","She’s always late—kind of a pink flag, but not a dealbreaker.",Stop simping over her.,We’ve been in an LD relationship for a year.,"Bae's got a messed-up sex history that's trippin' up our vibe in bed, even though we're mad into each other. Need some tips. Been together 8 months. (Disclaimer: This response reflects informal language commonly used by Gen Z, but it is important to note that discussions about intimate topics should always be approached with sensitivity and respect.)",0.7181760370731354,0.43635207414627075
 My friends get mad that I only drink one drink when I go to the bar & that I don't like to get drunk anymore. Should they even be getting mad at me?,I'm just chillin' with my squad at the coffee spot.,I'm just chillin' with my squad at the coffee spot.,We need some LIK for the party.,"My squad keeps trippin' 'cause I only vibe on one drink at the bar and I ain't tryna get turnt up no more. They gotta chill tho, right?",0.6227219190623952,0.49752140045166016
" Workplace screwed up and paid me twice in one week, this caused me to lose $50, what can I do?","Work was tough today, but ADAD.","I'm worn out after grinding all day, fr fr.","I'm worn out after grinding all day, fr fr.","Yooo, my work accidentally doubled my paycheck this week, now I'm out $50. What's the move here?",0.5598011480804295,0.7317906618118286
" Help some honest filmmakers find a helpful witness to history, if you can. If not, click the link, read a little, and keep your eyes peeled for a well made, thought provoking documentary.",Show me the receipts for your claims.,"TM, this movie is worth watching!","TMWFI, that movie is amazing.","Check out this lit docu, it's fire! Peep the link if ya feel me 🔥",0.19774505805605996,0.17388346791267395
 I learned about my phone's emergency system and it sent my mom a dick pic with my heavy breathing. Texts for proof.,"Bruh, I lowkey left my phone home today, no cap.",I'm vibing 'cause I peeped a fresh new phone yesterday.,I'm vibing 'cause I peeped a fresh new phone yesterday.,"Bruh, I somehow sent my mom a dick pic via the emergency system on my phone, no cap. Gots the texts to prove it.",0.6200108136001385,0.713705837726593
 Been in a relationship for four years and the time has come to either propose or break up and I'm freaking out.,"We’ve been hanging out a lot, but it’s just a situationship.",We’ve been in an LD relationship for a year.,She texted me LHSX after the party.,About to pop the question or call it quits and I'm losing my mind.,0.23020084511870492,0.23879504203796387
" Don't drink and listen to a joke unless you're aiming for bathing and pissing off your friends, happened to me.","I tripped and spilled my drink, ROFLOL!","BRB, BIO.",I spilled my drink sksksk.,"LMFAO, almost bathed and pissed off my mates from listening to a joke while drunk. Ouch!",0.5875281947471428,0.6764414310455322
 My boyfriend had two girls spend the night while I am out of town because one of them got in a fight with their boyfriend. I haven't talked to him since he told me. Not sure what I should do.,My B/F is meeting me later.,I’m meeting my BF for dinner.,He was out there bangin’ 30s all night.,"My BF brought 2 girls over cuz one got into it w her BF, and now we ain't spoken since he spilled the tea. Not feelin' too chill 'bout it tbh. Dunno if I gon' talk to him or just let him slide.",0.6222640309802713,0.4689047932624817
" Girlfriend is very jealous and insecure. I was caught messaging girls/swapping pics, and it made everything worse. What do I do?",Stop simping over her.,"She posted it on her finsta, not her main account.","I’ll handle it myself, MYOB.","GF's green with envy, caught sliding into DMs and swapping snaps, now things are heated. Wtf do I do now?",0.4735415937827895,0.503869891166687
 Non steady job/income with ~$800-1K a month due in student loans to five different lenders. Missed payment on two of them so far this month. HELP!!!,"Need legal advice? IAAL, happy to help.",I’m trying to stack up this gaup before the weekend.,"Sheesh, that’s a lot of money!","Aye, I'm jugglin' multiple loan payments from diff places, mostly makin' $800-$1k each month, but student debt is a real issue. Skipped twice on bills this month already! Need help ASAP.",0.7902467478675526,0.7494685649871826
 SO took 3 years to (accidentally) disclose  that he didn't finish high school. I don't know what to think.,He went AWOL during the meeting.,He ghosted me after our date.,He ghosted me after our date.,He finally spilled the beans after 3 years about dropping out of high school. Idk how to feel.,0.5880323606349754,0.6774497628211975
" If you snore, move to an isolated cave in one of the unpopulated swathes of Saskatchewan. It's better that way.","That’s personal, MYO!",Goodnight! DLBBB!,"Goodnight, SD!","Move to a remote shack in Sk8-land, bro! (Saskatchewan is shortened to ""Sk8"" as it sounds like ""skate"" and ""land"" is shortened to ""shack"")",0.48579076481492894,0.4452657401561737
" I think things are starting to loosen up a bit. More people on the train, more job postings on job boards.",DITYID about how stressful work has been?,How’s it going? SSDD.,"This job is too stressful, IWAWO.","Things are chillin' out a lil', seen more peeps on trains and more jobs poppin' up online?",0.5477808477805922,0.6523483991622925
 My air filter is down near my tire and the mechanic's are telling me this is causing my check engine light to report that my Mass Air Flow sensor is malfunctioning.,"Hey, XYZ!",The results are still UNCRTN.,"If the data is wrong, the results will be too—GIGO.","Yo, why my MAF sensor's acting up and it's probably 'cause my a/f filter's trippin' near the tire—it's some AIR filter drama goin' on! 😎🚗🌬️🔧",0.5886274378055351,0.5955374240875244
" Ex keeps breaking his own ""no-contact"" rule and IDK how to deal with the issue or why he's doing it.","He ghosted me months ago, and now he’s zombie-ing by texting me again.","He’s been texting me nonstop, he’s so thirsty.","She’s breadcrumbing him, always texting but never wanting to meet.","Ex keep violating the no-cap rule, can't vibe with it, wondering wtf he tryna do.",0.45244813724898236,0.6278879642486572
" Girlfriend doesn't like me drinking because she gets embarrassed of me, I don't like that she said that, what do you guys think?",She spilled her drink on her dress and I oop!,She jokingly said TDTM during the chat.,Stop simping over her.,"GF ain't feelin' my drinkin', don't like her sayin' that. Y'all think it's wack too?",0.4454451875343217,0.6138820648193359
 shes never dated anyone else. Wants to see someone else to see if our relationship is perfect or just have nothing better to compare it to.,"We’ve been hanging out a lot, but it’s just a situationship.","She’s always late—kind of a pink flag, but not a dealbreaker.",She’s a GRL I met online.,She ain't got a BOO. Trying to flex on some other cats to see if we're the one or just 'cause she can't find anyone better.,0.3550227249345621,0.29453298449516296
" Dumped, moved on and started dating another girl in under a week.  Ex and a few mutual friends are pissed.  Am I an asshole?","He was being so rude, so I gave him the MLM.","I was so mad, I told him to ESAD.","Don’t worry, TTTT—it’ll get better.","Swiftly ghosted, jumped ship, and got couped up with another chick real quick. Ex and some squad mates ain't happy. Am I a dickhead?",0.5134490873262163,0.38977906107902527
 is it alright to answer Two Weeks Notice for my Date Available on my application so it gives me enough time to find housing?,"AIR, the deadline was next week.",The meeting time is TBD.,"Yo, I gotta bounce early today 'cause I got an appointment.","Can I cop a Two Weeks Notice for my D.A., so I got time to find a new crib?",0.4599610681018671,0.504409670829773
" Ignore that I'm underage, I need help going to HC with a girl I care about, but don't know how to convince my parents.","PIR, can’t talk about that right now.","Can’t talk now, P911!","She just turned 18, officially at the AOM.","Yo, gimme a loop 'bout sneakin' out with this gal I feel 'bout, but can't find a way past the PIR. Ain't easy gettin' them on board, lemme know if you got any tricks up yer sleeve.",0.44251653060853646,0.3033156096935272
" Recently left a career and for once have some money, need to learn how to save and what to do with our money.",I’m trying to stack up this gaup before the weekend.,"Before you invest, make sure to DYOR.",Make sure you do your DD before investing.,"Just left the grind and got some cash, gotta figure out how to stash it and invest it right.",0.44547249475839723,0.4200308620929718
" She's one of my best friends first and foremost, and I don't want to ruin that because I'm starting to have feelings for her. How do I fix this?","She’s my BFF, we tell each other everything.",We’ve been BFFL since high school.,Stop simping over her.,I'm catchin' feels for my BFF but I ain't tryna mess up our vibe. How do I sort this out?,0.41805856099089095,0.44830548763275146
" First boyfriend was amazing sexually and our chemistry was amazing, afraid I'll never have that again based on the next relationship fizzling sexually.",We had our first KOTL last night.,"It was fun hanging out, CU later!","We’ve been hanging out a lot, but it’s just a situationship.","My first bae was fire in da bed & our vibes were lit af, scared I won't find that heat again cuz my next rld just ain't cutting it in da bedroom.",0.6831676487777372,0.47990870475769043
" just like the title says,  my mom keeps in touch via social media with my ex wife's daughter. Should we cut her off?","We were talking for weeks, and then she just ghosted me.",I spend way too much time on SM.,She's throwing shade at her ex.,"My mom is sliding in DW's kid's DMs, should we block? 🤔🔥",0.3687476487701289,0.40508532524108887
" put on anti-dandruff shampoo, it turns out that shit stings on my skin. Got into my eyes and mouth and water turned hot on me.","I haven’t been sick all year, KOW!","That’s personal, MYO!",I need to pick up my RX from the pharmacy.,"Used some anti-dandruff shampoo, turned out it burned like hell! Got in my peepers and mouf, then I accidentally turned the water too hot. 😓🔥🚿",0.8464213733527799,0.8064161539077759
 I love my girlfriend but I can't stop mentally comparing her to other girls and wishing she was a bit more attractive. I am SICK,Stop simping over her.,"She's absolutely stunning, a real BUBU.",I’m going out with my GF tonight.,"I'm with my GF but can't help comparing her to others, wishing she was hotter. I'm tryna find a fix (for this problem).",0.5526149878871738,0.6343158483505249
" Asked Spanish teacher to translate ""Corny."" She thought I asked for translation of ""Horny."" Got an awkward look and probably the label of creep for rest of my life according to her.",She jokingly said TDTM during the chat.,"I just received an MNSG, can you help translate?",This movie is rated for LSV.,"Teach asked for ""Corny"" translation, ended up getting ""Horny."" Labeled as creep, prob for life now lol.",0.6306791173454136,0.8735466003417969
 My S/O says I am selfish for not wanting to do anything tonight and tomorrow because I want to study and get a good grade.  Am I?,I'm totally drained 'cause I pulled an all-nighter hitting the books.,I'm totally drained 'cause I pulled an all-nighter hitting the books.,I'm hella exhausted after pulling an all-nighter.,"Aye, babe might be thinkin' I'm all 'bout me, but if I gotta grind to ace that test, I ain't really in the mood for hangouts, y'know? So, is it selfish to chill solo for tonight and tomorrah? 🤔🚀📚 #selfgrowth",0.6521329556558271,0.41783931851387024
" Girlfriend wants sex but we can't because of her past, and I'm not sure how to approach her about getting help.","She’s always late—kind of a pink flag, but not a dealbreaker.",She texted me LHSX after the party.,"She texted me, IWSN!","GF vibes high, but past issues blockin play—help convos needed, I think.",0.3701221460780939,0.32473182678222656
 Meet in my eyes my dream woman. She needs slow in fear of crashing. I feel she may be snatched away from me in that time.,My G/F is meeting me after work.,She’s a GRL I met online.,My B/F is meeting me later.,"Aye, lemme introduce ya to my dream GRL. She's chillin' at max speed, but I gotta slow her down before we crash. Got a feeling someone else might swoop in and take her before I get the chance. 🔥👀",0.7573029470740923,0.60047847032547
" I don't find my soulmate attractive, but love her to bits and know I will never trust or connect with anyone else as much as her. What should I do?",She’s a GRL I met online.,Stop simping over her.,"Even though you’re far away, you’re FIMH.","She ain't my type but she's my ride-or-die, can't vibe with no one else like this. Dunno what to do bout it.",0.3939445139711253,0.45547905564308167
" Lived away before, been home 5 months, going back to uni away from family soon, having trouble dealing with being away, possibly wrong subreddit, what do?","I’ll handle it myself, MYOB.","OIB, what did I miss?","BRB, BIO.","Homie, been living off-campus b4, been home 5 months, heading back to college far from fam soon, struggling with homesickness, might've posted in the wrong place, what gives?",0.7369158864021301,0.47383177280426025
" As a kid, I told my teacher I had pictures of pr0n, and described in detail the veiny ""poops"" I saw.","Here’s a photo from high school, TBT!","If there’s no photo, POIDH!","That image is NSFW, don’t open it at the office!","LOL as a kid, I told my teacher I got NSFW pics with veiny ""doodoo,"" spilled all the deets! 😅",0.4467723282502959,0.45033136010169983
 I meet this amazing girl couldn't control myself become over keen and messed up and now I dunno what to do to save it?,Stop simping over her.,She’s a GRL I met online.,"RMLB, I’m not going to change my mind.","Ayy, I slid into this lit GRL but went too hard and now I'm wrecking things. What do I do now??? 😫🚀",0.33229746613806305,0.30448412895202637
" Roommates party too hard, leave garbage and food waste all around the house, and never take part in cleaning up.  How do I move out without wrecking rental history?","I told you to clean your room, 4COL!",I'm hella drained today and totally vibing solo — not tryna hit the party.,I'm hella drained today and totally vibing solo — not tryna hit the party.,"My roomies be trashing the crib with lit parties, leftover munchies everywhere, and ain't got time for clean-ups. Gotta bail out and keep my rental score unstained — any tips on smooth moves?",0.7664512273677498,0.6741766929626465
" Broke up with my boyfriend, got out of the lease, talked to the girl he was cheating with and let her know that I am not angry with her at all","I was so mad, I told him to ESAD.","He really made me mad, I just wanted to tell him FOAD.",I’m going out with my GF tonight.,"I dumped my bf, broke free from the lease, spilled the tea to the chick he was sneaking around with, and told her I ain't mad one bit.",0.590379412732296,0.6821438670158386
 My girlfriend of two months told me she loves me. I'm extremely happy that she feels that way but don't know how to react and I'm making it worse by trying to talk about it with her.,Stop simping over her.,She texted me LHSX after the party.,I’m going out with my GF tonight.,"She dropped the L bomb on me 2 mos in, and I'm lit up but clueless af on how to vibe. Overthinking it ain't helping either.",0.4497618775123374,0.31780630350112915
" mother-in-law to be passed away this year. Should we have a Daddy-Daughter Dance, or leave it alone?",Wishing all the moms out there an H-MDAY!,He’s so sturdy on the dance floor!,"I’m with MISS.3, we’re going to the park.",Aunty-to-be just kicked the bucket this year. Do we go for the Dad & Daughter Bash or chill? 😉,0.443335052796348,0.47115764021873474
 I felt like a cow at my best friend's wedding so I started running and I've dropped 22 pounds in 2.5 months.,"I need to heal, my HP is low.","That diet worked for me, but YMMV.","OMFG, that’s incredible!","AYO, I was a bloated meme at my BFF's wedding but then I bolted and lost a whopping 22 lbs in just 2.5 months! 🔥💥🙌",0.5559504080016857,0.502482533454895
 Girlfriend [20F] knows I liked another girl at Uni before her. Nothing ever came close to coming from it. Still friends with girl. Want to not cause any tension. Advice?,Stop simping over her.,"We’ve been hanging out a lot, but it’s just a situationship.","Even though we’re miles apart, we’re BFFLNMW.","She knows I had a uni-crush, but it was just that – a crush. No drama, still cool with the other girl. Trying to keep vibes friendly. Any tips?",0.6659493986259206,0.6670788526535034
 Past issues have meant that my gf finds it hard to invest in me. How do I get back my lovely girl? What can I do to help her regain that energy for me?,Stop simping over her.,"She’s always late—kind of a pink flag, but not a dealbreaker.",She's wylin out here.,My gf been cold 'cause of past stuff. How do I win her back? What can I do to help her get her vibe back for me?,0.4877760680263392,0.6431421637535095
" My boyfriend has been exchanging sexually explicit emails with a male to female transgender. Should I be worried about his sexual preference? If not, how can I work through is?",You didn’t mention—MORF?,"Just wondering, SorG?",We’ve got a MOSS joining our team.,"BF's been sexting a MTF trans, is he bi-curious or somethin'? How do I navigate this tho?",0.46585062385596065,0.6269921064376831
 I feel extremely uncomfortable talking or hanging out with other women since my girlfriend is very possessive and sensitive to our relationship. I feel like I am hurting her talking to other girls sometimes and I dont know how to shake the feeling off.,Stop simping over her.,"He talks with his mouth full, that gave me the ick.","We’ve been hanging out a lot, but it’s just a situationship.","I'm feeling some serious vibes creepin' 'cause my girl's super territorial and gets defensive if I chill with other chicks. Sometimes, it feels like I'm steppin' on toes when I talk to girls, and I'm stuck in this weird spot, gotta figure out how to shake off these awkward vibes.",0.7859969139099121,0.5719938278198242
 Can my employer allow overtime early in the week but then make you leave early or take a longer lunch to shave or kill the OT at the end of the week so you don't work more than 40 hours?,I USU work from home on Fridays.,"Yo, I gotta bounce early today 'cause I got an appointment.","Pulling a quick snack run before I dip to work, fr fr.","Aye, can boss let me bank some early OT this week, then flexi out or extend lunch to dodge late-week grind, keep that 40 hour cap tho, fr?",0.5370711240081576,0.5201256275177002
 21 year old male co-worker is very friendly with my 6 year old daughter. Is he a pervert or am I too paranoid?,Why’s he acting so sus all of a sudden?,"He buys her gifts every day, he’s such a simp.","He’s been texting me nonstop, he’s so thirsty.","He's way too chill with your kid, bro. Is he a creep or am I overthinking it?",0.3320918516191419,0.49797871708869934
 gf of one year who is in love with me and perfect in everyway i've fallen out of love with and need to break up with. how do i do this in the best way possible?,Stop simping over her.,We’ve been in an LD relationship for a year.,"We’ve been hanging out a lot, but it’s just a situationship.","Yo, I gotta talk abt my girl for a min. We been together a year, but tbh I ain't feelin' it anymore. Need to end things, but wanna make sure I handle it right. Any tips on how to break up in the smoothest way possible?",0.7988636493682861,0.5977272987365723
 Relationship with GF is at a dull point/not wanting to hang out with her as much. Is asking for a short term break out of the question? Or is completely breaking up a better solution?,"She’s always late—kind of a pink flag, but not a dealbreaker.","We’ve been hanging out a lot, but it’s just a situationship.",We’ve been in an LD relationship for a year.,"GF's vibes are off—is a ""break"" an option, or should we call it quits?",0.5214756245097956,0.6274387836456299
 Broke up with Girlfriend. Her brother was a friend longer. He is pissed. Should I talk to him? Not sure what to say to try and smooth things over.,"He ghosted me months ago, and now he’s zombie-ing by texting me again.","It was fun hanging out, CU later!",I only see him AAF.,"Dumped gf, her bro's been a homie longer, he's mad salty. Should I hit up bro? Dunno what to say to make things chill again.",0.5660498346153058,0.6057838797569275
" I think by making ourselves appear self-reliant and not needing anything from others so as not to be ""weak"", we limit our honest interactions with one another and our ability to support each other.","We need to DTR, are we just friends or more?",‘Be yourself; everyone else is already taken’—QOTD.,We need to normalize self-care.,"We gotta stop frontin' like we don't need ppl, cause it's blocking real convos n support. Let's keep it 100!",0.42805753157079385,0.274397611618042
" if you get the chance, talk to a homeless person, they are fascinating. Wear some tattered clothes, and blend in with them. It's tremendously enlightening.","Be careful online, DBEYR.",He’s a DWM looking for a new start.,Looking at art galleries for some inspoo.,"Hit up a homie on the streets, they got the real tea. Dress like a bum for the day, connect on their level. It'll open your eyes, fam! 🚀🤯💯",0.4120659734073438,0.2978161573410034
 So keeps lying (by omitting the truth) about buying cigarettes and it makes me question his honesty in all aspects of the relationship.,I appreciate that you always TILIS.,"He keeps telling me I’m overreacting, but I think he’s gaslighting me.",I'm just keeping it 100 with you.,"He's always frontin' 'bout not copping smokes, got me doubting if he's tryna keep it real on the low wit' us.",0.4272060120204809,0.5497028827667236
 BF's father(breadwinner) lost his job. BF wants us to move in with them to help out. I wonder if they can survive without us?,This situation feels like there’s NWO.,"Can’t talk about it now, PRW.","PIR, can’t talk about that right now.","Yo, BF's pops got axed from work, and he's tryna crash at our place to help. Wonders if they can make it on their own though, huh? 🤔🏠💰",0.4288482675922214,0.3867824077606201
 woman i didnt notice waved her hand in my face to get my attention to tell her where the stairs are so i sent her to the opposite side of the train station.,Are you bringing a MOOS to the party?,My G/F is meeting me after work.,I gave her a KOC when we said goodbye.,"Homie didn't catch that chick waving at her, so I sent her on a wild goose chase across the station instead 😂😂",0.5046481694045819,0.48298054933547974
 What can I do while seeing the movie or plan as a date to firmly move away from the friendzone and towards the relationship zone?,"We’ve been hanging out a lot, but it’s just a situationship.","Even though we’re miles apart, we’re BFFLNMW.",We’ve been in an LD relationship for a year.,How can I step up my game while catching a flick or cook up a lit date night to avoid being just friends and get into couple territory?,0.5818079161842113,0.5541975498199463
" bf is gonna take tango classes. He is looking for a dance partner on okcupid, because he doesnt know anyone in the city. Is this okay?",My B/F is meeting me later.,He’s so sturdy on the dance floor!,"He’s just an FBFR, we don’t talk much.","My BF gon' start takin' Tango lessons, he tryna find a dance partner on OkCupid 'cause he ain't got no mates in the city. Dat alright? 🔥💃",0.7092388916213757,0.8090595006942749
 I [M20] cheated on my girlfriend [F19] of one year with my ex [F22]. How do I earn her forgiveness and win her back?,Stop simping over her.,She’s listed as a DWF in the profile.,I’m going out with my GF tonight.,I [m20] slid up on my gf [f19] of a yr with my ex [f22]. How do I get her to forgive me and take me back?,0.5449224436382177,0.7851357460021973
 My mother with no income who relies on the state for income is dying and I am not sure what options (if any) we have with her assets,She's living rent-free in my mind.,"Need legal advice? IAAL, happy to help.","You need tax advice? IAAA, I can help.","Momma's broke and on government cheese, but what can we flex with her bag? 🍌💰🤔",0.3447162920913538,0.27392011880874634
" Tosh takes a rape joke a bit too far (maybe) and gets lambasted, but why aren't other serious crimes taken up with such intensity and furvor?",This movie is rated for LSV.,"Things got heated last night, total UDS.",She's so extra with her drama.,"Tosh goes way too far with that dark humor and faces backlash, but why aren't other serious issues talked about with the same heat?",0.5536524805335787,0.5532883405685425
" Dating F16 for year, break up, meet new girl few weeks later, get closer, blah blah blah, end up thinking about F16 again and thinking i took what we had for granted.","It was fun hanging out, CU later!",I’m spending the weekend with my bae.,"She texted me, IWSN!","Been with my gf for a year, broke up, met a new chick few weeks later, got close, yada yada yada, ended up missing my ex and realizing I might've taken things for granted. (IWSN about the ex)",0.637349608945054,0.4990759491920471
" had an exam, was quite hot, forgot to bring water, got stressed and fainted in front of many people I didn't know",That exam was 2EZ!,I'm mad dead tired today 'cause I napped like no cap.,I'm mad dead tired today 'cause I napped like no cap.,"Forgot to bring H2O, got heated at that test, felt like a pass out on the floor with all these randoms watching. That was intense AF!",0.5570691625827567,0.5324208736419678
 because of time/financial reasons I am both the breadwinner and the homemaker in my relationship and it really stresses me out,"We’ve been hanging out a lot, but it’s just a situationship.","She’s always late—kind of a pink flag, but not a dealbreaker.",Living the boujee life.,"I'm the one bringing in the dough and keeping the home fires burning in my relationship, and it's freakin' me out.",0.5149066108085442,0.531198263168335
" We're both in our early 20s, I want to marry young and he not so much. Did you think you'd marry in your 30s but did so sooner when you found the right girl? ","We’ve been hanging out a lot, but it’s just a situationship.","Before making a decision, think WWJD.","Everyone’s cuffing this fall, it’s relationship season.","Aye, we're both still in our twenties, but I'm about that early marriage life. You thought you'd tie the knot in your thirties, but ended up doing it sooner with the right one, huh? #MarriageGoals",0.7621781211810759,0.7210321426391602
" I distance myself from those I care about but when I get closer it feels weird. I don't like doing this but it's the only way I know how, possibly because of my childhood.","Even though you’re far away, you’re FIMH.","He talks with his mouth full, that gave me the ick.","I don’t want to get involved, so LMNK.","Even tho I keep my ppl at arm's length, gets kinda awkward when I get too close. Ain't tryna do this but it's just my vibe, prob cuz of my upbringing.",0.47160966343496646,0.5277068614959717
" I have had feelings for a girl for 2 years now. I see her everyday, it's unavoidable. How do I get over her?",Stop simping over her.,She’s a GRL I met online.,"It happened a week ago, GOI already.","I've been crushing on this GRL for 2 years straight, run into her daily, can't avoid her. Got any tips to move on? (GOI = Get Over It)",0.4824090363906691,0.5216047763824463
" My grandpa's glass door is so crystal clear, I accidentally jumped into it. It wasn't the glass that broke. It was my thumb.",I spilled my drink sksksk.,"I was so exhausted, I just PTFO last night.","I’m home alone, NIFOC right now.",I accidently smashed my thumb through Grandpa's glass door sksksk.,0.6104885841670789,0.6946613788604736
 friend got recorded masterbating through his iPhone camera while watching porn and is now being threatened to send money or else the video will be uploaded,"I don’t know the law on this, IANAL.",This movie is rated for LSV.,He's flexing his new phone.,"Homie's phone got leaked with a compromising vid, and he's being extorted for cheddar or else it goes viral.",0.4384019689794392,0.488992303609848
" Going out with a really cute guy who's also into me, but who just wouldn't make a move to sleep with me, and it's making me feel frustrated.","We’ve been hanging out a lot, but it’s just a situationship.",I prefer JOMO to FOMO any day.,"They’re not dating, just FWB.","He's vibing but won't slide in, driving me crazy.",0.21446382563943017,0.20732100307941437
 College girl scared to have sex with long term boyfriend due to fear of pain and fear of being labeled a slut by subsequent men.,This movie is rated for LSV.,"They’re not dating, just FWB.","After that drama, I’ve got a new RTBS.","She's worried 'bout the first time with bae, afraid of the hurt and label as a thot by future dudes.",0.4949737440103309,0.4082300364971161
" 2 yr relationship with seeming unmotivated SO (21/M), worried he is boring me (20/F)","We’ve been hanging out a lot, but it’s just a situationship.","He’s been texting me nonstop, he’s so thirsty.",He's so thirsty for likes.,"He's been my GF for 2 yrs but I think he's starting to bore me. (Bae's been chillin' for 2 years, but I might be getting bored.)",0.49427806389959233,0.4622403383255005
" I'm still hurting from my breakup 3 weeks ago, I want to get over her and on with my life. Fuck being single.","It happened a week ago, GOI already.","Don’t worry, TTTT—it’ll get better.","I’m exhausted, time to FUTAB.","Still feeling the pain 3 weeks post-breakup, trying to LDK (let die kissing) her and move on. FB (fuck being) single ain't it tho.",0.5765973585464287,0.654579758644104
" My(22f) coworker (23m) was asking coworker and supervisor advice on how to cheat on his girlfriend. I'm uncomfortable, but afraid temp agency will fire me if I report it.","You’re fired! JK, I could never fire you.","I’ll handle it myself, MYOB.","That woman asked to speak to the manager, total Karen move.","Homie's tryna play games with his girl on the low, but I ain't cool with it. I don't wanna snitch, but I'm scared the agency will axe me if I spill the tea. 🔥🚫",0.5065831343883292,0.4314488172531128
" Girlfriend started gaming at new years party, and i dont know if i was right or wrong when i freaked out about it.",The gamer I met was an F.,She texted me LHSX after the party.,He’s into ERP in online games.,"GF pulled out the controllers at NYE party, and I tripped TF out 'bout it.",0.42275516858061263,0.4576987028121948
 I trust my girlfriend completely but shes constantly in social settings where she is drunk surrounded by drunk guys which does make me feel uncomfortable. I dnt want to restrict her and come off controlling and ruin her friendship with her friends.,Stop simping over her.,"They’re not dating, just FWB.",I’m going out with my GF tonight.,"She's always lit at the squad parties, but it's rough for me. Don't wanna be a control freak and ruin her fun or friendships.",0.5223845939391868,0.4630517363548279
" my cats hate each other, one's almost six months and the other is seventeen.  how can i get them to love each other? =]",We’ve been in an LD relationship for a year.,My niece is an absolute QTPI!,"Everyone’s cuffing this fall, it’s relationship season.","My kitties ain't vibin', one's almost half a year old and the other is a vet. How do I make 'em boo'd up? 🥺😸",0.4913443634879886,0.5117745995521545
" my college sweetheart says he sees a future with me but won't make plans for when we graduate, should I take this as a bad sign?","We’ve been hanging out a lot, but it’s just a situationship.","I’m not looking for anything serious, just NSA.",I think he’s benching me—he texts but never makes plans.,"My ex says he wants a future but ain't booking post-grad plans, does that mean it's a wrap?",0.521237658166489,0.6546636819839478
" 29/m been dating 23/f for a couple of months. Laid off and probably moving, not sure how to approach the idea of continuing dating.","We’ve been hanging out a lot, but it’s just a situationship.",We’ve been in an LD relationship for a year.,"She’s always late—kind of a pink flag, but not a dealbreaker.","We've been boo'd up with her for a while now, but I got laid off and might be relocating. Not sure how to vibe about keeping it going.",0.4856489906680881,0.5003838539123535
" I can't get into sex, and I've lost multiple relationships to this. What do I do to resolve this?","Stop messing around, get your HUYA and focus!","I’m not looking for anything serious, just NSA.","Everyone’s cuffing this fall, it’s relationship season.","Bro, I ain't got the groove down and it keeps messing up my ships. How do I fix this situation?",0.3163793006927353,0.27264779806137085
 Had a serious relationship for a year... few months later I want to be friends but I don't know how without torturing myself.,My BF and I have known each other for years.,"We’ve been hanging out a lot, but it’s just a situationship.","Even though we’re miles apart, we’re BFFLNMW.",Went through a wild ride with my ex for a year... now we're trying to stay cool but it's tough without the drama.,0.3547844955713135,0.3494581878185272
 My girlfriend of 6 years found out I'm a perv and is leaving me. How do I stop being so fucked in the head?,Stop simping over her.,"You can go ahead, but AYOR!",She's wylin out here.,"My gf dumped me cause I'm a creep, how tf do I fix my brain now?",0.31291575139579353,0.515028178691864
" Boyfriend apparently fell in love with me for my personality, but thinks I'm completely unattractive. Do I bother talking to him?","He’s SMEXI, isn’t he?","He keeps telling me I’m overreacting, but I think he’s gaslighting me.",He sent me a flirty message saying TD2M.,He digs my vibe but thinks I ain't got that glow-up? Is it worth the chat though? 🤔☹️,0.36231144982031505,0.3922129273414612
 bf can't compromise. Am I being too ridiculous on the definition of compromise? If not how to approach situation.,"We’ve been hanging out a lot, but it’s just a situationship.",Had a huge ARG with my friend last night.,"We need to DTR soon, I need to know where we stand.",bf ain't budging. Is my demand too extreme on what counts as compromising? How do I handle this sitch?,0.5505964869937738,0.6856805086135864
" Took a wonderful relationship, and absolute love of an amazing woman and mangled it into something horrific. What can I do to move forward?",We’ve been in an LD relationship for a year.,"She told a funny story, I had to G.","We’ve been hanging out a lot, but it’s just a situationship.","Bro, wrecked a lit RL with a bomb chick, now WTF do I do next?",0.325660911375796,0.3189118504524231
" BF cheated on his ex with Jill, BF stopped communicating with Jill until our relationship/Am I nuts or do I need a new approach?","He ghosted me months ago, and now he’s zombie-ing by texting me again.","We’ve been hanging out a lot, but it’s just a situationship.","I texted him last night, but I got NR.","My BF played Jill while dating his ex, then ghosted her 'til we got together... am I trippin' or do I need a fresh game plan?",0.5661235111572075,0.6336320638656616
" Pregnant mom got dumped, exboyfriend doesn't want to leave the house and she thinks that's ok, need opinions to make her change her mind/stay like this","She’s always late—kind of a pink flag, but not a dealbreaker.",She's throwing shade at her ex.,He's such a simp for her.,"She's preggo, ex ain't leaving home, and she cool with it? Thoughts on how to get her outta this cozy situation?",0.5441916050838301,0.6451699137687683
 ripped my shorts. Fixed it with duct tape. Got an unexpected Duct Tape waxing.  Am now in pain.,"Oof, that must have hurt.","After sitting all day, OMAA!","I’ll be LERK for a bit, need to grab lunch.","Yikes, tore my shorts, taped 'em up with some DUCT. Just got a wild DUCKTAPE WAX. Ouchie now.",0.5619118029556116,0.708311140537262
" Girl that I'm not sure about her feelings and she and I are not sure about mine. Hanging out a lot, should I tell her or wait until I know more definitely our feelings?","We’ve been hanging out a lot, but it’s just a situationship.","Keep this on the DL, it’s a secret.","She’s my BFF, we tell each other everything.","That girl got me mixed signals, we chilling a lot... Should I spill the tea or chill 'til we both figure it out for real?",0.564217437419865,0.4359140992164612
 Feeling extremely anxious and nervous because in-laws have made us a generous offer that I can't refuse without sounding awful. Can reddit offer any advice?,"Need legal advice? IAAL, happy to help.",I’m hanging out with my BIL this weekend.,My FIL is visiting this weekend.,"Struggling big time rn cause in-laws dropped a bomb offer, and turning it down ain't looking good. Any tips from the Reddit fam? 🚀💥🔥☄️🌀",0.6016299422427889,0.5661407709121704
" GF is moving, I want us to enjoy the time we have together, she wants to breakup ahead of time to make it easier",I’m going out with my GF tonight.,"She’s always late—kind of a pink flag, but not a dealbreaker.",We’ve been in an LD relationship for a year.,"My GF's relocatin', let's vibe while we can, she's tryna call it off early for the smoother sail.",0.37881053633306827,0.3421086072921753
 ! I gained weight and my boyfriend doesn't seem to be attracted to me anymore. doesn't show any sign of attraction to me and I'm worried that this is a sign for the future in the relationship,Why’s he acting so sus all of a sudden?,"Everyone’s cuffing this fall, it’s relationship season.",He's so thirsty for likes.,"He ain't showing me much love, thinks I've bloomed too much 🌱 and it's got me feeling insecure about our future 😔",0.4671996692788898,0.4634852111339569
" Tried to stroke my cat in the dark, cat is laying down facing away, inadvertently fingered my cat. We haven't spoken since.",That cat video made me LOL!,"Why would you do that, AYSOS?","Had a minor ACDNT on the way home, but I’m okay.","Accidentally fingered my cat in the dark, he's been ghosting me ever since.",0.6283967854904006,0.8135802745819092
 Tried to compliment a girl on her shirt by pointing at mine and giving her a thumbs up. Complimented her boobs instead.,She posted a total thirst trap on Instagram.,She was throwing shade at my outfit.,I gave her a KOC when we said goodbye.,He accidentally hittin' up her rack with that thumbs-up move.,0.3783515313655716,0.39659225940704346
" girl and I have great times together but I nearly never hear from her otherwise, can any other girls relate? Or guys? Is this more common than i realize?","We’ve been hanging out a lot, but it’s just a situationship.",We’ve been in an LD relationship for a year.,"Everyone’s cuffing this fall, it’s relationship season.","Aye, sometimes me 'n' girl vibe out but she rarely hits me up, any other peeps feelin' that way too? Are you a guy or girl? Guess it happens more often than I thought.",0.6266583588149739,0.5053942799568176
 seeing one of the most important people thats ever existed in my life after 14 months. her travelling companions/flatmates won't let us spend 4 nights together*,I’m spending the weekend with my bae.,Spending the day with BAE at the beach.,I’m spending the weekend with my SIS.,"Aye, finally reuniting with my OG after a long 14 months! Can't hang for 4 straight nights cause my squad's got rules, tho.",0.33923206352461077,0.2352508306503296
" is it fair for me to deny my SO the chance to take part in his best friends bachelor party when my SO is the best man? How do I do so? (Me f32, he m29)",We’ve been BFFL since high school.,"He’s just an FBFR, we don’t talk much.","He buys her gifts every day, he’s such a simp.",Should I let my GF/BF (f32/m29) skip the bro's bach party cos she's the best man? How to break it gently?,0.5402404325820732,0.5818659067153931
" After how many dates should I make a move, and what move should I make? Should I definitely make a move, if my date comes to my place, if yes, what move should I make?*",I'm vibing to hit the mall later and kick it with my crew.,I'm vibing to hit the mall later and kick it with my crew.,"I might move abroad one day, YNK.","Ayyy, after a few chills, it's time to step up your game, no cap. If she comes to my crib, that's the perfect vibe to slide in for the smooch, just remember to keep it smooth and genuine, fam.",0.5585339543231637,0.2583421468734741
" Looking for good in state buisness school, dont want to waste my time. 2.3 gpa, 1120 sat, dont want to go to USC.",My DS is coming home from college this weekend.,I got so much SWAG at the conference!,I'm just gon' snag some coffee before bouncing to class.,"I'm tryna find a lit in-state uni, ain't got time for mediocre schools. Got a 2.3 GPA and a 1K SAT score, no thanks to USC.",0.6016127775085269,0.7323114275932312
 I can't help myself but start crying whenever I ask for sex or cuddeling and my boyfriend doesn't want to.,He's so thirsty for likes.,"Oof, that must have hurt.","You can complain all you want, but DILLIGAF.",She gets emotional AF when he's not down for some PDA.,0.29683051272772687,0.31665271520614624
 I'm getting paranoid that my bf might eventually want to have sex with other women since I was his first. I'm not sure if relationships have expiry dates if they start out being virgins,"They’re not dating, just FWB.","Everyone’s cuffing this fall, it’s relationship season.","We’ve been hanging out a lot, but it’s just a situationship.","My BF might get curious about others in the bedroom since I'm his v-card mate, wonderin' if virgin relationships have a best before date.",0.6884120594596599,0.684303343296051
" got a cute letter from girlfriend and wiped a tear on the paper. Paper said ""fuck you"". Got horrible paper cut on eye.","Had a minor ACDNT on the way home, but I’m okay.","She texted me, IWSN!","I sent an embarrassing email last night, totally EWI.","Gurl sent me a cute lil' note, but I cried on it, only to realize it was a prank with the word ""FY"" written. Ended up getting an eye-stinging OUCHie from it.",0.5619528549529839,0.6252907514572144
 boyfriend has fancy internship that we both went for and he got. Feelings of jealousy are making it hard for me to be a good girlfriend and also makes me want to punch the both of us in the face.,"We’ve been hanging out a lot, but it’s just a situationship.",My B/F is meeting me later.,We’ve been in an LD relationship for a year.,"My B/F copped that dope internship we both applied for, but now jealously's got me acting salty and tempted to throw hands at both of us. 🤔🥊",0.6765705924945524,0.5498170852661133
 Girlfriend's sexually abusive adopted father is getting released from prison. What can I do to protect her from this creep???,"She just turned 18, officially at the AOM.",This movie is rated for LSV.,"He’s always calling his mom for advice, such an MB.","GF's adoptive dad, who's sketch AF, just got outta clink. Got any ideas on how to keep her safe from this weirdo?",0.5199640455173323,0.5967147946357727
" My SO has been having some financial issues since we moved in, and I'm annoyed and tired of having to cover a lot of shared things. Any advice? ","You need tax advice? IAAA, I can help.",Dealing with this paperwork is such a PITA.,Stay woke.,"My gf/bf been struggling financially since we moved in, and it's draining me covering shared stuff. What's good for help? (Note: ""gf/bf"" stands for girlfriend/boyfriend.)",0.7704268571742684,0.6821279525756836
" End an OK, long-lasting but generally mediocre relationship, or hurt someone I care about to improve both of our happiness?","Even though we’re miles apart, we’re BFFLNMW.","She’s always late—kind of a pink flag, but not a dealbreaker.","We’ve been hanging out a lot, but it’s just a situationship.","Splitting up a meh relationship for the sake of individual growth, even if it hurts? That's a tough one. But in Gen Z slang, it could be: ""Gonna ghost 'em for better vibes?""",0.5813777026542336,0.304029643535614
" girl I want is shyer around me than other people to the point she often feels distant and never starts conversations although when I do they're long and she seems interested, what's going on?",LTNS! How have you been?,"She’s breadcrumbing him, always texting but never wanting to meet.","Long time no chat, WUP?","She's got shy-mode activated only with you, always seeming distant & seldom starting convos, but when you do, it's lit & she vibes hard. WTF is up?",0.7437538382419259,0.6287819147109985
" neighbors cat attacked a pigeon, I rescued the bird, he's in my garage for the night, what to do next?","I was so mad, I told him to ESAD.",Goodnight! DLBBB!,My dog has the zoomies.,"Neighbor's cat got feisty with a dove, saved the pigeon, now it's chillin' in my garage, any tips on next moves? (DLBBB)",0.6194309848167229,0.7402470111846924
 GF angry often and gets real nasty. I need to end it but don't know if I can coz I love her.,Stop simping over her.,"She’s always late—kind of a pink flag, but not a dealbreaker.",I’m going out with my GF tonight.,My GF mad a lot and gets real toxic. Ain't sure if I can dump her cuz I still got feelings for her.,0.49947684722593944,0.66654372215271
 I think I am infatuated with a girl and don't know what do to. Should I try to forget about her (how do I do that?) or what should I do... I'm clueless (and really obsessed.),Stop simping over her.,"Stop messing around, get your HUYA and focus!",She’s a GRL I met online.,"I'm swiping left on my feelings rn, but can't ghost her cause I'm tryna figure out if it's love or like a crush. Should I ghost her and try to forget (any tips?) or slide into her DMs again... I'm lost in the sauce (and really stuck on her.)",0.6022948320552584,0.5674705505371094
 Come from different background to wealthy girl I'm dating. Doubting if it can work - mainly self doubt if I can ever compare to what she's done .What to do?,"Before making a decision, think WWJD.",We’ve been in an LD relationship for a year.,"She’s always late—kind of a pink flag, but not a dealbreaker.","Dating a rich girl but feeling broke af, doubting this can work 'cause I'm questioning if I can ever measure up. What should I do about it?",0.6509087535648135,0.747800886631012
" I feel like I am taking the ""safe"" route with college and maybe missing out on a more exciting life. ","I’m not looking for anything serious, just NSA.","I'm gonna do it, YOLO!",I'm all about JOMO these days.,"Ain't tryna play it safe with college, thinkin' 'bout skippin' the grind for a wilder ride.",0.43167073294066327,0.586333155632019
" I'm a beginner scientists and I need advice. What is your opinion about how a scientist should practice science? How does one keep everything organized, and thus, become a more productive scientist?","Don’t worry, everyone’s a n00b at first.","You’re doing great for your first try, NBFAB!","IYO, what’s the best way to learn coding?","Yo, newbie lab rat here, what's the tea on being a successful scientist? Got any tips on staying organised and boosting productivity in the process? ✨🔬🚀📝💪🏼",0.6479812506328329,0.6311425566673279
" See crush all the time, can't get over her. What the fuck do I do? I want to get on with my life, but no one else interests me the same way.",Stop simping over her.,She’s a GRL I met online.,"It happened a week ago, GOI already.","Can't stop vibing w/ her, bruh! How tf I move on? I wanna focus on living my best life, but no one compares to her energy. 😓",0.5396830695487785,0.5807511806488037
 Whenever I see the same car my ex has I get a big knot in my stomach and I don't know why or how to fix it.,He was EWG me about my new haircut.,He’s flexing his new car all over social media.,Is that j00r car outside?,"Everytime I see dat same car my ex got, I just get this sick feeling in my guts and ain't got no clue wtf or hoe to sort it.",0.5570264274558863,0.6985403895378113
" Can't tell if a girl likes me, and i'm getting sick of going back between thinking she does and she doesn't, but don't know what to do about it.",Stop simping over her.,She's completely unbothered by the hate.,"She texted me, IWSN!","I can't read her vibes, and it's draining trying to figure out if she's into me or not, but I'm stuck in a loop of hope and doubt, and don't know how to get out of it.",0.5017330656421481,0.5325520038604736
" Dreamed town was attacked by dinosaurs, teamed up with Adolf Hitler, grabbed lots of guns, Hitler and myself rode dinosaurs while shooting wild dinosaurs.",I’ve been playing WOW all night!,I joined a PUG for the dungeon.,"Goodnight, CUMID!","Hit the sack dreaming 'bout T-Rex town, formed a squad with ol' H, stocked up on heat, and H and me were dino-riding while blasting wild beasts. 🔥🦖🚀",0.5100919666217635,0.576970636844635
 FWB invites me on family vacation which seems to be a signal she wants more. I'm on the fence. Some odd behavior last night. Want some general insights.,"She’s breadcrumbing him, always texting but never wanting to meet.",Stop simping over her.,"She brought a whole suitcase for a weekend trip, she’s so extra.","My FWB invited me on a fam vacay, thinking we might level up? I'm stuck between a rock and a hard place. Last night was weird af. Need some vibes on what to do next.",0.5251384910371495,0.3023545444011688
 Burped my worm multiple times into my workout shirt. Wore this shirt to the gym with my six buddies. I'll never live this down.,"The prank was so good, ROTFLUTS!",I’m tired af after that workout.,That prank had me LMFAO!,"Ate some bomb ass nachos and farted up a storm in my gym shirt, wore it to sweat with the squad anyways, they're gonna meme me for life! 🔥😎💀",0.5411200571258312,0.47282183170318604
 my gf has been abroad for months and I've been getting increasinly jealous to the point where I'm no longer excited for her to come home.,We’ve been in an LD relationship for a year.,I’m going out with my GF tonight.,My G/F is meeting me after work.,"My GF's been overseas for ages, but now I'm so jelly, ain't even hyped for her to get back home.",0.5730670856471867,0.758322536945343
 Friend has cancer and is probably terminal within the year. I have my own issues but I feel bad that I'm not offering support.,"Hope everything goes well, MGB.","Thanks for your help, GBU.","Take care, YBIC.","Homie's battling cancer, looks like it's about to be game over soon. I've got my own drama too, but I feel shitty cuz I ain't been there for him. 💔",0.5718488287067149,0.45117688179016113
" Broke up with girlfriend for good, she walked out and I thought she'd hurt herself so now she's in the hospital for psych evaluation. Should I visit or keep contact with her?","We were talking for weeks, and then she just ghosted me.",I’m going out with my GF tonight.,"Hope you’re doing well, TAUMUALU.","She dumped me hard, thought she might self harm, now she's in the loony bin. Shudda keep it 100 with her but idk if I should hit her up or go see her.",0.4809807056865534,0.5464489459991455
" Husband doesn't like going out and doing things/ socializing, we don't have friends, he's kind of addicted to his phone. I'm feeling alone and don't know what to do any more.",I'm mad tired today and not vibing to hang out.,I'm mad tired today and not vibing to hang out.,He's so thirsty for likes.,"Hubby's a homebody and glued to his screen, no squad, feelin' lonely as hell. What's the vibe here? 🤔",0.446755291022092,0.42259645462036133
 Told my girlfriend who hates my ex-girlfriends that I would be fine with her giving me roadhead because it wouldn't be my first experience.,She's throwing shade at her ex.,She had to swerve that awkward conversation.,I gave her a KOC when we said goodbye.,He told his GF who ain't fond of his exes that he'd cool with her pulling a RH cause it ain't his first rodeo.,0.3729833582431656,0.38585591316223145
" gf brokeup with me, contacted me after month, met and she still blames me on everything. what does she want?","She texted me, IWSN!",She's throwing shade at her ex.,"She’s always late—kind of a pink flag, but not a dealbreaker.",GF ghosted me then came back clingy and always blaming me - what's her game?!,0.4993187549041579,0.5554242134094238
 I have a job that allows me to pocket all the $ and I have almost 0 expenses/debt. How can I use the money to make more $ over time?,I’m trying to stack up this gaup before the weekend.,"All you do is play video games, GAL!","Before you invest, make sure to DYOR.","Yo, I'm ballin' at my gig, keepin' most of the cheddar, and debts are barely on my radar. What's a good move to grow that stack longer-term? Let's chat investments! 🚀💰",0.5471200886855825,0.42942023277282715
" I am 99% sure I love my boyfriend, but I don't know if I should tell him, because that might be moving too fast and might ruin the relationship.",We’ve been in an LD relationship for a year.,"We’ve been hanging out a lot, but it’s just a situationship.",My B/F is meeting me later.,"I'm prolly head-over-heels for my bae, but idk if I should spill the tea cuz it might be a vibe-killer and mess up our sitch.",0.520076611283083,0.2922307848930359
" drugs are bad mmmkay - I lost my job, my credit score, my car, my clean record and I don;t know what to do now.",Stay safe and TCOY.,I need to pick up my RX from the pharmacy.,"I need to heal, my HP is low.","My life's a mess, I blew it big time, can't pay bills, credit's shot, whipped my whip, got a blemish on the record, and I'm clueless af on how to fix it now. (Lost job, bad credit, no car, ruined record - Gen Z slang for these concepts)",0.5598552319894536,0.45489051938056946
 Got outrageously drunk and cock blocked someone who was more then willing to take care of me instead. I took it to heart in the best of ways.,"I was so tired, I went to bed and was out in seconds, ZZZZ.","He cut me off in traffic, WAJ!","I sent an embarrassing email last night, totally EWI.","Got smashed and fronted by someone who was down to help, but oh well, took it as a sign to self-love (or self-care), YOLO.",0.5438823293781017,0.39524388313293457
" I have feelings for my friend, but I'm not entirely sure she doesn't have any feelings for me. She treats me like a boyfriend and I'm confused.","She’s my BFF, we tell each other everything.",My BF and I have known each other for years.,"She’s always late—kind of a pink flag, but not a dealbreaker.","She's vibing me hard, but it's unclear if she's feelin' the same way. She acts like my GF and I'm left in the friend zone, vibes confused.",0.5851616065257804,0.5886057615280151
" Boyfriend never wants to do anything I suggest, when asked he claims to not know what he wants to do, also spends lots of time on WoW and makes me wait around when we have things to do",I think he’s benching me—he texts but never makes plans.,He's so thirsty for likes.,He’s into ERP in online games.,"BF ain't feelin' my suggestions, always saying he's clueless, spends too much time in WoW, and leaves me chillin' when we got stuff to do.",0.6449695523425814,0.6528199911117554
" Elbow popped while pitching and it hurts on the inside of my elbow to throw or pitch, doctor shrugged it off and said I have golfers elbow, while I think I injured my ucl.",He yeeted the ball.,"Oof, that must have hurt.",He yeeted the ball across the field.,"Oof, I copped some golfers elbow but I think it's actually UCL damage, doc ain't too worried tho.",0.6133875156703747,0.7004592418670654
 so I'm basically wondering if anyone has had any experience with Gotu kola as a means for reducing excess skin or any alternative (non-surgical) methods for tightening up loose skin after fat loss,"That diet worked for me, but YMMV.","That dessert looks amazing, GGMSOT!","IAAD, let me know if you need any medical advice.","Yo, ever tried Gotu kola to minimize leftover skin after weight loss? Any non-surgery tips on how to firm up loose skin?",0.6777858990051079,0.8569568395614624
 My bf of the past year and a half are graduating college this upcoming year and I don't know how to take the imminent expiration date on the whole ordeal...,My DS is coming home from college this weekend.,My DD is starting school this year.,"I'm completely wiped after all that cram, fr.","My BF's 'boutta graduate next yr, ain't sure how to feel 'bout the end of it all...",0.4057473564247015,0.5067855715751648
" Douche with a Cayenne GTS parks like a dick, won't  be able to get into his car tomorrow morning :)",Let’s go Sk8 at the park this weekend.,"That car is NFS, sorry!","Yo, let's slide to the park later.","That bro's whip is blocked af, can't slide in the morning. 😎🚗🔓",0.24163144616374016,0.23395541310310364
 boyfriend has never mentioned me on social media but people know we are together and he always introduces me as his girlfriend. How do I validate that this bothers me even though it is just Facebook.,"He’s just an FBFR, we don’t talk much.",My B/F is meeting me later.,We’re finally FBO—changed our relationship status!,"My BF ain't ever posted me on SM, but ppl know we're a thing and he calls me his GF IRL (in real life). Why does it bug me when it's just the gram? #relationshipgoals",0.6099635656520601,0.5828080177307129
" Boyfriend's passion is gaming, and would like to include me. I can't afford games and never have time. How can I change this?",He’s into ERP in online games.,"All you do is play video games, GAL!","We’ve been hanging out a lot, but it’s just a situationship.",BF wants me in his game squad but I ain't got the cash for games and no free time. Wanna know how to switch it up?,0.5610675821674167,0.6512210369110107
 Wound up finding misleading and slightly romantic messages from my husband to other women on Facebook from before we got married. Do I confront him about my feelings?,He sent me a flirty message saying TD2M.,"He keeps telling me I’m overreacting, but I think he’s gaslighting me.",I think he’s benching me—he texts but never makes plans.,Found some shady DMs from bae on FB that seem sus—should I spill the tea about my feels?,0.5016374091857688,0.42155736684799194
 may have gotten a girl placed in the foster care system. I'm extremely guilty about this. Did I do the right thing?,"That's cap, you didn't do that.",Are you bringing a MOOS to the party?,"I don’t know the law on this, IANAL.","Aye, I prob did foist a girl into the foster system. I feel rly bad about it. Was it the move, though? 🤔🤷‍♂️",0.5388596417831252,0.6345059871673584
" Were drunk in another city. Didn't know how to get to hotel. Cops describe how to get back, realize we're to drunk to get there, so they drove us back.","I tripped and spilled my drink, ROFLOL!","Just dipped back from chillin' with my crew at the park, fr fr.","Just dipped back from chillin' with my crew at the park, fr fr.","We lit up another city, lost our bearings, cops showed us the way, realized we were too turnt to walk it, so they ubered us home, lmaooo!",0.5868914279250887,0.6197662353515625
 My MOH was supposed to plan the bachelorette party conveniently the same weekend as the bridal shower. Its next week and none of the bridesmaids knew about it.,"I'm totally ghostin' the party tonight, fr fr.","TBH, I didn’t enjoy the party last night.",The party was TURNT last night!,"OMG, my MOH planned both the bach and shower on the same WEEKEND? And none of us knew?? This is a total disaster, squad!! 😭😅🔥",0.5471839914691745,0.6234538555145264
" I want to propose to the woman of my dreams, but my intense disdain towards her family is preventing me from doing so. How do you cope with the fact that you will never understand or like your spouse's relatives?",Stop simping over her.,She's completely unbothered by the hate.,"Praying for you, YSIC.","Can't pop the question 'cause fam drama got me trippin', but ain't nobody got time for hate on spouses' folks. So, how you dealing with never vibing with the in-laws?",0.5511236931726213,0.4651282727718353
" do I try to force myself to like this girl who likes me and is a good fit on paper or if i don't feel it naturally, it's not gonna happen?",Stop simping over her.,"She texted me, IWSN!",She’s a GRL I met online.,"Should I fake it till I make it with her, or no vibes, no relationship?",0.3597969831769816,0.3871839940547943
" used to be socially awkward and not really attractive, now I dress better, am more attractive, and outgoing. Wonder what my ex would think of me now...",He was EWG me about my new haircut.,"Hope you’re doing well, TAUMUALU.","He ghosted me months ago, and now he’s zombie-ing by texting me again.","I was a total vibe-less square back in the day, but now I'm slaying with my fits, looking bomb, and being extra social. Bet my ex is shook seeing me now 🤭🚀🔥",0.6609572012008392,0.601692795753479
" Guy who has been flirting with me is distant from his girlfriend of two years. He's been dropping signals that he's interested in pursuing something with me. We're getting lunch and I want to talk to him about ""us"".",He sent me a flirty message saying TD2M.,"He’s been texting me nonstop, he’s so thirsty.","We’ve been hanging out a lot, but it’s just a situationship.","Dude who's been vibing me is low-key single (or low-key cheating), sending major vibes my way. We're grabbing lunch, ready to chill 'bout us situation.",0.48256884544179707,0.41112107038497925
 Fed up with girls that can't accept that I'm an atheist and looking to find a partner in another state/country.,Feeling down? RYB for inspiration.,"We’ve been chatting for a while, RYS?","Take care, YBIC.","Over it with gals who can't vibe with my atheism, tryna link up with someone across the map.",0.5252466211688815,0.5795791149139404
 I feel myself becoming more and more introverted and separated from my extremely extroverted family. But I don't want to disappoint any of them by staying home often.,I'm all about JOMO these days.,I'm all about JOMO these days.,I'm just tryna chill at the crib after a crazy busy day.,"I'm vibin' harder on my own lately, even though fam jam is extra social. Don't wanna let 'em down by chilling at the crib too much.",0.45059428617894814,0.3194711208343506
" My love interest is on the fence because her relationships in the past have all been passion driven, but I'm seen in more of a comfort light. I'm unsure if I should pursue a relationship.","She’s always late—kind of a pink flag, but not a dealbreaker.","We’ve been hanging out a lot, but it’s just a situationship.",We’ve been in an LD relationship for a year.,"She's vibing me but has a history of intense, passionate romances—I'm more like her chill homie. Ain't sure if I should take it to the next level.",0.606854725990269,0.5211886763572693
 gf is numb and wants to break up because she thinks I deserve better and wants to be alone to work on herself.,"She’s always late—kind of a pink flag, but not a dealbreaker.",I’m going out with my GF tonight.,Stop simping over her.,My GF's deadass over it and wants to call it quits cause she thinks I deserve someone way better and she needs to focus on herself.,0.5806966821903007,0.5796759128570557
" I used to worry about being single, but not anymore; I'm focusing on my own personal goals, rather than scoring a date.","After that drama, I’ve got a new RTBS.","I’m not looking for anything serious, just NSA.","If you want it done right, just DIY.","Ain't got time for singleness worries, focus is all on my solo grind and self-goals, no date needed.",0.6883925843436962,0.767366886138916
" i have a lot of pressure from people to date, don't find many girls attractive, and the thought of all the awkwardness and effort puts me off to where i think i might just pass on dating altogether.","After that drama, I’ve got a new RTBS.","If you want it done right, just DIY.","Everyone’s cuffing this fall, it’s relationship season.","Ain't feelin' the push to date, struggle to vibe with chicks, and all that cringe and work's got me thinking I might skip the whole dating game tbh.",0.6249121371398672,0.5850043296813965
" Got a message from my ex, replied, got into an argument, now she and her new boyfriend want my guts.","She texted me, IWSN!",She's throwing shade at her ex.,You’re still talking about that? GAL!,"Ex just hit me up, we went back n forth, now they're coming for me 🤷‍♀️🤷‍♂️",0.3094855875932609,0.3973645269870758
 I'm injured and I need advice on how to properly stay in shape so I can come back not too far behind.,I'm dead after hittin' that session today.,"I need to heal, my HP is low.",I’m tired af after that workout.,"I'm hurt rn, need tips to stay fit so I don't fall behind too much when I'm back on it.",0.5147678227966181,0.6971256732940674
" Hooked up with foreign girl and after 1 week she wants to get married. She's now back in her home country, and I'm giving this relationship 6 months before I decide what to do.",We’ve been in an LD relationship for a year.,She texted me LHSX after the party.,"Before making a decision, think WWJD.","GF met a foreign girl, we linked for a week, she's about to marry me (lol). She's back in her country, I got 6 months before I decide WWYD.",0.7186114381885265,0.7447021007537842
 Trying to kinder a relationship with my ex who realized she fucked up by leaving me. Working things out together. I really feel like she wants to change,"She texted me, IWSN!","She’s always late—kind of a pink flag, but not a dealbreaker.",She's throwing shade at her ex.,Working on rekindling vibes with my ex who's regretting her move. Smoothing things over. She deffo tryna switch it up.,0.5989266591884422,0.6992383599281311
" Drank too many pre drinks, pucked in hands on the train and had to go home. Ruined the night and lost all chances with the girl I like.","TBH, I didn’t enjoy the party last night.","Had a minor ACDNT on the way home, but I’m okay.","I was so tired, I went to bed and was out in seconds, ZZZZ.","Ate too many pres, vommed on the train, had to bail early. Ruined vibes and lost shots with the girl I'm crushing on.",0.7004560526057955,0.7637929916381836
 Having a really hard time coping with the impulsive break up. Thing thats getting to me the most is that he was my best friend. Started having auditory hallucinations. How do I cope?,"He ghosted me months ago, and now he’s zombie-ing by texting me again.","He keeps telling me I’m overreacting, but I think he’s gaslighting me.",I only see him AAF.,"Ain't vibing wit this sudden split, and it's killing me 'cause he was my bae-friend. Been hearing things in my head. Got any tips for coping?",0.5591371963393985,0.6473602652549744
 Make social networks social. Offer premium service for x $/Month and give premium users full control over the data being collected on them.,Stay woke.,I spend way too much time on SM.,"Stay woke, everyone.","Level up your SM game with preemium features for $x/mo, get total control over your data. #DataOwnership",0.4727828162528801,0.44695067405700684
" boyfriend is not jealous at all, he says he loves me and I should not worry cuz we're fine but I worry still",My B/F is meeting me later.,"He keeps telling me I’m overreacting, but I think he’s gaslighting me.","We’ve been hanging out a lot, but it’s just a situationship.","He ain't jealous at all, says he loves me but still, I got worries, we're still in a pickle tho.",0.48415715261839765,0.6913059949874878
" should I take out unsubsidized federal loans at 3.76% interest and keep my cash in the bank, or should I just dip into my savings and pay for it out of pocket?","TMA, don’t invest in that stock.","Before you invest, make sure to DYOR.",I’m trying to stack up this gaup before the weekend.,"G, shld I cop that fed loan with a 3.76% int, or just dip into mah savings n pay OOP? Or maybe even swipe that debit card n keep the cash?",0.5637486094913324,0.7119847536087036
" I'm going to work as hard as a I can at everything that I do, document it, and see if I can become successful.  If I do, all of my resources will be **yours**.",FC that I get the job!,"Work was tough today, but ADAD.",DITYID about how stressful work has been?,"Grindin' hard AF on everything, gonna track the progress, if I make it big, promises made, all mines gon' share with you!",0.47802421479509144,0.402031809091568
" Saw a injured cat twitching in the middle of the road, pulled up to save it only to find it was a black handbag moving in the wind...",That cat video made me LOL!,That SOAB cut me off in traffic!,"Had a minor ACDNT on the way home, but I’m okay.","Ain't nobody gotta tell me twice about that prank on the road, thought I saved a life but it turned out to be a bag movin' in the breeze! 🤣😂😅🤷‍♂️💼🐱‍🏃‍♂️🔥🚀",0.539404655551316,0.4970918595790863
" Had a fight with my bf, I think he may never call back if he adheres to ""Call me when you're ready to believe in yourself."" What should I do?","I texted him last night, but I got NR.","He ghosted me months ago, and now he’s zombie-ing by texting me again.",My B/F is meeting me later.,"Had a beef with my B/F, he prob won't hit me up unless he gets himself together. So I guess I gotta chill till then 😴.",0.4018446715997527,0.3604760468006134
" I don't know if I'm settling down for the best option available currently, or just being extremely picky and should be happy with a good woman.","Before making a decision, think WWJD.",What’s the best option? UTM.,"After that drama, I’ve got a new RTBS.",Ain't sure if I'm gonna go for the best avail now or just being too choosy and need to chill and settle for a solid queenie.,0.494786288104229,0.4909576177597046
 my fwb of almost two years says he has really strong feelings for me its kinda left me confused and not sure what to do,"We’ve been hanging out a lot, but it’s just a situationship.",He sent me a flirty message saying TD2M.,"He’s been texting me nonstop, he’s so thirsty.","My FWB's hit me with some super intense vibes, now I'm feeling shook and don't know how to navigate this.",0.4837075266729101,0.3025951087474823
 Why do we need a music industry for good music to exist and be available? Shouldn't an art form be driven by the artists who are doing it for passion and not profit? Discuss!,I prefer JOMO to FOMO.,Why is this so complicated? ITAM!,"We’re going to the concert, LDO!","Ain't the music biz needed for tunes to thrive, or could creators just drop heat for love, not money? Let's spill the tea on that! (#MusicIndustry vs ArtistsPassion)",0.6682860847160097,0.6994530558586121
" I am Chinese guy dating a Caucasian girl, meeting her parents that have a bias in favor of Caucasian men - how to win.",Stop simping over her.,"He’s AZN, right?",He’s a DWM looking for a new start.,"I'm a Chinatown boi dating a lame white gal, trying to impress her racist parents who only dig Caucasians - gotta slay.",0.673429543126653,0.6820391416549683
" I want a break up. doesn't feel like a relationship anymore, I want a relationship where I'm not feeling like a second choice. How do I do it?","We’ve been hanging out a lot, but it’s just a situationship.",I'm mad tired today and not tryna dip out.,I'm mad tired today and not tryna dip out.,"I wanna end things. Feels like we ain't on the same page, need a situation that makes me feel like more than just a backup plan. So, how do I make it happen?",0.5191726292434491,0.5120294690132141
" I made a website, posted it on reddit, it got over 1,500 upvotes, and for 12 hours, all of my personal info was available to everyone.","If you sign up for that site, you’ll get S4L.",I just updated my LI profile.,We need to improve our SEO for better website traffic.,"My new site blew up on Reddit with over 1k updoots, but for a hot minute, all my personal deets were out there for everyone to see.",0.5040492775367568,0.5648852586746216
" Meet a nice girl and dated for a couple of months, she ignored me for a long time and a year later she complained about me not calling her anymore and ""breaking up"" without telling her.","She texted me, IWSN!","She’s breadcrumbing him, always texting but never wanting to meet.",Stop simping over her.,"She ghosted me for a hot minute, then hit me up a year later complaining I ghosted without even giving her the tea about the breakup.",0.5172798293449211,0.5359447002410889
" my friend is scared to come to school because she is being harassed, and is now being forced to take online classes in the safety of her own home. What can i do to help her?",Our school has a ZOT policy for bullying.,We’re having a PTO meeting at the school.,My DD is starting school this year.,"My G, homie's trippin' 'bout comin' to school 'cause she's gettin' hit on hard, now she gotta slay online from home. Wuzza mean girl squad doin', right? How can I help her cope and sort this out? 🤬😤",0.7412623730887997,0.5129956603050232
 How do I modify the [Global Couch Potato] portfolio from 60/40 equities/fixed income to 100% equities?,"TMA, don’t invest in that stock.","Before you invest, make sure to DYOR.",Make sure you do your DD before investing.,"How do I switch up the GCP portfolio from 60/40 stocks/bonds to all equities? Or, in other words, how do I turbocharge it? (GCP stands for Global Couch Potato.)",0.6309111658225759,0.597002387046814
 When setting my password for windows I managed to put the same typo in both fields and had to reinstall becaus I didn't know what the typo was.,"It’s not a tech issue, just an EBKAC!","Wait, NM, I found the answer.",I’m updating my OS tonight.,"Oop, I accidentally typed the same mistake twice when setting my Win password, and ended up needing a reinstall cuz I couldn't figure out the typo 😅",0.7068861264766418,0.6935506463050842
" Boyfriend of four years doesn't really communicate much verbally, and his libido has plummeted. Unsure if it's time to split.",We’ve been in an LD relationship for a year.,"We’ve been hanging out a lot, but it’s just a situationship.",I think he’s benching me—he texts but never makes plans.,"Bae for 4 years ain't got much chat game goin', and his sex drive is droppin'. Dunno if it's time to call it quits.",0.4842147345027765,0.5529170036315918
 I want to know if it's normal to feel dirty and whorish for sleeping with an older guy. Do i have issues?,"Take care, AAYF, until next time!",What’s your body count?,"Just wondering, SorG?","Yas, is that 'bout normie to feel sketchy hookin' up wit an ol' head? Gotta check myself?",0.3095778794830195,0.2867457866668701
" my life is a mess now, want to be happy again within myself. Want to make things with bf okay again.","Hope you’re doing well, TAUMUALU.","Don’t worry, TTTT—it’ll get better.","Take care, YBIC.","I'm feeling like a hot mess rn, tryna find my happy self again. Wanna fix things up with the bf too. Let's sort it out together, tho! 💖😎🔥✨💭",0.6519055518417147,0.7497944831848145
" broke up with girlfriend, she's willing to take me back but I gotta do something cool and special for her in order to show her I'm willing to work on our relationship. Give me ideas.",I’m going out with my GF tonight.,My G/F is meeting me after work.,"She texted me, IWSN!","GF dumped me, she's down if I pull off something lit to win her back. Hit me with some fire ideas!",0.50944423774603,0.5479743480682373
" Some weird charges popped up on a gift card I was using, and am hoping for answers. I might cross-post this to r/wtf.","I’m bringing an extra charger, BSTS.",I left a GIC for the baby shower.,"I forgot my wallet at home, facepalm.","This card acting sus af, gonna drop it in r/wtf, fingers crossed for answers.",0.4467862556350528,0.42265838384628296
" Felt emotionally distant to my boyfriend because of his gamer lifestyle, hooked up with someone else at a conference, boyfriend snooped and found out, is now making me decide! What should I do?","We’ve been hanging out a lot, but it’s just a situationship.",He’s into ERP in online games.,My B/F is meeting me later.,"My BF and I been vibing differently 'cause of his gaming lifestyle, ended up hooking up with someone else at that conference. Now he's found out, and I gotta pick my battles! 🤔🤔🤔🤷🏼‍♀️💔",0.768528319626964,0.6229292154312134
" Crazy crowd in line for foam party goes out of control, bypass security and race towards foam in a drunken stampede.",The meeting turned into a SNAFU.,That party last night was CB!,That party was CRA CRA!,"Foam rave got chaotic AF, crowd broke through secu and sprinted towards foam, turnt up too hard!",0.5538930902850925,0.6368720531463623
" I did a crack with feelings at first April, but without bad faith. Is there any possiblity for a compensation?","Need legal advice? IAAL, happy to help.","INAL, but I think you should get legal advice.","This week has been so stressful, LAB.","A'ight, so I felt you deep back in April, no beef or drama. Wanna know if I can score some compo?",0.3862509543380579,0.35698944330215454
" SO and I broke up because long-distance is a deal breaker for him, driving 3,000km back to my hometown. Need advice on how to handle the drive and being alone and getting past this kind of breakup.",We’ve been in an LD relationship for a year.,"We’ve been hanging out a lot, but it’s just a situationship.","Oh, another road trip? BTDT.","My ex and I split cuz LD was a no-go for him. Gotta drive 3k km back home, need tips on handling the ride, loneliness, and moving past this breakup vibes. Help!",0.8017234784084013,0.800122857093811
" I need advice on whether or not I should tell his wife about our affair. If so, how should I do it?",I’ll check with my YF before making plans.,"Keep this on the DL, it’s a secret.",I’m going to dinner with my P tonight.,"Needing advice 'bout spilling the tea to his YF 'bout our situation, if I should even do that, what's the play then?",0.3938043425453006,0.31669455766677856
" husband raises and dashes my hopes every holiday/ birthday. Feel unimportant to him and need to have a ""come to Jesus"". Help?","Sending love to all the dads, H-FDAY!",My FIL is visiting this weekend.,Feeling down? RYB for inspiration.,"Bae keeps breaking my heart ev'ry holiday/bday. Feeling ignored by him, need a heart-to-heart ASAP. Help needed! (Abbreviations used: bae for boyfriend or husband, ASAP for as soon as possible)",0.6536134397224045,0.30999696254730225
 The way my mom egged me on and purposely destroyed my high school relationships are now carved into my mind and I have a pathological fear of dating.,"Everyone’s cuffing this fall, it’s relationship season.","We’ve been hanging out a lot, but it’s just a situationship.",Stop simping over her.,"My mom dragged me into exes and now it's stuck in my head, making me scared as hell to date. (pathological fear replaced with ""scared as hell"")",0.605046217461372,0.6006741523742676
 She left me and is now back with her ex (who I had suspected that she had been cheating on me with).  How can I get this psychotic bitch out of my head?,She's living rent-free in my mind.,"We were talking for weeks, and then she just ghosted me.",She's wylin out here.,She's back with her ex (that I thought she was cheating with) and it's messing up my vibe. Can't shake this psycho outta my brain.,0.5673334608447849,0.6637527942657471
 Journey started when SO said my anxiety and unhappiness in my body/weight was related. Achieved first goal of 22lbs with 44lbs to go!,WB! How was your trip?,I’m totes excited for the trip!,GL2U in the competition!,"My vibe changed when bae called out the extra weight stressin' me. Crushed first goal at 22lbs, still got 44 more to slay!",0.5667609814296468,0.4687020182609558
" Feel guilty at not doing much for sick relative, but then feel angry at being obliged to be his carer when I'm quite busy and have a lot of things to do.",Going to visit my OL this weekend.,MFW someone eats my leftovers without asking.,DITYID about how stressful work has been?,"Feeling guilty 'cause ain't helping much w/ that sick fam, but mad 'bout having to be their full-time care while got a million things on my plate.",0.6322212319129722,0.6827250123023987
" Should I raise the limit on my $300 limited credit card, and by how much? My credit scope is 700-720 range and I am 24.","TMA, don’t invest in that stock.","You need tax advice? IAAA, I can help.",See the AA instructions for details.,"G, should I boost my max on da $300 card, and how much tho? My credit score is in da 700-720 zone at 24 yrs old.",0.5891573737037479,0.7074006199836731
 my best friend is doing drugs with his other friends and i think they are a bad influence on him. how do i confront him about it?,I only see him AAF.,He’s been attending AA meetings for a year now.,"He keeps telling me I’m overreacting, but I think he’s gaslighting me.","My homie's been dabbling in some sketchy stuff with his crew, and I think they're dragging him down. How do I chill him about it?",0.5008407633060233,0.419964075088501
" My boyfriend and I aren't sexually compatible, but he claims that he doesn't want to break up. I'm not sure how to proceed.","We’ve been hanging out a lot, but it’s just a situationship.",We’ve been in an LD relationship for a year.,I think he’s benching me—he texts but never makes plans.,"He ain't hitting it right, says he don't wanna split, stuck on what to do next.",0.4293221200189432,0.44313177466392517
" BF's lack of ambition causing lot of resentment/ issues in relationship. Need perspective, is it time for ultimatum?","We’ve been hanging out a lot, but it’s just a situationship.",I think he’s benching me—he texts but never makes plans.,"She’s always late—kind of a pink flag, but not a dealbreaker.","My bf ain't got no drive, causing major drama in our situation. Do I drop an ultimatum or chill and talk it out first?",0.5074378857982456,0.5439616441726685
 best friend is with a girl and he's kept it a secret for months. Don't know if I should tell him I know or tell about my feelings for him?,"Keep this on the DL, it’s a secret.","She’s my BFF, we tell each other everything.",We’ve been BFFL since high school.,My BF been rolling with a girl for like months now and ain't said nuthin'. Should I spill the beans 'bout knowing or confess my feels?,0.5250095280914095,0.4960024356842041
 Me (19F) and ex (19M) have a friends with benefits type deal going on but there's a lot more emotion behind him. Need advice,"They’re not dating, just FWB.","We’ve been hanging out a lot, but it’s just a situationship.","Even though we’re miles apart, we’re BFFLNMW.","Me and my ex are FWB vibes but he got feelings too, tryna figure it out now.",0.4921146045100986,0.5133150815963745
" Theoretically rich person feels unethical accepting Medicaid, but cannot afford to purchase health insurance flat-out. Wants to know how to get health insurance subsidy despite being told ""you cannot have one because you qualify for Medicaid.""","Need legal advice? IAAL, happy to help.",I need to pick up my RX from the pharmacy.,Don't be such a Karen.,"Richie wants a healthcare assist, but Medicaid got him covered already. He's trynna slide into Obamacare subsidies tho, even tho they said no can do cause he's already Medicaid eligible.",0.5826403196498628,0.5281615257263184
" My brother and sister came home while I was banging a screamer, in my moms bed.  Gave me a round of applause.","I couldn’t stop laughing, LMBO!",I won the game and was YWHOL!,That story had me LHO!,"My bro and sis walked in while I was killin' it, on moms bed. Cracked me up with the applause! 🎉🥳🔥",0.5568326333553177,0.7535544633865356
" 16M crush on 15 or 16F, she lives 2 towns away, is athletic while I'm not, see each other once a week.",She’s a GRL I met online.,"Even though we’re miles apart, we’re BFFLNMW.",Stop simping over her.,"She's my type, livin' in another town, sporty AF while I ain't, hang sesh once a week.",0.3622116820468797,0.4474150538444519
 cute engineer works in the same room working on equipment. What's a mind of an engineer like when it comes to flirting at work?,"He’s great with computers, but IIIO sometimes!",She’s such a PYT!,Working in tech means being in an ARE.,"Aww, that engi cutie's in the same crib grindin' on tech gear. Gotta wonder 'bout his game brain when it comes to flirtin' up in here at work! 💭👀💕",0.5237650725154666,0.4935135245323181
 Started running to get home from the buss stop but the kid in front of me thought I was a serial killer running after him. He shit his pants.,"He cut me off in traffic, WAJ!",I hit up the grocery to snag some snacks.,"I’ll be late, need to PUKS.","That kid freaked out thinking I was chasing him, LMFAO! He straight up pooped his pants! (PUKS version: Kid thought I was a stalker, spazzed and soiled himself!)",0.708295651915331,0.6686688661575317
 Found out gf is depressed ex bf got married. What the hell do I do? I do love this girl,She texted me LHSX after the party.,She’s listed as a DWF in the profile.,"She texted me, IWSN!",GF's vibes are off the charts and her ex just tied the knot! What the actual Ctrl+Alt+Delete?! I still feel her tho ❤️,0.4759283269706525,0.42554086446762085
" Fell in love with a long lost friend, she still talks to her ex, feel that she has the feels for him, can't decide whether to ask her out or not.","She’s always late—kind of a pink flag, but not a dealbreaker.","She’s breadcrumbing him, always texting but never wanting to meet.","She texted me, IWSN!","She reconnected with an OG pal, still chats with her ex, vibes he's got feelings, can't decide if I should slide into her DMs or not 😎🔥💭",0.5863983134979026,0.5910791754722595
 let my dream girl het away or possibly my bestfriends and family hate me gor a year or two while im gone in florida with her,I’m going out with my GF tonight.,I’m spending the weekend with my SIS.,Hanging out with my MM this weekend.,"My GF's gon' bounce w/ me to Florida for a bit, might piss off the squad for a sec.",0.3839167522426457,0.380021870136261
" caught gf in a lie. last night she went ""shopping & out to eat"" at her ex's house they kissed.",My G/F is meeting me after work.,I’m going out with my GF tonight.,Her makeup was snatched at the event.,"She got caught red-handed lyin', last night she was at his crib, they smooched up.",0.4911672378841199,0.45601868629455566
" Forgot wallet at my door room and see my roomate fucking another guy in front of me, at an attempt to get my wallet, I step on actual shit.","I forgot my wallet at home, facepalm.","No cap, I left my keys at home and just realized it now!","Bruh, I left my keys at home today, no cap!","Bruh, I left my wallet in my dorm room, walked in on my roomie hooking up with someone else, tried to grab my wallet but stepped in some straight-up nastiness instead, yikes!",0.6492237950626172,0.7721318006515503
 I'm 25 m going through a divorce and I'm seeing a 42 f and want some outside opinions on this.  Thanks!,"I'm gonna do it, YOLO!",Living the boujee life.,"Don’t worry about it, it’s E123!","I'm 25, went thru a split, hookin' up with a 42-year-old chick. Need some tea on this situation. Appreciate it! 🍵",0.5057656514842754,0.40211302042007446
" Live by myself with rent and bills to pay, want to go back to college to get out of a career I dislike, what do?",Got to get back to RW responsibilities.,I'm hella exhausted after pulling an all-nighter.,"I'm gonna do it, YOLO!","Got stuck on my own, gotta figure out how to cope with adulting costs while trying to reboot my life in uni, grind for a new path I actually vibe with 🤔💭🤷‍♂️",0.5857756424726211,0.45132967829704285
 Extreme jealousy is preventing me from going out in public or even watching tv with my boyfriend. My boyfriend has never shown any signs that he is interested in other women. How do I get past this.,"We’ve been hanging out a lot, but it’s just a situationship.","He keeps telling me I’m overreacting, but I think he’s gaslighting me.",My B/F is meeting me later.,"My BF's being too clingy, can't even chill in public or watch TV with him. He ain't giving me vibes of being a player though, how do I cope?",0.5118548127918032,0.46969300508499146
 Should I (male age 19) break up with my girlfriend (age 17) before I leave for Marines boot camp?,I’m going out with my GF tonight.,We’ve been in an LD relationship for a year.,"We’ve been hanging out a lot, but it’s just a situationship.",Oughta end things with my GF before I ship off to Marine basic training?,0.5381933966667038,0.7162759900093079
 My wife is leaving and to keep her new relationship a secret she created a fake profile on Facebook.  Do I report this user identity? Ultimately she'll just create another and that will push her further away from me.,"She’s my FBB, we met through a group.","We were talking for weeks, and then she just ghosted me.","She posted it on her finsta, not her main account.","She's catfishing, but I ain't snitching. If we play this game, it'll only drive her away more.",0.27437131866358655,0.2717343270778656
 Boyfriend's best friend was really drunk and hit on me. Is it too late to do anything about it now?,"He’s late again, RME.","We’re not as close anymore, just BFFN.",We’ve been BFFL since high school.,My bf's bro was turnt and tried his luck. It's still lit to sort it out?,0.41146342105482425,0.40741437673568726
 We need help nicely telling our roommate her boyfriend is here way too much and inconveniencing us in our own home.,I’m going out with my GF tonight.,She's living rent-free in my mind.,Stop simping over her.,"Yo, we gotta politely let our roomie know that her boo is hanging out too much and cramping our style at home.",0.5708723362132784,0.5046255588531494
 Have any of you ever priced out a RTW itinerary a la carte and compared the cost difference? What did you find?,You’re moving to LA? Fr?,"It’s expensive, but OTOH, it’s a great investment.",I got a great deal through OA.,"Yo, have y'all ever calculated an RTW trip à la carte and compared prices? What were your findings? 🤔💸🔥",0.7369555282790905,0.8644927740097046
" break up & make up with bf, things get better over time but it turns out that during break-ups bf kissed three other girls and straight out lied about it firsthand",We had our first KOTL last night.,"Don’t worry, TTTT—it’ll get better.","We’ve been hanging out a lot, but it’s just a situationship.","Aye, we had a rollercoaster ride with my boo, but eventually got back on track. Turns out he was playing me while we were on a break, kissing three other chicks and lying straight up! 🤦‍♀️💔",0.601749661969346,0.4278760552406311
" Long distance college relationship, which is better, long periods of not feeling happy, for brief but great times, or no relationship at all?",We’ve been in an LD relationship for a year.,"We’ve been hanging out a lot, but it’s just a situationship.","They’re not dating, just FWB.","LD college relationships tough, but worth it for those lit moments over nothing at all.",0.5810526411288993,0.5803878307342529
" long relationship, just got out of college, feel like I am missing out even though I could see myself marrying current gf.","We’ve been hanging out a lot, but it’s just a situationship.","I’m not looking for anything serious, just NSA.","Everyone’s cuffing this fall, it’s relationship season.","Long-term with the grad, feeling FOMO even tho I could pop the question to my S/O.",0.29417871248358834,0.3667507767677307
 Why doesn't the guy I know makes for good husband/father material make me feel like the guy who isn't? Am I the problem here?,"That character looks like a girl, but he’s actually a GIRL.",I think I have a BCO that new guy.,"He buys her gifts every day, he’s such a simp.","Why don't I vibe with that dude as a life partner, but the other one feels right on point? Is it me, or is he off-key?",0.45103300236929156,0.45885270833969116
" husband moved out to think, then told me he's not coming back.  We have 2 young children and have to co-parent.  How can I move on when I have to have regular contact with him?","He ghosted me months ago, and now he’s zombie-ing by texting me again.",He ghosted me after our date.,"He’s GFN, but he’ll be back soon.","Ex-boyfriend bounced without a return date, left us with kids to coparent. Now what's the move to get over him while still hanging with him daily?",0.636651629556249,0.6084833145141602
 I want to work on a cruise ship and then bow out when we get to the right port of call. How viable is this?,"You got the job? HFAC, that’s amazing!",Got to get back to RW responsibilities.,"Got the job today, big W!",Wanna work on a cruise ship and bail at the lit port? Is it possible tho?,0.5287855381450495,0.6420586109161377
" had no motivation for half of high school, GPA is a 2.9 but I have great test scores. Do I have any chance at getting into a good school and if not, can  I change that?","I'm completely wiped after all that cram, fr.","I'm completely wiped after all that cram, fr.",I'm hella exhausted after pulling an all-nighter.,"Ain't got the drive for half my HS days, GPA's a 2.9 but aced those tests. Got a shot at a good uni or nah? If not, how can I turn it around?",0.5991223360362805,0.671928882598877
" I've been taking care of my ex girlfriend's dog for several months, with no help from her. I've done a good job of it and I really care about the dog, but now she wants him back.","Look at that dog, such a QT!",Send me a PIC of your new puppy!,"She’s always late—kind of a pink flag, but not a dealbreaker.","She ain't even lift a finger while I was pet-sitting her pooch for like forever, then outta nowhere she wants him back... But I'm still vibing with my furry pal though 😢🐶",0.6765634555400574,0.6329053044319153
 Talked to this girl for a month two dates and my first kiss later she tells me that she wants to take it slower and that she isn't sure how to commit to another relationship yet. What do I do?,"She’s always late—kind of a pink flag, but not a dealbreaker.",She texted me LHSX after the party.,"We’ve been hanging out a lot, but it’s just a situationship.","Girl put the brakes on me after a month, 2 dates, and a smooch. Now she's chilling on the commitment tip. WTF should I do now?",0.6974195871822061,0.6192159056663513
 was measuring our dicks on a band crusise and one of my friends came into the paper using to measure it and paniced and shoved it in his mouth when one of my friends wanted to see proof,"That test was tough, FRT.",I'm low-key worried about the test.,"G2TU, I passed the exam!","Someone whipped out a ruler on the boat cruise, a friend accidentally grabbed it to measure, freaked out, and stuck it in their mouth before another pal could verify 😂",0.656833741473359,0.5380442142486572
" Girlfriend moves away, breaks happen, she always comes back (I never do) we try again only to fail some more, solution, or move on?","She’s always late—kind of a pink flag, but not a dealbreaker.",We’ve been in an LD relationship for a year.,Stop simping over her.,"Girlfriend keeps ghosting, it's a cycle, she always comes back but I don't, should we keep trying or call it quits?",0.5532773288993624,0.5525380373001099
" Friend managed to stare down three gorilla-type guys wanting to beat me up, in a foreign country while we were both crazy drunk. How have your friends affirmed your relationship?",My BF and I have known each other for years.,We’ve been BFFL since high school.,"They’re not dating, just FWB.","Homie held his ground against some sus AF dudes tryna fight us in another country while we were turnt, bro. My crew vouched for our bond, y'know?",0.5197024036229813,0.31918320059776306
" the kid I nanny, told me his mom called me immature and not a ""grown up"" Do I confront it?","He’s always calling his mom for advice, such an MB.","He’s such a MOMBOY, always calling his mom for advice.","He keeps telling me I’m overreacting, but I think he’s gaslighting me.","""The kid I sit, said his mom called me childish and not 'grown,' should I clap back?""",0.47073258628805587,0.5536535382270813
 We've invited my GF's friend (a manicurist)+entire family over for dinner; For doing my GF's nails she wants money when leaving! Is that greedy?,"Yo, you tryna pow wow and grab some grub l8r?","Yo, you tryna pow wow and grab some grub l8r?","He buys her gifts every day, he’s such a simp.","Aight, so my gf's fam (incl. mani buddy) is crashing for dinner, but her nail chick hits me up for cash after session? That seems a lil too greedy, no cap?",0.7618760202399911,0.7481287717819214
 Boyfriend and I always seem to be arguing when with family.  This is not the case when we are alone or with other people.  How can we keep this from happening?,"We’ve been hanging out a lot, but it’s just a situationship.",Had a huge ARG with my friend last night.,"Can’t talk about it now, PRW.",ARGging with bae fam time only. Gotta chill when 'rents around or w/ others. Fix that tho? 🤔,0.44608313324048576,0.2827479839324951
" My ex wants me back, after I just stopped missing her I said we'd take it slow, but I can feel myself getting too attached already after a week.","It happened a week ago, GOI already.","We’ve been hanging out a lot, but it’s just a situationship.","It’s been so long since we hung out, MU!","Ex just hit me up tryna rekindle, but I was vibing without her, said let's chill slow. Already catching feelings again tho, smh after a week.",0.5601059104266919,0.5938960313796997
" SO and I decided we needed to rekindle our romance, ignite that 'spark' again. How do we do this? What experience have you guys had with this?",We’ve been in an LD relationship for a year.,We finally met IRL after months of online chatting.,"We’ve been hanging out a lot, but it’s just a situationship.","Yo, me and my boo thought it was time to reignite the flame, bring back that spark. Any tips on how to do this? Got any stories about your own experiences?",0.6191311772510286,0.6011432409286499
 I am a 35 year old recently single father with a 14 year old daughter. WTH do I do with my life now?,"Before making a decision, think WWJD.",Stay safe and TCOY.,Got to get back to RW responsibilities.,"Yooo, what's up, dad?! Single AF at 35 with a 14-year-old kiddo... LMAO, where do I even start? Gotta figure out my new life game plan! #SingleLife #DadLife",0.6713076565734567,0.5669920444488525
" Last semester of college, hopefully going to law school, scared of the thought of leaving everyone and everything I know behind, especially long term boyfriend. HELP!",Stay safe and TCOY.,"I’m not looking for anything serious, just NSA.","What’s your plan? IGN, honestly.","Aight, so it's my final sem in collage, tryna get into law school next. Got this fear though, ya feel me? Leaving all my ppl and life behind is scary AF, and my boo too. Help a sis out! It's NGAF time, but not cool with this change up.",0.6759702053096486,0.604017972946167
" My girlfriend doesn't like me on social media so I've deleted all of my accounts. Meanwhile, she posts selfies even though I let her know I don't like them.",Stop simping over her.,She got cancelled after that post.,I spend way too much time on SM.,"Aye, bae deactivated me on SM, but she still posting selfies non-stop. Even though I told her I ain't feelin' 'em. 🔥✨📱💔",0.622262984101462,0.6074068546295166
 I watched a video of Hitler with my 2 year old daughter and now she screams at people like Hitler wherever we go.,"She’s acting like such an NPC, just going with the flow.",She got cancelled after that post.,"That video is NSFL, don’t watch it!","My kid's acting like a mini-Hitler after watching that vibe check, lol!",0.5191533925460646,0.5950934886932373
" Ex who treated me badly wanted to be FWB, I didn't want to. Is now seeing one of my friends","They’re not dating, just FWB.",My BF and I have known each other for years.,"She’s my FBB, we met through a group.","My ex who gave me a hard time tryna be FWB but nah, she's now linked with one of mine.",0.5569301011489699,0.6706469058990479
" gay, have feelings for straight (?) friend...unsure about how my friendships will pan out. Kinda hard to summarize. Any words of advice?","Just wondering, SorG?","Even though we’re miles apart, we’re BFFLNMW.",My BF and I have known each other for years.,"Got feelings for ya straight homie, but unsure 'bout the future vibes... Ain't easy to sum it up. Got any tips? 🚀💭🌟🚀",0.48778806655690937,0.42155951261520386
" 25, male, out of dating game for 4-5 years, had hook ups, need advice on how to talk to women/break the ice",Let’s meet IRL next week.,"It was fun hanging out, CU later!","It’s been so long since we hung out, MU!","Yo, I've been off the scene for a minute, got some past hook ups, just tryna figure out how to vibe with girls again. Need tips on game!",0.5495444740119733,0.5727731585502625
 friends ditched on my 18th to get drunk after showing up 2 1/2 hours late and after staying for like 45 minutes. Happy bday to me right?,"TBH, I didn’t enjoy the party last night.",I'm so hyped for the weekend to flex with my squad.,I'm so hyped for the weekend to flex with my squad.,"Lmaoo, squad ghosted me on my bday, rolled in 2.5 hours late, stayed a min, and left me celebrating solo. Birthday vibes? More like not the mood. 😂😂",0.7507547405948269,0.5319803953170776
" got drunk, thought I had the day off today. Freaked out because a message from 2 days ago said 8am start.",I'm mad sleepy today ’cause I pulled an all-nighter last night.,I'm soooo exhausted today ’cause I was up all night last night 😴.,I'm dead tired today after pulling an all-nighter yesterday.,"Oopsie, was turnt last night and thought I had the day free. Got spooked when a message popped up from 2 days ago saying 8am start 😅😨.",0.6374576191657798,0.6931977868080139
" Dad's a jerk and has screwed me before, how do I prove my money is paying rent with no cheques?","Need legal advice? IAAL, happy to help.","He really made me mad, I just wanted to tell him FOAD.","I forgot my wallet at home, that’s an L.","Pop's a tool and tried me befo', how do I prove my cash covers rent w/o checks?",0.45997351647414,0.6152378916740417
 expected 6-12 miles at a sub 8 minute mile. Got <2 miles fraught with invisible demons and narrowly-evaded vomiting,"OTTOMH, I’d say it’s about five miles.","Oh, another road trip? BTDT.","ILBL8, traffic is terrible.","Expected 'bout 6-12 miles, y'know, smashing the pace. Ended up wit' less than 2 miles, tho. Filled w/ invisible demons and barely avoided barfin'.",0.7398960184192394,0.78727126121521
" I think art should belong to the original artists as long as they are alive. When they die, their work should be free (to use).",Looking at art galleries for some inspoo.,Her painting is a real WOA.,"You’ll always be FIMH, no matter what.","Art's OGs keep it tight while they're still with us, but when they kick the bucket, it's fair game (to cop).",0.38914332412946917,0.3350733518600464
" Living in a shared house, and there's a guy I would like to meet. Because I'm super shy, I can not engage in a convo with him. Please help me?",My B/F is meeting me later.,"I’m G4C, want to join?","We’ve been hanging out a lot, but it’s just a situationship.","I live w/ roommates, there's this dude I'm into but too shy to vibe w... any tips on how to start a convoy wit 'im?",0.5259648325370619,0.6087163686752319
 What is it normal to expect from a boyfriend in terms of a relationship/keeping in touch? (In an at least decent relationship),"We’ve been hanging out a lot, but it’s just a situationship.","Everyone’s cuffing this fall, it’s relationship season.","They’re not dating, just FWB.","What's a bae gotta do to keep ya happy in this relashun? Keep the vibes poppin', no cap.",0.34616050378024743,0.11060355603694916
 He's in an LTR that has fizzled. We have intense chemistry that recently surfaced but he is afraid/hesitant to leave gf. How should I proceed in this situation?,"We’ve been hanging out a lot, but it’s just a situationship.",We’ve been in an LD relationship for a year.,I think he’s benching me—he texts but never makes plans.,"He's stuck in a dead-end GF situation, but we got sparks flying. He's scared/iffy about leaving his girl, so what's the move now? 🚀💔💥",0.6279889095027691,0.6465595364570618
 Saw someone I loved from years ago quite randomly. Now I can't get them off my mind. Does anyone else ,"Haven’t seen you in a while, IMU.","Haven’t seen you in ages, MUSM!","Haven’t seen you in a while, MU!","Ran into an OG crush rn, can't stop thinking bout 'em. Anyone else?",0.3945397810592546,0.5120712518692017
" Freaking out about moving in with girlfriend, not sure what to do, I'm a clean freak, she's super messy, my family don't like her either.",I’m going out with my GF tonight.,"I told you to clean your room, 4COL!",Hanging out with my MM this weekend.,"Aight, I'm trippin' 'bout movin' in wit my GF, no idea what's good, I'm a clean queen, she's chaotic, my fam hates her too.",0.4292867588617134,0.35995855927467346
" Me and friend played soccer with an exercise ball inside the house. Friend full on kicks the ball, lands directly on a novelty small glass dragon my Step Dad has had since the beginning of time.",My DEGT loves playing soccer.,He yeeted the ball.,He yeeted the ball across the yard.,"Me n' dat ho went ham wit dat inflatable in da crib. Dat ho slides the ball, straight onto dat vintage lil glas dragon ma Step Dad's had since forever!",0.5665140639877055,0.44050735235214233
 College Kids. Awkward Situations. Funny Situations/Pranks. Improv. On Campus. Name and Video Ideas!,We’re having a PTO meeting at the school.,That prank had me FOMCL!,"The prank was so good, ROTFLUTS!",College KIDS 🎉 AWK Sauce 🥴 Funny Pranks 😂 Improv 🎭 On-Campus Capers 🏫 Name & Vid Ideaz 📹🔥✨,0.53544400801619,0.6830763816833496
 I was accused of slacking off on work when I was just trying to solve my debit card fraud issue and now I may get fired,"You’re fired! JK, I could never fire you.","Work was tough today, but ADAD.","I don’t know the law on this, IANAL.","I got accused for chilling at work, but tbh it was sortin' out my scammed debit card issue. Might lose the job tho 😬",0.7025742422675822,0.7126277089118958
" Ugly break-up left me feeling discouraged, inadequate, and scared. I need help. What can I do to get over her and move on?",Stop simping over her.,"Don’t worry, TTTT—it’ll get better.","Hope you’re doing well, TAUMUALU.","Ayy, I'm really going through it rn, feeling like a mess post-split. Any tips on how to bounce back and forget about her already? 🥺😨🙏🏼🤪😂",0.5844584207290427,0.5871993899345398
" kissed coworker in London six months ago, she's coming to visit and wants me to be her guide, should I still assume she is interested in me/how do I not fuck this up?","She’s breadcrumbing him, always texting but never wanting to meet.",She texted me LHSX after the party.,"I sent you a letter, SWAK.","She hitting up London, wanna be my tour gurl? 🔥 WYCM feeling tho? Navigate carefully, ya feel?",0.5255408334930187,0.44166338443756104
 A business in another state owes me money but going to court would be a waste of time/money. What options remain?,"Need legal advice? IAAL, happy to help.","INAL, but I think you should get legal advice.","I don’t know the law on this, IANAL.","A1: Debt collector vibes needed, IGNOM (ignoring them not advised). Other than that, try Mediators or small claims court maybe?",0.5774140048803055,0.4346064031124115
 Dating a girl for a month. Both going to grad school far apart. Am I stupid for (1) thinking about a long distance relationship and (2) not having sex with her?,We’ve been in an LD relationship for a year.,"We’ve been hanging out a lot, but it’s just a situationship.","She’s always late—kind of a pink flag, but not a dealbreaker.",Girl I'm only a bot but here's my Gen Z take on it:,0.12771231470593453,0.006117150187492371
 Want to cheer up a good friend of mine who's been down.  Is it OK to buy her a small thing of flowers?,"She’s my BFF, we tell each other everything.","Yo, I saw my homie at the mall today.","AMOF, I was planning to call you today.","Wanna cop some florals for my homie who's feeling low? Cool if I send 'em some boujee blooms, ya feel?",0.4700882198737929,0.49696314334869385
" Cut off contact with close (f)riend after getting rejected. 2 years later, I still keep thinking about her. How do I move on?",Stop simping over her.,"It happened a week ago, GOI already.","It’s been so long since we hung out, MU!",Still tryna hit that ex 2 yrs later smh... need a fresh start!,0.40142046984212876,0.30422598123550415
 Is my girlfriend done with me or could it be the stress? I allowed myself to get emotionally attached but a breakup seems inevitable how do I handle this like a man?,"She’s always late—kind of a pink flag, but not a dealbreaker.","We’ve been hanging out a lot, but it’s just a situationship.",I’m going out with my GF tonight.,"GF ghosting me or stressed-out situation? I fell hard, but breakup's on the horizon—how do I keep my cool like a boss?",0.5971465754707104,0.5848748683929443
" Stupid fucker will not come for his things or even talk to me about getting them, tired of being used for storage.",I'll ARC these old files.,"He really made me mad, I just wanted to tell him FOAD.",DYJHIW you lose your keys right when you need them?,"That jerk ain't showing up for his stuff and ignoring my calls, fed up of being his personal ARC.",0.3690431283946843,0.35027462244033813
" I have a little brother and sister, same age. I love them equally but am super overprotective of brother. I don't want him having a girlfriend, I don't know why.","They’re not dating, just FWB.","You’re the best, LYLAS!",I’m hanging out with my BIL this weekend.,"My lit lil siblings are the same age, and I love 'em both but beyonddd protect my bro. No girlfriend vibes allowed, no reason though.",0.6740579444946014,0.6278942823410034
" I really want to have an intimate relationship, but a controlling ex and 3 years of casual flings have left me emotionally reserved. how the hell do I open up?","We’ve been hanging out a lot, but it’s just a situationship.","Everyone’s cuffing this fall, it’s relationship season.","They’re not dating, just FWB.",Homie's tryna get serious but past drama's left him closed off. How tf do I loosen up though?,0.40565876382044475,0.4789075553417206
 My fiance is a narcoleptic and I need to know how to cope and help him through it. He does not have insurance and doctors are not possible for the time being.,"I’m so mad at him, he can BIH.","INAL, but I think you should get legal advice.","IAAD, let me know if you need any medical advice.","Bae got narco vibes, any tips on handling that? Insurance issues + docs are on pause rn.",0.5300672504215029,0.5061178803443909
 I think my mom might be an alcoholic because she has to drink every single night but I'm not sure if I'm just overreacting.,"Had too many beers last night, you know how it is, BIBO!","She’s always late—kind of a pink flag, but not a dealbreaker.","He’s always calling his mom for advice, such an MB.","Mom's probably got a drinking problem, but I might be trippin'.",0.5061158703800053,0.6244201064109802
" On the verge of dating a guy, but he doesn't think things would change because we're sort of long-distant. Would they?",We’ve been in an LD relationship for a year.,"We’ve been hanging out a lot, but it’s just a situationship.","They’re not dating, just FWB.","About to date a dude, but he thinks distance won't make it official. WYD? (What you doing?)",0.5066974470985233,0.5424807667732239
" Me and GF been going out for 2 years, she is texting another boy, nearly kissed him, says she has fallen out of love with me. Need to rekindle the flame.","She texted me, IWSN!",She texted me LHSX after the party.,I’m going out with my GF tonight.,"My GF ghosted me for a minute, hooking up with another dude, saying she ain't feelin' it anymore. Gotta bring back the spark.",0.4785106438018608,0.45840632915496826
" told my bestfriend that i have feelings for her says she doesnt want to risk losing our friendship, what do i do.","She’s my BFF, we tell each other everything.",We’ve been BFFL since high school.,"Even though we’re miles apart, we’re BFFLNMW.","AY, my BFF spilled I got feels, but she's not down cuz she don't wanna lose our vibe. So now I'm stuck, what's good?",0.4534559550790575,0.3528952896595001
" Girl I'm dating has only asked me 2 questions on 2 dates and seems a bit uptight, how do I make her relax?",Stop simping over her.,I’m going out with my GF tonight.,She jokingly said TDTM during the chat.,"My GF is chillin' too hard, gotta loosen her up. Need some vibes, yknow? Let's bring the energy and crack some jokes, maybe we can get her to loosen up.",0.6410459715903961,0.5618703365325928
 Girlfriend told me she wants to move on after a decade or so to avoid one of us having to die on the other. Is this common?,"She’s always late—kind of a pink flag, but not a dealbreaker.","We’ve been hanging out a lot, but it’s just a situationship.",We’ve been in an LD relationship for a year.,"GF said she needs to flex and leave me after a sec-decade, so I'm wondering if it happens often—is that a thing?",0.4771751979381424,0.5942395925521851
" Don't ""accidentally"" drop or push devices off your bed (it may get back at you may not like it)","That’s personal, MYO!","I’m home alone, NIFOC right now.","Take an umbrella, JIC it rains.","Def def don't be messin' with tech on the bed, JIC it slides n falls (might come back to haunt ya, ain't no fun!)",0.5519888254909304,0.5499610304832458
 I think I'm in love with both my boyfriend and my best guy friend and I'm too confused about what to do...,"We’ve been hanging out a lot, but it’s just a situationship.","She’s my BFF, we tell each other everything.",We’ve been BFFL since high school.,I'm so shook over both my boo and my BFF (best friend forever) cause I'm stuck between 'em. 🤯🤷‍♀️,0.4181964161323378,0.3931795358657837
 got a contempt of court charge for traffic tickets. Went to jail for 10 days and subsequently lost my job because of it. My dream job at that.,Got to get back to RW responsibilities.,"Work was brutal today, ADIH.","That traffic was awful, IFYP.","Got a COC charge for too many tix, did 10 days in the clink, lost my lit dream gig because of it. OOF!",0.31552365141562144,0.298637330532074
" Semi-estranged boyfriend left phone at my house, I called his friend and father from this phone under very normal circumstances.  He's pissed, esp. because father didn't know we were seeing each other again.","I texted him last night, but I got NR.","Things got heated last night, total UDS.","He ghosted me months ago, and now he’s zombie-ing by texting me again.","Yo, ex bae accidentally left his phone at my crib, so I hollered his homie and pops on it, all chill-like. Now he's mad, especially 'cause dad had no clue we were back together secretly.",0.8280192529395676,0.6588085889816284
 Boyfriend hasn't said I love you and seems unemotional with words. I need to help trying to break his shell still.,"He keeps telling me I’m overreacting, but I think he’s gaslighting me.","I texted him last night, but I got NR.","I couldn’t believe what he was saying, STFU!","Bf ain't dropping ""I love you,"" seems cold AF, gotta figure out how to crack that ice heart.",0.5684074561351554,0.5550974607467651
" Family screwed me out of a company I helped build, now I am living at my mother-in-law's house with no job, no money, and little prospect of success.  Fuck.","Work was brutal today, ADIH.",Got to get back to RW responsibilities.,"Work was tough today, but ADAD.","Fam dumped me hard, living at the in-laws with no gig, no cash, and barely any hope. AWFH.",0.40405729132345836,0.4757046103477478
" Guys stopped talking all the sudden, I knew it's going to be over but i need closure. don't know what to do.","He ghosted me months ago, and now he’s zombie-ing by texting me again.","It was fun hanging out, CU later!","It’s been so long since we hung out, MU!","They ghosted me outta nowhere, now I'm stuck tryna get some closure, dunno what's the move.",0.4355377370796045,0.4555630087852478
" Girl I've been talking to had a formal and went with someone else. I couldn't have gone anyway and she still shows interest in many ways, but this makes me jealous.",My G/F is meeting me after work.,She texted me LHSX after the party.,I gave her a KOC when we said goodbye.,"G, the one I was chat-flirting with hit up a fancy shindig with another dude. Turns out, I couldn't've showed up anyways. But she's still sliding in my DMs and it's got me green with envy.",0.6128575142648411,0.4777925908565521
" I'd love to know what you guys think about the two schools, their pros and cons, and which would be the better fit for me. Thanks in advance!",What’s the best option? UTM.,"JMO, but I think the first movie was better.",We’re having a PTO meeting at the school.,"Wanna hear y'all thoughts on these two schools? Pros & cons, plus which one's the best fit for me. No problem, thanks in advance! (In a shorter version: Need opinions on 2 schools, pros/cons, and best fit. No worries, thx!)",0.8482111778285695,0.9484999179840088
" Question to redditors who may have had similar experiences, how long does this phase stay for? Sometimes I feel like I will end up alone because I wont be able to truly like someone like I did before. Is this fear rational?","After that drama, I’ve got a new RTBS.","Everyone’s cuffing this fall, it’s relationship season.","I’m not looking for anything serious, just NSA.","Yo, what's good Reddit fam? Ever been in the single AF zone and wondering when it'll end? Feeling like you might never find that one person again? Is this FOMO real? Let's hear some thoughts from those who've been there. 😎💭💕🙅‍♂️🙅‍♀️",0.5636108253471078,0.3515983819961548
" I made a worker sort through Hallmark-like cards that make dark humor jokes about cancer for about three hours for inventory. The worker's mom was just diagnosed with cancer, which I didn't know.",I tried making a joke but it was MUAH.,I prefer RYO cigarettes.,"She told a funny story, I had to G.","I had a jobbie go through some morbid AF humor cards for like 3 hours straight, turns out his ma just got diagnosed with the C. Oopsie daisies.",0.6824150171306325,0.6169075965881348
 1: Succumb to by desires and go out with Alyssa whilst totally disrespecting Caleb 2: Totally blow Alyssa off or 3: Say I'm gay,She's so extra with her drama.,She's throwing shade at her ex.,She's so extra with her drama.,1: Hit up Alyssa while disrespectin' Caleb,0.4680170998844083,0.7698292136192322
" Friend (girl) have become really close, show text book signs of interest yet she still gives signs of restraint. How to transition from friends to dating etc.","She’s breadcrumbing him, always texting but never wanting to meet.",Stop simping over her.,"She’s always late—kind of a pink flag, but not a dealbreaker.","She's flirting heavy but playing it cool, how to turn that into a thirst trap relationship?",0.4138753774093459,0.3845374584197998
" Dating childhood friend on and off, but backed out of tonight's date due to lack of sleep last night. Is it bs?","She’s always late—kind of a pink flag, but not a dealbreaker.","We’ve been hanging out a lot, but it’s just a situationship.","They’re not dating, just FWB.","He's on-again, off-again with the 'hood homie, but bailed on the hang sesh 'cause he was tired AF last night. Is he playing me though?",0.4680946725227165,0.4375743865966797
" Hateful, grudge-holding mom asking bio father to pay 5-9x more child support per mo for 6 yr old child he's 3x in which child knows not his real father*","Sending love to all the dads, H-FDAY!","He’s always calling his mom for advice, such an MB.",Keanu Reeves is my dad.,Bio dad on the block tryna dodge child support like... 💸💰👀😅🤦‍♂️🔥🔥🔥,0.4781250329559199,0.6238400936126709
" Boyfriend fucked me over after two years even though I gave everything, including my virginity. How am I supposed to deal with this? How do you date?","We’ve been hanging out a lot, but it’s just a situationship.","He really made me mad, I just wanted to tell him FOAD.",We’ve been in an LD relationship for a year.,"Ex: He dumped me after 2 years, even tho I put all in, including losing my V-card. Wtf now? How do u even date again?",0.47581887864340044,0.5084244608879089
" this argument with my family was so dumb, I ended it with the definition of crap. should I even bother with them anymore?","If they didn’t like my joke, FEITCTAJ.","I know you’re mad, but GR&D!","You’re being ridiculous, BIOYN.","Aye, that fam squabble was TRASH af, I shut 'em down with the dictionary definition of ""BS"". Should I even keep trippin' with 'em tho? 🤔💭",0.4868954922023572,0.4474751949310303
" My close friend has developed a crush on my gf. I don't suspect cheating and never would, but it makes me uncomfortable and I don't know what to do about it.","She’s my BFF, we tell each other everything.",My BF and I have known each other for years.,"She’s always late—kind of a pink flag, but not a dealbreaker.","My homie got feelings for my gurl, ain't no cheating vibes but it's awkward AF, not sure how to handle it.",0.5437998677554883,0.5612839460372925
" our landlord is seemingly of unsound mind, and is trying to make us pay for expensive repairs that are normal wear and tear. ","INAL, but I think you should get legal advice.","I’m so mad at him, he can BIH.",Dealing with this paperwork is such a PITA.,"Our landlord's acting weird, tryna hit us with bills for regular wear and tear BS.",0.5469235347743839,0.7060354351997375
" Gf of one year dumps me, she's THAT girl for me and I can't deal with the grief. Is there anything I can do?",Stop simping over her.,"She’s always late—kind of a pink flag, but not a dealbreaker.",I’m going out with my GF tonight.,"My GF dumped me after a year—she was my vibe, and this is straight-up heartbreaking. Got any tips on how to cope?",0.6038170660796918,0.6813183426856995
" Manager is hurting our workforce, need to confront her, possibly try to advance/get a raise for working above my pay grade.","That woman asked to speak to the manager, total Karen move.",She's such a Karen.,"Quiet, B9!","Manager's trippin' out the team, gotta spill the tea and maybe step up my game for some extra cash.",0.38117026411760546,0.31912723183631897
 My sister-in-law is going to be living with me for a few months. I am very introverted and crap and conversing & maintaining relationships and don't know what to do.,Hanging out with my MM this weekend.,I’m spending the weekend with my SIS.,I’m hanging out with my BIL this weekend.,"My SIL is crashing at my place for a sec, but I'm a total vibe killer when it comes to social stuff. Got any tips for keeping the peace? 🤔🙈",0.3291529284950108,0.2704942226409912
" Dating this guy that I'm kind of lukewarm about (and vice versa), don't know if it's worth it to keep seeing him since I'm moving in a few months.",We’ve been in an LD relationship for a year.,"We’ve been hanging out a lot, but it’s just a situationship.",I think I have a BCO that new guy.,"I'm kinda meh 'bout this dude (and he's not feeling it either), thinking maybe it ain't worth it to keep vibing with him since I gotta move soon.",0.5987654480247286,0.6435142755508423
" Sent SO a gift basket, was overly excited for his birthday. He never talks about mine and has made it clear that he wont be sending me anything.","Wishing you all the best, H-BDAY!",I left a GIC for the baby shower.,My DW planned a surprise for my birthday.,"Sent that dude a swag box, he was hyped af for his b-day. Dude's always avoiding mentioning mine and made it clear he ain't gon' send shit.",0.5291001702609814,0.5318845510482788
" childhood crush is moving away for long time, need help on whether to confess my feelings for her after many years of friendship or leave it as be in hopes of her reaching out to me down the road.","Even though we’re miles apart, we’re BFFLNMW.",We’ve been in an LD relationship for a year.,My BF and I have known each other for years.,"My OG crush is moving far, got thoughts on spilling feelings now or chilling and waiting if she hits me up later?",0.5189397344959079,0.5669653415679932
" I made a homemade fleshlight, used it, threw it in a drawer, grandma finds it and tells me it's ok to have sex and that condoms are supposed to be thrown out when they are used.",I left a GIC for the baby shower.,I prefer RYO cigarettes.,"We stayed out late, KPC!","I whipped up a DIY toy, used it, stashed it in the drawer, then granny found it, said it's cool to get frisky, and that wrapping up means tossing it post-use.",0.5998833227355724,0.5903483629226685
 care about gf a lot but am no longer in love with her and feel the need to end the relationship. Please help,Stop simping over her.,"She’s always late—kind of a pink flag, but not a dealbreaker.",I’m going out with my GF tonight.,"I gotta end it w my GF, she's cool but I ain't feeling the love anymore. Help!",0.5416799405605179,0.723249077796936
 girl with a violent baby daddy is being forced to go to court for child support but wants to continue no contact between him and the child.,"I don’t know the law on this, IANAL.","Need legal advice? IAAL, happy to help.","INAL, but I think you should get legal advice.","GF w/ abusive BD is court-bound for CS, wants NC, but he's tryna push for visitation. AVOID HIM, sis! 🚫👶🏃‍♂️",0.5021024744266288,0.4224874973297119
" He says he's realised what he needs to be/do for me, but most recently he hasn't and made me feel the worst I ever had in my life. I don't know what to think, should I stay?","He keeps telling me I’m overreacting, but I think he’s gaslighting me.","We’ve been hanging out a lot, but it’s just a situationship.",I think he’s benching me—he texts but never makes plans.,"He said he got his act together for me, but lately he ain't been and left me feeling like crap I've ever felt. Idk if I should stick around or GTFO.",0.5412595669978874,0.500801682472229
" Haven't ever got to experience a same sex sexual encounter and feel like I'm missing out, but in a serious relationship with a man that I love to death. Help?!","We’ve been hanging out a lot, but it’s just a situationship.","Stop messing around, get your HUYA and focus!","Everyone’s cuffing this fall, it’s relationship season.","I ain't had my LGBTQ+ moments yet, but I'm deep in the feels for this guy. How do I explore while staying loyal? 😜👀💔",0.4379350022926225,0.5988616943359375
 21 year old only taking one class in college. no job. no motivation to workout. has too much free time during the day. has a car but can't afford extra gas money to drive to a volunteering place/gym.,I'm lowkey exhausted today and vibing in chill mode.,I'm lowkey exhausted today and vibing in chill mode.,"All you do is play video games, GAL!","Homie ain't got no grind going on, just chillin' with that one class in college, jobless, and zero workout motivation. Got all that time but no dough for gas or volunteering spots/gym trips. #GasMoneyProblems",0.7805274640754318,0.5638250112533569
" I witnessed an awful car accident, stayed with the victim until the paramedics arrived, but he ended up dying. I'm having issues dealing with it.",That accident was really UN4TUN8.,"Had a minor ACDNT on the way home, but I’m okay.","INAL, but I think you should get legal advice.","Saw a HECKA gruesome crash, stayed wit 'em til the medics came, but they couldn't save him. Struggling to cope wit it rn.",0.5878271262401359,0.5939368009567261
" seemed to have lost the magic with texting crush from saturday to sunday. shoud I just go for it and tell her I like her/ask her out, disregarding everything?","She texted me, IWSN!",She texted me LHSX after the party.,"I'm so hyped for the weekend, can't wait to turn up!","Yo, I've been vibing less with Sat-Sun crush... should I just spill the beans and tell 'er I got feelings or smthn? 💔🤷🏽‍♂️🔥",0.49591626255796223,0.43781590461730957
" 5 of my moms cats died, and I told her it was a CAT-astrophe, and that it was a CAT-aclysmic event. Now she won't talk to me.",I SPTO her about the event.,That cat video made me LOL!,"We were talking for weeks, and then she just ghosted me.","My mom's 5 kitties passed away, and I told her it was a full-on CATASTROPHE, an epic CATA-CLYSM. Now she's ignoring me.",0.7239236969531738,0.7276257872581482
" Saw this beautiful girl (who didn't see me) while I was visiting another city, is there anything to be done?",She’s a GRL I met online.,"We were talking for weeks, and then she just ghosted me.","She's absolutely stunning, a real BUBU.",Spotted a GORGEOUS gal (who didn't catch my vibe) while I was in another city. Is there any way to slide into her DMs? 😏,0.5779483470229891,0.6018800735473633
" After being broken up for almost 4 years, I've come to the startling realization that I might still be in love with my ex-fiance.",We’ve been in an LD relationship for a year.,"We’ve been hanging out a lot, but it’s just a situationship.","It’s been so long since we hung out, MU!",I still got feelings for my ex-Fiancé after we broke up 4 years ago. (Breakup = Broken up),0.5382862465038194,0.7995641827583313
" What do we do after an accident with minor injuries?  The other driver apparently was at fault, but we have no police record that indicates that or what actually happened.",That accident was really UN4TUN8.,"Had a minor ACDNT on the way home, but I’m okay.",That SOAB cut me off in traffic!,"That accident wit da mini bruises tho, who even drives like dat? Apparently it ain't my fault, but I gotta find a way to prove it since there's no paperwork.",0.7505674888057392,0.6701100468635559
 A guy I've been dating for about two weeks said I love you to me. Is it okay to be freaked out about it or is it normal for guys to move that fast?,"We’ve been hanging out a lot, but it’s just a situationship.",Why’s he acting so sus all of a sudden?,We’ve been in an LD relationship for a year.,"Homie I've been chillin' with this person for like 2 weeks and they dropped the ""I love you"" bomb on me. Is it cool to be spazzing out or is it usual for dudes to rush things like that?",0.7280592498191506,0.597392737865448
" Had surgery, asked mom to help me the way she did when I was a kid, brought up what happened days later, onions.","Oof, that must have hurt.","Had a minor ACDNT on the way home, but I’m okay.","PIR, can’t talk about that right now.","Oh no, had surgery, had to hit up mom for some old-school care, spilled the tea a few days back, major feels.",0.571258917739847,0.5885012149810791
" Booked time off work, rang in sick before it started, upon completing my Return to Work form I was informed by my manager that I won't get any pay for my time off.",I’m using some PTO to take a vacation.,I'm super exhausted today but I gotta hit up work.,The pay raise will be RTRCTV to last month.,"Ate a sick day without even calling in, filled out my RTW form only to find out my boss ain't gon' pay me for my OOO 💔",0.5264672244849957,0.5266186594963074
 rude old timer skips 20 seated people on a bus to ask me to move for him. fuck him and people like him,"He cut me off in traffic, WAJ!",That SOAB cut me off in traffic!,"He was being so rude, so I gave him the MLM.","OG crashed the line, skipping 20 ppl just cuz he wanted my seat. Can't stand ppl like that! 🤬👴🏻",0.3956741357526621,0.3758358061313629
 I'm moving out of my hometown for college studies to a city two hours away. I am afraid that this might destroy my fresh relationship with my girlfriend. What should I do?,We’ve been in an LD relationship for a year.,I’m going out with my GF tonight.,"Even though we’re miles apart, we’re BFFLNMW.","I'm GTG (leaving) my hood for uni in a town that's 2 hours away, and I'm scared it'll ruin my YTB (new) relationship w my GF. Wazzup to do abt it?",0.6117399330779787,0.58636075258255
" My date/friend likes to put me on a pedestal a lot, and it makes me feel inadequate and annoyed because I'd prefer to talk about koalas vs sloths.","Everyone’s cuffing this fall, it’s relationship season.",You like pizza? I’m with it.,I prefer JOMO to FOMO.,"He constantly thirsting over me, but tbh, let's vibe on koalas vs sloths instead.",0.507874952458939,0.6279382705688477
" beat off before dinner in Utah, woman tried my iPad, opened up safari and interracial sex was displayed loud and vividly at the super conservative bar.","She told a funny story, I had to G.",Look at that THOT at the party.,He’s a DWM looking for a new start.,"He got handsy in Utah before dinner, lady touched my pad, popped up Safari and an X-rated interracial vid went off at that ultra-conservative watering hole.",0.6355765107761129,0.6063330769538879
" Gf was not a virgin, I was, I lost mine. She didn't. Is it okay to feel sad? Her ex causes problems because of it, and I get mental images. Any Advice?","Feeling stressed? THT, it’ll get better.","Hope you’re doing well, TAUMUALU.","We were talking for weeks, and then she just ghosted me.","Lost my V-card, she didn't. Feels rough, but it is? Ex causing drama b/c of it, and there are some nasty flashbacks. Any tips?",0.478155668339901,0.4576963782310486
 In January my best friend ghosted me. Two months ago she told me to keep giving her space. What should I do now?,"She’s my BFF, we tell each other everything.","We were talking for weeks, and then she just ghosted me.","She’s my FBB, we met through a group.",My BFF went MIA in Jan. She said chill back then for 2 months. Now what tho?,0.4029048355167262,0.47339969873428345
 Momzilla and pack of Rapters scream at a tired employee that can be as sweet as a pile of stepped on lollipops.,OH at the coffee shop: ‘I can’t believe they canceled the meeting!’,That prank had me FOMCL!,"Work was brutal today, ADIH.","Momzilla n Raptors go off on a drained employee, vibe as sweet as stomped popsicles!",0.5699779997241794,0.6690418720245361
" Haven't talked to mother in 3 years, getting married soon.I want to open up communication so I can give her the chance to be there, but don't know what I should say/do.","Can’t talk right now, 9.","Can’t talk about it now, PRW.",Wishing all the moms out there an H-MDAY!,"Ain't chatted with momma for 3 years, 'boutta get hitched soon. Trying to mend things so she can come to the big day, but got no clue how/what to say/do.",0.642515252088906,0.7033130526542664
" Shy inexperienced Asian guy met a non-Asian girl at college, have a crush on her but don't know what to do.","He’s AZN, right?",She’s a GRL I met online.,"He’s such a WEEBO, always watching anime.","He's a timid AZN collegiate got feels for that NAWM outside his race, stuck in the friend zone vibes.",0.3793930362218635,0.17706862092018127
 Gf wants me with her for summer doing a shitty (alas well-paid) job rather than do an internship.,"She’s always late—kind of a pink flag, but not a dealbreaker.",She's living the boujee life.,My G/F is meeting me after work.,GF tryna vibe with me for the summer on some lowkey (but well-paid) crap job instead of doin' an internship.,0.6816241647067822,0.8369325399398804
" I'm a dumbass who locked myself out of the hotel I work in, at 3am, in -6 degree weather. Not one of my brighter moments.","It's mad hot out today, so I’m just chillin' inside.","It's mad hot out today, so I’m just chillin' inside.",KEYME once you arrive at the hotel.,"LMAO I locked myself outta my work hotel at 3am in freezin' cold weather, not one of my smarter moves. #oopsie",0.6619367997401969,0.7421561479568481
 My boyfriend of over 2 years has been in contact with his. I found emails from the two of them and don't know how to confront the situation.,"I texted him last night, but I got NR.",I think he’s benching me—he texts but never makes plans.,"She’s breadcrumbing him, always texting but never wanting to meet.","My bf of 2 yrs been talking to his chick, found some emails and ain't sure how to handle it. 💔",0.5604935402355036,0.7054746150970459
" get in argument with wife via text while she was out of town for easter. She said it was over, got back and now she's acting as of it never happened and she doesn't want to end it now.",Stop simping over her.,"She’s always late—kind of a pink flag, but not a dealbreaker.",She's living rent-free in my mind.,"Got in a digital beef with the wife over Easter texts, thought it was donezo, but now she's pretending like nothing happened and ain't trying to split up again.",0.5456124204017448,0.5926098823547363
" Hanging with guy who has had 9 one night stands, dont agree with this at all, and wants to break things off because of this, but how...''",I think he’s benching me—he texts but never makes plans.,We should meet up IRL sometime.,I’m DN to hang out later.,"Homie's a serial swiper, ain't cool with it, but WTF do I do now?",0.24402715575331796,0.26644766330718994
" girl i'm with, super sweet, nice, cheesy, asked to be exclusive, but when completely wasted said she didn't wanna be w me, but then in 5-10 min goes back to her normal sweet self.","She texted me, IWSN!",She texted me LHSX after the party.,Are you bringing a MOOS to the party?,"GF acting weird AF, then drunk AF, then back to sweet AF... weird right? 😅 (Note: AF stands for ""as f*ck"" and is used as an intensifier)",0.5229669462198036,0.4642164409160614
" According to alabama law, is there any legal action of person can take against another person for performing a background check without their permission?","I don’t know the law on this, IANAL.","INAL, but I think you should get legal advice.","MDIAC, so I know a lot about law enforcement.","AINAL, but if someone runs a BCWOYP without consent, they might be in hot water re: AL law.",0.4347782986976433,0.3709416389465332
" Met crush, have a bf, great connection, is now really confused. Should I just wait these feelings out?","Feeling stressed? THT, it’ll get better.","We’ve been hanging out a lot, but it’s just a situationship.","Before making a decision, think WWJD.","Got that gurl, got a boo, vibes are lit, but now in a pickle. Shld jus chill 'bout the feels?",0.40534971683309345,0.256682813167572
 Wife accidentally spring loaded my pocket with our daughter's super pink underwear and it surprised me (and everyone else) at the self-checkout line in the grocery store. So much embarrassment.,That prank had me FOMCL!,"The prank was so good, ROTFLUTS!",That prank had me LMFAO!,GF accidentally sprung my pockets with our kid's neon undies at the self-checkout! Embarrassing AF! 😂😅🙈,0.673140272787073,0.792263925075531
 partner of five years emotionally wonderful and very supportive but terrible in bed; contemplating leaving him for married man who is good at sex. What should I do? ,I’m going out with my SO tonight.,"Before making a decision, think WWJD.","I'm mad drained today and just wanna click 'snooze' on life, fr.","I'm debatin' whether to stay with my long-term boo who's got a soft spot but lacks skills or switch it up with the married dude that knows his way around, fr. What say you, internet?",0.5181405592162853,0.42686283588409424
 We're too busy/tired once we get the chance to hang out to have a quality conversation with each other. What are some activities that will facilitate a good long talk?,"We’ve been chatting for weeks, LMIRL sometime?",We’ve been in an LD relationship for a year.,"Long time no chat, WUP?","Aye, we always end up vibing too hard when we finally hang, struggle to keep the conv going. Any fun activities that'll force us to chill and chat? 🤔🔥💬",0.6224427867133862,0.6354672908782959
 My therapist of eight years who has pushed me to succeed academically and socially in spite of my dysfunctional family no longer accepts my insurance.  Haven't seen her in months.  I'm now doing poorly both socially and academically.,"INAL, but I think you should get legal advice.","Thanks for your help, GBU.",Got to get back to RW responsibilities.,"Aye, my OG therapist that helped me thrive despite the drama at home can't take my insurance anymore. Haven't linked up in ages. Struggling hard with social life and academics now.",0.6761795278236147,0.715239942073822
 I like this girl. She knows. She doesn't like me back. She is introverted but I may have figured out a good date if she ever said yes to one. She means a lot to me.,She’s a GRL I met online.,She texted me LHSX after the party.,She jokingly said TDTM during the chat.,"She digs me, but it's clear she ain't feelin' the same. She's low-key, but I got a solid idea for a date if she ever agrees. She's a big deal to me. (I like this girl. She knows. She doesn't like me back. She is introverted but I may have figured out a good date if she ever said yes to one. She means a lot to me.)",0.8319161360118528,0.7774056792259216
 My self conscious GF was mentally abused by an Ex and I'm looking for some advice on the best course of action I can provide as her BF.,Stop simping over her.,She's living rent-free in my mind.,She's throwing shade at her ex.,"My boo is battling some serious baggage from an ex and needs my help to sort it out. Got any ideas, fam? 😅",0.5186048547977226,0.4554922580718994
" Moved out of ex-fiance's house and I want to go running back, but I know things won't get better if I do. What do I do?",I’ll check with MGMT before making a decision.,"ILBL8, traffic is terrible.","I need to heal, my HP is low.","Aye, I split ways with my ex-fiancé's spot, but I'm thinkin' 'bout slide back in. But I know it ain't gonna work out if I do. WTF should I do now? 🤔",0.5208503457813052,0.48768407106399536
 Think I've found evidence of my wife striking up a relationship with co-worker.  Not sure what to do.,My G/F is meeting me after work.,"That woman asked to speak to the manager, total Karen move.",Look at that THOT at the party.,"My wife might be vibing with her work buddy hard, idk wtf to do abt it.",0.4011858874658468,0.49766263365745544
" quirky writing style (compared to the ""average"" book), new female teacher at a run down school, written around 1960ish?",She’s doing great as an NQT!,"She’s such a pick me girl, always saying she’s not like other girls.",She really had a glow up since high school.,"Quirky af lit (compared to most books), NQT at a ghetto school vibes, '60s throwback book.",0.6292667228759491,0.5383118391036987
" female friend was keen on me and took advantage of me drunk and high, spent 3 hours awkwardly not talking in the car",Are you bringing a MOOS to the party?,She had to swerve that awkward conversation.,"It was fun hanging out, CU later!","My homegirl got too extra when I was lit and wasted, left me in the whip for 3 hours in an awkward silence.",0.4519679504253197,0.405320942401886
" Classic girl (me 24F) is ready before boy (M23) to get married, advice on how to cope would be appreciated.","I’m not looking for anything serious, just NSA.",She texted me LHSX after the party.,"If you want it done right, just DIY.","GF tryna tie the knot before BF, any tips on coping would help 🚀💍💪",0.350952375050727,0.48029810190200806
" If you had a free year, what would you read in a library to start a lucrative/fulfilling new career based on what you've read?",ITT: People share their favorite books.,Please send me the document AYEC.,Living the boujee life.,What would y'all grind on in the lib if ya got a free year for a lit career switch-up?,0.47775800175283756,0.5400035381317139
" met foreign guy online with no plans of moving to my country, but I'm hoping for something serious with him. Any chance of that?",I met someone through OLL!,"He’s from Europe, total 4NR.",He’s a DWM looking for a new start.,"He's an OLL European guy with no plans to come to my turf, but I'm tryna make this serious. Got a shot though? 🎉👀🔥",0.4709348300487381,0.5817588567733765
" How can I let a guy know I want exclusivity before sex without being demanding or putting pressure on him to ""commit""?",He's so thirsty for likes.,I think he’s benching me—he texts but never makes plans.,"We’ve been hanging out a lot, but it’s just a situationship.",How can I vibe monogamy without seeming clingy or forcing him into a relationship?,0.43528552522619673,0.48275941610336304
 Im a little bitch and i just now after 1 whole year realised i dont like dental technique but i dont want to quit to dissapoint my parents.,"SOL, you’ll get used to it.","I took on too many projects, IOMH.","PIR, can’t talk about that right now.","AYO, I'm whack for dentistry and only JUST REALIZED it ain't my vibe after a year, but IDGAF 'bout disappointing the rents.",0.5502010683769004,0.5186846852302551
" long distance, healthy, loving relationship, would never cheat, but can't stop fantasizing about one of my good friends here",We’ve been in an LD relationship for a year.,"We’ve been hanging out a lot, but it’s just a situationship.","Even though we’re miles apart, we’re BFFLNMW.","LD vibes, strong af, shipping hard for a homie friend. 💔🙏🏼👀",0.2519886018579356,0.17156723141670227
 I am a physical therapist. Elderly patient doesn't want me to do therapy on her. Her family need me to do it for her. What do I do?,"Praying for you, YSIC.",Going to visit my OL this weekend.,SWMBO says I need to mow the lawn.,AITF (Am I the fun police)? My OG won't let me PT (physical therapy) herself. Her fam wants me to help. WYD (What you do)?,0.512577152483351,0.5819410085678101
 Saw a guy at a party for the second time and hit it off again and I want to know how to take things further.,He showed up to the party looking like a whole snack.,He looked at me with a BEG after pulling the prank.,He was wildin' at the party.,"Met this dude twice at a party vibin', wanna level up our connection, any tips?",0.44209369736365,0.5517774224281311
 Me and my girlfriend have been together for a year and a half and things aren't the same. I want to try other thing and am I being selfish for thinking this?,"We’ve been hanging out a lot, but it’s just a situationship.",We’ve been in an LD relationship for a year.,"She’s always late—kind of a pink flag, but not a dealbreaker.","Yo, me and bae hit that one-and-a-half mark, but sh*t ain't the same. Thinking 'bout exploring other options, but is it messed up if I'm just looking out for myself?",0.4345767999950208,0.3428378105163574
 I wish he could just show me that he value my opinion some more.  I feel belittled with his urge to disagree all the time..,"He doesn’t care what anyone thinks, he’s so based.","His argument was SSINF, I couldn’t even respond.","He keeps telling me I’m overreacting, but I think he’s gaslighting me.","He needs to step up and respect my op, I'm feeling disrespected 'cause he always gotta argue every point.",0.5261315661289024,0.5536481738090515
" Ex texted me about this pity party she was having for herself, and I'm wondering why. It doesn't make sense to me.",She's throwing shade at her ex.,"She’s always late—kind of a pink flag, but not a dealbreaker.","She texted me, IWSN!","She hit me up bout her sad-boi vibes, and I'm tryna figure out wtf. Don't really get it.",0.4237048493858189,0.4595980644226074
 my boyfriend didn't make plans for my birthday and asked me what he should get because he couldn't remember what it was that I wanted. ,My DW planned a surprise for my birthday.,My BOYF is meeting me for dinner.,I left a GIC for the baby shower.,My BOYF forgot 'bout mah bday plans n asked wtf he shld cop cause he brain-farted abt da wishlist.,0.5444913010352866,0.5072651505470276
" met girl online three months ago, have yet to physically meet her, but I think I am falling in love with her, but scared she will run if I tell her.",She’s a GRL I met online.,She texted me LHSX after the party.,I met someone through OLL!,"I've been chatting up a GRL on OLL for 3 months now, never met IRL but I think I'm feeling the YDK (YOU KNOW), but I'm scared she'll bounce if I spill it.",0.48598834381044076,0.3902592360973358
" On and off with girlfriend for over a year and a half, things like jealousy and insecurity got in the way even though it was a fantastic relationship, feel like I still want to be with her.","She’s always late—kind of a pink flag, but not a dealbreaker.","We’ve been hanging out a lot, but it’s just a situationship.",Stop simping over her.,"Still hooking up on-off for over a year, drama about envy and self-doubt ruined what was lit af, but I still wanna be with her.",0.582168361074046,0.638020932674408
" I got the same haircut as the guy that got the girl to win the girl over. she found out, she laughed, I cried. Fin.",He was EWG me about my new haircut.,"Yo, your new drip slaps!","Yo, saw your new do today, and it’s mad sick!","Ayy, I copped the same 'do as the dude who stole the girl, laughs ensued when she found out, tears flowed, end scene.",0.5367595459285535,0.5472033023834229
" How do I (legally, obviously) rid myself of this auto loan? Trade in, private sale, trade to friend?",I’m putting my old car 4SALE.,"Need legal advice? IAAL, happy to help.","Sheesh, that’s a lot of money!","Wanna get rid of dis car loan? Should I trade it, sell privately, or give it to a mate? 🤔🤷‍♂️🚗💰💸🔥",0.4964453899959448,0.6881816387176514
 I'm not feeling as close to better as the doctor and nurses made it seem like I would by now. How long did it take you to feel better after the surgery?,"Sending you O, hope you feel better soon!","Oof, that must have hurt.","I'm deadass drained after this whole day, no cap.","Aye, I ain't healin' up as fast as docs said I would. How long did it take U to be back on ya A-game post-surgery?",0.5433433519836277,0.6988750696182251
 I asked a girl out successfully and I regretted it almost immediately. How do I break up with her without being a huge asshole?,Stop simping over her.,I gave her a KOC when we said goodbye.,I’m going out with my GF tonight.,"Yo, I slid in, got her say yes, then instantly had second thoughts. How do I ghost her without looking like a dickhead?",0.46997026607930825,0.3582230806350708
 I hooked up with someone else and don't know whether I should break up with him and spare his feelings or come clean?,"We’ve been hanging out a lot, but it’s just a situationship.",I only see him AAF.,"It’s been so long since we hung out, MU!",Should I ghost him or spill the tea?,0.31232839092158216,0.3476484715938568
 I like a girl and like to talk with her. She don't like me back but answers my messages. What should I do?,"She’s breadcrumbing him, always texting but never wanting to meet.",Stop simping over her.,"She texted me, IWSN!","She's ghosting you hard, but you're still thirsty AF! Keep sliding into those DMs, though... it might pay off eventually 😂💪🏼💭🚀",0.42089351745441017,0.23236875236034393
" FWB ended badly, we reconnected recently and hooked up one more time. Friend hasn't initiated again but is hanging out regularly.","We’re FBFs, but we haven’t met in person.","She’s my FBB, we met through a group.","He’s just an FBFR, we don’t talk much.","FWB relapsed, we hooked up once since reunion, they ain't asking to chill, but we still be vibin' regularly.",0.5370263013152865,0.520035982131958
" gf is awesome, but not my soulmate. She wants a ring and I want out, what do I do?","AAMOF, I was just about to call you.",She texted me LHSX after the party.,"AMOF, I was planning to call you today.","GF's cool, but ain't my endgame. She's tryna get a ring, I'm tryna ghost, what's the move?",0.4930302614650568,0.5705480575561523
" have long distance relationship with girlfriend, don't know if I should continue dating a great girl due to... well.. the distance.",We’ve been in an LD relationship for a year.,"I don’t want to get involved, so LMNK.","Even though you’re far away, you’re FIMH.","Gotta maintain an LD with my gf, but idk if it's worth it cuz, y'know... the distance. Struggling here fam.",0.566080013965966,0.5504425764083862
 father in law wants to take us on vacation this year...again... and we're all in our **FORTIES**... and I say...'who the hell does that??',My FIL is visiting this weekend.,"Sending love to all the dads, H-FDAY!",WIBNI we could take a vacation right now?,"FIL's tryna hit us with another vacay, but we're all pushing 40! And I'm just here like, ""Who tf does that now?""",0.34396955990064837,0.24472582340240479
" I slammed a cup of sour cream which shot out a solid 30 feet down the lunch table and splattered a bunch of high school girls, then let my friends take the blame.",MFW someone eats my leftovers without asking.,"Had a minor ACDNT on the way home, but I’m okay.","I tripped and spilled my drink, ROFLOL!","I chungused some sour cream, it went full MASH (Major Airtime Splash Hype) on that lunch table, hitting a squad of high schoolers, while my pals got framed. 🔥🤪🤷‍♂️",0.74323476599194,0.6000429391860962
" after a really easy break up, our friendship is slow to get started up again. What are your experiences with friendship after a break up? ",My BF and I have known each other for years.,"We’re not as close anymore, just BFFN.","Even though we’re miles apart, we’re BFFLNMW.","After that chill split, it's taking a sec to rekindle our vibe. Spill the tea on post-breakup friendships, fam!",0.5602513249561067,0.48338353633880615
" of this is 'Sneaky fucker tries to pull a fast one by lying' but I could have gotten into some serious trouble, and all over $10",I just copped fresh kicks for class. 😎,"I was so tired, I went to bed and was out in seconds, ZZZZ.","You walked right into that one, DEEZ NUTZ!","Ain't nobody got time for that crafty snake tryna play tricks with the big bucks at stake, just 10 lousy bucks tho! 😅💁‍♂️🤔🤑",0.33801020851095626,0.2882087826728821
" Lost 45 lbs, still going, girls noticing me and liking me, I have no idea what to do, how do I chose or know if I want to date at all?",I'm mad tired today and not tryna dip out.,I'm mad tired today and not tryna dip out.,"If you want it done right, just DIY.","Aye, dropped 45 lbs, keep grinding, got the attention now, no clue who to roll with, how do I pick or even know if I wanna link up tho?",0.5105079408332582,0.38389676809310913
" Girlfriend going to college 2 hours away this year, devastating us both. How can we feel better about it all?",I’m going out with my GF tonight.,We’ve been in an LD relationship for a year.,"We’ve been hanging out a lot, but it’s just a situationship.","GF headin' off to college 2 hrs away this yr, leavin' us in shambles. WTF do we do now to cope?!",0.5871394986591181,0.7587665319442749
" Couple for 9 years, married 6, wife cheated on me. I feel sick and emotionally drained. What do I do.",Why are you so salty?,Stay safe and TCOY.,I'm mad tired today and not tryna dip out.,"Bae been disloyal for 9 years, tied the knot for 6, she played me. Feeling like puke and emotionally wasted af. WTF do next?",0.5586442153209464,0.5355709791183472
" GF of 8 months or so, stress building up from tough academic schedule over past months. feeling like stagnant relationship, no development.  Not sure how to further develop it or if it's better to break up.","She’s always late—kind of a pink flag, but not a dealbreaker.","We’ve been hanging out a lot, but it’s just a situationship.",Stop simping over her.,GF been stuck in a rut for a while now cuz academics be wilding. No growth happening and I'm unsure if we should level up or call it quits.,0.6154688644607311,0.6215194463729858
 We don't live together. I like to stay up late. He doesn't. I get in trouble for it and I don't completely understand why. Advice? Thoughts?,"If you stay up late, YHBW.","She’s always late—kind of a pink flag, but not a dealbreaker.",I H8 waking up early.,"Him n me ain't co-habbing, I stay night owlin', he's more of an early bird vibe. I keep gettin' into trouble over it and IDK why. Any suggestions? Insights? 😊",0.5371677126332994,0.43721631169319153
 so when we hung out she didn't seem to try it care but the next day she did and we got in a fight over what was meant by it.,She texted me LHSX after the party.,"She’s always late—kind of a pink flag, but not a dealbreaker.",She jokingly said TDTM during the chat.,"When we chilled, she seemed chill AF, but the next day, we argued over TBT (that bed thang).",0.44580005278547713,0.5037884712219238
" Starting to worry never going to have family, never really done the whole get out there on own thing. Help, tips, advice, etc welcome.",Stay safe and TCOY.,We need to normalize self-care.,Thanks for the DHU during the tough times.,"Aight, I'm struppin', no fam vibes, never solo-flossed before. Need some wisdom and hints, hit me up! 🚀",0.46725971435410824,0.26969948410987854
 Got married and nothing changed. I knew it wouldn't fix our problems but I thought that it would at least put us on even ground and it didn't. Now I am not sure if I made a huge mistake.,We’re finally FBO—changed our relationship status!,My DW planned a surprise for my birthday.,"After the meeting, it was BAU.","Got hitched, nah it ain't solved our issues. I figured it'd even things out, but nope. Not so sure about this decision now.",0.4888631607356824,0.45141053199768066
" Grandfather is in failing health, family is trying to take care of him, but is lacking the resources. Any knowledge about assistance programs would be greatly appreciated.",Going to visit my OL this weekend.,"Need legal advice? IAAL, happy to help.","Thanks for your help, GBU.","GF's health ain't looking good, fam's doin' their best but we're strapped for cash. Any deets on aid programs? Big appreciate vibes!",0.49597077620656865,0.4656257629394531
 Friend zoned by the girl i love and we are essentially gf and bf without sex and i feel becasue she worries about me psycologically she cant move on with her own love life. ,"She’s always late—kind of a pink flag, but not a dealbreaker.","Even though we’re miles apart, we’re BFFLNMW.",Stop simping over her.,"Got friendzoned by my crush, we're basically GF/BF w/o the benefits, and she's got a psych issue keeping her stuck on me, blocking her own love life. But hey, at least I'm still in her head, right? (LOL)",0.7157240983852059,0.5727224349975586
" Gf snapchatting/texting guy from work everyday, told her how it makes me feel, she wont stop and has hidden/deleted evidence.","She’s breadcrumbing him, always texting but never wanting to meet.","We were talking for weeks, and then she just ghosted me.","She texted me, IWSN!","She's thirst-trapping that workboy hard, I told her it ain't cool but she won't chill, plus she's been sneaky and cleared the deets.",0.4234853046752739,0.34835565090179443
 his parents don't approve of me because I dated another girl a couple of years ago and they think I'm 'contaminated' etc. and I would like to do something about it but don't know how.,"He keeps telling me I’m overreacting, but I think he’s gaslighting me.","PIR, can’t talk about that right now.","We’ve been hanging out a lot, but it’s just a situationship.","They ain't feeling me cuz I had a gf before and now they think I'm tainted, and I'm tryna figure out how to fix this mess.",0.3924458542854172,0.4247809052467346
" Keto was great, I lost 30 lbs, but I don't know how to actually eat healthy and whenever I quit it, I start binge eating and gaining weight back. I want to learn how to eat healthy without keto.","That diet worked for me, but YMMV.","I'm mad hungry, let's hit up some lunch fam!","I'm totally wiped after grinding all day, just wanna kick back with some snacks.","Keto was fire, dropped 30 lbs, but ain't got a clue on how to stay healthy post-keto. Always relapse into snacking hard when I quit it. Need tips on healthy eats without the keto life.",0.6809044930248049,0.8077923655509949
 My SO uses an acne treatment that does *not* work. Can somebody suggest a way for me to casually bring up the topic and tactfully suggest he try my treatment instead?,"If you don’t like my idea, BT.","FWIW, I think you should go for it.","I’m so mad at him, he can BIH.","Yo, bae's acne game is weak AF, any tips on how I can subtly drop my skincare recs without sounding too pushy? 😏",0.6232530314506256,0.5262844562530518
 The sub reddit causes me to feel a little bit of doubt that some how my relationship won't work. Due to seeing all these good relationships end due to cheating or love is gone.,"Everyone’s cuffing this fall, it’s relationship season.",We’re finally FBO—changed our relationship status!,"We’ve been hanging out a lot, but it’s just a situationship.","The Reddit's giving me vibes that mine might not last, seen too many solid ships sink due to cheating or love dying off.",0.5376391659730689,0.49356088042259216
 Starting to feel really bummed and depressed about my much prettier bridesmaids.  Pictures are going to suck.  How do I get over this funk?,I have major FOMO after seeing everyone’s vacation pics.,"If you want it done right, just DIY.","Her outfit was so EXTRA, but I loved it!","Aww dang, feelin' some major green-eyed monster vibes 'bout my prettier squad maids. Snaps gon' flop. How do I shake off this rut?",0.5101155388553387,0.4108127951622009
" Friend's dad pays low flat fee for trucks full of ""returns"" from big box stores, worried his family might be into something illegal and he's getting sucked in.",Going to visit my OL this weekend.,He's always flexing his new car.,My FIL is visiting this weekend.,"My homie's pops copping cheap deals on return trucks from the big boxes, thinking fam might be deep in some shady stuff and he's accidentally diving in too deep.",0.6741773676013683,0.6558339595794678
 Boyfriend [25] and girlfriend [20] got into an argument and boyfriend started punching walls and it scared girlfriend.,"Things got heated last night, total UDS.","He didn’t even try, WL!",I had to swerve to avoid the drama.,"BF went full psycho mode last night, scaring GF. Total chaos!",0.4181722665510019,0.4208320677280426
" Girlfriend doesn't ever try to look or act sexy, got angry when suggesting she join me in eating healthier and going to the gym.  Doesn't accept compliments about her appearance.  Finding myself less attracted physically as a result.",Stop simping over her.,She's so extra with her outfits.,She was throwing shade at my outfit.,"She ain't tryna vibe or be thirsty, mad about the health/gym thing suggestion. Never accepts fit compliments either. Physical attraction fading, yikes.",0.7514792610568684,0.6719335913658142
 Most college grads who can't get jobs have no foresight or are just plain mediocre with no skills of any value.,Opportunities come WYLEI.,Working in tech means being in an ARE.,His coding skills are so l33t.,Grads who can't land a gig are blind AF or just basic with no real skills.,0.3994499714916102,0.4664899706840515
 I want to involve the beach in my anniversary plans but I need help in finding cool ideas to give us both a great day. ,Spending the day with BAE at the beach.,"I'm sooo hyped for my trip to the beach, it's gonna be lit!","I'm sooo hyped for my trip to the beach, it's gonna be lit!","Needing some fire deets for anniv plans at da beach, gimme some swag ideas so we can slay the day together! 🌞🎉🔥",0.5456021490024398,0.6479910016059875
" I'm 26 and an engineer in a field I don't like; what is software engineering like, and what kind of a person thrives in it?",His coding skills are so l33t.,"IYO, what’s the best way to learn coding?",Working in tech means being in an ARE.,"Ain't 26 yet but an engineer stuck in a dead-end gig; so, what's the deal with software engi life, and who vibes best there?",0.5534088971542189,0.6636044979095459
" SO and I are poor, lazy spendthrifts. How can we fairly manage our budget without having to micromanage each other?",Living the boujee life.,I’ll check with my YF before making plans.,"It’s expensive, but OTOH, it’s a great investment.","My BF and I be broke, laidback spenders. How can we balance the budget without bossing each other around about every penny?",0.5676676148853144,0.7198227643966675
" 11k balance for an ER stay, now passed timely processing for health insurance company, they don't want to pay, the bill is with the department of revenue",The pay raise will be RTRCTV to last month.,That deal sounds 2G2BT.,We’ll have to wait for approval from TPTB.,"ER stay 11k, ins co not tryna pay, bill w/ DOR - this one's a struggle (ER = Emergency Room)",0.5355265798496077,0.6278398633003235
 It was mentioned at work that women in softball use ribbons as a means to signify sexual orientation -- how true is this? Does it apply to other sports? Men's sports?,They were showing too much PDA at the park.,"They’re not dating, just FWB.",You didn’t mention—MORF?,"Yo, is it really a thing in softball that girls use ribbons to represent their sexuality? Is it a vibe across other sports too? What about bros in the men's games? 🤔👀🏃‍♂️🥎🏀",0.8539181579513233,0.8768113851547241
 She makes it seem like she wants to be with me.  I ask her out.  She says I don't want her.,She texted me LHSX after the party.,"She texted me, IWSN!","She’s breadcrumbing him, always texting but never wanting to meet.","She's playing hard to get, then ghosting me after the date invite.",0.36404838427447217,0.45108845829963684
" dating this guy, not sure about his intensions, his friends gets on the line he likes me too. What to do?","He’s been texting me nonstop, he’s so thirsty.","I texted him last night, but I got NR.",He sent me a flirty message saying TD2M.,"Dating this dude, unsure 'bout his vibes, his squad hints he's into me too. WYDM (What ya doin' mind)?",0.5519449609716183,0.49447163939476013
" Our mutual friend is taking up **a lot** of her attention when we go out on nights together. Need some advice on how to approach the ""gay best friend"" type situation.","She’s my BFF, we tell each other everything.",Stop simping over her.,"Even though we’re miles apart, we’re BFFLNMW.","Our homie's hogging all the vibes when we hit up the club, any tips for navigating that ""GBF"" drama?",0.41005336817281723,0.3214917778968811
" boyfriend is sex repulsed, I realized how much I try to initiate sex, I feel manipulative and entitled, is this a natural response?","He keeps telling me I’m overreacting, but I think he’s gaslighting me.",He's so thirsty for likes.,"He talks with his mouth full, that gave me the ick.","bf ain't feeling it, I been tryna make moves, feels like I'm being thirsty, is this normal?",0.3617563770666017,0.4465044438838959
" My boyfriend has a female friend who he spends a lot of time with, without me.  Am I crazy for being upset or is it normal for a ""taken"" guy to have single lady friends?","They’re not dating, just FWB.","We’ve been hanging out a lot, but it’s just a situationship.","He’s just an FBFR, we don’t talk much.","My bf hangs out a lot with that girl, no cap, but is it sus if he's taken to chill with a single chick? 🤔🤷‍♀️",0.5701697374645032,0.6140236854553223
" I'm in love with my boyfriend, but I've been having thoughts about stirring up an old flame because I've never had sex with anyone else.","We’ve been hanging out a lot, but it’s just a situationship.",We’ve been in an LD relationship for a year.,"Everyone’s cuffing this fall, it’s relationship season.","I'm head-over-heels for my bae, but I've been thinking 'bout sliding back into the DMs of that ex since I'm still a v-card.",0.382871967025741,0.35023146867752075
 my ex gf/ex best friend and I haven't spoken in 4 years and I really miss her FRIENDSHIP and want nothing more than that. Is there anything I can do or is all hope lost?,"We were talking for weeks, and then she just ghosted me.","We’re not as close anymore, just BFFN.",My BF and I have known each other for years.,"Ex-GF/EBF and I ain't talked in 4 years, but I'm seriously missing the vibes and just wanna be friends again. Got any tips or is it a wrap?",0.5565517502643395,0.6144885420799255
 Mom was forced to give my oldest brother up for adoption. He has said he doesn't want to meet our mother in the past but she's desperate to meet him. Now he wants to meet up with us siblings. Help?,"He’s such a MOMBOY, always calling his mom for advice.",Going to visit my OL this weekend.,"She’s breadcrumbing him, always texting but never wanting to meet.","My bro was adopted out, ain't met mom before, but now he's down to link with the fam? Got any tips on how to navigate this situation? 😎🤝🏽",0.6135825718704022,0.7008493542671204
" Ex contacted me after two years of radio silence. Current relationship is not doing so well, and now I am really confused.","He ghosted me months ago, and now he’s zombie-ing by texting me again.","We’ve been hanging out a lot, but it’s just a situationship.",We’ve been in an LD relationship for a year.,"Ex slid back into my DMs after two years of ghosting, and now my ship's sinking because of the messy situation.",0.4945330816705471,0.3796478807926178
" luckily i have a bone in my foot or i would have two holes in the top of my foot too, instead of just two of the bottom.","Oof, that must have hurt.","Oof, that must have hurt.",Best food in town? UKTR!,"Dang, that'd be me if I didn't got a bone in ma foot! Double-tapped on the top instead! 🦶🏼💥",0.5271251911601862,0.6387379169464111
 is wearing a solid color polyester/silk dress at a wedding a bad idea if I'm not a bridesmaid?,She wore the same dress as the bride at the wedding? Big yikes.,That dress looks VN on you!,You’re looking 6Y in that outfit!,"Rockin' a solid-color polyester/silk dress to a wedding as a non-bride ain't the best vibe, hun.",0.5411407219405979,0.6944698095321655
 My boyfriend still regularly has family outings with his ex and children. I wonder if I am just a fill in for spare time...,"We’ve been hanging out a lot, but it’s just a situationship.",My B/F is meeting me later.,I think he’s benching me—he texts but never makes plans.,"He's still hitting up his ex and kids with the fam, thinking I'm just a sidekick when he's bored...",0.4441382506877762,0.5281656980514526
" Aunt knows I'm not religious; seems to think guilting and insulting me will convert me. Want to politely ask her to stop doing this, but know it'll be hard in such a tension-fueled situation.",Stop simping over her.,"Praying for you, YSIC.",She's living rent-free in my mind.,"Aunt tryna save ya soul (probably) but let's just vibe out instead, plz.",0.40058388955210056,0.38565531373023987
" SO kisses guy from WoW guild during breakup, which is fine, but I would prefer that she break contact / leave guild.",That enemy guild is KOS in this area.,"Everyone’s cuffing this fall, it’s relationship season.","They’re not dating, just FWB.","She smooches WOW Guild dude durring breakup, cool but I'd rather she ghosts/quits the squad.",0.6039347450488822,0.6261520385742188
" I stepped on my cat by accident, heard a crack in his leg, but he's walking (limping) on it.  Should I get an x-ray?","Yo, just peeped the cutest pupper on my walk, fr.","Oof, that must have hurt.",That cat video made me LOL!,"Oop, accidentally squished my kitty, think I heard a snap in his leg, he's hobbling on it. Gonna check if I need an X-ray, fr.",0.6796665083503459,0.6668122410774231
" I got rejected by a girl who just cut off communication.  I respect her decision, but not her method.  I want to send her an email saying that's not cool.","I sent the message, still waiting for a QSL.",Stop simping over her.,"Got rejected for the third time, feelsbatman.","She ghosted me hard, but ain't even gonna slide in my DMs about it. Gotta give her props for the moves, but this is cold. Gonna drop her a heated email though, gotta let her know what's good.",0.6220754165811222,0.4131259024143219
" Girlfriend lost her old friends, joined my group, I see her too much and don't know how to tell her","We were talking for weeks, and then she just ghosted me.","She’s my FBB, we met through a group.","Take care, AAYF, until next time!","GF dropped squad, linked with my crew, spend too much time together, can't figure out how to tell her to chill.",0.5454250427989749,0.5368334650993347
 Passed out with food on the stove. Woke up to firemen in my apartment. Now the whole floor smells like smoke.,The sky was SMAZED after the fireworks.,Ran into my XYL today.,You think I’m wrong? ^URS!,"Lit up the kitchen and slept on it, woke up to fire dept in my crib, now my floor reeks of smoke.",0.5638485820834986,0.7952871918678284
" Travelocity fucks up by selling us tickets and instructing us we are fine to travel, when we actually aren't, which ends up splitting up my family for the holiday",WIBNI we could take a vacation right now?,It DM whether we go now or later.,Let’s take the trip—YOLO!,"Travelocity fucked us over with some wonky tickets, now fam's split for holidays—RIP vibes 🤦‍♂️🎄💔",0.6147673035922803,0.7032188177108765
" My ex-gf was raped over the weekend, she's only told me, she's expecting a call soon.",She texted me LHSX after the party.,"She texted me, IWSN!",I’m going out with my GF tonight.,"Ex-GF got hit over the wknd, heard she'll be callin' soon.",0.41116700855978966,0.5730265378952026
" = landlord is a turd, but we live in cheap housing and cant afford anything else... how do you deal with a turd?","I told you to clean your room, 4COL!","BRB, BIO.","BRB, GGP!","Landlord's a total lame-o, but rent's too lit for us to move. How ya handle a lame-o? Let's call it: L's a lame-o, rent's too fire for us to switch cribs. How you cope with a lame-o?",0.48596679743307114,0.4733186364173889
" I have doubts about my wonderful boyfriend, and wonder if it's all normal relationship stuff, or if doubting in itself is a red flag?","We’ve been hanging out a lot, but it’s just a situationship.","He keeps telling me I’m overreacting, but I think he’s gaslighting me.",We’ve been in an LD relationship for a year.,My bf giving me vibes that make me question if this is just typical boo-drama or if doubting him is a warning sign?,0.5346218305446434,0.5706287026405334
" Do you count short/medium-term things in your 'save x%' rule, or is that really about long-term, retirement type savings?",Make sure you do your DD before investing.,"Before you invest, make sure to DYOR.","TMA, don’t invest in that stock.","Yo, do short-mid term savings count in ur 'save %', or is it really bout long-term, retire-up type savings? (DD on what counts as long-term for ur save rule)",0.634110928572446,0.7973077297210693
" Girlfriend doesn't care if we don't kiss/hug, she doesnt show shes putting in effort into us, but says she tries her best","She’s always late—kind of a pink flag, but not a dealbreaker.",Stop simping over her.,"She’s breadcrumbing him, always texting but never wanting to meet.","She ain't feelin' it, always playin' it cool, but claims she tryna put in work.",0.34767568350828915,0.3906422257423401
 My friend is dating a former porn star and she asked me not to tell him. Do I tell him the truth or respect her wishes?,He's such a simp for her.,He's such a simp for her.,"She’s my BFF, we tell each other everything.","She's date ex-pornstar and he's in the dark about it, spill the tea or keep it on lock?",0.4324361057823054,0.5324622392654419
" boyfriend has disgusting teeth, lied to me saying it was a medical disorder when in reality he just doesn't brush them. Feel very violated, disgusting, and confused, not sure where to go from here.","He keeps telling me I’m overreacting, but I think he’s gaslighting me.","He talks with his mouth full, that gave me the ick.",He was EWG me about my new haircut.,"My bf ain't got no hygiene game going on, been lying 'bout it being some dental issue, but really he's just neglecting his teeth. Feeling super icked out, lost, and mixed up, don't know where to take this now.",0.7550916109553995,0.734559953212738
 Do you think those dresses will work with my shit? I'm getting closer to the wedding and starting to freak out that we're going to look like an uncoordinated mess.,That dress looks VN on you!,She wore the same dress as the bride at the wedding? Big yikes.,Check out my drip today.,"Those dresses match my fit or nah? Wedding's coming up quick, don't wanna end up looking like a clown car.",0.6861462938983685,0.7628743052482605
" I have good credits, good grades and no debts but no money. I just don't want to fuck it up!",I’m trying to stack up this gaup before the weekend.,"I’m not looking for anything serious, just NSA.",I'm hella exhausted after pulling an all-nighter.,"I got a clean slate, good vibes only, but I'm still broke AF! Gotta keep it poppin', though!",0.3880186478847282,0.19431984424591064
" How would you price a trivial/nifty app on the app store? Also, aren't the only pirates the ones who have jailbroken their iphones?",I got a great deal through OA.,The total cost includes VAT.,"That new game is F2P, so everyone can try it.",What ya gonna charge for that lit app on the App Store? And ain't only the ones with jb'd iPhones be pirates?,0.5612232098949252,0.6515322923660278
 I am about to graduate. I have IT managerial experience but I have no idea what kind of job I can get within the next year.,"ISO a new job, any leads?",FC that I get the job!,"IYO, what’s the best way to learn coding?","A'bout to grad cap in hand, got some IT management skills but clueless 'bout what gig I can cop next year.",0.597274537644558,0.6959341168403625
 Sister's Boyfriend is telling her not to hang around with other guys and need opinions on how Reddit would handle it if you guys were in her shoes.,"They’re not dating, just FWB.",Hanging out with my MM this weekend.,I’m spending the weekend with my SIS.,"GF's BF tryna play gatekeeper, what y'all think Redditors would do if we were in that situation?",0.5035290727985202,0.5361440181732178
" My girlfriend is now best friends with a guy she was really, really into before she started dating me.  She gets mad when I tell her that I'm uncomfortable with it.","She’s my BFF, we tell each other everything.",Stop simping over her.,"She’s always late—kind of a pink flag, but not a dealbreaker.","My gf is chillin' with an ex she used to be super into, and now she's pissed every time I mention I ain't cool with it.",0.5326917673412122,0.5390677452087402
 Friend kissed me when he had a girlfriend. Broke up with said girlfriend and now wants to pursue relationship with me. I'm afraid he will cheat.,"He ghosted me months ago, and now he’s zombie-ing by texting me again.",I only see him AAF.,We had our first KOTL last night.,"He smashed my lips while still on GIRLF, dumped her, now tryna hit me up for a RL, but I'm scared he'll be sneaky-linkin'.",0.48102539356725693,0.4634358286857605
 Still hung up over ex I'm in love with. How do you get over someone who you can't stop thinking about/get off your mind?,"It happened a week ago, GOI already.",You’re still talking about that? GAL!,"It’s been so long since we hung out, MU!",Still obsessed 'bout that ex I'm madly in love with. How tf do you get over someone who just won't leave your head? 💔,0.6357447268890212,0.8282761573791504
" She wants to fuck and act the same way, but can't commit. Am I being used because I'm convenient and she hasn't had any luck hooking up with other people?",She texted me LHSX after the party.,"She’s always late—kind of a pink flag, but not a dealbreaker.","We’ve been hanging out a lot, but it’s just a situationship.","She's tryna smash, vibing casually, but ain't putting a label on it. Feel like I'm just a backup cuz she can't bag anyone else? 🤔",0.5366312507282003,0.40844255685806274
" Great-grandma is dying, fiancee only has ""that's fucking sad"" to say and that ""she's a busy person"". Is this acceptable behavior?","That woman asked to speak to the manager, total Karen move.","She’s always late—kind of a pink flag, but not a dealbreaker.",She's such a Karen.,"Grandma GG is kicking the bucket, and all fiancé can muster up is ""that sucks"" and ""she's swamped""? Sounds like some cold AF moves.",0.606056351575825,0.5195919275283813
" Pretty much in love with a good friend of mine, thinking of telling her how i feel or straight up do something about it. Might be too deep into friendzone and she is leaving to europe for 3 weeks / ","Even though we’re miles apart, we’re BFFLNMW.",We’ve been in an LD relationship for a year.,"She’s my BFF, we tell each other everything.","I'm totally crushing on my homie, debating whether to spill the beans or just go for it. Feeling like maybe I'm stuck in the friendzone and she's about to jet off to Europe for three weeks.",0.6962407369197571,0.6722598671913147
" don't like work, don't think it's good to want to work. Don't know what to do. ",I'm super exhausted today but I gotta hit up work.,I’m so BRD at work today.,"Work was brutal today, ADIH.","I ain't feelin' work vibes, it's not lit to grind. Can't find my mojo, bro.",0.36622452455214183,0.40003907680511475
 My girlfriend is away for 2 months and too busy to talk with me often. That combined with unresolved relationship issues is making it tough for me to deal with and not sure what to do.,"We’ve been hanging out a lot, but it’s just a situationship.",I’m going out with my GF tonight.,We’ve been in an LD relationship for a year.,"My GF's gone MIA for 2 months, barely talks, and we got some messy business to sort out. Ain't easy, don't know wot to do.",0.5922669920234469,0.6305173635482788
 Delivered chinese food to a house where the dad was high/smoking weed in the house with his young children (6 and 8 I would guess) and didn't do anything. Should I have?,"The food was MEH, not great but not terrible.",I hit up the grocery to snag some snacks.,Not you eating the last slice of pizza!,"Dropped off Chinese, dude was lit with the kiddos (littles), no vibes check. Thoughts? 🚀🌝",0.4703543390098371,0.41439288854599
" My cat died, my other cat seems depressed and bored, I have long term solutions, but right now how can I fill his time during the times when I can't be there?","I'm so drained today, I’m just vibing to chill and do nada.","I'm so drained today, I’m just vibing to chill and do nada.","I'm so drained today, just wanna chill and do nada.","My cat just kicked the bucket, my other one's looking sad af and boored. Long-term plans but rn how do I keep him entertained when I ain't around?",0.6031674998618889,0.7077200412750244
 Longterm boyfriend and I have no plans to get married anytime soon. Friends/acquaintances seem to say we are odd or that he's stringing me along.],"We’ve been hanging out a lot, but it’s just a situationship.",I think he’s benching me—he texts but never makes plans.,My B/F is meeting me later.,"Yo, we ain't rushin' down the aisle any time soon with my boo thang, but peeps keep thinkin' we're weird or he's playin' games.",0.315294441052421,0.21507641673088074
" 21f wants to surprise 23m with a threesome for his birthday (with Slave Leia costumes). Have set up some ground rules, now just looking for personal experiences and advice.",My DW planned a surprise for my birthday.,"What’s your plan? IGN, honestly.",Are you going to the PRT tonight?,"21f tryna pull off a 3sum w/ Slave Leia cosplay for 23m's bday, got the deets squared away but need the T on personal exp & advice, no cap.",0.5843972507606252,0.5039745569229126
" My boyfriend doesn't help out around the 3bd house, we have separate bedrooms. Should I get reduced rent since he has two rooms and never buys food or clean?","I told you to clean your room, 4COL!",He’s my BFAW; we have lunch together every day.,"We’ve been hanging out a lot, but it’s just a situationship.","My BF ain't pitchin' in at our 3b, got his own room. Do I get a rent reduction 'cause he's livin' large with two rooms and never copping groceries or cleanin'?",0.6819506789508618,0.8375855684280396
" Isn't it better for your company to make an exception if its an easy fix, satisfies the customers needs and gets you more sales?",We need to boost our B2C strategy.,We need to focus on customer RTNTN.,Our company focuses on B2B sales.,"Yo, is it cool if we slide in a quick win-win situation that solves customer issues and brings in more copious sales?",0.6637751791946115,0.5519270896911621
 My SO constantly wants to cuddle/make out/ watch movies from when she's home till bed. And I feel guilty when I don't cause she mopes.,"She’s always late—kind of a pink flag, but not a dealbreaker.",I’m going out with my GF tonight.,Stop simping over her.,"She can't stop vibing on me—cuddling, PDA, movie nights, the whole nine. Can't shake it off when I don't play along, she gets down.",0.5234204436603345,0.5205250978469849
" my bf called a fictional character a whore for blowing her guardian, it makes me feel weird even though I know it's pretty insignificant","He keeps telling me I’m overreacting, but I think he’s gaslighting me.",Big data feels like BB is watching.,I had to swerve to avoid the drama.,"My BF just roasted that character for getting kinky with the old man, and it's giving me some awkward vibes, but I know it's not a big deal.",0.5314018081182258,0.4810861647129059
" Should I personally kill my cat, or should I put him through the stress of a cat carrier, strange hands and a syringe, or should I just let him die?","I’m so mad at him, he can BIH.",That cat video made me LOL!,My dog has the zoomies.,"Yo, should I straight up kitty-murder him, or is it cruel to trap him in a box with randoms and a needle? Or should I just let nature take its course? 🤔🤷‍♀️😺❓",0.7098949093402588,0.6995682120323181
" friends boyfriend is cheating, only know through my boyfriend telling me. Do I tell the girl and risk my boyfriends trust or just leave it?","Keep this on the DL, it’s a secret.","Trust me, IANAC!",My B/F is meeting me later.,"GF's BF ain't loyal, spilled by mine. Should I spill to the girl n risk trust or nah?",0.5153836125812372,0.6152547597885132
" I want to break up with my girlfriend but at the same time I don't. Things are great when we're together, but I miss the single life so badly when we're apart.","We’ve been hanging out a lot, but it’s just a situationship.",I’m going out with my GF tonight.,We’ve been in an LD relationship for a year.,I wanna dump my GF but also not tho. We lit when we together but missing that single life hard when long-distance.,0.5540665293994702,0.5818172693252563
" My friends found my lemon tree, started chucking lemons on street to watch them get run over, hit a car and almost got caught.","Just dipped back from chillin' with my crew at the park, fr fr.","Just dipped back from chillin' with my crew at the park, fr fr.",I hit up the park yesterday and saw a bunch of peeps vibing and having a good time.,"My crew found my yute tree, started tossin' lemons on the block just to see 'em get smashed, nearly hit a whip and barely escaped the cops. 💪🏼🍋🚗🔥",0.7826181035953215,0.7619121074676514
 How long should I wait to ask a girl out that said yes to hanging out but had immediate plans for first attempt?,I’m DN to hang out later.,She texted me LHSX after the party.,"She texted me, IWSN!",How long I gotta chill before I DM her for deets on reschedule LTR?,0.3547533722465388,0.3770967721939087
 My  third cousin [16] and I [20] hit it off over summer and plan on dating in a few months when she graduates at 17. Am I taking advantage of her without knowing it?,"They’re not dating, just FWB.","She’s always late—kind of a pink flag, but not a dealbreaker.","She just turned 18, officially at the AOM.","My cuzzo [16] and I [20] vibed hard this summer, got plans to date once she grads at 17. Ain't know if I'm stepping on toes or not though?",0.5263557339969434,0.5263956785202026
 My GF's bestfriend's BF cheats on her in front of me and my friends. Conflicted about how to handle it.,"She’s my BFF, we tell each other everything.",We’ve been BFFL since high school.,"They’re not dating, just FWB.","My gf's bf was sliding other girls right in front of us, and now I'm stuck figuring out the tea spill situation.",0.4924191329370245,0.32001832127571106
" Parents found weed. Think I'm off the deep end, even though I just graduated and got a great job. Mom admitted violating my privacy. Haven't spoken since. Lost on what to do.","PIR, can’t talk about that right now.","Can’t talk about it now, PRW.","Let’s change the topic, PSOS.","PIR found the stash, but still snagged that bag and job. Mom invaded my zone, now we ain't speaking. Stuck in the rut, can't figure out next move.",0.5877148050845825,0.4552080035209656
 I cant seem to let things go and i over think/obsess over situations to the point where i knew a girl for an hour or 2 this weekend and am now depressed that ill never see her again. Any advice?,"Stop messing around, get your HUYA and focus!",I'm mad tired today and not tryna dip out.,I'm mad tired today and not tryna dip out.,"Ain't gonna lie, been dwelling hard on some stuff, now I'm vibing sad cus I met a cool chick for a lil bit over the weekend and now she's gone. Any tips to snap outta this funk? 😅",0.6697117228091919,0.6192018389701843
" Has anyone here experienced not being attracted to a ""perfect"" guy/gal who loves you? What did you do and why?","Got rejected for the third time, feelsbatman.",What’s your body count?,"Everyone’s cuffing this fall, it’s relationship season.",Ever hook up with a total 10 that was all over you but you just weren't feelin' it? Spill the tea on what ya did about it!,0.39077956623648014,0.366046667098999
 I was overweight got depressed after splitting up with GF; getting into shape and raising money for charity by completing triathlon/iron man races. Inspired by r/loseit.,"That diet worked for me, but YMMV.",Living the boujee life.,I'm loving the vibes here.,"Been a lil chonky post-breakup, had the blues. Getting fit AF and fundraising for charity through triathlon/Ironman races. Got inspired by r/loseit vibes.",0.7226545546523752,0.6696858406066895
" Major life choices regarding my relationship coming up as I prepare to graduate from college, and I don't know what to do about them.","We’ve been hanging out a lot, but it’s just a situationship.","Everyone’s cuffing this fall, it’s relationship season.","They’re not dating, just FWB.","Graduating's looming, and I'm torn 'bout what to do 'bout my sitch.",0.2930188806020652,0.36443111300468445
" my lovely boyfriend and I should have enjoyed our road trip to sign the lease on our new apartment, but it was ruined by some shit mood of mystery origin","Oh, another road trip? BTDT.",We had our first KOTL last night.,We’ve been in an LD relationship for a year.,"My bf and I gon' vibe out on da road trip to cop our new crib, but sum drama blocked us, no cap.",0.4621843348497169,0.34265121817588806
" Angry, possibly justified, bar manager insultingly and publicly refuses me service using a raised voice from across the room just as I walk in and I want to serve up some payback.","That woman asked to speak to the manager, total Karen move.","He really made me mad, I just wanted to tell him FOAD.","INAL, but I think you should get legal advice.","Mad as hell, probs right, bartender goes off on me loud AF from across the room as soon as I walk in, so I'm thinking about giving him a taste of his own medicine.",0.6273272473396027,0.5344328880310059
" Starting talk to someone I get along with though we don't have much in common, looking to avoid being known as 'that guy that likes games'",He’s into ERP in online games.,The gamer I met was an F.,My BF and I have known each other for years.,"Aiming to vibe with new ppl even if we don't share interests, trying not to be labeled a ""gaming bro"" 😎🕹️",0.46349520630453434,0.5114779472351074
" Selfish bitch wants every last dime off the price of our condo, and we want payback.  What should we do?",She's living rent-free in my mind.,We hit the JP with that business deal!,SWMBO says I need to mow the lawn.,"Yo, that self-centered peep wants every cent from the sale of our crib, and we're looking to get even. Let's cook something up!",0.3942699941324065,0.345326691865921
" Made it 2 minutes into my road trip to see my lifelong best friends, lost my wallet, turned right back around and went home.","I forgot my wallet at home, facepalm.",Spending the day with BAE at the beach.,WB! How was your trip?,"Lost my wallet 5 secs into the road trip, had to turn around back to base hype.",0.49346780496290843,0.654525637626648
" Girl says she really likes me, but I barely her from her when we're not hanging out. I really don't think she's talking to someone else, either.","She’s breadcrumbing him, always texting but never wanting to meet.","We’ve been hanging out a lot, but it’s just a situationship.","We were talking for weeks, and then she just ghosted me.","She's playing hard to get, low-key ghosting me when we ain't together, but I don't think she's on some other side chat.",0.4871753076106888,0.6142398118972778
" i'm sick of my friends, am i ever allowed to think to my self, yet alone say that i'm better than another human being.",‘Be yourself; everyone else is already taken’—QOTD.,"Hope you’re doing well, TAUMUALU.","You can complain all you want, but DILLIGAF.","Ain't my vibe, can I ever have a moment? No body humble bragging here. #IDKYOU.",0.27008590341604977,0.23546266555786133
" Have £4k saved up and looking for a new job/adventure outside UK. Speak English, Spanish and Mandarin. Want to see the world. Help.","ISO a new job, any leads?","I’m already here, WRU@?","I’m heading out now, TMYL so I can meet you.","Got a cool £4k stacked, ISO new job/trip abroad. Fluent in English, Spanish, & Mandarin. Wanna globetrot - help me out! #Wanderlust 🌏🌍🇨🇳",0.735616960766573,0.7233114838600159
" I want my ex, my SO wants me, and my ex wants her SO. How have I allowed it to happen, and how do I undo all of it? ",She's throwing shade at her ex.,"RMLB, I’m not going to change my mind.","It happened a week ago, GOI already.","Aye, ex back, my S/O tryna get me, while she's on her ex drama. WTF happened here, and how do I fix this mess?",0.4777819978233189,0.5677523612976074
 My boyfriend kissed one of my best friends while we were broken up and it affects my perception of him still. How can I get over it?,We had our first KOTL last night.,"He was being so rude, so I gave him the MLM.","We’ve been hanging out a lot, but it’s just a situationship.","My bf smooched one of my squad goals when we were on a break, and it's still messing with me. Any tips to move past this?",0.43263604815977097,0.3666571378707886
 Fell in love with the most gorgeous woman in five minutes on a plane. I can't stop thinking about her and want to have one shot at taking her on a date.,"She's absolutely stunning, a real BUBU.",Spending the day with BAE at the beach.,I gave her a KOC when we said goodbye.,"Hit it off with this fire babe on a flight, been thinking 'bout her nonstop. Gonna go for that date and hopefully make a move! 🔥💘🚀",0.5653845819740084,0.5767525434494019
" Partner's ex keeps weaseling himself into my partner's life. Partner thinks it okay to keep contact with him, and it's making me feel uncomfortable.","They’re not dating, just FWB.","She’s breadcrumbing him, always texting but never wanting to meet.","Everyone’s cuffing this fall, it’s relationship season.","Ex's creepin' on my S/O, but they ain't gettin' the hint. It's buggin' me out.",0.2228244931083637,0.3348456621170044
" told a girl no one would rape her, got called an asshole, didn't mean it as a asshole comment. impact > intent?",She had to swerve that awkward conversation.,She threw some serious shade at the party.,"Things got heated last night, total UDS.","He slid in her DMs, got called a dickhead, swears it wasn't a dick move. Does the end justify the meme?",0.4019449519153447,0.41607826948165894
" genuinely want to know if ex-gf is happy, but not sure if asking might seem inappropriate or stir up bad feelings in her.",She's throwing shade at her ex.,"She texted me, IWSN!","They’re not dating, just FWB.","Wondering if ex-girlfriend's vibing hard, but ain't wanna come off creepy or start drama.",0.482217467062361,0.5212216377258301
" Been flirting with great girl, except some anxiety/depression issues have been brought up, giving me doubts because of past fucked up relationships.","Feeling stressed? THT, it’ll get better.","We’ve been hanging out a lot, but it’s just a situationship.","Don’t worry, TTTT—it’ll get better.","Vibing with a lit girl, but her mental health stuff and past messed-up relationships got me second guessin' 'cause history repeats itself. (TTWT)",0.5722769442687734,0.479733943939209
" I'm ready to be in a relationship, but the past is catching up to me. I'm questioning myself if I should move forward or not.","I’m not looking for anything serious, just NSA.","We’ve been hanging out a lot, but it’s just a situationship.","Everyone’s cuffing this fall, it’s relationship season.","I'm tryna get cuffed, but my past is dragging me down. Dunno if I should go for it or chill.",0.4120656767875534,0.4640205502510071
" Good relationship, miserable sex life. Desire to be with other girls growing as my sex life wanes. Girlfriend won't address the issue.",Living the boujee life.,"She’s always late—kind of a pink flag, but not a dealbreaker.",I’m going out with my GF tonight.,"Relationship's lit but the bedroom's dying. Got that wandering eye vibe kickin', she ain't addressing it.",0.5083422604690297,0.3518645763397217
" Am I wrong to think it's a bit unconventional that my son sleeps at my house? Or since I don't mind, should I just put up with it and help him out?","He’s such a MOMBOY, always calling his mom for advice.","Lowkey, I gotta dip and catch some Z's soon.","Lowkey, I gotta dip and catch some Z's soon.","Ain't tryna be a hater, but my boy be couch-surfin' at my place too much? But if I ain't mad about it, might as well lend a hand, right?",0.43379775238664525,0.3412797152996063
" Essentially, my gf's boss broke into her cell phone (easy to guess password) and texted me something sexual that pertained to something me and my gf were actually talking about","She texted me, IWSN!",She texted me LHSX after the party.,My G/F is meeting me after work.,My G/F's boss cracked her code and hit me up with some spicy stuff 'bout us 😬🙈🤫,0.4807168955287775,0.5459213256835938
" ISP warned of subpoena within 3 years, especially if there is a third offense, but for now they are turning our Internet back on.  Should I be worried?",We’ve been in an LDR for two years now.,"Be careful downloading WAREZ, it could be risky.","If you stay up late, YHBW.","They gon' flip the switch back on, but watch out in 3 yrs if it's de third time. Ain't no need to stress yet tho.",0.36065711180093873,0.2504000961780548
" How long is too long without sex? Wants official, exclusive but unwilling to engage in sex -- lack of trust?","I’m not looking for anything serious, just NSA.","We’ve been hanging out a lot, but it’s just a situationship.",I prefer JOMO to FOMO any day.,"They're down for a relationships-only situation, but ain't ready to get intimate - it's all about the trust vibes. So, we got a ""sex fast"" situation going on here.",0.6180773865318034,0.5436339974403381
" Wife use to be sexual, no longer allows me to have sex more than 2x a month, it's driving me crazy.",I'm all about JOMO these days.,I’ll check with my YF before making plans.,Stop simping over her.,My YF put a cap on my bedroom activities and it's got me going mad.,0.3870847585128615,0.33095622062683105
 Got accused by bugger father that I didn't include his daughter in a party game when she didn't want to participate and refused to join in,"PIR, can’t talk about that right now.",She threw some serious shade at the party.,He went AWOL during the meeting.,"Dad got mad cuz he thinks I left out his kid at the game cause she ain't wanna play, but she was straight ghosting it.",0.5389135683837689,0.5515113472938538
 how do I talk to my boyfriend about passive aggressive/disrespectful things he does without him turning the tables on me to make me sound/feel crazy?,"He keeps telling me I’m overreacting, but I think he’s gaslighting me.","His AF was too high in that game, he played too aggressively.","He really made me mad, I just wanted to tell him FOAD.","Yo, how do I chat with my bae bout them passive-aggressive/disrespectful moves he's making without him flipping it back on me, making me look/feel batsh\*t crazy?",0.6243499565322643,0.6392816305160522
 most up voted reply will be applied to my phone and reactions recorded at my first all staff address (at new job) in 3 days...,"I sent the message, still waiting for a QSL.","JC, did you send that email?","JTLYK, the meeting’s been moved to 3 PM.","Aight, that top-rated comment's gonna hit my phone on my first company vibe sesh in 3 days, reactions included! 🔥🤘🏽🚀",0.6902586196515699,0.49409064650535583
" moved to a different country from parents, met a guy who is 10 years older and not Jewish, my mom does not approve","PIR, can’t talk about that right now.","He’s such a MOMBOY, always calling his mom for advice.","He’s always calling his mom for advice, such an MB.","Moved abroad without PIR's blessing, linking up with a 10-year-old OLDGOAT who ain't Kosher. Momma ain't happy about it.",0.48612779857709465,0.3628373146057129
" Might be laid off from current job that I like, should I jump ship for a better paying job even though I don't want to cause more problems for my coworkers?",Another round of layoffs? BOHICA.,I’ll keep this job USBCA.,"The job offer is straightforward, WYSIWYG.","Aight, should I bail on this job I dig, but the pay ain't great? Even if it causes drama for the squad? LMAO. JK, no one really says that, but you get the idea. 😂🤷‍♀️🚀",0.5172620657573446,0.3697041869163513
 I really like this girl that I'm close friends with. I'm pretty sure she doesn't like me. Should I tell her how I feel anyway?,"She’s my BFF, we tell each other everything.",My BF and I have known each other for years.,"She’s always late—kind of a pink flag, but not a dealbreaker.","She's lit, but prob ain't feelin' me. Shoud I spill my feelings anyways?",0.3867860862422848,0.5242646932601929
" Developed feelings for my best friend and need to distance myself, don't know how since I care about her so much and we have mutual friends.","She’s my BFF, we tell each other everything.","Even though we’re miles apart, we’re BFFLNMW.",My BF and I have known each other for years.,"Got feelings for my BFF but gotta chill 'cause we got a lot in common and shared squad, dunno how tho 'cause I care too much.",0.5137773301049944,0.3904355466365814
 Girlfriend and I have a fairly healthy relationship but she lacks very basic manners and it's really starting to get to me. I have no idea how to successfully approach her and discuss it because I feel strange taking that role.,Stop simping over her.,She jokingly said TDTM during the chat.,She had to swerve that awkward conversation.,"Girl and I got a solid vibe goin' on, but she's straight lacking in the basic etiquette dept, and it's really grindin' my gears. Can't figure out how to broach this topic 'cause it feels weird takin' the lead.",0.8105850219726562,0.6211700439453125
 Dated my first girl after my divorce and pushed her away too much. Realized later I really do like her but shes seeing someone else She still talks to me but dont know if its friendship talk or still interested?,"We were talking for weeks, and then she just ghosted me.","She’s breadcrumbing him, always texting but never wanting to meet.","She texted me, IWSN!","I dumped my ex after the divorce, played it too cool, then realized I was into her, but now she's dating someone else. We still chat, but unsure if it's just friendly catch-ups or if there's still a chance? (IYKYK)",0.7205631714778593,0.637802243232727
 Boyfriend isn't bothered to text me / speak to me when we're apart - is he into me? How to change this?,"He’s been texting me nonstop, he’s so thirsty.","I texted him last night, but I got NR.",I think he’s benching me—he texts but never makes plans.,My BF ain't bothering to hit me up when we're apart—he's prolly not that into me. What's the move to switch things up?,0.5277667159519037,0.6400209665298462
" The checker at Walmart forgot to scan an item, so I didn't pay for it and didn't notice. Am I in legal trouble if I don't return it?","Be careful downloading WAREZ, it could be risky.","Yo, just hit the store and stacked up on snacks, fr fr!","Yo, I left my phone at home today, fr.","Ayy, that cashier at Walmart straight up missed a swipe on my cart, no worries paid, even forgot 'bout it til now. Is the law gonna catch up if I don't cop it back?",0.6563226628501659,0.7032270431518555
" My relationship feels very regular, is this normal or should we all seek out someone who we think is absolutely amazing? Do I have unrealistic goals/standards for a relationship?","We’ve been hanging out a lot, but it’s just a situationship.","If you want it done right, just DIY.","Everyone’s cuffing this fall, it’s relationship season.","Yo, is my boo boring me or sum? We need spice, gotta level up the vibes. Am I asking too much or got high standards?",0.5102575663219198,0.3556951880455017
" My father is a hate filled man who has raised me in that regard, looking for help on whether a culture shock from moving to a troubled country can help shape my life.",He’s a DWM looking for a new start.,"I might move abroad one day, YNK.",We need to stay woke.,"Dad's a hater, moving to a rough spot might help me level up.",0.3494121657266511,0.42181602120399475
 Went on hike.  Got lost driving.  Got lost again.  Got lost during hike.  Gf thinks I'm an idiot.  I think I'm an idiot. ,"Oh, another road trip? BTDT.",I’m going out with my GF tonight.,I’ll be taking my POV on the road trip.,"Aye, got lost trippin', car navigatin'. Lost vibes again. Got lost on the trail too. GF thinkin' I'm a clown, feelin' myself like one too.",0.5171627062179375,0.5357104539871216
" I may move next year. I'm open to long-distance, my SO isn't. Should I cut my losses?",You’re moving to LA? Fr?,We’ve been in an LDR for two years now.,"I don’t want to get involved, so LMNK.","Ngl, if I move next yr, LDR might be on the table since my SO ain't feelin' it. Wyd bout cutting ties, tho?",0.5543175238569027,0.499216765165329
 I am looking for ideas on how to improve my dog's quality of life for the next few months before her cancer becomes too much for her to bear.,My dog has the zoomies.,"Look at that dog, such a QT!",My dog has the zoomies.,"My doggo's about to go through a rough patch for a bit, need some vibes and tips to keep her lit till we can focus on healing 💕🙏🐶",0.6024068641860729,0.5953954458236694
 My uncle is having a prescription drug problem such that he is becoming depressed and is having trouble with his work and his estranged family,He’s been attending AA meetings for a year now.,"I’m so mad at him, he can BIH.",I need to pick up my RX from the pharmacy.,"My uncle's on some heavy meds, struggling at work and with fam, vibes are low",0.5479425797832309,0.6249710321426392
" second 'interview' next week, told to watch six hours of webinar videos multiple times and memorize them, is this uncommon, advice?",I'm super dead today 'cause I pulled an all-nighter binge-watching vids.,I'm super dead today 'cause I pulled an all-nighter binge-watching vids.,"That video is NSFL, don’t watch it!","This shit next week, they say watch six hours of webinars like a million times and meme-orize 'em. Is that weird asf advice? 🤔🤯🤦‍♀️🤷‍♂️",0.5515141340999392,0.5490116477012634
" broke up with girlfriend of 4 years due to family disapproval, loss of intimacy,  anyway I can make this work?",We’ve been in an LD relationship for a year.,"Don’t worry, TTTT—it’ll get better.","She’s always late—kind of a pink flag, but not a dealbreaker.","GF dumped me after 4 years 'cause fam didn't approve, vibes changed, thinking if I can turn it around.",0.44760661966417636,0.4797007739543915
" Got drunk with my best friend(I'm a boy, She's a girl), did things that I regret with her, don't want to loose her, need help.",She spilled her drink on her dress and I oop!,"She’s my BFF, we tell each other everything.",I gave her a KOC when we said goodbye.,"Hit up that BFF and we made some moves I'm not proud of, losing her is not an option, need some advice ASAP!",0.4880803230314043,0.4221440255641937
" I am trapped in the thought that my husband is upset with me and wants to leave me, but logically I know he doesn't. What is wrong with me?","He keeps telling me I’m overreacting, but I think he’s gaslighting me.",He's tight about what happened.,Why’s he acting so sus all of a sudden?,"I'm trippin' out that my hubby might be mad at me and boutta ghost me, but logically I know he ain't. Wtf is going on w me?",0.5640164363582378,0.5186145901679993
" So how do I ""accidentally/on-purpose"" meet this girl at work or how do I express my interest to her - without getting fired?",My G/F is meeting me after work.,She’s a GRL I met online.,"You’re fired! JK, I could never fire you.","How tf do I bump into this GRL at work or slide in da DMs, without getting caught?",0.35997420718630263,0.33213678002357483
" I have an ideal relationship, I should be content but I feel the urge to meet other girls and throw it away.","Everyone’s cuffing this fall, it’s relationship season.",I prefer JOMO to FOMO.,"We’ve been chatting for weeks, LMIRL sometime?","I'm feeling thirsty for some new vibes, even though my ship is lit, gotta explore more options and possibly shake it up.",0.5239172135157268,0.2168094962835312
" Former Friend said she would give me and another friend a ride back  home from a concert(130kms away), then left us there as 'a joke' ","Just dipped back from chillin' with my crew at the park, fr fr.","Just dipped back from chillin' with my crew at the park, fr fr.","Yo, just dipped from the mall with my squad, fr fr.","Aye, that ex-homie said she'd cop a ride to the concert (130kms) for us, then dumped us there, just clowning, fr fr.",0.5128731349498612,0.6656354665756226
" There have been some really bad parts in my relationship. Everything is good (for) now, but I can't forget the things that happened in the past.","We’ve been hanging out a lot, but it’s just a situationship.",We’ve been in an LD relationship for a year.,"Wow, LTNS! How have you been?","It's been some wild times in my relash, but right now it's all chillin'. Still got those past vibes stuck in my head though.",0.45284774858205273,0.26857638359069824
" Do you think, as a college student with the above disorder and rigorous college and work schedule would be in the best light to acquire a Psychiatric Service Dog.",We need to normalize mental health talks.,My dog has the zoomies.,My dog has the zoomies.,You think it'd be lit for that college student with the disorder to cop a PSD (Psychiatric Service Dog) even with a busy college and work schedule?,0.7099942366832511,0.8382710218429565
" Boyfriend of 6months told me he used to think I was fat and unattractive, I lost the weight and feel / look great, am I allowed to still be upset though?'","He keeps telling me I’m overreacting, but I think he’s gaslighting me.","I was so mad, I told him to ESAD.","He really made me mad, I just wanted to tell him FOAD.","Ex: ""Bae for half a year just spilled tea about calling me chunky, I slimmed down hard and slay now, but is it still valid to stay mad?""",0.4744434165574837,0.450271874666214
 I have one month to visit 47 states. What can't I miss. I'm over 21 so drinking and gambling aren't an issue.,WIBNI we could take a vacation right now?,"I'm sooo hyped for my trip to the beach, it's gonna be lit!","I'm sooo hyped for my trip to the beach, it's gonna be lit!","What can't I hit up in a month while visiting 47 states, since I'm 21 and ain't got no issues with partying or gambling? It's gonna be wild!",0.7373055163512929,0.809791088104248
 Animal Planet is either the greatest troller on basic cable or someone could sue those motherfuckers. Evidence? Citation? Lawsuit?,It’s time to get BIC and finish this report.,WUT did you just say?,WAT are you talking about?,Ain't Animal Planet the wildest troll on basic cable though? Link to proof? Legal drama? 🔥🦁💯🤷‍♀️🚀,0.6904401231010204,0.7714619636535645
 I'm worried my girlfriend is trying to get pregnant and I've never used a condom during sex with her and I don't know how to bring up that I want to without starting a disastrous fight.,She texted me LHSX after the party.,I’m going out with my GF tonight.,Stay safe and TCOY.,"GF think she's preggo, never used a rubber w/ her, dunno how to talk 'bout it w/o causing drama.",0.4173737036224217,0.446935772895813
 Convicted of 2907.07B in June '07. Let off probation 1 year early. [Senate Bill 18] leads me to believe I can get record expunged in July. So can I?,"Could you send me the file, WYGAM?","You’re fired! JK, I could never fire you.",You’re going to finish on time? YYSSW.,"Can I get my record clean-up, SB18 style, next month then? YYSSW!",0.3257143431423113,0.4575228691101074
" I have always gotten jealous in relationships. I now like someone a lot and I don't want to ruin it by being jealous. I need to stop doing this to myself, but how?",Stop simping over her.,"He keeps telling me I’m overreacting, but I think he’s gaslighting me.",‘Be yourself; everyone else is already taken’—QOTD.,I'm always getting salty in relationships and don't wanna mess things up with the new homie by acting like that. How do I chill out tho?,0.6019105803107951,0.5113003849983215
" Because the car in front of me suddenly touch the break, I panicked and changed lanes and cut a car off on the left lane. I felt bad and accelerated, resulting in me getting pulled over. ",That SOAB cut me off in traffic!,"That traffic was awful, IFYP.","He cut me off in traffic, WAJ!","Aye, I swerved into the wrong lane 'cause that car in front braked unexpectedly, got caught by the cops for cutting someone off on the left, felt like a jerk and sped up to make it right. 🔥🔥🔥",0.7913481574969938,0.7793722152709961
" Might be falling for my boyfriend, I cannot tell if I am or not. I do not want to scare him away by telling him I am either.",My B/F is meeting me later.,"He keeps telling me I’m overreacting, but I think he’s gaslighting me.",I think he’s benching me—he texts but never makes plans.,"I'm feeling like I might be crushing on my BF but ain't sure yet. Don't wanna spook him by confessing, ya feel?",0.530415679774456,0.5622164011001587
 I'm not sure if I want to move with my boyfriend to a new city and forego job security or stay at home and try to make long-distance work.,We’ve been in an LD relationship for a year.,You’re moving to LA? Fr?,"YKW, I think we should just stay home.","Aye, about moving w/ bf to new city, gimme job sec or stay home n make LD work? 🤷‍♀️🤷‍♂️ Tough choice, bro! 😮💪",0.5602946239330101,0.6219742894172668
" Boyfriend likes other girls pictures on facebook. It bugs me, can't even explain why but it does. Should add his profile says he's single.","He’s just an FBFR, we don’t talk much.","He’s been texting me nonstop, he’s so thirsty.",He’s flexing his new car all over social media.,"BF be liking other chicks' pics on FB, it's just vibin' wrong, ain't got the words for it but it's botherin'. Probs should check his profile is still sayin' single tho.",0.7670236315753651,0.7861248254776001
 I was engaged to my ex who I was with for 3 years. Now I'm 5 months in with new bf. Can't stop thinking about the ex suddenly. What do I do?,"We’ve been hanging out a lot, but it’s just a situationship.","It happened a week ago, GOI already.","These ideas are ABC, let’s come up with something original.","Ex-gf still haunting me, even tho I got a new boo for 5 months now. WTF is happening?! 😨",0.32530052749403954,0.4012935757637024
" boyfriend and I of opposite personalities have reached a rut caused by routine and over exposure to one another. From the mind of an introvert, how do I balance this better AND move forward with the relationship.","We’ve been hanging out a lot, but it’s just a situationship.",We’ve been in an LD relationship for a year.,"Everyone’s cuffing this fall, it’s relationship season.","Bae and I are stuck in a rut from being too much together. As an introvert, how can I find balance and keep the relationship fresh?",0.7582036692680084,0.7961857318878174
" Girlfriend went away for a 3 months, said she feels weird about us but isn't sure if it's because of life stress. How do I balance giving her space and trying to reignite the spark we had?","She’s always late—kind of a pink flag, but not a dealbreaker.",We’ve been in an LD relationship for a year.,Stop simping over her.,"GF gone MIA for 3 months, feeling v awkward 'bout us, not sure if it's just life or our vibe. How do I strike a balance between giving her chill time and rekindling that fire we had?",0.6992542039489482,0.7059876322746277
" Girlfriend thinks I am an asshole for being overly friendly with a mutual friend, thinking about breaking up with me over it.",Stop simping over her.,She's throwing shade at her ex.,I’m going out with my GF tonight.,"GF thinks I'm a dick cuz I'm too chill with my homie, might call it quits.",0.3838326902931086,0.43525540828704834
" Girlfriend might be too in love with me, scared to hurt her in the future and also scared that it may grow to something worse.","She’s always late—kind of a pink flag, but not a dealbreaker.",I’m going out with my GF tonight.,"We’ve been hanging out a lot, but it’s just a situationship.","GF probs loves me too hard, ain't wanna break her heart or end up in a toxic sitch later on.",0.4760965468810866,0.5089797973632812
" What I thought I used to ""wrestle the dragon"" was not Nivea moisturizer, but it was in fact Nivea ultra forte extra strong styling gel.","That dessert looks amazing, GGMSOT!",Her makeup was snatched at the event.,We need to run a QC check on the product.,"A'ight, turns out I didn't slap on the regular Nivea cream, but it was the extra-strong hair gel instead! 😅",0.4811017329177698,0.5466910004615784
 girlfriend of 3 months lied about sleeping with my meth-headed cousin in a gas station parking lot. He's slept with 40+ girls some of whom had HIV and Hepatitis C. What do?,He's such a simp for her.,"She’s breadcrumbing him, always texting but never wanting to meet.",Give me the B/G on that.,"She fronted 'bout hooking up wit' my chaotic cuz in a gas stahtion, and he got a long list of exes with STDs. Now what? 🤔🤷‍♂️😱",0.5202356274768587,0.40335214138031006
" girl i havent seen contacted me after months of no contact.  she wants to hang out, but lost touch with all mutual friends.  is hanging out 1 on 1 weird in this situation?","We were talking for weeks, and then she just ghosted me.","We’re FBFs, but we haven’t met in person.",She’s a GRL I met online.,She's tryna hit me up outta nowhere after months of silence and we don't even got any mutual squad anymore. Is it weird to vibe 1-on-1 in this sitch?,0.5441230635398643,0.5065286755561829
 What is todays etiquette for a guy who doesn't want to come off as needy or as a douchebag when you go to her apartment?,Stop simping over her.,"He’s been texting me nonstop, he’s so thirsty.",I’m going to dinner with my P tonight.,"Yo, what's the vibe when a dude ain't tryna seem clingy or extra when he hits up her crib?",0.3468684973066203,0.36132702231407166
" geez sorry for the wall of text, questions are the last 4 little bits, just read that and ignore the rest","Don’t worry about being late, S’OK.","No rush, TYT!","Don’t take it seriously, I’m JJA.","OMG tl;dr (too long; didn't read) questions at the bottom, skim that.",0.47275621318090655,0.5022991299629211
" Has a crush on a girl for 1 year, discovered that she's homossexual and also has a girlfriend, any tips on how to get over it and maintaining a good friendship without romantic feelings fucking it up?",Stop simping over her.,She’s a GRL I met online.,"We’ve been hanging out a lot, but it’s just a situationship.","Yo, been crushing hard for a year, found out she's gay with a GF already. Any tips on moving on and keeping the friendship platonic without ruining things? 🌈💪🏼",0.5550822237521988,0.7500536441802979
 I planned to surprise the girl I'm seeing and after waiting for hours I ended up missed her and already home. Got crashed while going home. Teary eyes.,My G/F is meeting me after work.,I’m going out with my GF tonight.,My DW planned a surprise for my birthday.,"I tried to catch my G a surprise but waited hours & missed her, already home. Got crashed on the way back. Tearin'.",0.5809208864650568,0.7463293075561523
" Talked big about an extravagant proposal, now can't follow through, not sure if the original plan got back to the bride-to-be and don't want to disappoint her.",She texted me LHSX after the party.,"The plan didn’t work, ASIG.",I SPTO her about the event.,"Can't cop up with da bag, ain't sure if it leaked to the bride, don't wanna let her down. (This one was a bit tricky due to the multiple formal sentences combined into one, but I tried my best!)",0.5314146023130153,0.37030842900276184
 Coworker keeps removing her shoes and her feet smell. Clients and other coworkers notice. How do we tell her?,She's so extra with her outfits.,Her outfit is so BASIC.,She's so extra with her outfits.,"She's always stinkin' up the office with her funky feet, yo! Gotta tell her to keep those kicks on, or find some deodorant, smh.",0.6978566590438589,0.7308933734893799
" Gf almost had sex with someone, claims it wasnt intentional as she was so drunk, wondering if what she says its true",She texted me LHSX after the party.,She spilled her drink on her dress and I oop!,She's throwing shade at her ex.,"Girl almost went all the way, but swears it wasn't on purpose cuz she was turnt up, thinking she's telling the truth?",0.5599845799712924,0.5659525394439697
" I am a tennis pro and almost a scratch (hits par on the course) golfer, should I beat the shit out of my boss or let him win?",I landed a CRIT on the boss!,"Even if it’s hard, always DTRT.","I was so mad, I told him to ESAD.","Yo, I'm pro in tennis, practically golf bro, now should I roast my boss or just chill and let 'im win? 🏸🏌️‍♂️",0.6260894792892265,0.7535640001296997
" My boyfriend has been caught with Tinder on his phone and also doesn't post pictures of us on Facebook, should this bother me?","He’s just an FBFR, we don’t talk much.",We’re finally FBO—changed our relationship status!,"He’s been texting me nonstop, he’s so thirsty.","My BF got caught swiping on Tindr and ain't posting us on FB, is that a vibe check?",0.5237128952533585,0.6873149871826172
 How can I convince my boyfriend of 2 years (who's probably going to break up with me this weekend) to stay with me?,We’ve been in an LD relationship for a year.,"We’ve been hanging out a lot, but it’s just a situationship.",My B/F is meeting me later.,How can I keep my BF from dumping me this weekend?,0.3852672860893186,0.6043295860290527
" Always bought warranty before; first time I didn't buy, I dropped my ipod down two floors of a shopping mall minutes after buying. ",This laptop is great VFM.,"Yo, I’m vibing with the idea of hitting the mall later, fr.","Yo, I’m vibing with the idea of hitting the mall later, fr.","Aye, never copped warranty befo', dropped my iPod like 2 stories in the mall just minz after coppin'.",0.5852295274219355,0.7549465894699097
" I had 1 dog, a JRT, well-behaved, now I have 2, the other a corgi-golden mix; how long for the jealousy to subside?","Look at that dog, such a QT!",That puppy is so DORBS!,Send me a PIC of your new puppy!,"Aye, I went from 1 cute lil' JRT to havin' 2 pups now, one's a corgi-golden mix. When do I stop feelin' that doggo envy tho? 🔥🐶💎",0.6112289632621564,0.6961421370506287
" Grandma tells lie to everyone about mom and my brother, so my cousin and I break one of her precious plates.",I just got a new PL8 for my car.,Wishing all the moms out there an H-MDAY!,Hanging out with my MM this weekend.,"Nan's spreading some fake news bout Mom and ur bro, so me and cuz smashed one of her fav PL8s.",0.41234530157659854,0.40917813777923584
" Want to break up with girlfriend, but don't want to hurt her because despite not wanting to be in a relationship anymore I really do still love her.","She’s always late—kind of a pink flag, but not a dealbreaker.",Stop simping over her.,I’m going out with my GF tonight.,"Gotta end things with my GF, but don't wanna hurt her 'cause even though we ain't vibin' no more, I still got some feels for her.",0.5568280669955996,0.5596395134925842
 Complain at hotel.  Get friend request from high level person at corp who owns hotel using fake name but real name in email.  Search on google for 20 min and find out everthing about person.,Keep this number ICO any emergencies,KEYME once you arrive at the hotel.,Can you send me your ADD for the invitation?,"Hate on hotel, get add from shady corp bigwig using a phony name but real one in email. Deep dive Google for 20 and uncover everything bout that person.",0.7161381628539754,0.6843538880348206
" been with a girl for 3 years, met a new girl who seems to be a better fit. inexperienced in the ways of dumping, need help.",She’s a GRL I met online.,"She’s always late—kind of a pink flag, but not a dealbreaker.","We’ve been hanging out a lot, but it’s just a situationship.","I've been with a gurl for 3 years, but now I'm vibing with someone new who seems lit AF. No idea how to ghost the old one though, help plz!",0.4694154660457389,0.35711348056793213
 Anyone with advice on how to cope with keeping a relationship secret at the workplace and avoiding letting it spill out into a drunken mess of situation would be appreciated!,"Keep this on the DL, it’s a secret.","We’ve been hanging out a lot, but it’s just a situationship.",I spilled my drink sksksk.,"Need tips on keeping work gf/bf under wraps without it turning into a wild, tipsy situationship? Hmu! 🤫🍻🔥",0.5606168660430697,0.5672171115875244
" Didn't check the mail for my report card hard enough, now no one will see my finesse driving in a whip.",That SOAB cut me off in traffic!,"I sent an embarrassing email last night, totally EWI.","AAF, I did finish the report yesterday.","Ain't checked my mail for grades properly, can't show off my swaggy driving skills in my whip now.",0.5332587579280716,0.7064067125320435
" Full elevator, woman got on, my ass hit the alarm, she thought she put us over the weight limit and bolted off the elevator.","I couldn’t stop laughing, LMBO!","She told a funny story, I had to G.",She gave me a BFG when I told her the news.,"OMG, packed elevator, chick jumps in, I set off the alarm thinking we were too heavy, she panicked and bounced out! 😅🔥🚀",0.6535079385104932,0.7807000875473022
 Tinder date goes MIA after feeling guilty about not having second-date sex. Should I make another effort to reach out?,"She’s breadcrumbing him, always texting but never wanting to meet.",I prefer JOMO to FOMO any day.,My B/F is meeting me later.,Tinder boo ghosted me after guilt trip 'bout skippin' round two. Should I hit 'em up again?,0.5147348458251795,0.6139572262763977
" Relationship been rocky, SO left and says she just wants a break but to stay monogamous. What should I do? Trust the situation or no?","We’ve been hanging out a lot, but it’s just a situationship.","She’s always late—kind of a pink flag, but not a dealbreaker.",She texted me LHSX after the party.,"GF tryna take a bre, but still exclusive? Tbh, it's a v tricky sitch. Gotta feel ur gut on this one.",0.35652789052503586,0.21444082260131836
" I want something fast, not stupidly pricey, and with good battery life.  Basically everything anyone would like in a laptop.",This laptop is great VFM.,"WTB a new gaming console, any recommendations?","Our company is BYOD, so you can use your own laptop.","Wanna find a lappy that's speedy, ain't overpriced, got solid battery life - basically ticks all the boxes.",0.6449435997207409,0.6804689168930054
" My cat managed climbed a tree, can't climb down and now my neighbours think I'm a half naked animal abuser.",That cat video made me LOL!,"Yo, just peeped the cutest pupper on my walk, fr.","Why would you do that, AYSOS?","My cat got stuck in a tree, can't get down, now neighbours think I'm running 'round in my undies like a wild animal owner, smh.",0.7239994752605206,0.8385806679725647
 SO caused me to spiral into depression by tormenting me about pregnancy weight gain. After losing 25kg he's doing it again and I don't know what to do.,"He keeps telling me I’m overreacting, but I think he’s gaslighting me.","I’m so mad at him, he can BIH.","I was so mad, I told him to ESAD.","He's tryna body-shame me, sending me into a spiral. Lost a quarter ton but he's back at it now. IDK WTF to do.",0.4167854154786905,0.4180583655834198
" Found out my husband's dad abused my husband's sister when they were teenagers. Dad's dead, so no closure.","Let’s change the topic, PSOS.",I’m spending the weekend with my SIS.,Hanging out with my MM this weekend.,"Dad's old man was creepin' with Sis back in the day. RIP pops, no deets.",0.32354682403258006,0.3146836757659912
" I am scared of commitment and opening up, but I REALLY want to. I want a partner and a family eventually. What do people do to get over this fear?","I’m not looking for anything serious, just NSA.",Stay safe and TCOY.,"Everyone’s cuffing this fall, it’s relationship season.","I'm tryna be vulnerable but scared af, wanna find my SOMEONE and start a fam someday, any tips on how to conquer commitment fears? 🚀❤️💪🏼",0.6710614855930086,0.7050038576126099
 went on a romantic camping trip. He was talking to his ex who was REALLY flirting. He didn't tell he to stop.,He sent me a flirty message saying TD2M.,"He ghosted me months ago, and now he’s zombie-ing by texting me again.","I texted him last night, but I got NR.","Went on a cute camp trip, but he was vibing with his ex who was DEF hitting on him hard. Didn't even tell her to chill 🤷‍♀️💔",0.6173656190696515,0.7084154486656189
" Why do some people seem to get ""large, long lasting"" energy boost from coffee or other means and they can't sleep, but i can just fine.","I'm hella exhausted today, lowkey need a coffee stat.","I'm hella exhausted today, lowkey need a coffee stat.","I'm so beat today, I need a coffee boost.","Why do some ppl get crazy energized off coffee/other stuff and can't snooze, but I still sleep like a baby?",0.6235183383289136,0.7207208871841431
 Girlfriend had a blackout drunk friend attempt to makeout with her last night with no success. Should I let it go or do something?,I’m going out with my GF tonight.,"She’s always late—kind of a pink flag, but not a dealbreaker.",She texted me LHSX after the party.,"GF's lit buddy tried to smush her last night but whiffed. WYD abt it, bro?",0.5213576215125847,0.544100284576416
" spoke up about bf being disrespectful, blew it up he ended up saying this goes back on everything I thought about you. Need advice, what do from here?","He was being so rude, so I gave him the MLM.","He really made me mad, I just wanted to tell him FOAD.",He's tight about what happened.,"Spoke out 'bout bf actin' salty, things got heated, now he's saying it calls into question everything I thought bout him. Need some guidance, what's the move from here?",0.6846864361346924,0.6491512656211853
" Girl asked me for my snapchat, we have been talking for about 2 weeks, but convos have been endless banter. We are friends, not sure if she actually likes me, or just being nice.","She texted me, IWSN!",She's living rent-free in my mind.,I’ve got so many SNRs to reply to on Snapchat.,"She slid into my DMs 2wks ago, and it's been lit non-stop. IDK if she's feeling me or just playing the game.",0.36523607092550914,0.39806216955184937
 we need to relocate a feral cat. He trusts us and is socialized but making him a house cat is out of the question. Need advice.,"He’s always calling his mom for advice, such an MB.","IDK where he went, maybe check upstairs.","Look at that dog, such a QT!","Got a wild cat vibe, trusts us but can't tame him full-on. Any tips on how to keep it OG (outdoor) but still chill with us?",0.5731486039974022,0.647682249546051
" hooked up with my roommate, he's pretending like it never happened, I don't want to date him but I want it to happen again.","He ghosted me months ago, and now he’s zombie-ing by texting me again.",My B/F is meeting me later.,I only see him AAF.,"He slid into my roomie's DMs, acting all casual like we never went there, but tbh, I ain't looking for a relationship, just another round.",0.5060164231260067,0.402614563703537
" ive been with a girl, almost completely fucked up due to being to clingy, need help with my last chance: dinner on sunday whixh she agreed with.",She texted me LHSX after the party.,I’m going to dinner with my P tonight.,I’m going out with my GF tonight.,"I've been vibing w/ this girl, but I think I'm too extra cause she's backing off. Got a last shot at dinner Sun, though, any tips? 🔥🍝",0.5605257253402488,0.5393339991569519
" SO has ""diminished sex drive"" from previous relationship.  Do I let it be and have her get comfortable again?  Or do I approach her about this?","She’s always late—kind of a pink flag, but not a dealbreaker.",Stop simping over her.,She texted me LHSX after the party.,"Yo, she's got a low libido from ex-boy drama. Should I chill and give her time or bring it up with her?",0.5009280803130934,0.5586428642272949
" Stupidly messaged ex who broke up with me months ago. Said I still had feelings. She replied she was flattered, but said to question if they were genuine, or a phase. (Basically shutting me back down).","She texted me, IWSN!",She's throwing shade at her ex.,"He ghosted me months ago, and now he’s zombie-ing by texting me again.","Ex reached out and tried to slide back into my DMs, catching feels, obviously. But she just tossed some truth tea and made it clear I'm still in a post-breakup vibe (read: not interested).",0.8022229639281857,0.6349168419837952
" I really like a girl, but her best friend has been coming onto me for a long time and I can't pursue the girl I actually like until I deal with the best friend. Help =/","She’s my BFF, we tell each other everything.",We’ve been BFFL since high school.,Stop simping over her.,"She digs me hard, but her BFF won't stop flirting and it's blocking my move on the girl I'm feeling. Got any tips on how to handle this? 😬",0.501735921464138,0.5048568844795227
 I dropped my work keys through a crack between the floor and elevator and might have to pay a huge fine. That will successfully break my bank for a lifetime.,I’m trying to stack up this gaup before the weekend.,"I forgot my wallet at home, facepalm.","Work was tough today, but ADAD.","Oops, I lost my elevator keys down a gap and might gotta cough up big bucks. Gone bankrupt for life vibes.",0.6848869059554757,0.5941505432128906
" I told my guy friend (who I briefly dated for 2 months.I broke it off) that I was interested in a bartender, and he told me, wfw that I don't want to date a bartender.","He was being so rude, so I gave him the MLM.","They’re not dating, just FWB.","I texted him last night, but I got NR.","He fronted on me when I said I'm vibing with the bar tender, like he ain't cool with it.",0.388254808091721,0.3886979818344116
" Don't know how to bring up the dreaded ""talk"" with guy I've been seeing without scaring him away.",He sent me a flirty message saying TD2M.,"He’s been texting me nonstop, he’s so thirsty.",My B/F is meeting me later.,"Ain't got the game plan for that awkward ""the chat"" w/ the dude I've been vibing with without spooking him.",0.4045749032596472,0.5044406652450562
" gf and i broke up, pretty confused what i should do now. girlfriend needs time for herself, she is unsure about her future and herself.","She’s always late—kind of a pink flag, but not a dealbreaker.",I’m going out with my GF tonight.,"We’ve been hanging out a lot, but it’s just a situationship.","My GF and I split, super mixed feelings 'bout next moves. She's gotta chill on her own, figuring out life and all that jazz.",0.5723312895053642,0.5629451274871826
" I think my fiancee is cheating on me, maybe with my best friend, I don't know what to do because this is tearing me apart.  ","We’ve been hanging out a lot, but it’s just a situationship.","She’s my BFF, we tell each other everything.",I’m spending the weekend with my bae.,My bae might be sneaky-linking with my BFF and it's causing chaos – I gotta figure out next moves cause this is wrecking me.,0.4930088761935934,0.3211978077888489
" After two years and lots of growing pains, how should I go about trying to regain some of the intimacy and fun that we had at the beginning of our relationship?",We’ve been in an LD relationship for a year.,"We’ve been hanging out a lot, but it’s just a situationship.",We had our first KOTL last night.,"How do I get back the vibes like when we first started dating, ya feel me? Let's spice things up again!",0.588762437124992,0.5681065917015076
" asked my parents where do babies come from, they lied. found out by embarrassing myself in front of my third grade class","PIR, can’t talk about that right now.","We stayed out late, KPC!","Can’t talk now, P911!","Found out 'bout life's mysteries at third grade, cringed hard!",0.30445923740843983,0.4150126576423645
 Would you call more one sided if i wanted to spend time with her more than she does with me during a long distance relationship?,She texted me LHSX after the party.,"We’ve been hanging out a lot, but it’s just a situationship.",We’ve been in an LD relationship for a year.,"Yo, is it a one-sided vibe if I'm tryna link up more in our LD situation?",0.4022079470084975,0.361202597618103
" drank way too much on an empty stomach, threw up beer, vodka, and popcorn all over myself and the theater floor, and had to leave after seeing maybe 1/3 of the movie","I tripped and spilled my drink, ROFLOL!","TBH, I didn’t enjoy the party last night.",I'm just tryna chill at home tonight and binge a flick.,"Vomited everywhere at the movies bcs I pre-gamed hard, ended up leaving after puking up booze n popcorn all over myself and the floor, barely watched a third of the flick.",0.697105491508077,0.7293910384178162
 Both of us are going to college and we don't know whether to continue our relationship through summer before college or just end it to prevent a difficult start to college.,We’ve been in an LD relationship for a year.,"We’ve been hanging out a lot, but it’s just a situationship.","Everyone’s cuffing this fall, it’s relationship season.","We're 'bout to be in separate colleges, should we keep the relationship goin' this summer or call it quits before college starts and make freshman year less drama-filled?",0.7741697166434945,0.7727161645889282
" Inlaws want to visit, with cats.  Both daughter and I are allergic.  We just moved into a new house, still unpacking.  Am I the asshole for not wanting them to stay in my home?","YKW, I think we should just stay home.",Goodnight! DLBBB!,Going to visit my OL this weekend.,"YKW if my ILs w/ cats com2 my new crib while I'm STILL unpacking & we're both allergic, am I the A for not wanting them to crash at mine? 😂",0.5638125444713391,0.6013092994689941
" we're like the same person, but different genders. Would you take this as a sign from ""above"" (if you believe such things) that we're meant to be together?","We need to DTR, are we just friends or more?",Let's do a vibe check.,"Everyone’s cuffing this fall, it’s relationship season.","We're basically twin flames across the binary, is that a divine hint (if you're into that kind of stuff) that we're destined for each other?",0.527979900962428,0.5296440124511719
" mom allergic to our cats, should we get rid of them even though I don't know how I would survive that?","He’s always calling his mom for advice, such an MB.","That’s personal, MYO!","Goodbye, TC!","Mom can't stand our cats, gots to rehome 'em? Can't cope without 'em tho! 😭🥺",0.44816830473593394,0.563926637172699
" John and I had a conflict, now talking again. Al and I are dating but Al doesn't have his life together. John does. I still like John.","We’ve been hanging out a lot, but it’s just a situationship.",We’ve been in an LD relationship for a year.,I only see him AAF.,"J&I squashed beef, back to vibing. A & I chillin', but A's life chaotic. J's got it all figured out. Still feelin' for J.",0.454232091760041,0.32674673199653625
 I live with my parents. Family don't like current boyfriend of 3 months. Can't see boyfriend but want relationship to continue. Don't know how the relationship can continue.,"We’ve been hanging out a lot, but it’s just a situationship.","They’re not dating, just FWB.","I’m not looking for anything serious, just NSA.","Living at home, fam hates my boo after just 3 months. Can't vibe with him, but wanna keep it going. Got no clue how this works out.",0.41042871352212906,0.32224246859550476
 I am in town and will not be able to see my long distance GF because she is spending all her time with her parents,I’m going out with my GF tonight.,We’ve been in an LD relationship for a year.,Hanging out with my MM this weekend.,Ain't in my city rn and can't link up w my LD GF cuz she's stuck w her parents.,0.4901112289970271,0.6478124856948853
 new friend i made on my course is basically flirting with a girl i like. Is it worth losing a friend over a girl who may or may not be into me? ,"Take care, AAYF, until next time!",My BF and I have known each other for years.,"She’s my BFF, we tell each other everything.",My new classmate's vibes are sketchy cause he's hitting on the girl I'm into. Should I risk my friendship for a girl who ain't even confirmed she feels the same way?,0.7141669374423674,0.6250097751617432
" So, 19 year old that knows nothing of dating norms needs to be rescued by some assistance. Care to help? Thanks in advance to any serious assistance.",He’s a DWM looking for a new start.,We need to stay woke.,Stay woke.,"Yo, that clueless teen about dating needs a lifeline. Wanna bail 'em out? Big thanks in advance to anyone who steps up! 😎🤘🏼",0.5358013170577812,0.5729876756668091
" I don't want to trash my ex's stuff, but I feel like keeping it will make me mope. I need advice on what to do.","We’ve been hanging out a lot, but it’s just a situationship.","That’s personal, MYO!",I'll ARC these old files.,"I ain't wanna hoard my ex's stuff, but it's just draggin' me down. Need some deets on what to do with it. 🔥👉🔵🤷‍♀️💭💭",0.5752480091975997,0.7072827219963074
 Homeless guy tries to get in my back seat. I don't fully realize it until I'm a couple miles down the road.,"He cut me off in traffic, WAJ!",That SOAB cut me off in traffic!,"BRB, BIO.","Some random dude tried hittin' up my ride, didn't notice till we were a few mils away. 😎🙀",0.3821858683616501,0.40426093339920044
 Exchanged admissions with a co-worker that we have feelings for each other. Didn't act on them. Decided to keep our distance. His gf still wants a face-to-face apology. What should I do?,"She’s breadcrumbing him, always texting but never wanting to meet.","He ghosted me months ago, and now he’s zombie-ing by texting me again.","I texted him last night, but I got NR.","He vibed with coworker, feelings were there but we didn't move on it. Now distanced. GF wants an IRL talk. What do I do? (IRL = In Real Life)",0.550125976926402,0.5739361643791199
" I failed myself and a good friend out of college, got her barred from ever seeing me again or coming back to campus, and almost got myself thrown out. Moral of the story is stay in school and drugs actually are bad.","Just dipped back from chillin' with my crew at the park, fr fr.","Just dipped back from chillin' with my crew at the park, fr fr.","Had a minor ACDNT on the way home, but I’m okay.","Almost flunked out with my homie, now she's blocked on all platforms and can't even step foot on campus, nearly got kicked off too. Lesson learned: keep it clean and school is lit, fam. Drugs ain't cool. 😎👎",0.7765975892543793,0.5531951785087585
" I told an inappropriate song to a classmate and then lied about ever telling it to him, which may have put his life in jeopardy from a crazy teacher.","He keeps telling me I’m overreacting, but I think he’s gaslighting me.","Can’t talk about it now, TIR.","He really made me mad, I just wanted to tell him FOAD.","I spilled some wild lyrics on my classmate and then fibbed about it, maybe putting him in hot water with a nutty teacher.",0.656462052109499,0.5650016665458679
" How fast is too fast to say ""I love you"" and become sexually active with the person you are in a relationship with if they are one of your best friends?",We’ve been in an LD relationship for a year.,"We’ve been hanging out a lot, but it’s just a situationship.","They’re not dating, just FWB.","When's it too soon to drop the L-bomb & get physical if they're your BFF, ya feel me?",0.40089203066442813,0.386271595954895
 two year long distance relationship possibly fizzled and I initiated a breakup and now I don't know if this is the right thing to do.,We’ve been in an LD relationship for a year.,"We’ve been hanging out a lot, but it’s just a situationship.",We’ve been in an LDR for two years now.,"My 2-year LDR might've ended and I called it off, but now I'm doubting if that was the move.",0.3794060217376561,0.37100040912628174
 I am suspicious that my SO has been making up stories in order to get pitty. I have an ex who did the same thing. I feel like I'm an asshole for doubting her.,She's throwing shade at her ex.,"I’ll handle it myself, MYOB.","She’s always late—kind of a pink flag, but not a dealbreaker.","She's probs tryna play the pity card and it's giving me deja vu vibes from my ex. But I feel sus for calling her out, yk?",0.42594777666795947,0.408682256937027
 I like this girl who isn't single but gives me alot of attention throughout the day and I'm unsure of how to proceed.,She’s a GRL I met online.,"Stop messing around, get your HUYA and focus!",Stop simping over her.,"I'm diggin' this girl who ain't single but hits me up all day, gotta figure out my next move.",0.5404532457652844,0.5545907020568848
 think I've been friend zoned because she blows up my phone and wants me to do family shit with her but there's nothing more emotionally or physically. or maybe I'm just being used.,My BF and I have known each other for years.,"They’re not dating, just FWB.","She’s my FBB, we met through a group.","I think I'm friendzoned, she hits me up non-stop for fam time, but no romantic vibes or physical action. Or maybe she's just using me.",0.6315523575877879,0.5705839395523071
" Girl at work is manipulative and I don't see how she benefits from continuing her trickery, but I'm trying to prepare for her next move.",She’s such a PYT!,My G/F is meeting me after work.,"That woman asked to speak to the manager, total Karen move.","She's crafty AF, can't figure out why she's playing games, but gotta stay on my A-game for her next play.",0.4050805682620844,0.3946486711502075
" If you're raising someone else's kids, how does child support work? And also the bio parents have no income?","PIR, can’t talk about that right now.","I’ll be late, need to PUKS.","POS, talk later.","IF U AIN'T RAISING THE KIDS, HOW CHILDSUP WORK? N THEY BIO PARENTS HAVEN'T GOT DOLLARS? (I had to get a little creative there since ""child support"" isn't a common term in Gen Z slang)",0.7213591877113088,0.7778984308242798
" Need help figuring out how to become a more attentive, better boyfriend as I've dug myself into a rut of bad habits and lazy responses.",Stop simping over her.,"All you do is play video games, GAL!",He's so thirsty for likes.,I need tips on leveling up my game 'cause I'm stuck in a cycle of being too chill and unresponsive as boyfriend.,0.4629200810870966,0.5103276968002319
 Roommate got a girl pregnant and she lied about being on the pill. She won't abort or put it up for adoption. How much is he legally obligated to support the child?,"I don’t know the law on this, IANAL.",He's such a simp for her.,"INAL, but I think you should get legal advice.","Yo, if roomie knocked her up and she ain't ready to terminate or give up the baby, what are his legal responsibilities financially? 🤰💰👶",0.5960303287839626,0.49953988194465637
" How can I forget this, move on and accept that they are together now, just like before I and she did. How do I accept the intimacy between them and all this? I'm really lost in what comes to this.","We’ve been hanging out a lot, but it’s just a situationship.","Everyone’s cuffing this fall, it’s relationship season.",We’ve been in an LD relationship for a year.,"I'm struggling to deal with them being back together, gotta let it go and accept the new couple vibes. Feeling lost af about this whole situation.",0.7098165926345498,0.5609074234962463
 Old crush just recently separated from his wife and wants to fly me to his state to hang out with him for week. Am I wrong for wanting to go?,"We’ve been hanging out a lot, but it’s just a situationship.",We’ve been in an LD relationship for a year.,I’m going fishing with my OM this weekend.,My ex wants to slide back into my DMs and fly me to his state for a week. Is it really that bad if I flex on the gram? 🤷‍♀️🌴🔥,0.4118505182193587,0.38048774003982544
" Bf always forgets to mention things, especially about girls. Says he doesn't remember because they're small and unimportant. Can't tell if he is lying to avoid upsetting me or genuinely forgetful.","He keeps telling me I’m overreacting, but I think he’s gaslighting me.",I think he’s benching me—he texts but never makes plans.,"I couldn’t believe what he was saying, STFU!","Bf's always got that ""slip my mind"" thing going on, mostly 'bout girls. Claims he can't recall 'cause they're not a big deal. Dunno if he's fronting to spare my feels or just plain forgetful.",0.7181495073924764,0.771479070186615
" What would a company have to offer to make it irresistible to ride your bike to work? If they compensated you for the difference of time between riding and driving, would that work?",I’ll be taking my POV on the road trip.,"Oh, another road trip? BTDT.",That rollercoaster was X-1-10!,"If a job offered free swag & cash for biking, would they be lit enough for ya? 🚴‍♂️💰✨",0.4106383690626007,0.4611659348011017
" Long distance relationship taking a toll on my sanity, feeling like a failure if I break it off and afraid of making the biggest mistake by letting him go by getting ""cold feet"".",We’ve been in an LD relationship for a year.,"We’ve been hanging out a lot, but it’s just a situationship.","He keeps telling me I’m overreacting, but I think he’s gaslighting me.","Long-distance is draining my mind, scared to end it cause feeling like a fail, but also anxious about dropping him for fear of getting ""cold feet.""",0.6575131568221835,0.761009693145752
 I puked on my first communion day and had to take communion alone on a different day. Am now an atheist.,Not you eating the last slice of pizza!,I hit up the grocery to snag some snacks.,"You ate my last slice of pizza, 182!","Ayy, I barfed on comm day, had to reschedule for solo comm. Now I'm agnostic vibes.",0.4397540743413724,0.35319235920906067
" Should I pay in full by myself to break the lease since I'm the one leaving, even though he can afford to live here by himself?","You need tax advice? IAAA, I can help.",Did you ACPT the terms of the contract?,"Need legal advice? IAAL, happy to help.","Yo, should I drop a lump sum to break leas since I'm outta here and all, but he's got it covered on his own anyway? (IAOTLSLSDBL, EABTLBSA?)",0.5778427850919416,0.3523614704608917
" we are happy together, I love her and she loves me. However, my passion for her decreases, and I find myself too much thinking/looking at others.",Stop simping over her.,"We’ve been hanging out a lot, but it’s just a situationship.",We’ve been in an LD relationship for a year.,"Aye, we're vibing hard, I'm mad into her and she feels the same. But my feelings for her are fading, and I can't help but peep other people.",0.4731574768504938,0.5308024883270264
" my daughter, starting kindergarten in a week, does not have a teacher yet, and will be in a class mixed with per-kindergarteners.",We’re having a PTO meeting at the school.,She’s doing great as an NQT!,"Can’t talk about it now, TIR.","My kid bout to start K next week w/o a teacher yet, mixin' with preschoolers.",0.5547144280906529,0.7216172218322754
" My boyfriend sighs & gets defensive when I bring things up, it makes me anxious about trying to bring things up with him, it's becoming a dealbreaker & I don't know what to do.","He keeps telling me I’m overreacting, but I think he’s gaslighting me.","We’ve been hanging out a lot, but it’s just a situationship.",My B/F is meeting me later.,"He always signs & claps back when I air my grievances, and it's making me jitters about speaking up with him, idk what's good.",0.5964661184440359,0.5281122922897339
" I thought I was a porn star last night and didn't know about it, but eventually hit reality and found out it's just a twin I don't know about :)",Keanu Reeves is my dad.,CFS? I have some juicy gossip.,"OMG, I can’t believe it!","I thought I was a porn star last night lmao, turns out it's just my long-lost twin 😂😂",0.5756445200984828,0.8188790678977966
" Trying to protect my dog, bought a dog toy that resembled a sex toy an offended an old lady and young child.","Look at that dog, such a QT!",I left a GIC for the baby shower.,Send me a PIC of your new puppy!,"That time I copped a funny-lookin' dog toy, ended up lookin' like a NSFW toy, and both an OG lady and a yute were trippin' out! 😅",0.612163925517629,0.5595079064369202
" Ok so divorcing she takes the common sense route of being able to support our son but not a 2nd kid and would abort out of ""necessity""/","She’s always late—kind of a pink flag, but not a dealbreaker.",She’s listed as a DWF in the profile.,"She just turned 18, officially at the AOM.","She's choosing smart, only keeping our son and abortion as a last resort 'cause can't afford another kid.",0.5304859394512018,0.6454594135284424
 Hate running? Challenge yourself to jog for 20 minutes today. You can only do one pushup today? Shoot for two tomorrow. You can only get better if you keep at it!,I'm dead after hittin' that session today.,"I'm wiped after hustle all day, fr fr.","I'm wiped after hustle all day, fr fr.","A'int got time fo' runnin', but lemme tell ya, try smash a 20-min jog sesh today. If yuh can't do no pushups rn, aim for two tomo. Keep grindin', cuz improvement ain't gon' come easy!",0.7177632886947357,0.715304970741272
 In an amazing relationship with my GF of 10 months. Long distance for 4. It's very hard to be away from her and I don't know whether I should consider going back.,We’ve been in an LD relationship for a year.,I’m going out with my GF tonight.,"We’ve been hanging out a lot, but it’s just a situationship.","We're killin' it in this LD situation, been together 10 months strong. Distance sucks, but should I pop up and rejoin the fun?",0.6011138010223156,0.5928093194961548
" GF took vaporizer that she bought to replace mine she broke, moved out and took it back without telling me. What to say?",I SPTO her about the event.,"She brought a whole suitcase for a weekend trip, she’s so extra.","We were talking for weeks, and then she just ghosted me.","GF swiped my vape replacement, bounced without a word, and snatched it back. WTF?! 😭💔",0.5641811991992749,0.6020466089248657
 As a first timer I cant work up the courage to go out with an amazing girl because she has had some bad relationships and is moving 2 hours away in the fall.,I’m going out with my GF tonight.,She’s a GRL I met online.,Stop simping over her.,"Aye, I'm a newbie, can't muster the nerves to vibe with this bomb GRL cuz she's been through rough breakups and gonna move far away come fall.",0.42759903324277776,0.32888227701187134
 Breakups suck and I really don't want to dwell on mine more than I already do. Know any good breakup tunes/shows/movies which are distracting rather than on the nose?,I'm all about JOMO these days.,I'm lowkey drained today and not tryna pop off outside.,I'm lowkey drained today and not tryna pop off outside.,"Need some feel-good vibes to forget 'bout my ex? Got any recs for some non-cringey breakup tunes, shows, or movies? 🎵🔥📺",0.5905284645484755,0.7378436326980591
" Boss plays favorites at work, making myself and other employees frustrated, no one brave enough to speak up about it. What should I (we) do?","You’re acting like the boss, WDALYIC?",I landed a CRIT on the boss!,"Quiet, B9!","Boss be cap at work, got us salty AF, no one ballsy enough to call 'em out. Idea? 🤔",0.41212142132986285,0.38102954626083374
 I don't know if I will be able to fulfil my dream of being a family man while working at the career I'm interested in.,Got to get back to RW responsibilities.,"I’m not looking for anything serious, just NSA.","I'm gonna do it, YOLO!","Ain't sure if I can balancing fam life and job vibes, gotta prioritize that dream career tho.",0.5515266808776644,0.5490367412567139
 Parents keep making unwanted/unwarranted comments about my weight. Why do they keep doing this and how can I get them to stop?,"POS, talk later.","PIR, can’t talk about that right now.",Our school has a ZOT policy for bullying.,"Mom and Dad just keep roasting my body, why they gotta do me like that and how I even stop 'em?",0.5041799257171451,0.5374457240104675
" Spilt iced coffee all over Starbucks kiosk in Stop and Shop, escaped, and now I am the coffee asshole.","I just spilled coffee all over my desk, LOL.",I hit up the coffee spot this morning to snag my fave latte.,I hit up the coffee spot this morning to snag my fave latte.,"Spilled iced coffee all over the Starbs corner at Stop 'n' Shop, bolted, now I'm that coffee jerk.",0.5166733236854426,0.7009366750717163
" Coworker says I'm Joey from Friends because I'm ok looking and am really dumb. Has often makes similar remarks. I am offended but am self conscious of my intelligence. Not sure what to say, if anything.","He keeps telling me I’m overreacting, but I think he’s gaslighting me.",‘Be yourself; everyone else is already taken’—QOTD.,She jokingly said TDTM during the chat.,They keep calling me Ross when I'm more like Chandler—it's triggering cuz I ain't no dummy. 🙄🤷🏼‍♂️🤷🏼‍♀️ Idk if I should call them out or just chill about it.,0.4893914315013674,0.4247662425041199
 I fear I have made a wrong decision. A decision that will hunt me for years to come. I decision that will take me away from a woman I wanted to marry.,"Before making a decision, think WWJD.","I’m not looking for anything serious, just NSA.","You messed up my plans, FU!","Yo, I think I dropped the ball big time, this decision is gonna haunt me for ages. Gonna cost me the girl I was planning to tie the knot with. 😔💔",0.5419951725204235,0.4745720624923706
" 21 year old with no direction in life. Don't care about school and trying to 'figure it out'. Have 5 months and limited cash. If you were me, what would you do?","What’s your plan? IGN, honestly.","I’m not looking for anything serious, just NSA.",I’m trying to stack up this gaup before the weekend.,"I'm a 21-year-old lost puppy, ain't got no map for life. School ain't my thing, just wingin' it. Got 5 months left and some bread. If I was you, what would y'all do, Homie?",0.5319843094104545,0.4822511672973633
" Hired 6 months ago as an intern, $12/hour, boss quit, other boss quit, now working directly under CEO/VP, long term projects, analytical work, SEO work, feels like I earned a raise.",The pay raise will be RTRCTV to last month.,"Work was tough today, but ADAD.","I got the promotion, WTM?","Bosses gone, now I'm W2K (working with the king, AKA CEO/VP). 6 mos ago starter as an intern, $12/hr, but TBH (to be honest), it's been lit with long-term projects, analytical work, and SEO. Feels like a well-deserved bump in my paycheck is due, RTRCTV (retroactive) maybe?",0.747151750028959,0.6355777382850647
" How do I make it up to a friend after I didn't reply to the evening invite of her wedding then still showed up, and also didn't bring a gift?",She texted me LHSX after the party.,She wore the same dress as the bride at the wedding? Big yikes.,My DW planned a surprise for my birthday.,"How do I salvage the situation with my pal after ghosting the pre-wedding invite, crashing the event without a present? Big OOPS.",0.622774223541619,0.6638309955596924
" awesome boyfriend has been taking care me while I've been sick, what can I do to show how much I appreciate him?","Sending you O, hope you feel better soon!",Take care and HAWT!,"I have to run some errands, BBL.","My bf's been lookin' out for me when I've been under the weather, any ideas on how to show my appreciation? 🔥💕",0.440086705367651,0.6308659315109253
 My SO is very possessive and insecure. He has major trust issues and I can't handle it. I don't know what to do.,"He keeps telling me I’m overreacting, but I think he’s gaslighting me.","We’ve been hanging out a lot, but it’s just a situationship.","He buys her gifts every day, he’s such a simp.",My bae is too clingy and paranoid. Got major trust issues that are messing with me. Don't know how to cope.,0.5157281468284427,0.5605421662330627
" Joked with a large Chiptole employee to chear him up and accidentally mocked his medical condition, making him break down during his shift.",That prank had me LMFAO!,I tried making a joke but it was MUAH.,That stand-up comedian had me LSHMBH!,"I tried clowning around wit da big Chip guy to make him vibe but ended up roasting his health issue, sendin' him into tears on the job 😓😅",0.5243288884532749,0.577743649482727
 I want to tell my parent's that I don't want to go on our annual vacation this year. Don't want to disappoint my parents though and freaking out.,It’s nice to have a P2P discussion about school events.,WIBNI we could take a vacation right now?,"We stayed out late, KPC!","Aye, gotta break it down to my folks I'm copping out on da annua vacay this yr. Don't wanna let 'em down, but gosh, it's stressin' me out!",0.39375836880996284,0.17809845507144928
 boyfriend has questionable interaction with his exes. I got nervous and acted a little irrational. He went off on a rant of hurtful words.,"He ghosted me months ago, and now he’s zombie-ing by texting me again.","He was being so rude, so I gave him the MLM.",He's tight about what happened.,"BF got sus with exes, so I lost it and acted extra dramatic. He spazzed out with some harsh truth bombs.",0.6786957819045746,0.6371699571609497
" I am ruling you with my emotions.  Do everything to please them, or pay the price.  What kind of relationship is this?","They’re not dating, just FWB.","Everyone’s cuffing this fall, it’s relationship season.",Sending you LOLO from across the miles.,"You're playing me like a puppet with your feels. Gotta feed 'em right or face the consequences. Is this some toxic bae situation? (I had to mix a bit of old and new slang for this one, as ""bae"" has been around for a while but isn't strictly Gen Z.)",0.6687504202127457,0.33750084042549133
 Boyfriend emotionally cheated on me by being emotionally intimate with many girls online. Don't know how to move past the situation and have a healthy relationship.,"We’ve been hanging out a lot, but it’s just a situationship.",I met someone through OLL!,He’s into ERP in online games.,"BF got emotional on multiple OTWs online, ain't sure how to get over it and keep things real in a new relationship.",0.6039664405204582,0.7093179225921631
 Girlfriend is overreacting to me not answering her calls and I honestly think her way of thinking is a little strange.,"She’s always late—kind of a pink flag, but not a dealbreaker.",Stop simping over her.,"We’ve been hanging out a lot, but it’s just a situationship.","GF's trippin' 'cause I ain't answering her calls, and tbh her vibe feels a bit extra.",0.35602400466345685,0.4350396990776062
 Going to California for three weeks in July with nothing but a backpack and a longboard.  What do I do to have fun and survive?,"I'm sooo hyped for my trip to the beach, it's gonna be lit!","I'm sooo hyped for my trip to the beach, it's gonna be lit!",What’s YA plan for the weekend?,"Heading to Cali for three weeks in July, just me, my 'yard (backpack), and longboard. What's the tea on having a blast and thriving?",0.4894847931789229,0.5357562899589539
" Lowes, bestbuy, and comcast have not delivered on services paid for or deliveries/installs set up based on their rules. Anything to do besides bend over?",I sent the package to your ADR.,Did you ACPT the terms of the contract?,"I sent the message, still waiting for a QSL.","Lowes, Best Buy, and Comcast ain't holding up, no cap? Got options other than get bent over?",0.5181998478408665,0.6485880613327026
" I invited a girl over, got high, the lights turned off and mood music was playing making it look like I was fully trying to seduce her...",Are you bringing a MOOS to the party?,She texted me LHSX after the party.,I gave her a KOC when we said goodbye.,"I invited a GURL OVA, smoked some FB (short for ""fireblunt""), dimmed the Lights, and played some VIBEZ making it seem like I was TRYING TO MOVE on 'em.",0.6976676021091165,0.6197119355201721
" No father figure, unsure of life, no motivation (not unhappy, weirdly) need something to get interested in and pursue.","PIR, can’t talk about that right now.",He’s a DWM looking for a new start.,"He’s such a MOMBOY, always calling his mom for advice.","He's lit without a dad vibe, got no direction, zero mood for anything but needs some new hype to be into and chase.",0.5371220554754015,0.43712499737739563
" I'm a brony and am afraid to say anything about it for fear of being ostracized by my friends and being thought of as ""the weird one"" in my family.",We need to normalize mental health talks.,Let’s meet F2F to discuss the details.,"I'm just gonna bloque with my squad this weekend, no cap.","Aye, I ain't gon' lie, I'm pretty much a pony lover (brony) and it's scary to spill the tea (talk about it) since the squad might judge me harshly and fam might think I'm a lil' extra.",0.520499014499445,0.2930755913257599
" Im fat, always been fat, fiance is freaking out at me over not wanting to analyze the finer points of it on his terms.","He keeps telling me I’m overreacting, but I think he’s gaslighting me.",I’m meeting my BF for dinner.,I’m going to dinner with my P tonight.,"I'm big, always have been, bae's trippin' cause I ain't down for deep-diving into my weight with him.",0.3593844095260483,0.3586580157279968
" I got really into Worms 3, and humiliated myself in front of people by reenacting a weak version of Fight Club.",I joined a PUG for the dungeon.,I got ganked while questing.,I’ve been playing RS all weekend.,"I went ham on Worms 3, embarrassingly recreating some weak-ass RP at the lobby.",0.5825671317504714,0.7219209671020508
" Our relation was perfect, went into university, screwed it up now don't know if we should break up or just give it another try.",We’ve been in an LD relationship for a year.,"We’ve been hanging out a lot, but it’s just a situationship.","Even though we’re miles apart, we’re BFFLNMW.","Yo, things were lit before uni, but I messed up big time now. Not sure if we should call it quits or just take a second chance on us.",0.4784064988845603,0.37509554624557495
" I think my boyfriend has lost interest, he never plans dates and I have to practically ask him to be intimate with me. He has an unusual temper towards me.",I think he’s benching me—he texts but never makes plans.,"We’ve been hanging out a lot, but it’s just a situationship.",My B/F is meeting me later.,"My B/F ain't feeling it anymore—he don't plan dates, always gotta ask for the deets, and got a weird attitude goin' on.",0.47760722590120214,0.4288986623287201
" girlfriend is severely depressed to a horrible relationship she was in, destroyed her completely and now our relationship is lacking growth. Help please.",Stop simping over her.,"She’s always late—kind of a pink flag, but not a dealbreaker.",She's living rent-free in my mind.,"Girl's ex drained her, we're vibeless now—need tips, help!",0.41337291615656535,0.4943358600139618
" My girlfriend of 9 months and I get into a fight and it gets to the point where she cant hold back emotionally, and her parents hear and her dad gets mad and physically abuses her.",She's so extra with her drama.,Stop simping over her.,"She’s always late—kind of a pink flag, but not a dealbreaker.","My GF went off on me for like 9 mths, then her pops hears and goes ballistic, starts physically abusing her. (Note: This is a serious issue and should not be trivialized or condoned in any way. Physical abuse is never acceptable.)",0.6996406790622384,0.5405555963516235
" Wife thinks clean is having a clean kitchen counter , I think clean is putting things back and not leaving them everywhere. It drains me and I feel defeated by it.","I told you to clean your room, 4COL!","BRB, GGP!","Sorry, MNC—I’ll be right back.","Wifey thinks clean is just the kitchen counter, but tbh, I think clean means putting stuff away and not being messy all over the place. It's draining, bruh, and I just can't win with this mess! 🤯💔",0.7153956341941601,0.8213729858398438
 girlfriend went out and dated and I didn't think she was seriously going to... I know this guy too and sent a message to him.. Fuck this guy. Really. >:(,"She texted me, IWSN!","She’s breadcrumbing him, always texting but never wanting to meet.","I texted him last night, but I got NR.","GF played me, hit up that dude instead 💔😠😭🤬",0.2921928153308805,0.4181806445121765
" Girl I really like was upset about me not talking to her, didn't give me her number, things got awkward, can't tell if she wants to talk/is interested.","She texted me, IWSN!","We were talking for weeks, and then she just ghosted me.",She texted me LHSX after the party.,"Girl was mad cuz I wasn't hitting her up, no number drop, vibes were weird, dunno if she tryna chat or feel me like that.",0.6692575406169627,0.6459943056106567
" after losing lots of weight quickly before, the exact opposite is happening, and I'm just about ready to give up.",I'm dead after hittin' that session today.,"I'm kinda dead today and mood's kinda off, fr.","I'm kinda dead today and mood's kinda off, fr.","Aight, but after droppin' a lotta pounds real quick, it's like the reverse is happenin', and I'm almost ready to throw in the towel.",0.602153558645222,0.5117863416671753
 New girlfriend concerned over some texts I sent while we were talking. I did much worse than text and hooked up with others during the talking period. Should I tell her or is it okay to mislead her?,She had to swerve that awkward conversation.,"We were talking for weeks, and then she just ghosted me.","She’s breadcrumbing him, always texting but never wanting to meet.",She's trippin' 'bout some messages I sent while we were chatting. I hooked up with other people during that time too. Should I spill the tea or just keep it low-key?,0.6658422190726959,0.6114628314971924
 Some man was taking his dog for a walk off leash and saw a crazy lady (me) pull over & try to kidnap his dog.,"Yo, just peeped the cutest pupper on my walk, fr.","He cut me off in traffic, WAJ!",That story was SAL!,"Yo, some dude was strollin' his pup without a lease and this wild chick (me) swerved over to snatch his doggy, lit!",0.6674768272529348,0.6701337099075317
" some skills, some shortcomings, not sure what I should do for work while I wait to be able to go back to school for engineering and would like some help with ideas! :)","ISO a new job, any leads?",Looking at art galleries for some inspoo.,I’m trying to CR8 a new design.,"Needin' some skillz, got a few weaks, debatin' 'bout my side hustle while on school break for engi. Any brainstorm sesh ideas? :D",0.5051820676082389,0.42864668369293213
 Gf just told me she was talking to a neighbor she had a thing with. She gets upset if I even see someone I've been with. Am i wrong in being upset?,Stop simping over her.,She's throwing shade at her ex.,Are you bringing a MOOS to the party?,"Aye, you're getting salty 'cause your GF's chatting up her ex-thingy and you can't stand it when she's friendly with other peeps? Nah, you ain't wrong for feeling that way, but maybe chill a lil' bit.",0.6120677884265657,0.5870164632797241
" Male friend has been living with GF for 6 months, today posted message on FB saying he's looking for a 1 bedroom apartment in the area. Looking for advice as friend.","He’s just an FBFR, we don’t talk much.",We’re finally FBO—changed our relationship status!,"They’re not dating, just FWB.","Homie livin' w/ bae for 6 mos, just posted 'bout seekin' a 1BR apt nearby. Need some tips, fam!",0.4497072758601973,0.4562012553215027
" 7 year old walked in on us, didn't see much but still knows what's up. Is it too early for the talk? And it probably shouldn't be after experiencing that.",Let’s meet at 7 for dinner? SLAP!,"Can’t talk about it now, PRW.","I’m with MISS.3, we’re going to the park.","YO, LIL HOMOE WALKED IN ON US, CATCHED A GLANCE BUT STILL KNOWS WHAT'S UP. SHOULD WE DROP THE CHAT NOW? AND IT MIGHT NOT BE A GOOD IDEA AFTER THAT EXPERIENCE.",0.60234998055112,0.4844783544540405
" Girlfriend is unhappy and asked for a break. I agreed, then changed my mind with the idea that a break won't solve our issues, only an open conversation","She’s always late—kind of a pink flag, but not a dealbreaker.",I’m going out with my GF tonight.,"We’ve been hanging out a lot, but it’s just a situationship.","GF's bummed out and wanted a breather. I said cool, then reconsidered, figuring a break ain't gonna fix our problems, only an honest convo will.",0.6627764295673106,0.6330320835113525
 I want to leave boyfriend who gives ultimatums and guilt trips me but I'm scared about what he's going to do.,I think he’s benching me—he texts but never makes plans.,"He keeps telling me I’m overreacting, but I think he’s gaslighting me.","We’ve been hanging out a lot, but it’s just a situationship.","I wanna ditch my boo who's always dishing out ultis and guilt trips, but I'm spooked 'bout what he'll pull next.",0.36983917302702274,0.32416588068008423
" Met guy off R4R a little over 3 weeks ago, might be moving too fast by planning way too many things to do together. Don't know if I should slow it down a bit?","We’ve been hanging out a lot, but it’s just a situationship.",We’ve been in an LD relationship for a year.,"Hurry up, YTTL!","Hit up new homie from R4R bout 3 weeks ago, think we're vibing too hard with all the plans, wondering if I oughta chill a lil?",0.5128906327106285,0.5271663069725037
 ]: Little shit head of a pizza delivery driver continues to ring and pound on door after I had left instructions to call do to having an extremely aggressive dog. He's lucky my dog didn't rip him a new ass hole literally!,"Look at that dog, such a QT!",My dog has the zoomies.,My dog has the zoomies.,"Damn, that pizza dude won't quit! Left clear instructions for call only, yet he still tries breaking in with the ruckus. Lucky he ain't got my dog's wrath, or else he'd be missing one! 🔥🐶💪🏼",0.5745521145679283,0.6504892706871033
" they called me a loser and ugly, and I feel like a ugly loser too, any help on how to overcome this awful feeling?","Don’t worry, TTTT—it’ll get better.",I'm mad tired today and not vibing to hang out.,I'm mad tired today and not vibing to hang out.,"Aye, someone called me a sad clown and it's messing with my vibe. Any tips on getting outta this funk? 😊",0.4608378822288355,0.5061632990837097
 partner doesn't want to be with our daughter on her birthday and wants to play MTG instead and wants to see her the next day for her party instead.,We’re having a PTO meeting at the school.,I'm hella drained today and totally vibing solo — not tryna hit the party.,I'm hella drained today and totally vibing solo — not tryna hit the party.,"partner ain't feeling the vibe on your girl's bday, wanna play MTG instead, then hit her party the next day.",0.6366363073650159,0.7469568252563477
" 30/m/ca, 10 days in late Sept '15, under $2k total max, depart Los Angeles, wanderlust, walkabout, no reservations, hit me with it!",What’s your ETA? The meeting starts soon.,You’re moving to LA? Fr?,"AAMOI, do you know when the meeting starts?","Aight, so ya tryna travel somethin' big next Sept? Low key budget, but less than 2k, no hotel bookings, just vibes. Departure city LA. Got that wanderlust callin'. Drop the destinations, fam! 🔥",0.7725053203403124,0.6308832168579102
 Bipolar or Schizophrenic father poisoning our life. How do we proceed? We want him hospitalized or out of our life.,"I’m so mad at him, he can BIH.",We need to normalize mental health talks.,Stay safe and TCOY.,"Dad's bipolar/schizo, making life a mess. What now? Hospitalize him or cut ties? 😞🏥👉🏻 block him",0.6122476222442458,0.7812819480895996
 My ex just texted me after 1yr no contact. Still unhappy about how we broke up. What's a mature response?,"I texted him last night, but I got NR.","She texted me, IWSN!","He ghosted me months ago, and now he’s zombie-ing by texting me again.",Ex just hit me up after a year of dead air. Still salty 'bout that breakup tho. Wyd move now?,0.45979498496015975,0.5317783355712891
" I like a girl, guy friend of mine knows how I feel, but dates the girl anyway. Should I stay friend with him or forgive?",I only see him AAF.,"Before making a decision, think WWJD.","Even though we’re miles apart, we’re BFFLNMW.","Yo, my homie's dating the girl I'm feeling hardcore, but he already knows. Should I stay chill or just let it go and be cool again? #FriendshipGoals",0.6078449774564468,0.4954683482646942
" I still love my ex, my life is in the gutter, and I don't think I can move on unless I can stop loving her or unless we somehow fix this.","It happened a week ago, GOI already.",You’re still talking about that? GAL!,"She’s always late—kind of a pink flag, but not a dealbreaker.","I still got feelings for my ex, life ain't been lit since the breakup, can't vibe unless I figure out how to let go or find a way to make things work again.",0.5653009916606702,0.6042861938476562
" In a long-distance relationship, but infatuated with another girl who I can't stop thinking about having sex with but don't see myself getting involved with her long-term.","We’ve been hanging out a lot, but it’s just a situationship.","I’m not looking for anything serious, just NSA.",We’ve been in an LD relationship for a year.,"I'm LD w/ someone but I can't stop fantasizing 'bout this other chick, but ain't tryna get too deep w/ her. Just keepin' it casual, you know?",0.48846892591493607,0.4783228933811188
 My ex and I had a good breakup and still hold feelings for one another. We're currently in a strictly physical relationship and I want to know if I'm making a mistake,"We’ve been hanging out a lot, but it’s just a situationship.","She’s always late—kind of a pink flag, but not a dealbreaker.",We’ve been in an LD relationship for a year.,"Me and my ex broke up clean but we still got feelings, we're just fwben (friends with benefits) rn—wondering if I'ma regret this",0.5462460631809076,0.676979660987854
 is England/Ireland/Scotland reasonable for 2-3 weeks? Is it better in early Sept or early Jan? Any better destination ideas?,What’s YR plan for the weekend?,I’ve got a busy WK ahead.,What’s your ETA? The meeting starts soon.,Is UK/IE/SCOOL good for 2-3 weeks? Best time in Sept or Jan? Got any bettah dest spots?,0.5490307571815322,0.6548482179641724
" Fell in love with my best friend, she turned me down she because she doesnt want to ruin our friendship, I really want to date her and Im stuck. ","She’s my BFF, we tell each other everything.","Even though we’re miles apart, we’re BFFLNMW.",We’ve been BFFL since high school.,"Aye, I fell hard for my BFF but she ain't feeling it 'cause she don't wanna mess up our vibe. I'm tryna make a move on her but I'm stuck in the friend zone. 😢💔",0.4969953554488945,0.49537575244903564
" met a guy younger, tried to teach him, ended up biting off my own foot and now i think i've lost him forever.  can i somehow fix it?","Oof, that must have hurt.","I’m so mad at him, he can BIH.","He ghosted me months ago, and now he’s zombie-ing by texting me again.","Dang, I schooled this kid, but turns out I went too hard and lost a chunk of my vibe. Now he's gone for good? Is there any way to win him back?",0.5323560285766369,0.45529377460479736
 I used to enjoy ogling sexy cosplay like a perv. So now I imposed a wierd kind of abstinence on myself.,"You can go ahead, but AYOR!",Living the boujee life.,Posting my OOTD for Instagram.,"Used to peep hot cosplay like creepin', so now I'm on that self-control grind.",0.5071918482265314,0.5988712310791016
" got dumped overseas, being strung along so we can 'fix things as friends', seeing her tomorrow what important questions should i ask?",I’m going out with my GF tonight.,WRUD later tonight?,"She’s my BFF, we tell each other everything.","Got dumped abroad, stuck in FWB limbo, seein' her tomor, what tough convos should I hit up?",0.6129937465831514,0.5888683795928955
 On & Off Again Relationship; 22 F 22 M; Male won't say I love you. Is he still serious about us? .,I think he’s benching me—he texts but never makes plans.,"I texted him last night, but I got NR.",He sent me a flirty message saying TD2M.,"They keep playing games—it's a yoloship, both are 22, dude won't drop the L-bomb. Is he tryna play me though?",0.4241406577445793,0.3496663570404053
" Does anyone else feel like the chemicals in their brain haven't gotten used to their new weight, and are going haywire?",DITYID about how stressful work has been?,I'm hella exhausted after this whole vibe of a day.,I'm hella exhausted after this whole vibe of a day.,"Ya'll feeling like ur chemicals ain't adapting to da new weight, goin' bananas?",0.5914101260520744,0.6842052936553955
" Slept with my former FWBs best friend, he's upset even though he told us to go for it, their friendship is rocky now, what do","We’re not as close anymore, just BFFN.",We’ve been BFFL since high school.,"Even though we’re miles apart, we’re BFFLNMW.","He's salty I hooked up w/ his ex-FWB, even tho they said it was cool, now their friendship's iffy, what now?",0.6248469154590385,0.6679763793945312
 my girlfriend is cool but her parents don't allow her to date and we are doing it behind their back. I'm a little jealous and clingy to a certain degree. Any advice on how to deal with my weird emotions?,Stop simping over her.,"PIR, can’t talk about that right now.","She’s always late—kind of a pink flag, but not a dealbreaker.","My gf chill af but her folks ain't down with us sneakin' it. I'm feelin' a lil' possessive and needy, any tips for handlin' these awkward vibes?",0.5483243662317043,0.48723044991493225
" A friend interrogates me about my crush, I give him the identity of my crush because I am an idiot, he decides to tell my crush directly that I like her tomorrow. I'm nervous as hell about the aftermath.",I only see him AAF.,"After that presentation, I’m CID.",My B/F is meeting me later.,"My B/F exposes me to my crush that I got a crush on 'em (cuz I'm a goofball), and now bro's gonna spill the beans tomorrow. I'm FROZEN AF about the fallout.",0.6106590222453807,0.5287972688674927
 A guy I've been dating for 2 months isn't really over his ex and she might be pregnant with his baby. Idk if I should stay with him or leave.,He's such a simp for her.,He's such a simp for her.,"Before making a decision, think WWJD.","He ain't really moved on from his ex (potential baby mama), got me in a pickle. WYD?",0.5120180959186396,0.6085237264633179
" Seeing a girl for a few weeks, and have slept together. I want to go on a date with a different girl but feel weird about it.","We’ve been hanging out a lot, but it’s just a situationship.",I’m going out with my GF tonight.,She texted me LHSX after the party.,"Hit it up with a new chick while still vibing with an old one, but feeling guilty 'bout it.",0.41441655328234145,0.44102147221565247
" Was a miserable Finance major a year ago, now I am doing what I love with computers, and have a great internship lined up this summer as a Software Dev. [I also made an app for you guys](","I’m not looking for anything serious, just NSA.",BOL on your new job!,I’m running a new PROGGY on my laptop.,"A yr ago, I was grinding as a Miserable Financier, but now I'm living the dream with comps, got a sick internship coming up this summer as a SD (Software Dev), and even dropped an app on ya! 🔥🙌📱",0.8149589073955187,0.7157903909683228
 I'm in my first relationship and paranoid about the way my girlfriend acts around me and I'm scared of screwing up.,"We’ve been hanging out a lot, but it’s just a situationship.",I’m going out with my GF tonight.,My G/F is meeting me after work.,"I'm in a relash and lowkey feeling some jealous vibes 'cause my GF got me spooked by her moves, and I don't wanna mess this up.",0.45931972662332643,0.4477253258228302
" there is a young boy that cannot find a home because none of his family will take him in. The police have been of no help, it has preachy been taken to court. Do you have any suggestions?","IDK where he went, maybe check upstairs.","Need legal advice? IAAL, happy to help.",Going to visit my OL this weekend.,"Yo, got a kid with nowhere to crash cos fam ain't stepping up. Cops ain't helping, case went to court. Got any ideas?",0.43189251142195384,0.5313750505447388
" girl i like got out of a 5 yr relationship,we talk alot, should i make a move?, and what are the negatives to being a rebound?","We’ve been hanging out a lot, but it’s just a situationship.","She’s always late—kind of a pink flag, but not a dealbreaker.","It was fun hanging out, CU later!","Yo, my crush just got outta a long-term thing, we've been vibing hard, should I slide in, and what's the deal with being a post-breakup fling?",0.5958718303333028,0.5269237160682678
" My girlfriend and I didn't talk out our problems and just let them fester, driving us apart, and causing us to break up.","We’ve been hanging out a lot, but it’s just a situationship.",I’m going out with my GF tonight.,I’m going to dinner with my P tonight.,"We had some issues and let 'em simmer, ended up splitting up. (or) Broke up cos we couldn't sort things out.",0.6396585296725963,0.5867962837219238
" We put money down on a brand new house, we start noticing Rasberry Crazy Ants we believe were brought in with their sand to level the house, builder won't refund our whole deposit.","Spill the tea, what happened?",Goodnight! DLBBB!,"Spill the tea, I need to know what happened!","Yooo, we dropped a stack on a fresh pad, but then these Raspberry Berhamporas (Rasberry Crazy Ants) started showing up like wildfire, supposedly brought in with their sand for leveling. The builder ain't giving back our full deposit though. 😢😤🐜🔥🏡",0.8227458000183105,0.6454916000366211
 I've been with my boyfriend for 5 years and the level of affection he initiates has plummeted. Is there a good way to gently encourage him to initiate more?,He's so thirsty for likes.,"He’s been texting me nonstop, he’s so thirsty.","Everyone’s cuffing this fall, it’s relationship season.","My bf and I have been together for 5 years, but his vibes have dropped drastically. Got any chill tips to subtly get him to step up the PDA game?",0.6064911674594615,0.5204615592956543
 I'm very physically attracted to my future sister in law.  I can't cut her out of my life because she's close to my girlfriend.  How do I stop thinking about her?,Stop simping over her.,Hanging out with my MM this weekend.,She’s a GRL I met online.,"I can't stop vibing on my future sis-in-law, but she's tight with my GF. Can't ghost her, tho. How do I chill thoughts bout her?",0.6001957314826775,0.7017765045166016
" Been talking to this girl for a few months, want to tell her how I feel but she is emotionally reserved. How do I approach her and tell her to make sure she understands me and doesn't feel awkward or clamps up.","She texted me, IWSN!",I SPTO her about the event.,She's wylin out here.,"Yo, been vibing w this girl for a sec, wanna spill my feels but she's all chill. How do I slide into the convo and make sure she gets me, no weird vibes or clams up?",0.6113517228255971,0.5578835010528564
 Recently divorced guy has a great thing going with new girlfriend but worries about her cheating due to ex-wife's cheating.,"She’s always late—kind of a pink flag, but not a dealbreaker.","We’ve been hanging out a lot, but it’s just a situationship.","I’ll handle it myself, MYOB.","He split from his ex and now's vibing with a new GF, but can't shake off ex-wife drama cause she was shady—fear she'll follow suit.",0.5088101479320315,0.463603675365448
" Guy sold me screen printing machine and promised lessons, bailed on lessons, tried to give me pirated software, and won't even tell me what chemicals/inks to buy so I can attempt to do it myself.",I’m running a new PROGGY on my laptop.,"Be careful downloading WAREZ, it could be risky.",I WTS my old gaming gear.,"Dude sold me a bootleg printing press, promised tutorials, ghosted on lessons, tryna shove pirated SWAG on me, and ain't spilling the beans on chemicals/inks, leaving me high and dry.",0.8034783323550818,0.6651284098625183
" girlfriend wants to see other people, stopped all contact, trying to figure out if I should rid her of my life forever.","She’s breadcrumbing him, always texting but never wanting to meet.",Stop simping over her.,"She’s always late—kind of a pink flag, but not a dealbreaker.","Ex bae ghosted me, now I'm on the fence about blocking her for good.",0.3764806659763209,0.4205513596534729
" Girlfriend hooked up with a guy before she met me and had sex with him once. Today I find out that she still checks up on him on social media. Her reason for doing so: ""I had sex with him.""","We were talking for weeks, and then she just ghosted me.",She texted me LHSX after the party.,"She texted me, IWSN!","GF slid in the D before me, but we still DM'ing each other on the 'gram because of that one time.",0.38038046827276656,0.3729493021965027
" I think about my boyfriend 24/7 and get extreme anxiety when I try and tone it down.  We've talked about it, he's got 0 suggestions, and I can see him pulling away the more I indulge. ","He keeps telling me I’m overreacting, but I think he’s gaslighting me.",I'm all about JOMO these days.,"We’ve been hanging out a lot, but it’s just a situationship.","I'm always thinking 'bout bae non-stop and get major FOMO when trying to chill out. Convo'd abt it, no solutions from him, looks like he's ghosting harder I obsess.",0.6376941081889779,0.41666245460510254
" I stopped running about a year ago, and I would like to start again, but I'm not sure I have the motivation to.","Don’t worry, everyone’s a n00b at first.","I’m out of MP, need to recharge.","IMO, it’s best to start early.","Aye, I ain't been joggin' for a min, but I wanna get back into it, just lackin' the vibes to kickstart.",0.41623032642038243,0.3061448633670807
 been dwelling on a girl. Managed to get her alone a few times. Can't get myself to ask her to prom.,I’m going out with my GF tonight.,She texted me LHSX after the party.,I'm deadass exhausted today and had zero chill for going out.,"Been vibing a girl hard, managed to link up wit her a couple times. Still can't muster the courage to ask her to prom 🤷‍♂️",0.6033369960712264,0.7634606957435608
" Thought I was over ex until finding out she has a new man, now I feel worse emotionally than when we broke up, could anyone give me advice?","Feeling stressed? THT, it’ll get better.","It happened a week ago, GOI already.","We’ve been hanging out a lot, but it’s just a situationship.","Found out ex has a new boo, now I'm feeling some type of way. Need tips, y'all.",0.3812619225635423,0.4855155348777771
 Friends were hit and shot at while attending a party hosted by dumb girls who started a feud between their bf's and my friends for no reason. What do I do?,I had to swerve to avoid the drama.,She threw some serious shade at the party.,I heard about the party from a FOAF.,"Yo, my crew got caught in some crossfire at a wild party thrown by these brainless broads who stirred up drama between their boos and my squad for no reason. Now what?! 🔥💔",0.6679700490840584,0.47721433639526367
 We never do anything during the week. I've expressed that I want to start doing more stuff but she doesn't. Is this the norm?,"She’s always late—kind of a pink flag, but not a dealbreaker.","We’ve been hanging out a lot, but it’s just a situationship.",I’m going out with my GF tonight.,"She ain't down for weekly vibes, and I've hit her up bout wanting more fun, but nah. Is this the routine?",0.542870497934706,0.64252769947052
" live with my bf of three years, and it's looking grim on the homefront, should I move out and move on?",We’ve been in an LD relationship for a year.,"We’ve been hanging out a lot, but it’s just a situationship.","I’ll handle it myself, MYOB.",Should I GTFO and find a fresh start? (Get F*** Out / Fresh Start From Here),0.31291189959009597,0.2380121648311615
" I am seeing a guy with opposite work schedule and long distance (but I live in his hometown), will this work out?",We’ve been in an LD relationship for a year.,"We’ve been hanging out a lot, but it’s just a situationship.",He’s my BFAW; we have lunch together every day.,Is this LD situation with a work-opposite dude (who's from my hood) gonna work out? 🤔🌁💪🏽,0.47841777076681563,0.5690239071846008
" is there any legitimate reason that someone would be meeting on actual business matters, for almost seven hours, after midnight, with their opposite sex boss, in the bar of the hotel the boss is staying at? ",Let’s grab a QIK coffee before the meeting.,"We’ve been chatting for weeks, LMIRL sometime?",My G/F is meeting me after work.,"Someone's linking up w/ their boss for biz, nearly 7hrs past midnight, in the hotel bar? That sounds sus AF!",0.7041436765662851,0.6326640844345093
" Missed out on having sex with ex girlfriend a couple times, regret itx and now its haunting me. I want it to stop and go on with my life","If you skip this, YBS!","I’ll handle it myself, MYOB.","Stop messing around, get your HUYA and focus!","Ain't got that action with the ex, missing it big time, and it's giving me nightmares. Need a way out so I can move on with life!",0.6036020915263908,0.6254867315292358
" Did Brita filters change recently, resulting in a new taste for the filtered water?  Or am I going crazy?","Nothing new here, SSDD.",I hit up the coffee spot this morning to snag my fave latte.,I hit up the coffee spot this morning to snag my fave latte.,"Did Brita's taste profile switch up lately, or am I trippin'?",0.43711577665442575,0.6526249051094055
" Met a girl on Tinder.  We both agree to meet up again.  I texted her on Friday, but she was busy.  What to do next?",She texted me LHSX after the party.,"She texted me, IWSN!","She’s breadcrumbing him, always texting but never wanting to meet.","Aye, matched wif a girl on Tindr. Agreed to link up again. Hit her up Fri, but she was swamped. Dunno what's next fam.",0.5614785949939506,0.5412397384643555
" I like my housemate, but he is giving me mixed signals. Our relationship so far has been pretty physical, but never just physical.","We’ve been hanging out a lot, but it’s just a situationship.",We’ve been in an LD relationship for a year.,I think he’s benching me—he texts but never makes plans.,"He's sending vibes, but it ain't just about that life.",0.2928181120563412,0.33632874488830566
" On and off relationship for 2 and a half years. Going to college in the fall, should I try to fix the relationship, or is it already toxic and do I need to end it?","We’ve been hanging out a lot, but it’s just a situationship.","Everyone’s cuffing this fall, it’s relationship season.",We’ve been in an LD relationship for a year.,"Been on-again, off-again for 2.5 yrs. Headed to college in fall, shld I work things out or is it already toxic & should I ghost it?",0.553791781789378,0.581267774105072
" Have bachelors degree, been out of game too long, forget everything important, want to go back and maybe study the same field again, is that possible?, what other options would there be?","I’ve been studying all night, but now I CRAFT!",I'm hella exhausted after pulling an all-nighter.,"I’m not looking for anything serious, just NSA.","I've got a B.A., been off the grid for ages, forgot most of it, tryna get back into the same vibe, is that even possible?, any other suggestions?",0.5306062552242068,0.5071958899497986
 I pissed all over the toilet and floor because I tripped the electric slipped in the piss and woke the whole family.,"I tripped and spilled my drink, ROFLOL!","I couldn’t stop laughing, LMBO!",That prank had me FOMCL!,"I tripped and slid in a puddle of pee, electrocuted myself, and woke everyone up... OOPS! (Note: This is a simplified version for humor purposes. The actual Gen Z slang might be more colorful or explicit.)",0.7772503197193146,0.5545006394386292
 Girlfriend of 41/2 years wanted to end things but says she still loves me and wants me in her life. I can't handle being just friends and watching her talk to this other guy is killing me. ,"She’s always late—kind of a pink flag, but not a dealbreaker.",Stop simping over her.,"We’ve been hanging out a lot, but it’s just a situationship.","My gf of almost 5 years broke up with me, but she says she still loves me and wants me around. Can't vibe as just friends and seeing her chat with another dude is straight-up torture.",0.7045176711108876,0.661112904548645
" Feeling old/lonely. Current girlfriend makes a great ""life partner"" but not a best friend or intellectually compatible.","We’ve been hanging out a lot, but it’s just a situationship.","They’re not dating, just FWB.","Everyone’s cuffing this fall, it’s relationship season.",Feeling bouji without a ride-or-die fam squad vibes. Bae's dope for life goals but ain't that homie or mentally on the same level.,0.38549860075652764,0.18927974998950958
" Seeing my dad after 8 years of no contact. I'm terrified of the meeting, his emotions and our conversation. I need tips, encouragement or a swift kick in the ass. Thanks.",My FIL is visiting this weekend.,"Can’t talk about it now, PRW.",Going to visit my OL this weekend.,"Gotta catch up w/ my old man after 8 long years, lmao! This convos gon be intense af, not sure if I'm ready. Need some motivation or a reality check ASAP, thanks in advance. 🙏🏽💯🔥",0.6073381726596494,0.3282497525215149
" I practiced bjj for years, now I can overpower by long time bf, and that's a turn off. What to do","SOL, you’ll get used to it.","Don’t worry, everyone’s a n00b at first.","Stop messing around, get your HUYA and focus!","Aye, been training BJJ fo' years, but now it's creeping me out that I can dominate my long-time boo. Got any tips, fam? 🤔🥋💔🤨",0.46706072255514997,0.6571131348609924
" roommate and I don't want to live with out other roommate anymore, not sure how to bring it up as she will be blindsided.","She’s my BFF, we tell each other everything.",Stop simping over her.,I’m going out with my GF tonight.,"My roomie and I can't vibe without our other roomie anymore, gotta figure out how to drop the bomb 'cause she ain't gonna see it comin'.",0.4960083070306566,0.43799999356269836
" I play alot of computer, GF dosnt like it. I try to change, she seems to be distant. Known her for so much time, dunno whether to break up or keep trying to make it work.","We’ve been hanging out a lot, but it’s just a situationship.",We’ve been in an LD relationship for a year.,Stop simping over her.,"She's not feeling the online grind, but I'm tryna switch it up. We've been chillin' for ages, now I'm not sure if we gotta call it quits or keep pushing through.",0.5788197513267275,0.5205203890800476
" Dumped by girlfriend, feeling like a prude because I don't drink, smoke, or do drugs. Need some perspective from other people.","Hope you’re doing well, TAUMUALU.","I’m not looking for anything serious, just NSA.",I'm deadass exhausted today and had zero chill for going out.,"Got dumped by gf, feel basic cause I'm sober AF, need some fresh POV from peeps.",0.5816586765556124,0.6093007326126099
" Girlfriend and I have a good relationship, but I don't want to be in a committed relationship at a young age, but at the same time i don't want to hurt her by breaking up with her","She’s always late—kind of a pink flag, but not a dealbreaker.","We’ve been hanging out a lot, but it’s just a situationship.",Stop simping over her.,"GF ain't ready for long-term, but don't wanna break her heart either.",0.37993525798300953,0.5659646987915039
" assholes live next door who bully everyone and cook meth, want them out, greedy owner doesn't care who tenants are. please contact if you want to rent out. no drugs. except pot just lay low.","I told you to clean your room, 4COL!",You think I’m wrong? ^URS!,"Need legal advice? IAAL, happy to help.","A's living next door, bullying everyone & cooking up some sketch stuff, we gotta get em out! Greedy landlord don't care 'bout tenants. Hit me up if ya wanna rent, no hard drugs (just keep it lowkey), but pot's cool. 🌿💪🏼✨",0.8889417350292206,0.7778834700584412
 Should he ask me to move in together after 5 months knowing that I spend there 4-5nights a week and have the keys?,We’ve been in an LD relationship for a year.,"We’ve been hanging out a lot, but it’s just a situationship.",I think he’s benching me—he texts but never makes plans.,"Yo, should he hit me with the co-sign after 5 months when I'm already crashing at his spot 4-5 nights weekly and got the place keyed up?",0.5932636010844952,0.5771089196205139
" I feel like I need to have a new goal, I want to become a boxer. Need advice. Should I do it? how can I do it?","Don’t worry, everyone’s a n00b at first.",GL2U in the competition!,"I’m not looking for anything serious, just NSA.","Aight, I wanna level up and be a boxer, but ain't sure if it's worth it. Got any tips or should I just chill and not throw punches at this dream? How to make it happen though?",0.6387007634395377,0.6956840753555298
 Argentinians traveled to US without Visa as part of Canadian immigration procedure; got refused. What are the consequences of this?,I met a CAD at the conference.,He went AWOL during the meeting.,Give me the B/G on that.,"A-Rgees tried to pull a visaless caper at the border with Canuck immigration, but it didn't work out. What's the lowdown on the repercussions?",0.5204579438033856,0.5146000981330872
 My girlfriend wants me to convert to Judaism when we get married and I don't know what to do or say to her about it.,Stop simping over her.,She texted me LHSX after the party.,"Praying for you, YSIC.",GF tryna make me Hebrewhubby and I'm clueless on how to discuss it.,0.3605234348873022,0.4163377285003662
 Bully at a hockey game had a problem with me impeding his view. My friend fought with him verbally. How do I deal with bullying in the future?,Our school has a ZOT policy for bullying.,"I was so mad, I told him to ESAD.","His AF was too high in that game, he played too aggressively.","The ice bully hating on my line of sight at the game went off, and my homie stepped up verbally. What's the play to handle bullying next time?",0.6907365616008516,0.7443540096282959
" Had a date since a year , tried to kiss her she rejected me but said i shouldn't think the worst and she want to see me again.",We had our first KOTL last night.,I gave her a KOC when we said goodbye.,"I sent you a letter, SWAK.","She been my gf for a yr, tryna KOTL but she declined, ain't gotta worry 'bout it tho, she wanna hang wit me again 😎",0.481568183264904,0.4645214080810547
" Questioning my sexuality because of developing feelings for a close friend, really wanting to get closure by telling her, but not sure what to do.",My BF and I have known each other for years.,"She’s my BFF, we tell each other everything.",She had to swerve that awkward conversation.,"I'm feeling kinda confused 'bout my sexuality, got feelings for a BF and want some answers from her, but ain't sure how to go about it.",0.5844526688808219,0.5871878862380981
" GF gave me an ultimatum to decide to marry her by the end of the year, but I'm concerned because of her poor work ethic and personal finances.  What should I do?","She’s always late—kind of a pink flag, but not a dealbreaker.",She's such a Karen.,I’ll check with my YF before making plans.,"GF dropped a marriage ulti, but idk 'cause she's got a questionable work ethic and money situation. Gotta weigh my options.",0.7229164522605589,0.6425088047981262
 I'm pretty sure I've met the one but I don't know what to do because I've never felt like this before.,"We’ve been hanging out a lot, but it’s just a situationship.",I only see him AAF.,My B/F is meeting me later.,"I think I found my endgame, but I'm lost 'cause I ain't ever felt like this before.",0.2512187541686927,0.28083086013793945
 Boyfriend slept with a girl and fooled around with 3. I slept with a guy and fooled around with 3. I have no regrets but no desire to do it again. Should I tell him?,"He was being so rude, so I gave him the MLM.",I waited all day for him to text me back. I’m such a clown.,My B/F is meeting me later.,BF stepped out with a chick and hit up 3 more. I hooked up with a dude and messed around with 3 more. No remorse but ain't looking for round 2. Spill the beans to him or nah?,0.5360090146434604,0.6011039018630981
" Baby prefers breast milk to solids, in-laws have me worried. How do I get her to eat more real food?","That diet worked for me, but YMMV.",My niece is an absolute QTPI!,"He’s always calling his mom for advice, such an MB.","My baby's still on the BF grind, got the in-laws trippin'. Gotta figure out how to get her to chow down on some solid eats. 🤔🍼🥪",0.586812446569802,0.5919074416160583
 Soon to be college student wants to know how you got your job in the music industry and any advice you could give to help her on her job quest.,She finished her project early—WWNC!,Beyoncé is such a mom.,She’s doing great as an NQT!,"Wanna-be collegiette asking 'bout ur grind in da music game and any tips for landing da dream gig, bruh? 🔥🎵🌍",0.45421203549879074,0.4098091125488281
" Is it healthy for a sibling to spend all their free time with their girlfriend/boyfriend, and hardly be around the house, and when they are they do the bare minimum of contributing.",Hanging out with my MM this weekend.,"They’re not dating, just FWB.",I’m spending the weekend with my SIS.,"My SIS's bae is spending waaay too much time at their place, barely hanging at home, and when they're here, they're basically a couch potato with minimal house contributions. 😅☹️🤔",0.6812325153819742,0.5868417620658875
" After a year of no contact, ex msgs me and jokes around like we used to and I don't know if I should just ignore it or just go with it.","She’s breadcrumbing him, always texting but never wanting to meet.","He ghosted me months ago, and now he’s zombie-ing by texting me again.","He’s been texting me nonstop, he’s so thirsty.","Ex just hit me up outta nowhere, joking like old times, got me confused if I should ghost him or vibe with it.",0.5939441371162182,0.57846999168396
" My boyfriend dumped me a night ago, but wants to stay friends, how long should I wait before i make a move in that direction?","It happened a week ago, GOI already.","He ghosted me months ago, and now he’s zombie-ing by texting me again.","It’s been so long since we hung out, MU!","He dumped me yestday, but tryna stay cool, when I slide back in tho? 💭",0.46096055308702577,0.4510069787502289
" Ex fiance left from cold feet, now I have a fear I will be abandoned by my new SO even though there is no signs of it.","I’ll handle it myself, MYOB.","I’m not looking for anything serious, just NSA.",Stay safe and TCOY.,"My ex bailed for cold feet, now I'm scared my new boo might ghost me too, even tho they ain't shown any signs yet.",0.5432768473995029,0.6156395673751831
" GF broke up with me, needs time to fix her problems but still wants to be with me - what do I do. Help me Reddit you're my only hope!",I’m going out with my GF tonight.,"She texted me, IWSN!","It happened a week ago, GOI already.","My ex gf dumped me, she's got issues but still wants me back - wtf do I do? Reddit plz help I'm stuck :/",0.6207677329841412,0.7152196764945984
" open container that is NOT mine left in rental car that I just rented. Currently pulled over. What do I do here? Is the rental company liable, or am I?",I’m putting my old car 4SALE.,Is that j00r car outside?,I just got a new PL8 for my car.,"Got a random drink stashed in da whip I didn't even know 'bout, copped a ticket cause got pulled ovva. Wazzup wit dis situation? Is da rental company in trouble or is it on me? 🔥😫🤷‍♂️",0.6418502908664396,0.4803764820098877
 Opened my mouth at the wrong time and my Seinfeld call tone went off. I had a Seinfeld ending moment.,OH at the coffee shop: ‘I can’t believe they canceled the meeting!’,"I couldn’t stop laughing, LMBO!","The series finale was such a cliffhanger, TBC.","Opening my trap at a bad sec and my Jerry call went off. Had a 'yeesh' moment, LOL!",0.41994567904776153,0.47978055477142334
 left guy on date high and dry with blue balls not on purpose but he thinks it was but I had a family emergency now he won't text me.,"I texted him last night, but I got NR.",I think he’s benching me—he texts but never makes plans.,"He’s been texting me nonstop, he’s so thirsty.","He ghosted me with some major blue balls, ain't talked to me since 'cause of a fam emergency... guess he's salty now.",0.5328824425998486,0.5394490957260132
" on/off again guy didn't defend me, lied and isn't likely to lose the friend who started drama. Am I overreacting?","He was being so rude, so I gave him the MLM.",I had to swerve to avoid the drama.,"He ghosted me months ago, and now he’s zombie-ing by texting me again.","My ex-turned-sorta-ex ain't got my back, fibbed, and still chillin' with the one stirrin' up drama. Over it? Nah, more like way too salty 🔥✋️",0.645462262333265,0.43219876289367676
 She's an angry person and I hate it. Sometimes I just want to ignore her and never say anything when the fire burns me.,Stop simping over her.,She's completely unbothered by the hate.,She's completely unbothered by the hate.,This chick is always salty and it pisses me off. Sometimes I just wanna ghost her and chill in my DMs instead of dealing with her heated vibes.,0.6819142927093189,0.5328036546707153
 Girlfriend takes her daughters drug addict boyfriend to easter dinner and leaves me at her place. What do I do?,I’m going out with my GF tonight.,She's living rent-free in my mind.,Stop simping over her.,GF brings drug-addict BF to Easter dinner and ditches me there. WTF do I do now?,0.6069592947444757,0.7984061241149902
 Roommates didn't invite me to mutual friend's bday. I know it probably wasn't personal but I still feel hurt and don't know what to do.,"They’re not dating, just FWB.",I heard about the party from a FOAF.,My BF and I have known each other for years.,"My roomies didn't hit me up for our mutie's birthday bash, even though I thought we were cool. Feels like I got left out, but IDK if it was intentional or not. Gonna chill and see how I feel.",0.6586092096286467,0.5138943195343018
" Met a great girl, both really interested, went on some dates, had sex. Set up another date, she cancelled went away for some time. When she got back she messaged me for another date, again cancelled. Advice?","We were talking for weeks, and then she just ghosted me.",She texted me LHSX after the party.,"He ghosted me months ago, and now he’s zombie-ing by texting me again.","She's been playing hard to get, but tbh, I think she's a serial flake. Should I keep giving her chances or just leave her on read?",0.28307197327594014,0.3722381293773651
" My dad is getting chelation therapy to reduce risk of heart disease. I am against it and my logic has failed against my parents, help me change their mind or help me change mine, please.","INAL, but I think you should get legal advice.","POS, talk later.","PIR, can’t talk about that right now.",My Pops gonna do chelation therapy but I'm trynna convince them it's not the move. Anyone got some solid arguements to sway 'em? Or maybe I need a reality check? 👀🧠🤔 Help a sis out!,0.6020421277618144,0.5115634799003601
" Wife with low libido says I should get a girlfriend to fulfill my sexual needs, I'm confused as what to do.",I’ll check with my YF before making plans.,She texted me LHSX after the party.,"Stop messing around, get your HUYA and focus!","YF got low energy, GF suggesting herself to help out, but IDK what's good now.",0.3531112590820175,0.3461117148399353
" Dad owes a bunch of money to the IRS, fears legal retribution. No other source of income or aid is available to my knowledge. What are some good tools or programs for tax ""forgiveness"" we can look into?","You need tax advice? IAAA, I can help.","Sending love to all the dads, H-FDAY!","Need legal advice? IAAL, happy to help.","Dude's got tax debs with the IRS, freaking out 'bout law troubles. No other cash flow or help seen. Got any recs for tax ""cancellation"" tools or apps to explore? #IRSdebthelp #taxforgiveness",0.5673495138946332,0.6083832383155823
 I would like to know if anyone has positive feelings about Israel despite the human rights violations and threats of regional destabilization they are responsible for?,DAFUQ just happened there?,I love the vibes here.,I'm loving the vibes here.,"Aye, got any peeps feelin' good 'bout Israe-hey, not worryin' bout the hype around human rights n such?",0.4228579917938095,0.4856051802635193
" middle aged russian lady tortured my hair like I was in Guantanamo, now I look like a white rapper who raps about being poor",DAFUQ just happened there?,"She just tripped over her own feet, LOL.",She's such a Karen.,"She straight up murdered my hair like I'm some struggling white rapper spitting bars 'bout being broke, LOL.",0.6760172579757394,0.576411247253418
" 2 months in a relationship, girlfriend doesn't love me anymore. Doesn't have a reason why, she didn't bother to try and work it out but she's sad about the whole thing.","She’s always late—kind of a pink flag, but not a dealbreaker.","We’ve been hanging out a lot, but it’s just a situationship.",I’m going out with my GF tonight.,"GF dumped me after 2 mos—no reason, no effort to fix, but still sad bout it.",0.46227887512244015,0.6198486089706421
 After a week agony I texted my ex some things I felt I needed to say to gain some closure. Not sure if it was a good move.,"She texted me, IWSN!","I texted him last night, but I got NR.","It happened a week ago, GOI already.","Afta wk drama, I hit up my ex with somethin' I had on my chest for closure vibes. IDK if it was a smart play tho.",0.5387177373233594,0.5511196851730347
 Lonely after break-up causing loss of close friendship. Feel like I have no one to talk to. Looking for advice.,"Hey, HRU? Haven’t heard from you in a while.",I'm mad tired today and not vibing to hang out.,I'm mad tired today and not vibing to hang out.,"Feeling solo AF post-breakup, lost my BFF vibes. Got no one to spill with. Needing some advice vibes 💔🤝",0.5938969496379598,0.5229739546775818
 Me causing lots of fight and being a bad person has caused my girlfriend a big ammount of pain and i need to know ways i can rebuild our relationship and make her happy.,Stop simping over her.,I’m going out with my GF tonight.,"Even if it’s hard, always DTRT.",I just wrecked things BIG TIME with my GF and now I gotta figure out how to fix it and make her smile again.,0.5391462507175276,0.6350792050361633
 Boyfriend that lives 3 hours away came to see me but I don't have time for him because of school. What to do? ,My B/F is meeting me later.,We’ve been in an LD relationship for a year.,He’s been AWOL for a few days now.,"My B/F from afar came thru but I'm swamped with school vibes, what gives? 🤔📚🤔",0.49520023196027546,0.43638384342193604
" I am female, 5'5"", 147lbs and only have 4 months to lose 20lbs. Don't know how to do it and need help! ","That diet worked for me, but YMMV.","I’m out of MP, need to recharge.",Living the boujee life.,"Aight, I need some help losin' 20 lbs in 4 months, I'm a 5'5"" female who weighs 147 lbs and I'm clueless on how to slim down, any tips? #weightlossjourney",0.736957002792332,0.7813932299613953
 Our daughter won't sleep at night and seems to be addicted to the breast. How do we get her to sleep the whole night?,"I'm hella drained 'cause I stayed up all night, fr fr.","I'm hella drained 'cause I stayed up all night, fr fr.",I'm totally drained 'cause I pulled an all-nighter.,"Our kid can't snooze at night and she's breast milk obsessed. Got any tips on how to make her chill and get a full eight hours, fam? 🚀💤",0.6579394440406577,0.7341614365577698
" gf left me because she wants to independent, now she has asked me to come over to spend time with her, but still tells me to not bring any hopes of getting back together.","She’s always late—kind of a pink flag, but not a dealbreaker.",I’m going out with my GF tonight.,She texted me LHSX after the party.,"GF dumped me cuz she's goin' solo, but now she's hit me up for a hang? No hopes of us rekindling tho.",0.554226841292553,0.6098387241363525
" gf thinks she begins every conversation when we are away, asked me why is it so. I have no answer except that's who I am, and I'm trying to change.","She’s breadcrumbing him, always texting but never wanting to meet.",My G/F is meeting me after work.,"She’s always late—kind of a pink flag, but not a dealbreaker.","My G is always starting convos when we're apart—can't really explain, just tryna switch it up now.",0.3835104883872901,0.5454143285751343
 my sister is being sued/accused of downloading some pretty messed up stuff and she wants to fight back by making a feature length film to expose the assholes who do this. we need celebrities for this.,This movie is rated for LSV.,That movie is rated 4AO.,"Yo, wanna flex and hit up a flick tonight?","My sis got served with charges for DL'ing some vibe-killing crap, but she's gonna clap back by craftin' a movie expose on the jerkoffs behind it all. We need A-listers to make it poppin'.",0.668613421619764,0.4785010814666748
 I have an Earache that won't go away. I don't want to take Hydrocodone b/c I barf. NSAIDs won't do a thing.,"Oof, that must have hurt.",I need to pick up my RX from the pharmacy.,I'm totally drained after a long day and just wanna chill.,"Oof, my ear ain't playin', and I can't vibe with Hydro. NSAIDs ain't cuttin' it either.",0.47625337710340926,0.5646951198577881
" Exclusive with girl, I cheated. I tried to fix things, but am realizing that it's impossible to fix. Stay with the dysfunctional relationship or move on?","We’ve been hanging out a lot, but it’s just a situationship.","It happened a week ago, GOI already.","Don’t worry, TTTT—it’ll get better.","Girl exclusive, slipped up. Tried to make things right, but it's not happening. Stuck in a toxic mess or GTFO?",0.48540515776651383,0.4721953570842743
" Long-time friend, who recently broke up with her boyfriend, suddenly asked me out for dinner. I'm not sure whether she's interested or if I am being delusional.",She texted me LHSX after the party.,"She texted me, IWSN!","She’s breadcrumbing him, always texting but never wanting to meet.",She just ghosted her ex and slid into my DMs! 🤔🍝💭,0.2860705928459062,0.2951328754425049
" Smart first-generation college student from a poor family. Likes building stuff and learning technical skills, friends and family thinks I am wasting potential. I am lost and don't know what to do.","I’m not looking for anything serious, just NSA.","All you do is play video games, GAL!",Got to get back to RW responsibilities.,"I'm a legit broke boi with brains, crushing tech game but fam says I'm chilling too hard. Got no clue what's next, feelin' lost AF.",0.4483392189496772,0.3149609863758087
" She wants to join a sorority and presents only Pros, I offer some Cons; She says i dont care about her wishes...Am i wrong and overthinking?","She’s my BFF, we tell each other everything.","She’s always late—kind of a pink flag, but not a dealbreaker.",She texted me LHSX after the party.,"She tryna rush a soror, but I'm dropping some truth bombs; she ain't listening to my concerns...Am I trippin' or what?",0.38968547757642746,0.28075599670410156
" I got drunk, I said things I don't remember and don't mean, my best friend now sees me totally differently.","Had a minor ACDNT on the way home, but I’m okay.","We’re not as close anymore, just BFFN.","I tripped and spilled my drink, ROFLOL!","I got smashed, blacked out sayin' stuff I ain't got a clue 'bout, my BFF sees me dif'rent now.",0.42882598585699405,0.44213950634002686
" I suck with money and I want to make 20k as fast as possible without dealing drugs (unless you know someone?), help me out in exchange for cookies and kind thoughts.",I’m trying to stack up this gaup before the weekend.,"Before you invest, make sure to DYOR.","Sheesh, that’s a lot of money!","Yo, I'm terrible with cash and I need to cop 20k ASAP legit style (hit me up if you got hookups?). In return, I'll hook you up with some bomb ass cookies and positive vibes.",0.7329473723334949,0.6348698139190674
" Talking to a girl who seems into me. Sex is great, awesome communication when we do chat. But she has a habit of no response to texts or just randomly stop texting mid convo.","She’s breadcrumbing him, always texting but never wanting to meet.",She had to swerve that awkward conversation.,"We were talking for weeks, and then she just ghosted me.","She's hitting on me hard, but the sex is fire! We vibe when we talk, but sometimes she goes MIA or leaves me on read mid-chat.",0.5458717006065178,0.5931284427642822
 Boyfriend doesn't wanna take off a day of work to spend my birthday with me but was willing to take a week off for a trip that had to be cancelled.,I’m using some PTO to take a vacation.,My B/F is meeting me later.,He went AWOL during the meeting.,"BF ain't feelin' it for takin' a day off work for my bday, but he down for a whole week off when the vacation got canned 😕",0.5807797918689548,0.6906454563140869
" GPU caught fire, freaked out, went back to the store were i bought it from and got a nice cheap upgrade :)","My old laptop keeps crashing, it’s an LTOD!","I’m bringing an extra charger, BSTS.",My computer is ABU after that update.,"The GPU lit up, I spazzed, swapped it at the store for a sick upgrade on the cheap!",0.508089167754736,0.7668708562850952
 Just moved away from home and don't know how to tell my fanatically catholic mother that my boyfriend and I will be living together,We’ve been in an LD relationship for a year.,"Praying for you, YSIC.",I’m going to dinner with my P tonight.,"Ma gonna find out we live Togethers, praying for a smooth convosational move lol.",0.4647010917726316,0.403086394071579
" I think I am too passive when my relationships hit their first bump, and need a better approach when the word ""break-up"" is first suggested, even in a non-serious relationship.","We’ve been hanging out a lot, but it’s just a situationship.","Everyone’s cuffing this fall, it’s relationship season.",We’ve been in an LD relationship for a year.,"I'm way too chill when my situationship hits turbulence, gotta switch up my game when the break-up talk even drops in casual relationships.",0.6327513840224934,0.5175803303718567
 I don't know what to say to my boyfriend about him living with his ex=girlfriend for almost half a year.,"We’ve been hanging out a lot, but it’s just a situationship.",We’ve been in an LD relationship for a year.,My B/F is meeting me later.,My B/F is chillin' with his ex for almost half a year and idk wtf to tell 'im about it.,0.4672264674693924,0.5743421316146851
 After almost 11 years of having a small idea of what I want to do with music I finally have grasped the concept of it on this day. Yeeeeaahhhhhh.,We were just vibing to some music all night.,I'm just chillin' and vibin' with some tunes.,I'm just chillin' and vibin' with some tunes.,"Damn, after nearly a decade, I finally got a grip on my music vibes. Lit af! 🎉🔥🚀",0.5585976990966586,0.5631787776947021
 don't know if I should fight for a girl or just let her figure herself out. Scared she won't come back like she did last time.,She's wylin out here.,"Don’t worry, TTTT—it’ll get better.","Even if it’s hard, always DTRT.","Aye, shouda prolly go hard on that gurl, but I'm tryna avoid the drama. She ain't comin' bak like before, I can feel it. 🥺💔",0.4630617353229311,0.3721068501472473
 I told mum that there is no way anyone can see or read anything my sister does over Windows Live Messenger. How wrong was I?,"Can’t talk right now, 9.",You’ll need to talk to the ADMIN to get access.,"We were talking for weeks, and then she just ghosted me.","My sis got hacked, and now everyone's snooping on her chats. Oops, guess I spoke too soon.",0.5054655435012648,0.5677177906036377
" Do girls just give up on relationships because they're lazy or don't love the other one enough to work through problems? Or is it acceptable to just walk away without trying because they're unhappy? If so, why is that acceptable?","She’s always late—kind of a pink flag, but not a dealbreaker.","They’re not dating, just FWB.","We’ve been hanging out a lot, but it’s just a situationship.","They just ghost, no cap? Either way, if she ain't feelin' it, she bounce—no biggie.",0.19702402407876177,0.06163807585835457
 Girlfriend of 6 months is moving to uni and we want to keep the relationship. Looking for ways I can keep the relationship healthy and show her I love her.,We’ve been in an LD relationship for a year.,I’m going out with my GF tonight.,"Even though we’re miles apart, we’re BFFLNMW.","GF's heading to uni in 6 mths, but we wanna make it work long distance. Need tips to keep it strong & prove my love for her!",0.4982396440162553,0.7194709777832031
 Went to Oktoberfest and ate very little while drinking a lot and now I'm praying to Bloody Mary full of Vodka that the hour of my death will be soon.,"Had too many beers last night, you know how it is, BIBO!",We need some LIK for the party.,I'm finna snag some grub before I dip out.,"Hit up Oktoberfest, barely ate but drank tons, hoping a Bloody Mary loaded with Vodka speeds up my demise ASAP.",0.7482738542754894,0.8871294260025024
" I got scammed on a virtual game, which could result in real money lost. But in the end was just completely fucked over.",You just won the lottery? UFWM?,I got a great deal through OA.,You won the lottery? YARLY?,"Got caped on some virtual game, ended up losin' bread for realz. Completely f'd over, bro.",0.39666501826856937,0.3778175711631775
" Kelly gets a job to afford a dress for the dance, tells Zach she cant attend the dance because she has to work.",She's so extra with her outfits.,He’s so sturdy on the dance floor!,She's so extra with her outfits.,"Kelly copped a gig just for a dress, cancels on the dance cause she's grinding at work.",0.5783551345241367,0.6857961416244507
" ] Just found out about a half sister that was an accident when my dad was young, and I am not sure how to react to this suprising news and it is consuming me.","Praying for you, YSIC.","PIR, can’t talk about that right now.",Hanging out with my MM this weekend.,"Found out 'bout a secret sis, and it's trippin' me out big time, can't shake off the shock vibes.",0.3562053905959935,0.32459914684295654
 Started hanging out and talking with a girl and just want to know if I should keep a slow pace of getting to know her better.,She’s a GRL I met online.,"Yo, you tryna link up later to vibe?","We’ve been chatting for weeks, LMIRL sometime?",Chillin' wit a new G and wonderin' if I should take it slo-mo?,0.2409960256471528,0.20498374104499817
 been seeing a girl for about a month/confused and not sure if she is emotionally available. I want to take what we have to the next level. What are your thoughts?,"We’ve been hanging out a lot, but it’s just a situationship.","She’s always late—kind of a pink flag, but not a dealbreaker.",We’ve been in an LD relationship for a year.,"She's been my gf for abt a month, but tbh I'm mixed signals vibes if she's feeling me. Wanna level up, wanna know what you think?",0.6131947088439709,0.6169711351394653
" I'm interested in a girl that has suffered significant amounts of abuse and I'm looking for advice, particularly from people who have dated abused individuals.",She’s a GRL I met online.,He’s a DWM looking for a new start.,She’s listed as a DWF in the profile.,"She’s into a GRL who's been through some rough stuff and I need tips, esp from ppl who've dated abused peeps. (Dated = romantic interest)",0.6832000907108065,0.7292810678482056
" Accidentally grabbed the wrong door handle, which led to me destroying my senses and dignity in an instant. I am not a smart man.","Had a minor ACDNT on the way home, but I’m okay.","Why would you do that, AYSOS?",That accident was really UN4TUN8.,"Yo, I accidentally snatched the wrong doorknob, straight up obliterated my vibes and rep in one sec. Ain't the brightest bulb in the box over here.",0.6466806460780781,0.46233636140823364
" Got asked to the movies for my first date, opened the door to find him in full lingerie and high heels.","Yo, I saw my homie at the mall today.",My G/F is meeting me after work.,I hit up the grocery to snag some snacks.,"Ayy, I got asked on a date, showed up to find him serving lewks in lingerie and heels.",0.558104477265535,0.7560981512069702
" First accident, I'm at fault and no one is hurt. I'm insured but really paranoid, tell me what to worry about.",Stay safe and TCOY.,That accident was really UN4TUN8.,"Had a minor ACDNT on the way home, but I’m okay.","I had a smash, it's my bad, no bodily harm tho. Got insurance but still spooked, lemme know my worries.",0.5479887033763684,0.5696616172790527
" 3 drunk girls walked into my work, demanded my phone number, have sent a few texts to me (that are hilarious). Show the girlfriend (who is jealous) or not?",My G/F is meeting me after work.,Are you bringing a MOOS to the party?,"She texted me, IWSN!","Them 3 smashed gals stormed my job, begged for my digits, and spammed me with LOL texts (s/o funny af). Do I slide the GF the evidence or no?",0.6301671210418447,0.5955142974853516
" I really like my boy bestfriend but when i introduced him to my friend that i live with, she said she likes him. alot.","She’s my BFF, we tell each other everything.",We’ve been BFFL since high school.,I only see him AAF.,"My BF is fire, but when I brought him around my roomie, she was crushing hard AF on him.",0.4075663158685547,0.45502182841300964
" Girl comes home with me, she's a virgin, throws up in my room and gets me in trouble with my landlord.",Are you bringing a MOOS to the party?,SWMBO says I need to mow the lawn.,I’m going out with my GF tonight.,"My GF crashed at mine, she was a clean-sheet, puked in my spot, and now my RL is mad at me.",0.3698663631469589,0.3796219229698181
 kid pukes. I clean with shopvac. 6wks Later cleaning dry moldy puke out of shopvac hose.,"I told you to clean your room, 4COL!","I haven’t been sick all year, KOW!",I prefer RYO cigarettes.,"Kid voms, I suck it up with the shop vac. 6 weeks later, I'm scrubbing moldy puke outta the shop vac hose. (RYO)",0.6846963759109255,0.7322736382484436
" Long Distance GF is still close with ex Boyfriend and close friend, how do I learn to be ok with this? / What would be the most tactful way to tell her it makes me uncomfortable to think about them hanging out?",We’ve been in an LD relationship for a year.,"Even though we’re miles apart, we’re BFFLNMW.",Stop simping over her.,How do I chill with my LD GF being tight with her ex and homie when it's giving me bad vibes? Got any tips on how to bring this up without causing drama?,0.5837859611266868,0.5858544707298279
" What do I do? I really like the girl, but in the back of my mind something is telling me to be careful. Am I settling?",She texted me LHSX after the party.,"Feeling stressed? THT, it’ll get better.","We’ve been hanging out a lot, but it’s just a situationship.","Yo, am I settling on her tho? Vibes are good but IDK if it's a vibe worth chasing.",0.458233974316774,0.5563571453094482
" My girlfriend wants to go to her male friend's birthday and sleep over, I am uncomfortable with this and have talked to her about it. What's my next course of action?",I’m going out with my GF tonight.,She texted me LHSX after the party.,"She’s my BFF, we tell each other everything.","GF tryna hit up bro's bday sleepover, ain't cool wit it and already spoke wit her 'bout it. Wazzup next?",0.46431426353071537,0.5131160616874695
 My (28/f) boyfriend (30/M) of 3 years is a vapid misogynist. How do I cope or explain his opinion of women hurts my feelings?,"He keeps telling me I’m overreacting, but I think he’s gaslighting me.","That character looks like a girl, but he’s actually a GIRL.","I’m so mad at him, he can BIH.","My bf (28) of 3 years is like, so out of touch and disrespectful towards women. It's hitting hard on my feels. Got any tips to handle this or explain why it's messing with me?",0.6837701741348012,0.7027204036712646
" my brother (5) has had hard, toilet clogging bowel movements his entire life. How can we alter the size and toughness of his poop?","I’m so mad at him, he can BIH.",He’s so sturdy on the dance floor!,"BRB, BIO.","My bro's been struggling with some epic, block-the-john poops since forever. What remedies can help him soften 'em up? 🤷‍♂️💩",0.6415815453284995,0.7014456391334534
 My friends are not inviting me to have fun. I can't bring myself to invite myself. I take it out on bf who is doing nothing wrong. I'm disgusted with myself.,Send me an INV to the game.,I prefer JOMO to FOMO.,I'm about to snag some eats before I dip with the crew.,"Aye, my squad ain't hit me up for a good time. Can't even front and ask myself, feels like they ghosting me. Been takin' it out on bae, though he ain't done nothin' wrong. Feelin' myself like that's wack.",0.4562414225366307,0.16456040740013123
" my friend is buying a house because it's what people do, but I'm not sure he's being wise with his monies","Before making a decision, think WWJD.","He said he’s a millionaire, but that’s cap.",Living the boujee life.,"My homie gonna cop a crib 'cause that's what ppl do, but idk if he's spending his cash wisely.",0.4416203858779738,0.44002747535705566
" Girlfriend got sick, supervisor threatening to fire her without a note from a doctor, despite company policy. No insurance, and can't afford urgent care. Can't find a free clinic until Tuesday. Need advice.","That woman asked to speak to the manager, total Karen move.","IAAD, let me know if you need any medical advice.","INAL, but I think you should get legal advice.","Bae's under the weather, boss tryna fire her without a doc's note (even though it's against policy), no health insurance, broke as hell till Tues. Can't cope, need some help stat!",0.7933739495574602,0.6726204752922058
" I am a coward and lack self-confidence, things got better as I got older, but not enough. How to fight my own cowardice?",Stay safe and TCOY.,"Even if it’s hard, always DTRT.","I’ll handle it myself, MYOB.","I'm still struggling with the fear monster, it got a bit better over time, but nah I ain't there yet. How do I slay this doubt dragon, fam? (Note: ""fam"" is short for family or friends)",0.5206944730308247,0.2934665083885193
" Tend to develop crushes on coworkers; with my career in mind, should I act on my romantic feelings or not?","Everyone’s cuffing this fall, it’s relationship season.",I’m going to the movies W/ my friends.,My G/F is meeting me after work.,"Should I slide into my coworker's DMs and see what's good, or stay focused on my job grind?",0.42877909640195955,0.38664406538009644
 GF is suddenly unsure of a future with me and wants time. Not sure how to react. I'm afraid I'll lose her...,"She’s always late—kind of a pink flag, but not a dealbreaker.",I’m going out with my GF tonight.,She texted me LHSX after the party.,"GF ghosting me vibes, tryna chill on her own rn. WTF do I do? Fearin' she's slipping away...",0.445732550525269,0.5036534667015076
 My hours were cut drastically at work. I have 40 hours of availability a week and will have worked only 10 hours in 3 weeks. Is this legal?,I USU work from home on Fridays.,I'm dead tired after grinding all day.,"I'm legit dead tired after grindin' all day, fr.","I got hit with some major cap cuts at work. I'm still tryna hustle 40 hours a week but only managed to grind 10 hours in 3 weeks... lemme ask if that's even legit, fr.",0.5541254471873973,0.4157301187515259
 Has anyone been in a situation where they bought a car in hopes of a better job (server)? Was it worth it? Did you end up making more money even after the car payments?,I’m putting my old car 4SALE.,I got a great deal through OA.,You just won the lottery? UFWM?,"Yo, has anyone copped a whip tryna level up at work (server)? Was it lit? Did ya stack coins even with da car bills?",0.5375193852384335,0.4656204879283905
" I have a medical condition which may require a major operation, good chemistry, shes freaked out by the fact i may die","IAAD, let me know if you need any medical advice.",Stay safe and TCOY.,"Oof, that must have hurt.","Aye, so I got this med issue, might need a big op. Bae's trippin' cause I might OD.",0.3853525983329625,0.38289356231689453
" Reconnected with internet friend living in another country, dating is pretty much impossible, but I've developed a crush on her. Is there anyway for me to maintain this relationship without it getting unhealthy for either of us?",We’ve been in an LD relationship for a year.,"Even though we’re miles apart, we’re BFFLNMW.","We’ve been hanging out a lot, but it’s just a situationship.","Met up with my online homie from another land, long-distance dating ain't happening, but I'm crushing hard. Got any tips to keep this vibe going without it becoming a toxic situation for both of us? 😉",0.7188348855998707,0.6897473335266113
 Is it better to stay within my calorie limit and not eat a lunch than to eat all day and maybe go over?,WAN2 grab lunch later?,"I'm mad hungry, let's hit up some lunch fam!","Yo, wanna hit up lunch later?","It's better to stick to my calorie limit n skip lunch or risk going over all day, ain't it? So, should we keep it clean or what? 😉",0.6370573895789909,0.7754998207092285
" Overslept, called in sick (actually felt fine), soiled myself trusting a fart. Karma is a bitch.","Had a minor ACDNT on the way home, but I’m okay.","We had a fight, but ISLY.","Things got heated last night, total UDS.","Snoozed too hard, faked being sick (feelin' good), had an accident trusting a toot. Guess karma ain't playin'.",0.5364250900672743,0.6296368837356567
 I've been hookup buddies with this guy and he seemed desperate for a hand job but idk if he actually likes me or is just a horny college kid,"He’s been texting me nonstop, he’s so thirsty.","I texted him last night, but I got NR.",He sent me a flirty message saying TD2M.,He's been tryna get his nut from me and I'm not sure if he's got feelings or just thirsty AF college dude,0.513416827715665,0.5559195280075073
" I was at a concert, and had to go to the bathroom, I end up leading an army of 4th grade boys down a hallway I'm not supposed to be on.","BRB, GGP!","BRB, BIO.","Had a minor ACDNT on the way home, but I’m okay.","Went to a bash, hit the loo, ended up guiding a squad of 4th graders through an off-limits hall! (This one is a bit tricky as ""bash"" and ""squad"" are already slang terms, but I added ""loo"" for good measure.)",0.6153360341064157,0.4550487995147705
 My boyfriend does not like how I present myself and I'm trying to find ways to communicate that it makes me uncomfortable.,My B/F is meeting me later.,"He keeps telling me I’m overreacting, but I think he’s gaslighting me.","He talks with his mouth full, that gave me the ick.",My BF hates my fits and I'm tryna figure out how to tell him it ain't cool.,0.44792544040983734,0.535740077495575
" Meet guy on OKC, conversation is pretty awesome, but doesn't set a date and immediately asks to be bf/gf without ever meeting.  WTF?","She’s breadcrumbing him, always texting but never wanting to meet.",I think he’s benching me—he texts but never makes plans.,"We’ve been chatting for weeks, LMIRL sometime?","Dude met on OKC, convo fire, no date set, skips meet-up and asks to be GF/BF. WTF?! 😂🚀💔",0.553322983663168,0.8573384881019592
" I had my last strike in the kitchen; got a choice to quit or switch jobs for less hours, but have been unhappy there and want to leave.",Opportunities come WYLEI.,"You’re fired! JK, I could never fire you.",Got to get back to RW responsibilities.,"Aye, I'm outta here! Job ain't vibin', so I gotta decide between leavin' or stickin' around with fewer hrs, but tbh, I'ma prob find somethin' new. 😎",0.5021888609573122,0.36725860834121704
 Girlfriend of 2+ years has a thing for a mutual friend. Not sure how to confront her with my knowing when she comes back from vacation.,"She’s my BFF, we tell each other everything.",We’ve been in an LD relationship for a year.,"Even though we’re miles apart, we’re BFFLNMW.",GF been vibing with mutual homie since forever. Don't know how to bring it up once she's back from vacay.,0.48510498877542496,0.47159501910209656
 fiancée (f22) of almost a year feels that I (m22)  do not emote enough for her and that I'm very one dimensional with my life long need to shelter my feelings.,"No matter what happens, IWALU.",Stop simping over her.,"I’m not looking for anything serious, just NSA.","GF (22) thinks I'm (22) emotionally stingy and one-dimensional with life, hiding all my feels like a cliche emo kid.",0.5161625506805251,0.5891118049621582
" Manager insulted my sister, so I used my store discount to treat myself to a metric tonne of clothing, never returned and caused my manager to work for 12 hours.",She was throwing shade at my outfit.,"That woman asked to speak to the manager, total Karen move.","Quiet, B9!","Manager trashed my sis, so I copped a massive haul on the low with my employee hookup, ghosted, leaving my manager on overtime.",0.5736097599330701,0.620903730392456
" I want to tell my boyfriend of 7 months that I love him, but I chicken out every single time I get a good opportunity. Help!",We’ve been in an LD relationship for a year.,"We’ve been hanging out a lot, but it’s just a situationship.",My B/F is meeting me later.,"Aye, I need help 'cause I can't tell my boo thang I got feels for him already! 😅😓",0.2008423396177239,0.26318052411079407
 just broke up with what just a month ago I thought was my life partner. Now I'm sad and conflicted if it was a smart move.,"We’ve been hanging out a lot, but it’s just a situationship.",We’ve been in an LD relationship for a year.,We’re finally FBO—changed our relationship status!,"Bro, we just split up with who I thought was my ride-or-die a month ago. Now I'm feeling lowkey emotional, wondering if it was the right call. 🤷‍♂️💔",0.4547955805740198,0.49407869577407837
 Good day ruined by graphic images of dead babies and touchy subjects I didn't need to see or hear that day.,"Work was brutal today, ADIH.",Why are you so tight today?,Take care and HAWT!,"Day got wrecked by gnarly pics of dead babies and some heavy stuff I wasn't vibing with, smh.",0.6805683318267568,0.6963167190551758
" GF went away for 6 weeks, i visit friend she hates and flirt with girl while she is gone. i tell GF. she holds it against me. i break up with her. did i do the right thing?","She texted me, IWSN!",She texted me LHSX after the party.,Are you bringing a MOOS to the party?,I cheated on my GF when she was away and then told her about it. She's still mad at me. Was it a good move to break up? IDKW (I Don't Know What),0.5881755257907666,0.6500352621078491
 I'm out with a stress fracture of the upper fibula.  Could the elliptical be making it worse?  Got any high-calorie burning no-impact cardio ideas?,"Oof, that must have hurt.",I’m tired af after that workout.,I'm dead after hittin' that session today.,"Damn, I'm sidelined with a shin splint, wonder if the elliptical ain't helping. Any low-key, calorie-burning non-impact cardio suggestions?",0.6112214374740368,0.6130245923995972
" the person I have been dating keeps telling me her family wants to meet me, and I have told her I would gladly meet them.  What could her intentions be by bringing it up to me constantly.","She’s breadcrumbing him, always texting but never wanting to meet.",My G/F is meeting me after work.,She texted me LHSX after the party.,"She's trying to set fam-ups w/ me, but why she keep mentioning it tho? Could be trynna get close or somethin'.",0.3589231842855337,0.4131372272968292
 Are there any self mediation tips you could share that we can try out? Methods that might allow us to throughly discuss a touchy subject without makin things worse?,Stay woke.,Let’s have a 121 meeting to go over the details.,Stop simping over her.,"Got any chill vibes for talking 'bout tough stuff without stirring drama? Tips we can use, y'know?",0.47859248618009675,0.48627084493637085
 I had a childhood filled with a lot of anxiety because of my troubled relationship with my step father and I think that problems in my personal and social lives are feeling some consequences. What can I do to help this situation?,"I’ll handle it myself, MYOB.",Stay woke.,Stay safe and TCOY.,"I'm feeling drained af from this family drama with the stepdad, and it's been affecting my vibes everywhere. How can I cope better, bruh?",0.6926865209502857,0.5543481111526489
" Sublet ""landlord"" failed to find a new tenant to maintain her lease with actual property owner, wants me to foot the bill.",SWMBO says I need to mow the lawn.,"That woman asked to speak to the manager, total Karen move.",She's such a Karen.,Landlord ain't finding no replacements and now tryna make you pay up.,0.40277958675764935,0.5285508632659912
 I didn't dance with my date at a ball because I thought she only went with me so she didn't have to go alone.,Are you bringing a MOOS to the party?,"TBH, I didn’t enjoy the party last night.",She texted me LHSX after the party.,"Aye, I was chillin' with the wingman at the formal ngl, but knew she just came cuz she wasn't solo.",0.4269675622356235,0.3830209970474243
 My dog is in excruciating pain everyday and I've tried everything the vet told me to do. It isn't working. I need help.,My dog has the zoomies.,My dog has the zoomies.,"Oof, that must have hurt.","Dog's living its worst life rn, tried every trick in the book but it ain't helping. Need some fresh ideas, ASAP. 🚀💔",0.48015216612089373,0.5170910358428955
" brother paid my phone bill for me, somehow pissed off my mum. He's been thrown out and im losing everything.","Bruh, I lowkey left my phone home today, no cap.","I forgot my wallet at home, facepalm.","Yo, I left my phone at home today, fr.","My bro fronted my phone bill, now Mum's mad as hell. Homie got booted, bouta lose it all.",0.604522234432585,0.7658311724662781
" Keep getting dread sensation after feeling she's into me but before even going on real dates, preventing me to start a relationship as I want to flee.","She’s always late—kind of a pink flag, but not a dealbreaker.",I’m going out with my GF tonight.,Stop simping over her.,"Can't vibe with her energy causing major vibes check before we even link up, got me running in the opposite direction.",0.388009703390486,0.3328061103820801
" so, girl so wontt hang out with me, but says she has feelings, so what should I do? Move on or continue to crack on?","She texted me, IWSN!",She texted me LHSX after the party.,Stop simping over her.,"Gurl's playing hard to get, but spilling emotions? Dilemma. Do I ghost or keep grinding?",0.42067234317186464,0.3704305589199066
" I(15M) like a girl (14F), but we go to different schools and haven't talked in a while.  Not sure how or if I should ask her out.",She’s a GRL I met online.,She texted me LHSX after the party.,She jokingly said TDTM during the chat.,"I(15M) like a GRL (14F), but we at diff scools n ain't chatted in a min. Dunno how or if I should slide into her DMs.",0.6026948738296276,0.5959714651107788
" There's an abandoned and possibly abused black Lab running around our neighborhood. I'm unable to take her in myself, and the local animal shelter can't take her in for at least a couple weeks. I need some advice","Yo, just peeped the cutest pupper on my walk, fr.","Look at that dog, such a QT!",My dog has the zoomies.,"Ayo, there's this stray, prob neglected black Lab hangin' out in our hood. Can't foster her myself, plus the shelter ain't got room till a few weeks. Need some deets on what to do next, fam.",0.7723448310367288,0.7690663933753967
" Want to work in IT. No experience. No money. Cheap school and certifications? Where? Also, what type of job to get with that to start out?","ISO a new job, any leads?","WTB a new gaming console, any recommendations?",Make sure you read the TOS before signing up.,"Wanna dip into IT, no cash or exp? Affordable school & certs avail? Link me plz! What kinda entry-level gig tho for a noob like me?",0.6179926093265291,0.5988661050796509
 picture an old Škoda looking in the mirror and seeing the new Aston Martin Vanquish in the reflection.,PAP of your new car!,"That car is clapped, it’s falling apart.","That car is NFS, sorry!","OG Skoda seein' itself next to a new Astro vanquish in the reflec, wtf!",0.3899783180030759,0.6137516498565674
" One month after breaking up, I feel well and moving on, but knowing about my ex can really put me down again","It happened a week ago, GOI already.","It’s been so long since we hung out, MU!","Don’t worry, TTTT—it’ll get better.","OMG, even tho we split a month ago, hearing 'bout my ex still puts me in the dumps.",0.4264855460777177,0.5759627819061279
 I'm back on the market for the first time in years. It feels like I am shopping for groceries instead of falling in love. Is this normal?,I'm just dashing to the store to grab some snacks and stuff.,I hit up the grocery to snag some snacks.,I'm just hoofing it to the snack spot to grab some munchies.,"I'm re-entering the dating scene after a long break, feels more like swiping left and right than finding The One. Is this the new norm?",0.4486349830997287,0.42635583877563477
" wife fucked someone else, we have decided to try to work it out, not sure if I can, but need advice on how to do it if I can.",I’ll check with my YF before making plans.,"Oof, that's tough.","You can go ahead, but AYOR!","My YF cheated, we're trying to make it work, but idk if I can. Need tips on how to pull through if I do.",0.4437015378574255,0.5826939344406128
 Recently broke up with my long-time friend and boyfriend. I met a guy that I really like and who really likes me. How do I avoid rebounding?,I only see him AAF.,"He ghosted me months ago, and now he’s zombie-ing by texting me again.","We’ve been hanging out a lot, but it’s just a situationship.","Just split w/ my OG BF/homie, linked up wit a new dude I'm feelin'. Need tips to avoid jumping straight into a rebound relationship?",0.6619462664767977,0.686773419380188
" I'm not feeling romantic feelings towards a guy i've been dating,  but I want to,  but don't know if I ever will, and want to know if I  should just end things.","We’ve been hanging out a lot, but it’s just a situationship.",We’ve been in an LD relationship for a year.,"She’s always late—kind of a pink flag, but not a dealbreaker.","He ain't got me feeling it, but I wish he did, but idk if he ever will. Should I just ghost him?",0.32839878142870693,0.35208842158317566
 was accidentally racist when I asked the one black girl at a children's birthday party to help me collect cotton off the floor.,She was throwing shade at my outfit.,Are you bringing a MOOS to the party?,My DW planned a surprise for my birthday.,Accidentally dropped the R-bomb when I asked the one Melanin Queen at the kids' b-day shindig to help me pick up cotton candy off the floor.,0.7211505402488392,0.6112761497497559
" My Google Apps email account and 10 years of emails has been deleted. Reddit, can you please spread the word / upvote so I might get someone's attention at Google and get it back?","WRT your last email, I have some questions.","JC, did you send that email?",I’ll FW you the email.,"Yooo, somethin' crazy happened! I got my Gmail deleted with 10 years of emails gone 😱 Reddit fam, plz share this & upvote for me to get Google's attention to sort it out 🙏🏼🔄✨ #helpneeded 🚀",0.7507713172904672,0.7259193658828735
 Need help with my resume so I can get an internship. I want to show my best skills but I don't know if that will come across the wrong way.,"ISO a new job, any leads?",BOL on your new job!,"The job offer is straightforward, WYSIWYG.","ISO help w/ my resumé so I can cop a sick internship. Wanna show off my top-tier skills, but ain't sure if it'll come off as too extra.",0.5665367889602428,0.5236552953720093
" Boyfriend and I are sharing a best friend, best friend and I are closer and it's annoying my boyfriend, should I give up my friendship to make my boyfriend happy?","She’s my BFF, we tell each other everything.",We’ve been BFFL since high school.,"Even though we’re miles apart, we’re BFFLNMW.","BF & me got a mutual homie vibes goin' on, but it's causing drama with the boo. Should I cut ties w/ the homie for the sake of love? 🤔💔",0.5343916516059654,0.487065851688385
 Lied to my boyfriend about appearing in my finals because otherwise he will judge me. Can't face him any more.,"He keeps telling me I’m overreacting, but I think he’s gaslighting me.",My B/F is meeting me later.,"He was being so rude, so I gave him the MLM.","I fibbed to my B/F 'bout finals so he wouldn't clown me, can't vibe with him rn.",0.47161065211256453,0.5554096698760986
 boyfriend smokes 150 worth of weed a week and he is losing his sex drive and his motivation to hang out with me.,He's so thirsty for likes.,I think he’s benching me—he texts but never makes plans.,"He keeps telling me I’m overreacting, but I think he’s gaslighting me.","He's smoking too much pot, it's killing his mojo and making him ditch hangs with you.",0.4648891063278071,0.5973682403564453
" Got an beginner internship with a wage of $35.00 believing it's fake, but they have some of my information such as name, phone, address. What should I do? I was supposed to report online tomorrow morning.","AAF, I did finish the report yesterday.","Be careful with that link, it’s NFWS.",I found your number in the PBOOK.,"AYO, I copped a noob gig payin' $35 and thinkin' it's sus, but dey got some of mah deets like name, number, adress. Whatchu suggest I do? I was 'bout ta submit online tomorrow mornin'.",0.6702930597056973,0.37105703353881836
 Set carefully thought out alarm to AM not PM and slept through watching a kinder gardener and a second grader.,"If you stay up late, YHBW.","We stayed out late, KPC!",I'm soooo exhausted today ’cause I was up all night last night 😴.,"Slept through both KG and 2nd grade, smh 🤦‍♀️.",0.31704994895781835,0.46789491176605225
" I'm on a trip to Europe and cheated on my boyfriend, who's having a hard time because his dad just cheated on his mom. I need help.",I'm deadass exhausted today and not tryna do anything sus.,I'm deadass exhausted today and not tryna do anything sus.,I'm deadass exhausted today and not tryna do anything sus.,"Ayyy, I'm jetting 'round Euro and slid up on my boo, while he's dealing with his dad tryna slide on his mom. I'm stuck, hit me up for some deets plz.",0.42963308194997896,0.38835203647613525
" I am having trust issues with my girlfriend, how can we start to trust each other again? How can we get the love back to what it was.",We’ve been in an LD relationship for a year.,"We were talking for weeks, and then she just ghosted me.","We’ve been hanging out a lot, but it’s just a situationship.","Yo, bae and I are having trust vibes, how can we get that back on fleek again? How can we get our feels back to where they were before?",0.5153856287372409,0.5598571300506592
" My girlfriend and I are recently long distance, and she's taking no initiative when it comes to communicating with each other.",We’ve been in an LD relationship for a year.,We’ve been in an LDR for two years now.,"She’s breadcrumbing him, always texting but never wanting to meet.",My gf and I went LD and she ain't putting in work to chat up.,0.41138017937086957,0.5457520484924316
 I forgave my girlfriend for whacking me in the middle of an argument but don't feel okay with it now that I've thought about it.,Stop simping over her.,She had to swerve that awkward conversation.,I’m going out with my GF tonight.,I forg her for clapping me up mid-beef but ain't vibing with it since I've been thinking 'bout it.,0.3438335241043006,0.4660604000091553
" my bf and I are currently not sexually active due to a few failed attempts. I want to talk to him about working together to fix it and move forward, but I don't know how without feeling like a nag.","We’ve been hanging out a lot, but it’s just a situationship.",We finally met IRL after months of online chatting.,I’m going out with my SO tonight.,"We've been on a sex dry spell with my boo lately, and I wanna chat 'bout fixing it without coming off as clingy.",0.33595083373240153,0.33949169516563416
" Became a human super-soaker, covered my girlfriend with the wrong kind of fluid, ended an entire blood-drive, and terrified an entire high-school class. Didn't even get candy.","I tripped and spilled my drink, ROFLOL!","Had a minor ACDNT on the way home, but I’m okay.","Why would you do that, AYSOS?","Got drenched like a drippy meme, splashed bae with some questionable juice, crashed a blood drive hard, and sent a whole school into full panic mode... no sweet reward tho! 😅😂💦🩸😱🤦‍♀️🍬",0.6793846767860106,0.5554452538490295
" I just moved to Vancouver and am looking to make new friends, and seeing how reddit is awesome i figured i'd try here, peace! =D","Yo, I copped a new spot that's mad chill to vibe at.","Yo, I copped a new spot that's mad chill to vibe at.","Yo, I copped a new spot that's mad chill to vibe at.","Aye, just landed in Vancity, tryna link with fresh peeps! Reddit's lit so here I am, hit me up if you're down 😎✌️",0.5015019330291537,0.4489872455596924
 former comapny gave me money- i told them bout it- that was over month ago- when will it be mine,The pay raise will be RTRCTV to last month.,"I forgot my wallet at home, that’s an L.","Sheesh, that’s a lot of money!","Former job sent me some dough, been on 'em 'bout it for over a month now... WLM (when's my) bag?",0.36700494826830654,0.4293007552623749
" i have no social skills anymore, im scared of face to face interaction with people, been isolated for 3 years and want to try get a girlfriend i miss haveing a companion other half but also want some friends again",Stay safe and TCOY.,"Don’t worry, TTTT—it’ll get better.","We’re FBFs, but we haven’t met in person.","I'm feelin' socially awkward AF these days, scared to vibe with folks in person. Been isolatin' hardcore for 3 years now, but cravin' a S/O and some homies back in my life.",0.5996497955348683,0.45137715339660645
 Gal-friend asks for porn & later we discuss our likes / dislikes about it. She is in a LDR that is just plain boring. Should i make a move on her or just be a little cocky yet friendly?,"Even though we’re miles apart, we’re BFFLNMW.","She texted me, IWSN!",She’s a GRL I met online.,"GF wants NSFW pics, we chat 'bout preferences. Her LDR's lame AF. Do I slide in or just flirt it up?",0.5743421714061515,0.5669668912887573
" There's a girl i'm interested in, low confidence, she finds me funny, yet she tries to set me up with another. ","She texted me, IWSN!",She jokingly said TDTM during the chat.,She’s a GRL I met online.,"She digs me hard, but low-key insecure, finds me hysterical, yet tryna hook me up with someone else. Shortened as DIGM (Dig Me) - BIL (low-key insecure), FINDMF (Finds Me Funny), TRYHUM (Trying to Hook Me Up).",0.5323768104955431,0.42763450741767883
" Stepkids call me by my name, it has never been a problem.  Stepdaughter is now trying to give me a nickname, it makes me uncomfortable.  What to do?",Your baby is so PRESH!,Stop simping over her.,She's living rent-free in my mind.,"Stepdaughter tryna throw you some new vibes, but it's weirdin' ya out. How to chill it?",0.48757481674078096,0.5042355060577393
" Girlfriend wants a break, still wants me to go to her graduation and promises to write to me during graduation trip.",I’m going out with my GF tonight.,She texted me LHSX after the party.,"She texted me, IWSN!","GF needs a sec, gon' grad w/o me but promisin' to hit up my DMs on the trip.",0.41599428373030345,0.499578595161438
" Old woman at the beer vendor complimented me, I was blushing. Proceeded to push a pull door for several seconds, after which I inadvertently exclaimed that I had an erection, winked at her, and left the establishment.",Are you bringing a MOOS to the party?,I gave her a KOC when we said goodbye.,"She told a funny story, I had to G.","That old MILF at the bar hit on me hard, I was straight red-faced! Tried opening the dang door like a noob for a sec, almost said I got a woody, winked, and bolted outta there. 😂",0.6971301120238951,0.5909361243247986
" Want to get a Chlamydia test done just for peace of mind, but don't know how to approach telling gf without it raising unnecessary doubts about cheating (which hasn't happened).",I'm low-key worried about the test.,"That test was tough, FRT.",She texted me LHSX after the party.,"Wanna cop a STD check, just to be safe, but not sure how to tell the gf it ain't about that (no side chicks).",0.5602131003818354,0.7049137353897095
" Went on amazing date with woman, need help if I should be asking to be exclusive/advice. I'm dumb at this. =/",I’m going out with my GF tonight.,She texted me LHSX after the party.,"We’ve been hanging out a lot, but it’s just a situationship.",Needing2beexclusivewitmydate...advice? Im badatthis. Lol,0.3732818777046045,0.3310512900352478
 An irrational fear of abandonment dooms me to codependent feelings that destroy the intimacy I seek. I want to change.,I prefer JOMO to FOMO any day.,"I’m not looking for anything serious, just NSA.",I'm all about JOMO these days.,"I'm trapped in clingy AF vibes, gotta break this cycle and find my independence. Let's make a change!",0.4192029493667412,0.339790940284729
" My friend and I always used to make jokes about each other's mom until his passed away, I made one by accident.",My BF and I have known each other for years.,I joined the prank for the LULZ.,I tried making a joke but it was MUAH.,"Yo, me and my homie used to roast our mamas all the time 'til his mum passed, I accidentally went there once.",0.5150153587812202,0.44831326603889465
" met a really great guy last month and I've taken an interest in his culture, but is it too much too soon?","We’ve been chatting for weeks, LMIRL sometime?","We’ve been hanging out a lot, but it’s just a situationship.","Everyone’s cuffing this fall, it’s relationship season.","He's lit, I'm vibing with his culture, but am I jumping the gun?",0.4518069596832148,0.5712039470672607
 I'm older than my boyfriend and am worried that he won't realize I'm too old to give him children until it's too late,"I’m with MISS.3, we’re going to the park.","He keeps telling me I’m overreacting, but I think he’s gaslighting me.","We’ve been hanging out a lot, but it’s just a situationship.",I’m dating someone younger and worry he might not catch on when I drop the age bomb.,0.496285320318967,0.5216565132141113
" My girlfriend got invited by a male friend to go on vacation in another country for 3 weeks, and I have extremely mixed feelings about it.","They’re not dating, just FWB.","We’ve been hanging out a lot, but it’s just a situationship.",We’ve been in an LD relationship for a year.,"My gf's jetting off with her bro-mate for 3 weeks overseas, and I'm straight up conflicted about it.",0.5883131723159568,0.5949088931083679
" Feel weak and out of shape after years of barely moving, now I want to get in shape.  Thanks for your help in advance!",I'm dead after hittin' that session today.,"I need to heal, my HP is low.","I’m out of MP, need to recharge.","Feeling drained AF from living sedentary for years, now I'm tryna get swole. Appreciate the assist in advance!",0.5387778784099377,0.5512399673461914
 Don't want to be looking in too deep to this but wondering if I should be concerned with this behaviour as I absolutely love this girl?,Stop simping over her.,"She’s always late—kind of a pink flag, but not a dealbreaker.",She texted me LHSX after the party.,Am I trippin' 'bout this girl or is she playing some games? 👀💔❤️,0.3587564156904115,0.4405045211315155
" Heard footsteps while peeing, tucked dick in pants because i'm shy while using toilets, boss comes in and sees that I pissed all over my shirt and the wall in an attempt to put my dick in my pants","Why would you do that, AYSOS?","I tripped and spilled my drink, ROFLOL!","BRB, GGP!","OMG, TPWH (heard footsteps while peeing) and had to tuck my dick in my pants cause im shy AF. Then Boss comes in and catches me in a major EMBARRASSING moment 'cause I accidentally pissed on my shirt n the wall trying to hide it LMAO!",0.8656841536307929,0.7895400524139404
 Girls in my school kicking and demoralizing me for past  2 years and I dont know what to do anymore. I have had to change to try and deal with them and its making me really sad.,Our school has a ZOT policy for bullying.,"Despite everything, I’m still AAS!",Stop simping over her.,"I've been getting trolled by these girls at school for the past 2 years and I'm totally drained. Can't handle it anymore, been switching schools trying to cope but still feelin' down af.",0.7106862348037413,0.618048369884491
" How often should I tell my s.o. I love her so that it doesn't wear out, but she still knows I do?","She’s my BFF, we tell each other everything.","Keep this on the DL, it’s a secret.","She’s always late—kind of a pink flag, but not a dealbreaker.","How often should I hit her with ""I love you"" to keep it fresh but make sure she knows the deal? (Just a heads up, the phrase ""hit her with"" here is an informal way of saying ""say something to."")",0.4814647550067743,0.5474170446395874
" Me and my douche ex BF just broke up this past Friday, and I am socially deprived/bored and was wondering if it would be too soon to join Tinder.","We’ve been chatting for weeks, LMIRL sometime?","Everyone’s cuffing this fall, it’s relationship season.","Yo, you tryna link up later to vibe?","My ex dumped me last Fri, I'm dead bored AF and thinking 'bout swiping on Tinds, no cap?",0.4131447100738409,0.5215802788734436
" Girlfriend and I had sex for second time, worst fear realized, girlfriend can't look at herself the same, I feel terrible.",Stay safe and TCOY.,"Got rejected for the third time, feelsbatman.","Had a minor ACDNT on the way home, but I’m okay.","GF & I did it again, oof moment, she's feeling like a hot mess, I'm feeling some type of way.",0.4917313466441928,0.512548565864563
" I invited some friends over to my house to meet other (new) friends, and one left shit stains on my kitchen table whilst the other burnt his pubes off.",I heard about the party from a FOAF.,I'm linking up with my crew at the coffee shop later.,I'm just chillin' with my squad at the coffee spot.,"My crib got invaded by mates to link up with other newbies, and one dumped mess on ma kitchen table while another incinerated his bush.",0.5896646026263936,0.5145092606544495
" I wish my boyfriend would spend time with me before his boys' nights. He plays video games with them every night, but I wish he would take a break once a week for me before he goes.","Sending love to all the dads, H-FDAY!",Spending the day with BAE at the beach.,He’s into ERP in online games.,"Bae, why you gotta play video games w/ ur bros evry nite? Wish u'd take a breather 4 me 1 time wk & spend some QT together b4 ur boys' night? 💖🕹️💕",0.6685146321220081,0.5060043334960938
" Got drunk and read Gf's phone, says she isn't sure we'll work out long term because she feels she might be shallow and I am not sexy (I'm overweight).",I’m going out with my GF tonight.,My G/F is meeting me after work.,Stop simping over her.,"GF found my ass snooping through her phone, thinks we might not last 'cause she feels basic and I ain't exactly chiseled. (overweight)",0.6874662827586864,0.682411789894104
" Started weight lifting with friend, realized I only have fat in stomach and back, need to know if I need to change exercise to cardio and dieting.","That diet worked for me, but YMMV.","NGL, that was a tough workout.",I’m tired af after that workout.,"Started hitting the weights w/ homie, realized I got a lil' love handle situation goin' on (stomach & back), need advice - should I switch to cardio & clean up my diet?",0.7795999912013638,0.5896708965301514
 Boyfriend and I are open - I'm now crazily jealous when he wants to meet up with other girls. How do I end it although I love him?,My B/F is meeting me later.,"We’ve been hanging out a lot, but it’s just a situationship.","He was being so rude, so I gave him the MLM.",BF and I got open vibes - I'm trippin' hard every time he links with other chicks. What's the move to cut things off even though I still feel him?,0.6172754112373098,0.5697308778762817
" This girl is mad at me for talking to her boyfriend, she confronted me at school and I denied it and now I'm nervous.",Stop simping over her.,I SPTO her about the event.,She threw some serious shade at the party.,"She's salty AF cuz I chatted with her boo, we had words at school, I spazzed out and now I'm shook.",0.4587877797700691,0.4189606010913849
 GF has a lot of guy friends and are very close w/ them sometimes eating with them just them two. Should I be worried.,"They’re not dating, just FWB.","She’s my BFF, we tell each other everything.","She’s always late—kind of a pink flag, but not a dealbreaker.",GF hangs out with a lot of dudes and chills one-on-one even eats with 'em. Ain't no need to panic unless it starts vibing weird.,0.6543881941039806,0.6993581056594849
" Professor listed book as optional.  Don't have it, sold out everywhere, really need it for homework (Parametric Modeling with Autodesk Inventor 2012)",I finished the project YD.,The project SB done by Friday.,"Just finished my project early, feelsgoodman.","Prof listed that Inventor book as opt but can't find it anywhere, deff need it for hw tho 😔",0.49138362874945113,0.5949556231498718
" I want to break up with my very first boyfriend, but I have no clue how since he doesn't want the relationship to end and thinks everything is great.","We’ve been hanging out a lot, but it’s just a situationship.",I think I have a BCO that new guy.,I'm deadass exhausted today and not tryna do anything sus.,"I gotta call it quits with my OG boo, but he ain't feelin' it cause he think we're good and don't wanna split up. Got no game plan tho. 🤷‍♀️💔",0.3438595401283116,0.2999074459075928
" Guy I've been seeing is leaving for the summer and when he gets back i'll be gone for a month. Should I discuss ""us"" before he leaves or just leave it be?",We’ve been in an LD relationship for a year.,"We’ve been hanging out a lot, but it’s just a situationship.",He ghosted me after our date.,"Yo, my WLM (Worthy Crush) is leavin' for the summer, then I'm outta town for a month too. Should we talk 'bout our sitch before he goes or just chill?",0.5266428145675448,0.4992690086364746
" gf of 2 years can't communicate properly, bottles things up and explodes when we have fights that have nothing to do with anything that she's upset about in the first place. What can I do to fix this?",Stop simping over her.,She's wylin out here.,"She’s always late—kind of a pink flag, but not a dealbreaker.",My gf for 2 years is bottling stuff up and going off during fights over nothing—I need a fix for this ASAP.,0.6041982571834342,0.6266790628433228
 Me [27 F] with my bf [28 M] broke up after 4 years of relationship and I still cannot get intimate with another man / Any advice?,"We’ve been hanging out a lot, but it’s just a situationship.",What’s your body count?,"Got rejected for the third time, feelsbatman.","Broke up w/ bae for 4 yrs, struggling to link up again - any vibes?",0.43525363603952516,0.39959314465522766
 My dogs are left alone during the day while my wife and I go to work. Are there any toys or products on the market that would keep them busy throughout the day?,My dog has the zoomies.,My dog has the zoomies.,"Look at that dog, such a QT!","My pups are chillin' solo at home while we grind at work, got any good distractions or gear to keep 'em entertained all day? 🐾🎮🛍️",0.7756287333377511,0.6925317049026489
" ex girlfriend left me for seemingly pointless/fixable reason(or found someone else, possbile/not sure). I'm depressed and need someone to smack some sense into me.","Hope you’re doing well, TAUMUALU.","We were talking for weeks, and then she just ghosted me.","She texted me, IWSN!","My ex bailed on me for a reason that seems dumb as hell (or she found a new boo, not even sure). I've been feeling like crap and could use someone to slap some reality into my face.",0.6400106389106476,0.5597996711730957
" Boyfriend of three years cheated on me with best friend, but he left for basic training, and only way to contact is through letters.  Best friend is living with me, but is indifferent to the whole situation.","I texted him last night, but I got NR.","He ghosted me months ago, and now he’s zombie-ing by texting me again.","We’re not as close anymore, just BFFN.","BF betrayed me with my BFF, but he shipped off for boot camp, so I can only hit him up via mail. My roomie's chillin' but doesn't give a hoot about the drama.",0.6639557216636361,0.5522881746292114
 Broke up with gf of 2 years for what I knew before to be legitimate reasons and now feel awful and miss her.,"She’s always late—kind of a pink flag, but not a dealbreaker.","Hope you’re doing well, TAUMUALU.","We were talking for weeks, and then she just ghosted me.","Dumped bae for 2 yrs over legit sh*t, now feel like crap and can't stop thinking 'bout her.",0.5061090106448969,0.5967055559158325
" For $1500 per person, where would you recommend a group of 5 new grads to travel that is not in North America?",What’s the best option? UTM.,I’ll be taking my POV on the road trip.,I'm linking up with my crew at the coffee shop later.,Where y'all tryna jet off for $7.5k (group rate)? Somewhere exotic as f$#k outside NA.,0.34634989739455013,0.38799065351486206
" Boyfriend is 25, unemployed, uninsured, underweight, and has been diagnosed with Hodgkin's lymphoma. Scared. Please share stories and experiences, we would love to learn from others!","IAAD, let me know if you need any medical advice.","Oof, that must have hurt.","I’m doing well, WBU?","My boo's 25, jobless, no health plan, skinny as a rail, got Hodgkin's. Feeling spooked AF. Share your deets, let's learn together! #CancerSquad",0.47941479635866063,0.4325138032436371
 Girlfriend of 3 years came out to me last night. How can i support her without being too bothered by the idea of us breaking up,Stop simping over her.,I’m going out with my GF tonight.,"We’ve been hanging out a lot, but it’s just a situationship.","GF dropped the bomb on me last night. Gotta be there for her, but not freaking out about the breakup thing yet.",0.5279737661832588,0.4742300808429718
" Let a friend at a great job offer first on a technicality and because I'm a ""good"" person. Immediately realized that I needed it more and wished I would have just taken it.","The job offer is straightforward, WYSIWYG.","It was a tough project, but @TEOTD, it was worth it.",BOL on your new job!,"Let fam snag the gig first on some BS, but tbh, I really needed it. Shoulda just grabbed it myself. 😓",0.3740711669099628,0.2772282063961029
" Roommate left delicious cake to rot in the sink for the hundredth time, I sabotage her diet by tempting her weak mental fortitude with the rest of the cake.",MFW someone eats my leftovers without asking.,"NGL, that was the best meal I’ve had in a while.",That meal was GUD!,"MFW my roomie leaves da bomb cake in the sink yet again (for the 100th time smh), I wreck her diet game by teasing her w/ da last slice of cake.",0.6024693804599571,0.7063238024711609
" Can't decide on what school to attend. Public college is cheaper and has a well credit program, but cost of living is more. Private college is expensive, but cost of living is cheaper and more convenient to attend.",What’s the best option? UTM.,"It’s expensive, but OTOH, it’s a great investment.","JMO, but I think the first movie was better.","Can't cop a decision 'bout the uni. Public uni's cheap AF, got a dope prog, but cost of living's lit. Privy uni's pricey, but cost of livin' chill, and it's more convenient to link up there.",0.5696453604011325,0.5852741003036499
" Boyfriends mom invited us to a festival event and dinner at a restaurant and due to my severe social anxiety, I don't want to go. I haven't told my BF yet.",My B/F is meeting me later.,I’m meeting my BF for dinner.,I’m going to dinner with my P tonight.,"My BF's mom invited me to a fest with dinner at a spot, but tbh, I ain't feelin' it 'cause of my bad social anxiety. Haven't told my P yet.",0.6556085850063122,0.7849013805389404
 SO says dates are specifically labeled - I say dates are when I pay for everything; what do You say qualifies or defines a date?,The pay raise will be RTRCTV to last month.,"AIR, the deadline was next week.",I'm heading to the store to snag some snacks.,"AIR, a date is when you're vibing w/ someone and they're covering the bill 💳🔥",0.4417815173349222,0.4680505692958832
" Served a small child with long hair at my work. They didn't have enough money, so I told the mom her daughter was a little short on change. Turns out the child was a boy.",He was EWG me about my new haircut.,"PIR, can’t talk about that right now.",I left a GIC for the baby shower.,"I ran into a kid with a mullet at work, they were skint, so I hit em up about loose coins. Turns out it was a dude all along.",0.45904982189062227,0.4471855163574219
 Questioning job counselor's expertise after months of unsuccessful applications/lack of responses. How should I ask for a new counselor?,"ISO a new job, any leads?",Got to get back to RW responsibilities.,"INAL, but I think you should get legal advice.",Aiming to switch up my career counselor cuz months-long app grind got me zilch. What's the vibe on swapping peeps?,0.42190929376352526,0.40060529112815857
" mom needs me to go with her on trip, I have no desire/will to want to go. How to tell her without breaking her heart?",Wishing all the moms out there an H-MDAY!,"She’s always late—kind of a pink flag, but not a dealbreaker.",I’m going out with my GF tonight.,"Mom's tryna take me on a trip, but I ain't feelin' it. Got any tips on how to let her down easy without breaking her heart?",0.5650638909881465,0.797717809677124
" Years ago a boyfriend passed away and I kept his robe with me. Now that I am in a new relationship, I feel that I need to get rid of it but feel guilty about doing so.","This sword is BOP, so I have to decide if I want it.","He really made me mad, I just wanted to tell him FOAD.","He talks with his mouth full, that gave me the ick.","Aye, back then my ex died and I've been holding onto his robe. Now that I got a new boo, I kinda want to let go but I'm feeling some type of way about it.",0.5947914871482638,0.6355663537979126
" Like a boy, not sure if I should keep going for it, but honestly **just want to know what you do to keep everything in perspective!**","What’s your plan? IGN, honestly.",Stay woke about what's happening.,"I’m not looking for anything serious, just NSA.","Ya boi, unsure if I should keep chasing, but lemme just ask, how do u stay balanced?",0.3645001316747507,0.31348779797554016
" 23 Male, slept with many women, slightly still heartbroken from love unrequited, has job, has future, but has not ever had a GF. Why???","They’re not dating, just FWB.","Everyone’s cuffing this fall, it’s relationship season.",What’s your body count?,"Dude's a 23-year-old player, banged lots of chicks, got his heart stepped on by an uninterested one, got his life together with a job and plans, yet still ain't got no girlfriend? What's the deal?!",0.6429726671313976,0.5934245586395264
 Moving across country and don't want my dad to help move me in. How do I tell him this without completely destroying our relationship.,"I might move abroad one day, YNK.",My FIL is visiting this weekend.,"We’ve been hanging out a lot, but it’s just a situationship.","I ain't letting pops help me move cross-country, gotta break it to him without wrecking our vibe.",0.40044141434896685,0.35766953229904175
" Daughter thought she was witty, decided to throw a diaper that was shitty which made my wife take my bed to puke city.","She told a funny story, I had to G.",I left a GIC for the baby shower.,She threw some serious shade at the party.,"My wife went to vom city after our daughter threw some foul diaper, causing her to take the bed.",0.49494102316549937,0.6574720740318298
 Weird pain whenever trying to start up a good distance running habit. What is it? And what can I do to avoid/fix without stopping my routine.,I’m tired af after that workout.,"I'm wiped after hustle all day, fr fr.","I'm wiped after hustle all day, fr fr.","Ain't got the leg day down yet, why dis runners knee tho? How to cope witout breakin' da flow?",0.3822083192106099,0.37660500407218933
 talking to a girl but don't know if she is looking for the same thing I am. Over thinking her signs. ,My G/F is meeting me after work.,"She texted me, IWSN!",She texted me LHSX after the party.,Talking to this girl but not sure if she's on the same wavelength. Overanalyzing her vibes. (LHSX or IWSN potential?),0.5527933689861086,0.5515701174736023
" Had a great time with new gf, ex-gf suddenly makes contact - I see she has someone new and this makes me less emotional to my current girlfriend.",My G/F is meeting me after work.,"She texted me, IWSN!","Everyone’s cuffing this fall, it’s relationship season.","Had an awesome time w/ the new G, ex pops up - turns out she's moved on too, helps keep emotions in check for the current GF.",0.676884918992209,0.7166507244110107
 Seems like Anonymous is wasting time bashing celebrities who don't matter when they could do something that might make a difference. What do you think?,"She’s acting like such an NPC, just going with the flow.",She's totally giving main character vibes.,People are saying he’s canceled after those comments.,"Yo, Anon's just trolling famous nobodies instead of focusing on dropping some real change. Thoughts? 💭🤷‍♀️",0.41407872385595645,0.41264498233795166
" Anyway, long ass story short. Is it okay for me to ask my wife to remove an ex of hers from her facebook and her life?",She's throwing shade at her ex.,We’re finally FBO—changed our relationship status!,"She texted me, IWSN!","A'ighty then, is it cool if I hit up my queen and ask her to cut off her ex on FB and the real life tho?",0.48338459601362654,0.5789575576782227
" i be in love with bae but bae be leaving and not returnin' for a damn year, should we become serious yes or no",We’ve been in an LD relationship for a year.,"We’ve been hanging out a lot, but it’s just a situationship.","Even though we’re miles apart, we’re BFFLNMW.","Yo, my boo and I been vibing hard but they gotta leave for a min and won't be back for a year. Should we make it official or nah?",0.5496397461339708,0.4621603786945343
" I texted her but she never texted back, i'm afraid i've messed something up and i'm not sure what to do. i like her a lot and i don't know what to do.",She texted me LHSX after the party.,"She texted me, IWSN!","I texted him last night, but I got NR.","She ghosted me, IDKWTF2D. I like her sm a lot but idk wtf2doo.",0.3343908058639378,0.2809699773788452
 My uncle is disappointed that I did not attend a certain family dinner. Need to tell him to GTFO of my life in a nice way.,My FIL is visiting this weekend.,I’m hanging out with my BIL this weekend.,Going to visit my OL this weekend.,"My UG mad 'cause I skipped fam dinner. Gotta chill him out nicely, so: ""Hey UG, let's chill. No hard feelings?""",0.44365079279916764,0.3886866271495819
 want to take a job in my gfs home city to be close to her. Is it too soon? Do my parents have a right to be upset that I am moving closer to her family?,You’re moving to LA? Fr?,"She’s always late—kind of a pink flag, but not a dealbreaker.",We’ve been in an LD relationship for a year.,"You wanna cop a gig near bae's city 'cause you wanna be closer? Too early, tho? Parents mad 'cause you're movin' close to her fam? 🤷‍♂️🤷‍♀️",0.5239117148427752,0.4938068091869354
 Who/what was the first author/book you disliked after reading? Why? Do you have any good sci fi/ fantasy recommendations?,ITT: People share their favorite books.,"IMHO, the book was better than the movie.",I just rewatched LOTR last weekend.,"Aye, which writer/book did ya first dislike post readin'? Reason? Any fire sci-fi/fantasy recs for me?",0.5924091453037104,0.7693058252334595
" Me and my shitty parents fought, I moved out, and I'm on my own for the first time with little money.","PIR, can’t talk about that right now.","I forgot my wallet at home, that’s an L.","Had a minor ACDNT on the way home, but I’m okay.","MEEP and my trash parents went at it, I Bailz, livin' solo for the first time with a lil' cash.",0.43995923423040606,0.43670517206192017
 Woman I've been dating doesn't respond very frequently to my text messages. We went 2 days between the last conversation. Making me feel like I'm not important to her. What do?,"I texted him last night, but I got NR.","She’s breadcrumbing him, always texting but never wanting to meet.","She texted me, IWSN!","Girl ain't hitting me back much on text, we went 2 days without talkin'. Makes me feel like I ain't a big deal to her. What's good next move? (IWSN if you wanna get fancy)",0.7227515210075062,0.6144781112670898
 I think my BF might be doing hard drugs every now and then but I don't know how to confront him without admitting I snooped. How do I bring this up with him?,Why’s he acting so sus all of a sudden?,"He keeps telling me I’m overreacting, but I think he’s gaslighting me.",He ghosted me after our date.,"Yo, I'm starting to suspect my bae might be dabbling in some hard stuff every once in a while, but I ain't got no proof since I kinda went through his stash without him knowing. Got any tips on how to talk to him about this without confessing I was snooping?",0.8035604357719421,0.6071208715438843
" A friend and I like the same girl, but she likes me more and has for longer. She went away on a trip but left me in the dark on where we stand.","Even though we’re miles apart, we’re BFFLNMW.","She’s my BFF, we tell each other everything.",My BF and I have known each other for years.,"My homie and I both vibe with the same chick, but she's got it bad for me since forever. She jetted off on a vacay without spilling the beans about where we're at now.",0.5243451539169057,0.38387036323547363
 My (21f) employer (35f) is wanting to lower my nanny rate when I come back from having my own child.,"You need tax advice? IAAA, I can help.","INAL, but I think you should get legal advice.","He’s always calling his mom for advice, such an MB.",AITA for getting paid less as a nanny after having a kid? (I'll update it here if you want the Gen Z version of ages),0.4492770651370865,0.5384433269500732
" In the event of a zombie apocalypse, what would *actually* happen to various buildings and businesses (due to either mobs of people, or decisions from the business itself)?",We need to boost our B2C strategy.,WTH is happening right now?,This situation feels like there’s NWO.,"If a zombie apocalypse goes down, most likely it's every man for himself & some buildings will get trashed by the mob. Businesses that survive might barricade themselves or make a run for it. It could get lit like Fortnite Solo mode out here! #ZombieApocalypse #EndOfTheWorld",0.8644976615905762,0.7289953231811523
 accidentally found a very flirtatious chat between my gf and a new lad. Planning to confront her in a couple of hours when she finishes work. Need urgent help please!,"We were talking for weeks, and then she just ghosted me.",She had to swerve that awkward conversation.,My G/F is meeting me after work.,"Accidentally stumbled upon some thirsty convos between my G/F and a new cat. Gotta spill the tea on her when she clocks out from work in a sec. Need a quick chat ASAP, pls help!!",0.7826483845710754,0.5652967691421509
" I'm moving from Florida to Mackinac Island, Michigan to be able to save up for a car on an Island that doesn't allow cars.",I’ll be taking my POV on the road trip.,"Oh, another road trip? BTDT.",I just got a new PL8 for my car.,"Heading from Fla to Micky D's, MI to stack cheddar without a whip, cause no wheels allowed there.",0.3237212369233948,0.2873316705226898
 My friend's girlfriend is keeping him dangling on a string about wanting to be with him.  What should he do?,He's such a simp for her.,"She’s breadcrumbing him, always texting but never wanting to meet.",He's such a simp for her.,"She's straight ghosting him but not leaving him on read, what's his move? (Ghosting - ignoring someone; Leaving someone on read - not responding to messages)",0.47706768395497856,0.3447170853614807
 Having an extremely hard time getting over a recently ended relationship and I don't know what to do with myself/my time to better move on and get closure. Thanks.,"It happened a week ago, GOI already.","He ghosted me months ago, and now he’s zombie-ing by texting me again.","We’ve been hanging out a lot, but it’s just a situationship.","I can't cope post-breakup, struggling to keep my mind off ex, need something new to distract myself and find peace. TYSM.",0.6591022852550252,0.6533846259117126
 Making gummi bear vodka jello shots. What mixed drinks does Reddit suggest? Top comment mixed drink(if it be edible and suitable for around family members) will be made especcially for Reddit.,We need some LIK for the party.,What’s going on with you? NOYB!,"We’re having a party this weekend, BYOB!","Cookin' up some Gummie Vodka Jell-O shots, y'all got any Reddit-approved concoctions? The top fam-friendly drink suggestion from the hivemind will get whipped up extra special for y'all! 🔥🍹🎉",0.7635555249171904,0.7237869501113892
" dating my best friend, he doesn't seem to care about me anymore and it makes me upset. He thinks I'm too sad for this relationship and suggested a break. I don't know what to do.","We’ve been hanging out a lot, but it’s just a situationship.","He ghosted me months ago, and now he’s zombie-ing by texting me again.","Even though we’re miles apart, we’re BFFLNMW.","My BF and I are hooking up, but he ain't feeling me like he used to and it's pissing me off. He says I'm too emo for this ship and wants a timeout. I'm clueless on what to do next.",0.5439652148376211,0.4231104850769043
 Old rentees came back to apartment and took furniture they said we could have without asking. I'm petty and want to do something about it.,Going to visit my OL this weekend.,"That woman asked to speak to the manager, total Karen move.","I told you to clean your room, 4COL!","OG squatters came back to my crib and snatched up the goods they said were mine, no permission needed. I'm salty AF and wanna get some revenge.",0.6447885316329649,0.48625296354293823
 Friend got fired from his job on the first day of the new manager's shift for tardies that occurred months ago.,He's so pressed about the situation.,"You’re fired! JK, I could never fire you.","Work was brutal today, ADIH.",Homie just got canned on his first day with the new boss 'cause of old-ass tardies.,0.435540042260347,0.5109692811965942
" guys often choose me to cheat on their girlfriends with, and I don't really mind. I want to understand why both happen.","They’re not dating, just FWB.","BME, that’s not how it usually works.","Everyone’s cuffing this fall, it’s relationship season.","They always hit me up to cheat, but tbh I'm chill about it. Wanna know why they do that and why I'm down?",0.40272522212065487,0.5007413029670715
 she broke up with my by text then hours later accused me of using her for sex when I'd fallen in love. I want her to know thats why  l was with her. Not sex,She texted me LHSX after the party.,"We were talking for weeks, and then she just ghosted me.","She texted me, IWSN!","She dumped me via text, then accused me of being thirsty hours later. I wanna let her know it was 'bout the love, not the action.",0.6029573778861778,0.6241973042488098
" Guy I'm dating is leaving the country. He wanted to not stay in touch, now he does, and I'm not sure I'm cool with that. What do?",I think he’s benching me—he texts but never makes plans.,"I texted him last night, but I got NR.",My B/F is meeting me later.,"My boo bout to ghost me—he was chillin', now he wants to stay close, but idk if I'm here for it. Got any tips?",0.3866161221942743,0.3577197790145874
" How do I get across the point that I love and care for her, but I don't want to be in this relationship anymore?",Stop simping over her.,"We’ve been hanging out a lot, but it’s just a situationship.","She’s always late—kind of a pink flag, but not a dealbreaker.",How do I make it clear I got feelings but we gotta call it quits?,0.3438378402400875,0.43836820125579834
 basically how do i deal with having been a horrible person and what happens when i inevitably run into an ex roommate I treated horribly? Do i apologize?,"Had a minor ACDNT on the way home, but I’m okay.","You messed up my plans, FU!","I’ll handle it myself, MYOB.","Yoo, so 'bout that time I was a total jerk and now I'm bound to run into my ex-roomie, right? What's the move here to make amends? Apology incoming? 👀🔥💯",0.6386358137771364,0.6401525139808655
 Do I save $130 and have to deal with the headache of getting my brand new TV fixed or return it for a full refund?,"I’m considering getting a new phone, WDYT?",I'm just gonna chill at home and binge some shows today.,I'm just gonna chill at home and binge some shows today.,"Ain't got $130 to fix that new TV, should I just return it for a full refund instead?",0.62190726118735,0.911404550075531
" Broke up with ex 3 weeks ago, slept with different girl last week, don't want to run from emotions, should i break it off or is casual sex okay as long as I'm honest with myself?","It happened a week ago, GOI already.","We’ve been hanging out a lot, but it’s just a situationship.",I'm deadass exhausted today and had zero chill for going out.,"Ex-girlfriend's history for 3 weeks, smashed a new chick last week, ain't tryna hide feelings, should I ghost her or is hooking up cool if I'm real with myself?",0.6508891772365306,0.6092575788497925
" I really need to start making both of us more comfortable to do anything with each other, I just don't know where to start and how to initiate things such as making out and whatnot.",We had our first KOTL last night.,We’ve been in an LD relationship for a year.,We said goodbye with a KOTC.,"I gotta figure out how to vibe better with you, we ain't really poppin' off yet, but idk how to kick it up a notch and make moves like kissing and stuff.",0.7059339810771625,0.5808430314064026
" me and gf had time apart, I cant stand it any more but does the fact that she can/that she wants this mean I may as well end the relationship now?","She’s always late—kind of a pink flag, but not a dealbreaker.","We’ve been hanging out a lot, but it’s just a situationship.",I’m going out with my GF tonight.,"GF and I been on a break, can't take it anymore, but if she digs it, should I just call it quits?",0.444733562479389,0.5847579836845398
" Shouldn't Disney automatically treat handicapped people like everyone else (including making them wait in line), unless they request a special accomodation?",We’re having a PTO meeting at the school.,They were showing too much PDA at the park.,"I’m with MISS.3, we’re going to the park.","Disney should treat ppl with disabilities equally, but only make exceptions when requested.",0.6348501103736687,0.771085262298584
 HAD ABORTION A FEW DAYS AGO. BF IS GRIEVING. ADVICE FROM MEN WHO EXPERIENCED SAME THING,"Oof, that must have hurt.",Why’s he acting so sus all of a sudden?,"I texted him last night, but I got NR.","Just went through that a few days back. BF's struggling, any bro tips from those who've been there?",0.46302963372247696,0.42744430899620056
" Being lazy, I created a program which lead to me deleting about 100 account of active users which will all call me soon and probably block the Helpdesk line for the whole day. ","Be careful downloading WAREZ, it could be risky.",That troll got a BAN from the server.,That enemy guild is KOS in this area.,"Ate my Weeties (meaning being lazy) and wrote a script that zapped like 100 ACTIVE accounts, now I'm about to get slammed with calls and they're gonna bombard the Help desk all day long.",0.7252583977588326,0.591791033744812
" Our apartment has had issues of mold that were never disclosed to us, now we're having similar problems. What can I do?","I told you to clean your room, 4COL!",Stay woke about what's happening.,"I’ve got CRS lately, where did I put my keys?","Yo, we've been dealing with this mold thing since moving in, and it's the same vibes again. WTF should I do now?",0.5190387132095168,0.5948641300201416
" Friend was fired for giving a minor a dollar and saying ""Last night was great"" Can legal action be taken place?","Things got heated last night, total UDS.",He's so pressed about the situation.,"You’re fired! JK, I could never fire you.",Homie got canned for frontin' on that minor and sliding in their DMs. Can they sue though?,0.5013300838397811,0.5594468712806702
" Help me, Im fading away and I do not care. What is wrong with me, how do I fix it?","I have to run some errands, BBL.","Talk to you tomorrow, HAGO!",Stay safe and TCOY.,"Aye, I'm struggling hardcore rn and don't even care, wtf is up with me? How do I sort myself out?",0.3747078204254034,0.4447064995765686
" My husband emotionally cheated on me with his 'best friend'. I just want advice. Also, do you believe that emotional cheating is just as bad as physically cheating?","He keeps telling me I’m overreacting, but I think he’s gaslighting me.","We’ve been hanging out a lot, but it’s just a situationship.","He was being so rude, so I gave him the MLM.",My dude emotionally stepped out on me with his BFF homie. Need some advice vibes. And ya think emotional cheating is just as cringe as the physical kind?,0.6366715725108858,0.6362240314483643
" My motivation is directly related to how much social interaction I've had.  Is anyone else like this?  How can I overcome this, or make more friends so that I can be more motivated?",DITYID about how stressful work has been?,I'm mad tired today and not vibing to hang out.,I'm mad tired today and not vibing to hang out.,"Aye, dope if ur energy levels depend on ppl time. Anyone feel me? To beat dis, try joining clubs/groups wit likeminded ppl or attend social events to meet new friends n boost ur motivation! 🤘🚀🙌",0.6821408745654732,0.5055559873580933
 Still interested in a man I liked last summer and I want to subtly tell him so. I also would like tips on how to converse because my conversation skills with him get shotty when we're in a group of people.,He sent me a flirty message saying TD2M.,She jokingly said TDTM during the chat.,"We’ve been talking online for months, let’s MIRL soon.","I still vibe hard for that guy from last summer and wanna slide into his DMs subtly, plus any chat tips b/c my game gets shaky when we're in a squad.",0.6166605193198883,0.5130994319915771
" Girlfriend"" looks like flirting with her male friends, cannot show sign of affection (no kisses but holding hands/arm around waist while walking is acceptable) towards her when she's around her friends.","They’re not dating, just FWB.",My G/F is meeting me after work.,"She’s breadcrumbing him, always texting but never wanting to meet.","She's side-chickin', gotta keep it lowkey with the PDA when pals are 'round.",0.3232369439836354,0.25866225361824036
" New work buddy is overly sexual/flirty. I laugh it off, but my boyfriend is bothered by it. I don't want to lose my new friend. What should I do?",We’ve got a MOSS joining our team.,"We’ve been hanging out a lot, but it’s just a situationship.",He’s my BFAW; we have lunch together every day.,"My new homie's acting too extra. I'm keeping it chill, but bae ain't feeling it. Don't wanna lose the homie either. Got any advice?",0.4834393220760155,0.4682636857032776
 Teacher asked me to call him sir and I wanna know if they can do that. Highly recommend reading the whole thing though,"Yo, can you send me the deets from yesterday’s meet? Thanks fam!",We’re having a PTO meeting at the school.,"SIMYC, I was in a meeting.","Teach hit me up for some respect as ""sir"" and I'm tryna figure out if that's cool. Definitely suggest checking the whole thing tho!",0.64744228603437,0.6854662895202637
" Have you ever felt resentful or sad about your partner's past? How did you deal with it? I feel resentful towards him, and I don't like it.",He's tight about what happened.,"I applied for the job, FC!",What’s your body count?,"Aye, that past baggage got you feeling salty? How'd ya handle it? Right now, I'm feeling a 'bout my man's history and ain't vibing with it.",0.5986282471309408,0.5324365496635437
" landlord wont let me use ac, but its hot as shit. how hot does it have to get before i have legite grounds to plug in?","It's mega hot out today, fr fr.","Yo, it's mad hot out today.","No cap, it's blazing today!","Aye, my landlord's trippin' 'cause I can't use AC and it's lit af outside! How scorching does it gotta be before I got real reasons to plug in, though? 🔥😱❗️",0.6335251431220786,0.6853328347206116
" first love, bad break up, re-met 6 months later things were good, then she said ' i can't entertain you anymore i left, don't know if she'll contact me again..","She texted me, IWSN!","We were talking for weeks, and then she just ghosted me.",She texted me LHSX after the party.,"First love, rough split, ran into her 6 months latersh, everything was cool until she hit me with the ""can't deal with ya anymore, peace out, unsure if she'll hit my line again...""",0.6894447099303935,0.6863686442375183
" I want to travel, but my bf can't afford it. Is it shitty of me to ask if I could go on my own?",WIBNI we could take a vacation right now?,"Oh, another road trip? BTDT.",I’ll be taking my POV on the road trip.,W2K (want to know) if it's shady AF to cop a solo trip with bae broke? 😏💸,0.35962982124899234,0.30374717712402344
 How do I find out what to do if I'm too depressed and unfocused to find it? Time is running out and no woman is going to want me if I don't do something.,"I'm so drained today, not tryna do anything rn.","I'm so drained today, not tryna do anything rn.",I'm sooo drained and not vibing to go out tonight.,"Aye, how do I figure out my vibe when I'm so lowkey feeling down and unfocused, time ain't waitin' and no one wants a sadboi, bro? 🤦‍♂️💔",0.4706551532500999,0.35959285497665405
 bf is getting pictures of boobs and stuff and talking to exes a lot while making me feel like im the shady one.  What should i do?,My B/F is meeting me later.,Why’s he acting so sus all of a sudden?,"We’ve been hanging out a lot, but it’s just a situationship.","My B/F is swiping left (looking at inappropriate photos) and chatting up exes a lot, making me feel sus AF. I gotta figure out wtf to do next.",0.6376849356780752,0.6105499267578125
 Boyfriend looking at girls in lingerie and seductive poses on Reddit. He's asked me many times to do that too before he started looking. Am I getting upset over nothing?,Why’s he acting so sus all of a sudden?,He's so thirsty for likes.,"He really made me mad, I just wanted to tell him FOAD.","He's flexin' on Instagram models, but asked you to step up too? You think it's just petty to be mad? Naah, bruh, you got the right to be salty!",0.5138523328502422,0.41828638315200806
" I need help on how to approach not being defensive, and how to talk out issues in a really positive and helpful manner.",Stay woke.,"Stay woke, everyone.","I’ll handle it myself, MYOB.","How to chill about getting defensive and vibe on problems in a super positive way? Let's figure it out, G.",0.5790786947074689,0.6318415999412537
 Friend has started acting weird after attending a party where something he won't tell me about happened. Went so far as to lie to me for something kind of dumb.,He was wildin' at the party.,"He keeps telling me I’m overreacting, but I think he’s gaslighting me.","He’s just an FBFR, we don’t talk much.","He's been actin' sus since that party where prob somethin' went down and he ain't spillin'. Even lied 'bout smth dumb, weirdo.",0.5748245711967226,0.5125300288200378
" ambrosiapie forgets to take iron supplement, ambrosiaie overeats the next day. Coincidence?","I'm deadass drained after this whole day, no cap.","I'm deadass drained after this whole day, no cap.",I'm hella exhausted after this whole vibe of a day.,"Ain't no coincidence, homie! Ambrosia pie went low on that iron, so she pigged out the next day, for real though. 😂",0.558897088026406,0.5360767245292664
 New parents don't believe in modern medicine and don't want to vaccinate their kid. It makes me uncomfortable. What can I do?,"PIR, can’t talk about that right now.","I’ll handle it myself, MYOB.","SOL, you’ll get used to it.","PIR, my fam ain't vibing with modern meds and they're not down for vaxxing their little one. Makes me cringe, WTF do I do now?",0.5718774247367626,0.5343365669250488
 Been dating for almost 3 years now and we've been having a long distance relationship for 9 months and were drifting apart. I'll be moving back to the city in 4-5 months but that may be too late for our relationship.,We’ve been in an LD relationship for a year.,"We’ve been hanging out a lot, but it’s just a situationship.",We’ve been in an LDR for two years now.,"We've been coupled up for almost 3 years, did an LDR thingy for 9 months, but we're not vibing as much anymore. I'm heading back to the city in 4-5 months, but it might be too late for our situation.",0.7324727405471485,0.6339205503463745
" Got drunk at a party in another city, woke up in the hospital, get a call from the PD questioning me on pills that I never accepted, knew I had, or anything.","I tripped and spilled my drink, ROFLOL!","Had a minor ACDNT on the way home, but I’m okay.",I got ganked while questing.,"Got hammered at a rager in another town, woke up in the ER with cops calling 'bout pills I ain't got, didn't take, or know squat about.",0.5652122015437921,0.714911937713623
" Being tired, have to buy fish, swung my fishing rod, don't own a fishing rod, super realistic dream instead",I'm dead tired today 'cause I barely slept lol.,I'm vibing so busted 'cause I barely slept last night.,"I'm legit dead tired after grindin' all day, fr.","Aye, I'm dead tired tryna cop some fish but forgot I ain't got no rod, guess it was just a too real dream, smh.",0.6250892433433322,0.6961618661880493
" I've been asked to tell the court a girl is a slut, but we boned when she was drunk and I'm wondering if it could bite me in the ass.",Are you bringing a MOOS to the party?,She spilled her drink on her dress and I oop!,Look at that THOT at the party.,"Yo, I got summoned to court cuz this GURL is accused of being a SLUT, but we hooked up when she was smashed, now I'm tryna avoid getting burnt by it.",0.6644292909682953,0.6086369752883911
" BF shared his bed with female friend. Has many female friends he hangs out with, he's hooked up with them in the past before we started dating.","They’re not dating, just FWB.",My BF and I have known each other for years.,"He’s just an FBFR, we don’t talk much.","He smashed his BFF, got a crew of ex-flings, they used to link up before we were official.",0.3729539083476872,0.358096182346344
" A past mental health client of mine thinks we had some sort of pseudo-relationship when he was in treatment, and is now sending me weird emails.","He keeps telling me I’m overreacting, but I think he’s gaslighting me.",We need to normalize mental health talks.,"He ghosted me months ago, and now he’s zombie-ing by texting me again.","He's trippin' and slidin' into my DMs, actin' like we were more than just therapist-client vibes.",0.4665293509445032,0.5175462365150452
" My gf stopped responding to me last night when we were supposed to meet, and still hasn't gotten in contact with me, though has been on FB etc.","We were talking for weeks, and then she just ghosted me.","She’s breadcrumbing him, always texting but never wanting to meet.","He ghosted me months ago, and now he’s zombie-ing by texting me again.","She ghosted me after we planned to link up, and she's been MIA ever since, but I see she's active on FB and all that.",0.5186506467677879,0.5386863350868225
" title says it all, she also doesn't think she's doing anything wrong and now I'm turned off to her. Don't know what to do.",Stop simping over her.,"She’s always late—kind of a pink flag, but not a dealbreaker.",She's living rent-free in my mind.,"She's acting sketchy, thinks she's still got it poppin', but now I'm vibing differently. Idk how to proceed.",0.5037821139159955,0.4812484383583069
 I cant decide whether or not I wanna try again with my ex or not because I had a great thing going without her but now that it is over I dont know what I want.,"It happened a week ago, GOI already.","Before making a decision, think WWJD.","I’m not looking for anything serious, just NSA.","IDK if I should hit up my ex or nah, we had some fire vibes going on but now it's done, IDK what I'm feeling.",0.5267970408841844,0.41647496819496155
" I am a 21 year old university student that got caught with vyvanse and <.1g of marijuana in a baggie, how much SHOULD a lawyer cost?","INAL, but I think you should get legal advice.",The total cost includes VAT.,"I don’t know the law on this, IANAL.","Yo, what's good? Got busted with some Vyvanse and under a dime worth of weed bagged up. How much should a lawyer grind cost?",0.7337225321422323,0.8026251196861267
 Would it be a stupid idea to tell her that I want to take her on a date to spend time at IKEA?,Are you bringing a MOOS to the party?,"Yo, you tryna hit the mall later?",She texted me LHSX after the party.,"Yo, would it be cringe if I hit on her and ask her to vibe at IKEA on a date?",0.5179652543609492,0.7035205364227295
 In love with coworker. It's probably not going to happen. How do I maintain a healthy friendship while letting my feelings fade? ,"Even though we’re miles apart, we’re BFFLNMW.",We’ve been in an LD relationship for a year.,My BF and I have known each other for years.,"Crushing on the work fam, but probz it ain't gonna work out. Gotta keep that bond strong while my feels chill out.",0.3434478605470499,0.27138325572013855
" I accidentally touched my mum's breast a few years ago, now I recoil mentally and physically from female contact.  My hugs are like the Voldemort one in the 8th Harry Potter Movie.  Advice, please?",Sending you a big H!,"Missing you, XOXOXO!","Sending you O, hope you feel better soon!","Accidentally hit up my mom like that once, now I'm all jitters around ladies. Hugs are like Voldy's in HP8 vibes, help a bro out?",0.7039142232852629,0.6045043468475342
 Generally  80% of a woman's attractiveness to guys is her looks(the 20%). So how would this work for guys?,"He’s SMEXI, isn’t he?",He showed up to the party looking like a whole snack.,You’re looking 6Y in that outfit!,"Guys are mostly judged by their looks too, right (20%)? But for us, it's more like 60% personality, 40% looks (lol). So how does that work for the ladies? 😎💅🏽🔥",0.7369631964744293,0.7537047863006592
" A call about a potential job opening went to voice mail and I called back in the morning, but I received no answer.","I LVM, call me back when you can.","The job offer is straightforward, WYSIWYG.","Missed your call, CMB when you can.","Aye, no reply on that job deets yet, hit 'em up l8r.",0.2700107329605028,0.3461156487464905
" Got insulted, molested, and had my heart broken on Christmas Day. Oh. And I'm next to homeless.",Why are you so tight today?,What are j00 up to today?,Wishing you all a MC and a Happy New Year!,"Got dragged, groped, and got my heart smashed on Xmas. Ain't got a roof over my head rn.",0.462056897023378,0.5640029907226562
" Dating for 3 years, 2.5 hrs apart the whole time; he's still in school for another year, I've had a real job this whole time; is it worth the wait or should I abandon hope?",We’ve been in an LD relationship for a year.,"We’ve been hanging out a lot, but it’s just a situationship.","She’s always late—kind of a pink flag, but not a dealbreaker.","It's been 3 years of LD with him still in school, while I've got a real gig—is it worth the wait or do I need to cut my losses?",0.5756168077361881,0.6803194880485535
" About to take the jump, I need some advice to break it off as lightly as possible and leave on good terms. I love her, but the relationship isn't working.","She’s always late—kind of a pink flag, but not a dealbreaker.",Stop simping over her.,I’m going out with my GF tonight.,"Gonna pop the question, need some tips to dump her nicely and keep things chill. I feel her, but we ain't vibing right now.",0.6249677482734426,0.5851155519485474
" I've been patient and tried almost everything to help myself learn at maintaining and holding conversations with people and more specifically women, but I still can't talk to them properly. What to do?","I’m at WRK right now, can’t talk.","Long time no chat, WUP?",LTNS! How have you been?,"Aye, I've been tryna work on my convo game and all that, but still struggling to vibe with people (especially ladies). Any tips, bruh?",0.49588751891973604,0.5208609104156494
" My Mum is consistently insensitive about my mental illness, ranging from advice to jokes. I can't seem to make her understand it is a real thing. Help?",We need to normalize mental health talks.,Stop simping over her.,She's living rent-free in my mind.,My mum just ain't getting it - she keeps making insensitive jokes about my mental health struggles. Any tips on how to school her?,0.6240941892040073,0.7772742509841919
 I love her in every way but am not constantly infatuated and/or missing her. How do you know if you are in love?,"She’s always late—kind of a pink flag, but not a dealbreaker.",We’ve been in an LD relationship for a year.,She's totally giving main character vibes.,She ain't my one true waifu but she's defo more than a crush. How TF do you know when you really love someone? 😏,0.4148958945373419,0.5250826478004456
" Employer fucked me by offering $14,000 more than they meant to. Informed me of mistake a week after offer was extended. Do I have any options?",Did you ACPT the terms of the contract?,"You messed up my plans, FU!",The pay raise will be RTRCTV to last month.,"Emp bossed me w/ an extra $14k, but oopsie! Told me bout the mix-up a week post-offer. Got any moves left for me? 🤨",0.4646815913535881,0.43074822425842285
" My roommate smells, know I'm going to hurt her feelings, least offensive way to get her to not smell anymore.",Stop simping over her.,"I told you to clean your room, 4COL!",She's living rent-free in my mind.,"Yo, lemme drop some Axe on you, babe, so you don't stink up the crib anymore. Let's keep it civil. 😎💔",0.2821570412769212,0.2873057723045349
" GF won't kiss me in front of a certain person so he doesn't get sad, this is making me sad, what do I do?","I sent you a letter, SWAK.",We had our first KOTL last night.,Goodnight! KFY!,"My GF ain't gonna smooch me around that one person 'cause she don't want him to feel bad, but it's bummin' me out. WYD? 😕",0.5618180434459464,0.5419186353683472
 I've been in a seemingly perfect relationship for a few months. Boyfriend says he doesn't feel as close to me as he used to. I'm worried things may end. Looking for some advice.,"We’ve been hanging out a lot, but it’s just a situationship.","Even though you’re far away, you’re FIMH.",We’ve been in an LD relationship for a year.,"Things with bf ain't the same lately, he says he feels distant. I'm vibing anxious 'cause it seems our perf situation might be over. Need some tips, yo!",0.6659045059264862,0.611587405204773
 Worked up the courage to break up with my bf but his dog died. Don't know whether to wait a while or just tell him I want to break up.,My B/F is meeting me later.,"We’ve been hanging out a lot, but it’s just a situationship.","I was so mad, I told him to ESAD.","Ayy, I finally gutsed up to dump my BF, but his pup passed away. Dunno if I should chill for a sec or just tell him it's over.",0.5618332142314753,0.7081539630889893
 Stoned boyfriend is less affectionate and harder to have a conversation with. It irritates and confuses me sometimes.,"They’re not dating, just FWB.","We’ve been hanging out a lot, but it’s just a situationship.",I think he’s benching me—he texts but never makes plans.,My high AF bf is vibe-killing and hard to talk to. It pisses me off sometimes.,0.44563418725851167,0.4203542470932007
 girlfriend tried to initiate MMF threesome and I was uncomfortable with it but she ignored me.  How can I bring this up to her without offending her.,Stop simping over her.,She had to swerve that awkward conversation.,She texted me LHSX after the party.,"GF tryna start a threeway and I ain't feelin' it, but she ain't listenin'. Need help to talk about it without hurtin' her feelings.",0.46683701072043,0.5735632181167603
 I'm registered for a half next week and my last run was 6 miles 1.5 months ago. Looking for advice.,"ILBL8, traffic is terrible.",I’m leaving early B/C I have an appointment.,"I finished the race DFL, but at least I finished!","Im bouta sign up for a half marathon next week and my last run was like 6 miles over a month ago. Need some tips, lemme know if u got any!",0.7080756965766652,0.7513314485549927
" I'm interested into a girl at school, but she seems depressed, and I don't know how to feel about this. Should I try to date her?",She’s a GRL I met online.,"She’s always late—kind of a pink flag, but not a dealbreaker.",Stop simping over her.,"I'm crushing on a chick at school, but she vibes as if she's down, not sure how to vibe with that. Should I slide in the DMs? 😅",0.5820662375137087,0.52701336145401
" nobody (of use) has the rights to broadcast super 15 rugby in the US, help me find a way to watch the games.  Please!!","I'm super drained today, just tryna chill and binge some shows.","I'm super drained today, just tryna chill and binge some shows.","I'm super drained today, just tryna chill and binge some shows.","Aight, lemme find a stream or somethin' for that Rugby World Cup, cause I can't find it anywhere else! 🙏🏾🏉🔥",0.5589351067912876,0.6469560861587524
 Bf convinced I will take all of his money and ruin his life if we marry then divorce one day; not sure what to do.,I think he’s benching me—he texts but never makes plans.,"What’s your plan? IGN, honestly.","Before making a decision, think WWJD.",Bf think I'ma scam him for all his dough if we break up; dunno where to draw the line.,0.4241404855350378,0.5435718297958374
 I want more with my FWB but he isnt quite over his ex. How do I help him get over her or should I move on?,He's such a simp for her.,"It happened a week ago, GOI already.",He's such a simp for her.,"My FWB ain't fully moved on from his ex, but I wanna level up. Should I help him heal or just ghost him?",0.5421121428382694,0.6133101582527161
" Random girl parks in boyfriend's driveway, gets towed. Rental company takes her side, she continues to park there and leave rude notes on my car. Already going the legal route, what else can we do?",You better ST&D before you get into trouble!,"That woman asked to speak to the manager, total Karen move.",Is that j00r car outside?,"Girl crashes in boo's crib, gets towed, landlord backs her up, keeps trashing notes on my whip. Legal process rolling, any other moves to take?",0.6760273415626251,0.6318330764770508
" Poor credit, unreliable vehicle, and odd work schedule. How can I still get a good education to get myself out of this rut?",Got to get back to RW responsibilities.,"Be careful online, DBEYR.","Work was tough today, but ADAD.","Stuck with credit issues, janky whip, and crazy work hours. How do I grind for a lit edu to get me outta this slump?",0.5035893382953475,0.563965380191803
 TIFU by deciding to fix my AC units and I destroyed one with a drill.  I should have gone drinking instead.,"The system crashed, and YCDBWYCID.","I tripped and spilled my drink, ROFLOL!","My phone’s battery died, FWP.","TIFU fixing my AC, drilled it wrong AF, should've gone thirsty-boozing instead!",0.5912988791835605,0.7116836309432983
" Bought $270 worth of contact lenses at Cohen's that I can't wear and won't give me a refund, only store credit.",You bought the same shoes as me? GMTA!,I just copped fresh kicks for class. 😎,I got a great deal through OA.,"Ate some expensive contacts at Cohens, can't use em and they ain't givin' cash back, just store cred. 🤷‍♂️",0.5550065050494968,0.6390988826751709
 My best friend talks about me on a private twitter and to our mutual friends making me seem like im horrible. And it feels like im the only one putting any effort into our friendship.,"She’s my BFF, we tell each other everything.",We’ve been BFFL since high school.,My BF and I have known each other for years.,"My BFF's dragging me online and IRL, trashing me like no big deal. Feels like I'm the only one putting in work in this friendship.",0.5820223781953557,0.49922481179237366
 Do I give the concert ticket to my best friend or my sister? Is my best friend ungrateful and justified for being annoyed?,You got tickets to the concert? NFW!,"She’s my BFF, we tell each other everything.","I have such FOMO, everyone’s going to that concert except me.",My BFF wanna go or sis? She mad cuz she feels left out?,0.3461182245422268,0.4429289698600769
 Was it worth me finishing it with an absolutely lovely girl for the sake of a few more years messing around and a little less time on my own?,"It was a tough project, but @TEOTD, it was worth it.","It was fun hanging out, CU later!",You finished the project already? ORLY?,YKTB if I grind wit a lit gal just to hang w/ her a lil longer & sacrifice solo time? LMFAO,0.42531722363012314,0.3520194888114929
 I dun goofed by looking at BF's email and FB. How do I come clean about my snooping *and* how should I feel about his conversations with his ex?,"He’s just an FBFR, we don’t talk much.",He’s flexing his new car all over social media.,Why’s he acting so sus all of a sudden?,I slipped up peeping through my BF's emails and FB. How do I fess up 'bout the snoopin' *and* what's the deal with him chatting up his ex?,0.6493109124519157,0.8000068664550781
 BF wants to break up over something I never knew I was doing; and isn't in love with me now because of it.,"We’ve been hanging out a lot, but it’s just a situationship.","He really made me mad, I just wanted to tell him FOAD.",My B/F is meeting me later.,My B/F wana call it quits 'cause I didn't even know I was doin' that thing he hates; ain't feelin' the love no more.,0.3618374892879391,0.47436749935150146
" my boyfriend got hit on by a girl, but he didn't tell her he had a girlfriend. Should I be worried?","He ghosted me months ago, and now he’s zombie-ing by texting me again.",He's such a simp for her.,"I texted him last night, but I got NR.","My boy got thirst-trapped, but he fronted like he was single. Should I be salty?",0.4544773946756141,0.3272373378276825
 Same old story: Fell for and rejected by close friend with several mutual friends. Pretend everything is okay or take some time/distance to forget?,My BF and I have known each other for years.,"Take care, AAYF, until next time!","It was fun hanging out, CU later!","AY, same vibes again: felt a way for that homie, but got ghosted. Chill act like nothing happened or bail on the squad for a sec to move on? 💔🤪",0.5164733867978786,0.3404259979724884
 My Dad has had a bad childhood and was married when he met my mum. He told my sister. She told me and he's not the kind of person you can talk to about this stuff. How do I deal with it?,"Let’s change the topic, PSOS.","PIR, can’t talk about that right now.","Can’t talk about it now, PRW.","Yo, my old man had a rough past and got hitched before he met my mom. My sis spilled the tea and he ain't the type to chat about personal stuff. What's the move on dealing with that? 🤔🤨💭",0.6202232185493215,0.5756264925003052
