Slang,Example,Informal_Text_Without_Slang
z's,"I'm totally drained today, need to catch some Z's.","I'm really tired today, I think I need some rest."
drained,"I'm hella drained today, just wanna chill at home.","I'm really tired today, I just want to relax at home."
hype,I'm so hype for the concert tonight.,I'm really excited for the concert tonight.
caffeine,"I'm so drained today, I gotta get me some caffeine.","I'm really tired today, I think I need some coffee."
"hyped, turned up","I'm so hyped for the weekend, can't wait to turn up!",I'm really looking forward to the weekend.
"tired, chill",I'm mad tired today and just wanna chill at home.,I'm really tired today and just want to relax at home.
vibing,I'm just vibing with the squad tonight.,I'm just hanging out with my friends tonight.
tryna,"I'm tryna hit up some coffee before I clock in, fr.",I'm going to grab some coffee before work.
lit,"Yo, peep the new flick last night? It was lit.","Hey, did you see the new movie last night? It was really good."
chillin',"Just vibing at home, Netflix and chillin'.",I'm just chilling at home and watching some TV.
finna,I'm just finna get some coffee and then slide to class.,I'm just going to grab some coffee and then head to class.
tiered,I'm mad tired today 'cause I slept like zero.,I'm feeling really tired today because I didn't sleep well.
hella,I'm hella tired today but still gotta grind through my tasks.,I'm really tired today but I still have a lot of work to do.
"deadass, tryna, sus",I'm deadass exhausted today and not tryna do anything sus.,I'm just really tired today and don't want to do anything complicated.
wiped,"I'm totally wiped after a long day at work, fr.",I'm really exhausted after a long day at work.
chill,"Yo, you down to chill later?","Hey, are you free to hang out later?"
hyped,I'm hyped for the concert tonight.,I'm really excited about the concert tonight.
sliding,"Yo, you sliding to the party tonight?","Hey, are you coming to the party tonight?"
drained,"I'm so drained today, barely slept tbh.",I'm really tired today because I didn't sleep well.
hyped,I'm super hyped for the concert this weekend.,I'm really excited about the concert this weekend.
chillin,I'm just chillin' with my friends at the mall.,I'm just hanging out with my friends at the mall.
cop,I'm just sliding to the store to cop some snacks.,I'm just heading to the store to grab some snacks.
vibing,"I'm just gonna vibing at home, bingeing some flicks.",I'm just going to chill at home and watch some movies.
vibing,I'm just vibing at home today.,I'm just going to chill at home today.
woke,"I'm dead tired today, need some coffee to stay woke.","I'm really tired today, I think I need some coffee."
drained,I'm super drained today and just wanna chill at home.,I'm really tired today and just want to relax at home.
"lowkey, drained, pop off",I'm lowkey drained today and not tryna pop off outside.,I'm just really tired today and not feeling up to going out.
"drained, Z's",I'm hella drained 'cause I didn't catch enough Z's.,I'm just really tired today because I didn’t sleep well.
drained,I'm super drained after all that at work today.,I'm really tired after a long day at work.
dropped,"Yo, did you peep the new flick that dropped?","Hey, did you see the new movie that just came out?"
"drained, imma, vibe","I'm super drained today, imma just chill at home and  vibe.","I'm really tired today, I think I'll just stay home and relax."
gotta,I'm super exhausted today but I gotta hit up work.,I'm really tired today but I have to go to work.
vibing,"Yo, what’s good? How you vibing today?","Hey, how are you doing today?"
vibing,I'm just vibing with my squad at the park.,I'm just hanging out with my friends at the park.
"tired, Z's",I'm mad tired today 'cause I didn't catch enough Z's last night.,I'm really tired today because I didn't sleep well last night.
tired,"I'm mad tired today 'cause I didn't sleep enough, fr.",I'm feeling really tired today because I didn't get enough sleep.
beat,"I'm so beat today, I need a coffee boost.","I'm really tired today, I think I need a coffee."
toss,"Yo, wanna toss back a coffee later?","Hey, do you want to grab coffee later?"
chill,It's mad chill to catch you today.,It's really nice to see you today.
yeet,I'm down bad but gotta yeet to work anyway.,I'm just really tired today but I still have to go to work.
lowkey,"I'm so exhausted today, lowkey just tryna chill at home.","I'm really tired today, I might just stay home and relax."
tiered,I'm mad tired today ’cause I didn’t catch enough Z’s.,I'm just really tired today because I didn't get enough sleep.
hot,"Yo, it's mad hot out today.",It's really hot outside today.
drained,"I'm totally drained after a long day at work, fr.",I'm feeling really tired after a long day at work.
hot,"It's mad hot today, I can't even go outside, fr.","It's really hot today, I don't want to go outside."
"""hella""",I'm hella drained today.,I'm feeling really tired today.
vibing,I'm so drained today but gotta vibe through this homework.,I'm really tired today but I have to finish my homework.
"exhausted, binge-watching",I'm hella exhausted 'cause I was up all night binge-watching movies.,I'm really tired today because I stayed up late watching movies.
no (Z's),I'm dead tired 'cause I caught no Z's last night.,I'm really tired because I didn't get enough sleep last night.
"exhausted, chill","I'm totally exhausted today, gonna just chill at my place.","I'm really tired today, I think I'll just relax at home."
"wiped, tryna","I'm super wiped today, just tryna chill.","I'm really tired today, I just want to relax."
"drained (from ""I'm so drained"")","I'm so drained today, fr fr.",I'm feeling really tired today.
"chillin, mad",Chillin' at home after a mad busy day.,I'm just relaxing at home after a long day.
drained,I'm so drained today 'cause I pulled an all-nighter last night.,I'm really tired today because I stayed up late last night.
"fire, vibe","That flick was fire, I was vibing with it big time.","That movie was really good, I enjoyed it a lot."
wanna,"Yo, wanna catch some coffee later?","Hey, do you want to grab some coffee later?"
"peep, lit, flick, fire","Yo, did you peep that lit new flick last night? It was fire.","Hey, did you see that new movie last night? It was really good."
"drained, lowkey","I'm mad drained today, lowkey need my caffeine fix.",I'm just really tired today and need some coffee.
"drained (from ""I'm so drained"")","I'm so drained after such a long day, fr fr.",I'm totally exhausted after that long day.
chillin,I'm just chillin' with my squad tonight.,I'm just going to hang out with my friends tonight.
hyped,I'm super hyped for the concert tonight!,I'm really excited for the concert tonight!
maxing,I'm just maxing at home tonight.,I'm just going to chill at home tonight.
"finna, yolo","I'm finna get some coffee, yolo? Do you wanna roll?",I'm going to grab some coffee. Do you want to come?
deadass,"I'm deadass exhausted today, need that caffeine boost real quick.","I'm feeling really tired today, I think I need some coffee."
z's (Z's stands for sleep),"I'm super drained today, I gotta catch some z's.","I'm really tired today, I think I need a nap."
"link, grind","Yo, let's link at the cafe later to grind on some homework.",Let's meet up at the cafe later to study.
"exhausted, gotta",I'm mad exhausted today but gotta grind on my homework.,I'm really tired today but I have to finish my homework.
hyped,"Yo, did u peep the new flick everyone's hyped about?","Hey, did you see the new movie everyone was talking about?"
"chillin', one","Yo, just chillin' at home after a long one.","Hey, I'm just relaxing at home after a long day."
mega,"It's mega hot out today, fr fr.",It's really hot outside today.
grind,Gonna snag some coffee before the grind.,I'm just going to grab some coffee before work.
hyped,I'm super hyped to chill with my crew this weekend.,I'm really excited to hang out with my friends this weekend.
dead (tired as slang for extremely weary),I'm dead tired after grinding all day.,I'm really tired after working all day.
tired,I'm mad sleepy today and I can't be bothered to step out.,I'm just really tired today and I don't want to go out.
chill,Chillin' with my squad tonight.,I'm going out with my friends tonight.
crashed (arvo),"I'm so drained today, all I wanna do is crash all arvo.","I'm really tired today, I just want to nap all afternoon."
chill,"Yo, wanna chill this weekend?","Hey, do you want to hang out this weekend?"
drained,I'm hella drained 'cause I pulled an all-nighter yesterday.,I'm really tired because I stayed up late last night.
"drained, tryna","I'm super drained today, just tryna chill at home.",I'm just really tired today and just want to relax at home.
"drained, gotta (grind)",I'm super drained today but I gotta grind and finish my homework.,I'm really tired today but I still have to finish my homework.
"tired, chill, vibing","I'm hella tired today, might just chill at home and vibing.","I'm really tired today, I think I'll just stay in and relax."
"tired, tryna",I'm mad tired today and not tryna dip out.,I'm just really tired today and don't feel like going out.
veg,"I'm dead tired today, just wanna veg at home.","I'm really tired today, I just want to chill at home."
"""mad""",I'm mad tired today 'cause I pulled an all-nighter hitting the books.,I'm really tired today because I stayed up late studying.
drained,"I'm so drained after this crazy week, fr.",I'm really tired today after a long week.
hella,"I'm hella exhausted today, might just chill at home.","I'm really tired today, I might just relax at home."
vibe,"I'm just heading out to vibe with my friends over some coffee, no cap.",I'm just going out to grab some coffee with my friends.
"chillin', flicks","I'm just chillin' at home tonight, binge-watching some flicks.",I'm just going to relax at home tonight and watch some movies.
"wiped, grinding, kicked","I'm totally wiped after grinding all day, just wanna kick back with some snacks.",I'm really tired after working all day and just want to chill with some snacks.
"chillin, vibing","I'm chillin' at my place, vibing with some shows.",I'm just relaxing at home and watching some TV.
fr,"I'm super exhausted and just wanna chill at home today, fr.",I'm really tired and just want to relax at home today.
vibing,I'm just tryna vibing through the day without any drama.,I'm just trying to get through the day without any problems.
"chillin, Netflix, chill",I'm just chillin' and gonna Netflix and chill tonight.,I'm just going to relax and watch a movie tonight.
down,"Yo, you down to chill later or what?",I'm just asking if you want to hang out later.
"chillin', flicks","I'm just chillin' at home and streaming some flicks, fr.",I'm just going to relax at home and watch some movies.
finna,"I'm finna snag some coffee before lecture, fr.",I'm just going to grab some coffee before class.
chillin,"Chillin' with my crew at the park today, no cap.",I'm just hanging out with my friends at the park today.
down,"Yo, you down to chill tomorrow?","Hey, are you free to hang out tomorrow?"
finna,I'm finna chill at my place and binge some shows tonight.,I'm just going to relax at home and watch some TV tonight.
slid,"Gonna slide to the store to grab some snacks, no cap.",I'm just heading to the store to buy some snacks.
tryna,"Yo, you tryna chill later?","Hey, do you want to hang out later?"
all set,"Yo, just wrapped my homework and I'm all set to chill.","Hey, I just finished my homework and I'm ready to hang out."
fresh,"Yo, did you catch that fresh flick yesterday night?","Hey, did you see the new movie last night?"
drained,I’m so drained after a long grind today.,I’m really tired after a long day at work.
drained,I'm totally drained after a long day at the grind.,I'm just really tired after a long day at work.
vibing,"I'm just vibing out tired after a whole day, no cap.",I'm just honestly tired after a long day.
chillin',I'm just chillin' with my crew this weekend.,I'm just going to hang out with my friends this weekend.
"chillin', vibing",I'm just chillin' at home and vibing with some Netflix.,I'm just going to relax at home and watch some TV.
wanna,"Yo, wanna catch a coffee later?","Hey, do you want to grab a coffee later?"
hyped,I'm so hyped to chill with my peeps tonight!,I'm really excited about hanging out with my friends tonight.
vibing,I'm just vibing with my squad at the park today.,I'm just going to hang out with my friends at the park today.
tryna,"Yo, ya tryna snag some coffee later?","Hey, do you want to go grab some coffee later?"
drained,I'm hella drained 'cause I pulled an all-nighter.,I'm really tired after studying all night.
"chillin, crew, grub",I'm chillin' with my crew for some grub later.,I'm going to grab some lunch with my friends later.
vibing,"Yo, just crushed my homework and I'm vibing pretty hard.","Hey, I just finished my homework and I'm feeling pretty good."
vibe,"Yo, you down to vibe tomorrow?","Hey, do you want to hang out tomorrow?"
chill,"Yo, you free to chill today?","Hey, are you free to hang out today?"
drained,"I'm so drained, I gotta chill for a sec.",I'm just really tired and need to rest for a bit.
"chilling, vids","I'm just vibing at home, binge-watching some vids.",I'm just chilling at home and watching some videos.
hit,"Yo, wanna hit up some pizza tonight?","Hey, do you want to go out for pizza tonight?"
"chillin, flicks","Chillin' at my crib, vibing with some flicks.",I'm just relaxing at home and watching some movies.
"chillin', no cap","I'm just chillin' at home, binge-watching vids, no cap.",I'm just going to relax at home and watch some videos.
down,"Yo, you down to chill today?","Hey, are you free to hang out this afternoon?"
"drained, chill, vibe","I'm so drained today, just tryna chill and vibe.",I'm really tired today and just want to relax.
"drained, veg","I'm straight-up drained today, just tryna Netflix and veg at home, no cap.",I'm feeling really tired today and just want to chill at home.
"vibin', chillin'","I'm just vibin' here, chillin’ with my tunes.","I'm just sitting here, relaxing and listening to some music."
squad,"I'm chugging a latte with my squad later, no cap.",I'm grabbing a coffee with my friends this afternoon.
vibe,"Yo, let's vibe at the mall later!",Let's hang out at the mall this afternoon.
"vibe, flick","Yo, wanna vibe later and catch a flick?","Hey, do you want to hang out later to watch a movie?"
drained,"I'm totally drained today, no cap.",I'm just feeling really tired today.
flick,"Yo, wanna grab a quick latte before the flick?","Hey, do you want to grab a quick coffee before the movie?"
lowkey,I'm lowkey exhausted today 'cause I slept like trash.,I'm just really tired today because I didn't sleep well.
dropped,"Yo, did you peep the new flick that just dropped?",Did you see the new movie that just came out?
chill,"Yo, wanna chill after class?","Hey, do you want to hang out after school?"
hyped,I'm so hyped for the concert tonight!,I'm really excited to go to the concert tonight.
"vibe, flicks",I'm just gon' vibe at my place and binge some flicks tonight.,I'm just going to chill at home and watch some movies tonight.
vibing,"I'm just vibing at home, binge-watching some shows.",I'm just going to chill at home and watch some shows.
hyped,I'm so hyped for the party tonight!,I'm really excited for the party tonight.
hyped,I'm soooo hyped to hang with my squad tonight!,I'm really excited to chill with my friends tonight.
snack,"Yo, wanna catch a snack later?","Hey, do you want to grab something to eat later?"
peep,"Yo, did you peep your homework yet?","Hey, did you finish your homework?"
vibing,"Just vibing, waitin' on my homie to pull up so we can hit the cafe.",I'm just waiting for my friend to arrive so we can go to the cafe.
"imma, fr","I'mma hit up my friends for some grub later, fr.",I'm going to grab some food with my friends later.
"vibing, vids",I'm just vibing at home and streaming some vids.,I'm just relaxing at home and watching some videos.
vibing,"Yo, you vibing this arvo to chill?","Hey, are you free this afternoon to hang out?"
finna,I'm finna slurp some coffee with my crew today.,I'm going to grab some coffee with my friends today.
caught,"Yo, did you catch that new flick last night?","Hey, did you see that new movie last night?"
dead (tired),I'm dead tired 'cause I was up all night scrolling.,I'm really tired because I stayed up too late last night.
"OOTD, vibing, no cap","OOTD, just vibing with the crew today, no cap.",I'm just planning to hang out with friends this afternoon.
finna,I'm finna sip some coffee before I dip to class.,I'm going to grab some coffee before I head to class.
chillin,"I'm just chillin' at home tonight, no cap.",I'm just going to relax at home tonight.
drained,I'm so drained today 'cause I barely slept last night.,I'm just really tired today because I didn't sleep well last night.
"fresh, buzzin","Yo, did you peep that fresh flick everyone’s buzzin' about?","Hey, did you see the new movie everyone’s talking about?"
"drained, chilling, vibing","I'm hella drained today, so I'm just gonna chill at home and vibing.","I'm really tired today, so I think I'll just stay in and relax."
hyped,I'm super hyped to chill with my squad tonight!,I'm really excited to hang out with my friends tonight.
chillin,"I'm just chillin' at home today, no cap.",I'm just going to stay home and relax today.
drained,I'm totally drained today 'cause I slept like zero hours.,I'm really tired today because I didn't get enough sleep.
"beat, chill",I'm hella beat today and just wanna chill at home.,I'm just really tired today and want to stay home.
"wiped, vibing","I'm super wiped today, so I'm just vibing at home and chilling.","I'm really tired today, so I think I'll just stay home and relax."
snag,I'm about to snag some coffee with my squad later.,I'm going to grab some coffee with my friends later.
chill,"Chillin' with my crew at the park after class, no cap.",I'm just hanging out with my friends at the park after school.
finna,"I was finna dip, then I remembered I left my phone chillin' inside.",I was just about to leave the house when I remembered I left my phone inside.
vibing,"I’m vibing with my crew after school, fr.",I really like hanging out with my friends after school.
vibin',"I'm just vibin' at home, binge-watching some shows.",I'm just chilling at home and watching some shows.
chill,"Yo, saw that new chill spot pop up downtown yesterday!",I noticed that the new cafe opened downtown yesterday.
deadtired grindin,"I'm legit dead tired after grindin' all day, fr.",I'm honestly really tired after working all day.
drained,"I'm super drained today, so I'm just gonna chill at home.","I'm really tired today, so I think I'll just relax at home."
finna,"I'm finna hit up my homie for some coffee later, fr fr.",I'm going to grab some coffee with my friend later.
vibe,"Yo, just knocked out my homework and I'm all set to vibe.","Hey, I just finished my homework and I'm ready to chill."
drained,I'm so drained after this long day at the grind.,I'm really tired after the long day at work.
finna,I'm finna sip some java before I dip to work.,I'm just going to grab some coffee before heading to work.
gonna,"Gonna hit up a quick coffee run before work, fr.",I'm just going to grab a quick coffee before work.
kick,"Yo, wanna kick it today?","Hey, do you want to hang out this afternoon?"
"drained, chillin', vibin'","I'm mad drained today, so I'm just chillin' at home and vibin'.","I'm just really tired today, so I think I'll stay home and relax."
peep,"Yo, did you peep the new flick everyone's hyped about?","Hey, did you see the new movie everyone is talking about?"
"vibe, lit",I'm just gonna vibe at home and binge some shows tonight. They’re gonna be lit!,I'm just going to chill at home and watch some TV tonight.
down,"Yo, you down to chill tonight?","Hey, are you free to hang out tonight?"
snag,I'm about to snag some coffee before I dip to class.,I'm going to grab some coffee before heading to class.
drained,"I'm straight up drained after a crazy long day at work, no cap.",I'm just so tired after a long day at work.
crib (slang for home),"Yo, I totally left my homework at the crib today.","Hey, I think I forgot my homework at home today."
wiped,I'm kinda wiped after a long day at the grind.,I'm just feeling a little tired after a long day at work.
vibing,"I'm just gonna vibing at home and binge some Netflix, no cap.",I'm just going to chill at home and watch some Netflix.
tiered,I'm mad tired 'cause I was up all night binge-watching vids.,I'm really tired because I stayed up late watching videos.
down,"Yo, you down to hit up some dinner tonight?","Hey, do you want to grab dinner tonight?"
"chill, java","Yo, you tryna chill later and get some java?","Hey, do you want to hang out later and grab some coffee?"
peep,"Yo, did you peep that new flick everyone's hyped about?","Hey, did you see that new movie everyone's talking about?"
slide,"Yo, let's slide to the café later and vibe.zz","Hey, let's meet up at the cafe later and catch up."
vibe,I’m just gonna vibe with my friends later.,I'm just going to hang out with my friends this afternoon.
hyped,"I'm hyped to chill with my crew this weekend, fr fr!",I'm really excited about hanging out with my friends this weekend.
chilled,I'm completely 🥱 after grinding all day.,I'm really tired after studying all day.
"drained, chill, vibe","Yo, I'm hella drained today, so I'm just gonna chill at home and vibe.","Hey, I'm really tired today, so I think I'll just stay home and relax."
vibing,"Yo, did you catch that new flick everyone’s vibing over?","Hey, did you see that new movie everyone is talking about?"
"tired, bored",I'm mad tired today and vibing in boredom.,I'm just really tired today and feeling a bit bored.
fresh,"Yo, did you catch that fresh flick yesterday?","Hey, did you see that new movie yesterday?"
tryna,Lowkey tryna snag some coffee before I dip.,I'm thinking about grabbing some coffee before heading out.
down,"Yo, justwrapped my homework and I'm totally down to kick it with the squad.","Hey, I just finished my homework and I'm ready to hang out with friends."
"gon, flicks",I'm just gon' kick it at home and binge some flicks tonight.,I’m just going to chill at home and watch some movies tonight.
down,"Yo, you down to chill this weekend?","Hey, are you free to hang out this weekend?"
drained,I'm mad drained after school today.,I'm really tired after school today.
"vibe, flicks",I'm just gonna vibe at home and binge some flicks today.,I'm just going to chill at home and watch some movies today.
chillin,"Just chillin' at home tonight, no cap.",I'm just relaxing at home tonight.
"beat, grind",I'm super beat after grindin' all day.,I'm really tired after work today.
chill,"Yo, are you down to chill after class?","Hey, are you free to hang out after school?"
"snag, bounce",I'm just gonna snag some coffee before I bounce to class.,I'm just going to grab some coffee before I head to class.
vibe,"Yo, wanna vibe at the mall later?","Hey, do you want to hang out at the mall this afternoon?"
"finna, bounce",I'm finna snag some coffee before bouncing to class.,I'm just going to grab some coffee before heading to class.
hit,"Yo, wanna hit up lunch later?","Hey, do you want to grab lunch later?"
"mad, cool",That flick was mad funny and cool fr!,That movie was really interesting and funny.
"chill, vibe",I'm just tryna chill and vibe out this weekend.,I'm just trying to relax and have a good time this weekend.
"hitting, crew","Yo, I'm hitting up the café with my crew later, fr fr.",I'm going to grab some coffee with my friends this afternoon.
down,"Yo, you down to snag some ice cream later?","Hey, do you want to grab some ice cream later?"
drained,I'm hella drained after running all those errands today.,I'm really tired after those long errands today.
"bossed, vibing",I just bossed my homework and I’m vibing with it.,I just finished my homework and I’m feeling pretty good about it.
vibing,"Yo, just knocked out my homework and I’m vibing so hard right now!","Hey, I just finished my homework and I feel so relieved."
bounce,"Yo, I gotta bounce early today 'cause I got an appointment.","Hey, I’ve got to leave early today because I have an appointment."
fire,"Yo, that new song you sent is fire, I’m obsessed!","Wow, I really like that new song you recommended."
hyped,I'm totally hyped to hit up the concert tonight! 🔥,I'm really excited to go to the concert tonight!
chill,I'm down to sip on some coffee after work to chill.,I'm going to grab some coffee after work to relax.
drained,I'm hella drained after pulling an all-nighter.,I'm so tired after studying all night.
"chilling, binging","Hey, I’m just vibing at home and binging some Netflix.","Hey, I'm just chilling at home and watching some Netflix."
"slide, peeps",I'm gonna slide to the mall to chill with my peeps.,I'm heading to the mall to hang out with my friends.
"dead (tired), hit (hitting)","I'm dead tired after hitin' the books all day, just tryna chill now.","I'm really tired after studying all day, I just want to relax now."
"dead, all-nighter",I'm super dead today 'cause I pulled an all-nighter binge-watching vids.,I'm really tired today because I stayed up late watching videos.
chillin',"Just vibing at home, Netflix and chillin' all day. ",I'm just chilling at home and watching some movies.
"guiding, hitting","Yo, I'm just guding some coffee and then hitting up the mall, fr fr.",I'm just going to grab some coffee and then head to the mall.
vibe,"Yo, just wrapped my homework and I'm about to vibe for a sec.","Hey, I just finished my homework and I'm going to chill for a bit."
"dead, fr","I'm dead tired today and not tryna do anything, fr.",I'm just really tired today and I don't feel like doing anything.
"drained, grinding","I'm mad drained after grinding all day, just tryna chill now.","I'm really tired after working all day, I just want to relax now."
vibing,"I'm just vibing at home this weekend, no cap.",I'm just going to relax at home this weekend.
finna,"Chill, I'm just finna get some coffee and then slide to work.",I'm just going to grab some coffee and then head to work.
"tired, chill",I'm dead tired and just wanna chill at home tonight.,I'm just tired and want to relax at home tonight.
"drained, chillin', vibe","I'm lowkey drained today, so I’m just chillin' at home to vibe.","I'm feeling pretty tired today, so I think I'll just stay home and relax."
dip,"Gonna get some coffee before I dip to work, no cap.",I'm going to grab some coffee before heading to work.
finna,"I'm finna chill with my squad later, no cap.",I'm going to hang out with my friends this afternoon.
tryna,"I'm just tryna wrap up my homework before dinner, no cap.",I'm just trying to finish my homework before dinner.
"vibe, crank",I'm just gonna vibe at home and crank some tunes.,I'm just going to chill at home and listen to some music.
lowkey,Just wrapped my homework and I'm lowkey drained rn.,I just finished my homework and I'm feeling pretty tired.
tryna,"I'm just tryna chill at home and stream some flicks tonight, you feel me?",I'm just going to relax at home and watch some movies tonight.
holler,"Yo, saw ur msg, I’ll holler back later.","Hey, I saw your message and I’ll reply later."
"vibing, chillin'",I'm just vibing and chillin' through my weekend.,I'm just trying to relax and enjoy my weekend.
slide,"Yo, let's slide to the park later.","Hey, let's meet up at the park later."
"drained, grind",I'm just drained after a whole day grind.,I'm just tired after a long day at work.
"""hella""","I'm hella drained today, so I'm just gonna chill at home.","I'm feeling pretty tired today, so I'm just going to relax at home."
"drained, fr","I'm so drained, I barely slept last night, fr fr.",I'm really tired because I didn't sleep well last night.
peep,"Yo, did you peep the new flick last night?","Hey, did you catch the new movie last night?"
vibe,"Yo, wanna vibe with me later today?","Hey, do you want to hang out with me this afternoon?"
vibing,I'm just vibing and catching good vibes today.,I'm just trying to relax and enjoy my day.
"lounges, binge",I'm just gonna lounges at home and binge some shows tonight.,I'm just going to chill at home and watch some shows tonight.
"finna, grub","Yo, I'm finna snag some grub before I bounce.","Hey, I'm just going to grab some food before I head out."
"chill, binge",I'm just tryna chill and binge some shows after a long grind.,I'm just trying to relax and watch some TV after a long day.
vibin',"I'm straight-up vibin', kinda drained today.",I'm just feeling a little tired today.
"chillin', binge-watching",I'm just chillin' at home and binge-watching some shows.,I'm just going to relax at home and watch some shows.
vibing,"Yo, I'm just vibing at home and streaming some vids.","Hey, I'm just chilling at home and watching some videos."
tryna,I'm totally exhausted today and not tryna dip out.,I'm really tired today and don't feel like going out.
dead (tired slang),I'm dead tired today 'cause I pull an all-nighter last night.,I'm really tired today after staying up late last night.
slide,"Yo, you tryna slide to the mall later?","Hey, do you want to hang out at the mall later?"
"wiped, vibing","I'm mad wiped today, so I'm just chillin' at home and vibing.","I'm really tired today, so I think I'll stay home and relax."
vibe,I'm just gonna vibe at home and binge some shows.,I'm just going to chill at home and watch some TV.
"drained, lowkey","I'm mad drained after a long day, but I lowkey wanna chill with my crew.","I'm really tired after a long day, but I still want to hang out with my friends."
checkin,"Hey, I'm 체크in a coffee before hustle kicks in.",I'm going to grab a coffee before work.
sick,"Yo, saw your new do today, and it’s mad sick!","Hey, I saw your new haircut today, and it looks really cool!"
drained,I'm hella drained after a wild day.,I'm just really tired after a long day.
"drained, tryna","I'm totally drained today, just tryna chill at home.","I'm really tired today, so I just want to relax at home."
vibing,"Yo, did you peep that new flick everyone's vibing about?","Hey, did you see that new movie everyone’s talking about?"
slide,"Yo, wanna slide out for some lunch today?","Hey, do you want to grab lunch together today?"
finna,I'm finna sip some coffee before I bounce to class.,I'm going to grab some coffee before I head to school.
"chillin, vibin","I'm just chillin' and vibin' with some YouTube, no cap.",I'm just going to relax and watch some YouTube videos.
vibin',"Yo, have you peeped that new flick everyone’s vibin' on?","Hey, have you seen that new movie everyone's talking about?"
snag,"Yo, wanna snag some lunch after class?","Hey, do you want to grab some lunch after school?"
"woke, crib","I'm super woke and just wanna chill at my crib today, lowkey exhausted.",I'm feeling really tired today and just want to relax at home.
ghost,"I'm mad exhausted today, probably just gonna ghost at home.",I'm just really tired today and think I might stay home.
vibing,I'm just vibing at home and binge-watching some shows tonight.,I'm just going to relax and watch some TV tonight.
"quick, fr","Pulling a quick snack run before I dip to work, fr fr.",I'm just going to grab some lunch before heading to work.
hyped,I'm totally hyped for the concert tonight!,I'm really excited about the concert tonight!
soo exhausted,I'm soooo exhausted today ’cause I was up all night last night 😴.,I'm really tired today because I stayed up too late last night.
"drained, chill","I'm totally drained after today, just wanna chill and binge some shows.","I'm really tired after the long day, so I just want to relax and watch some TV."
vibing,"I was just vibing at home, bingeing some shows, no cap.",I was just relaxing at home and watching some TV.
vibing,"Chillin' at home, vibing with some Netflix, no cap.",I'm just relaxing at home and watching some shows.
gonna,Gonna snag some coffee real quick before we dip out.,I'm just going to grab some coffee before we head out.
vibing,"I'm just vibing at home and binge-watching some YouTube, no cap.",I'm just chilling at home and watching some YouTube.
about,"Yo, I'm about to hit up Starbucks later. Wanna roll through?","Hey, I'm going to grab some coffee later. Do you want to come along?"
hype,I'm hyped for the game tomorrow!,I'm really excited about tomorrow's game.
vibe,"Yo, wanna vibe tonight?","Hey, do you want to hang out tonight?"
"tryna, flick",I'm just tryna chill at home tonight and binge a flick.,I'm just going to relax at home tonight and watch a movie.
"chillin, vibing","I was just chillin' at home, vibing with some vids.",I was just relaxing at home and watching some videos.
"chill, vibe",I'm just tryna chill and vibe with my crew tonight.,I'm just trying to relax and hang out with friends tonight.
wanna,"Yo, wanna hit up Starbucks after class?","Hey, do you want to grab some coffee after school?"
vibe,"Yo, you down to vibe at the mall today?","Hey, do you want to hang out at the mall today?"
dead (exhausted),"I'm dead exhausted after that long grind, fr.",I'm feeling really tired after that long day at work.
vibing,Just vibing with my squad at the mall today.,I'm just hanging out with my friends at the mall today.
fr,"Catching my friends at the mall later, fr fr.",I'm going to meet my friends at the mall later.
java,I'm off to grab some java with my squad ☕🔥,I'm heading out to get some coffee with my friends.
finna,"Yo, just wrapped my homework, finna chill for a sec.","Hey, I just finished my homework and I'm gonna relax for a bit."
"tiered, chill, vibe","I'm mad tired today, just wanna chill at home and vibe out.","I'm really tired today, I think I just want to stay home and relax."
dropped,"Yo, did you peep the new flick that dropped yesterday?","Hey, did you see the new movie that came out yesterday?"
bouncin',I'm bouncing to get some java with my squad.,I'm going out to grab some coffee with my friends.
chillin',"Yo, you chillin’ to hang out later after school?","Hey, are you free to hang out later after school?"
finna,"I'm finna snag some java before class, fr.",I'm going to grab some coffee before class.
snag,"Yo, let's snag some java later, fr.","Hey, let's grab some coffee later."
finna,I'm just finna chill with my squad for some grub later.,I'm just going to grab some lunch with my friends later.
"chillin', flicks","I'm just chillin' at home, binge-watching some flicks tonight.",I'm probably going to stay home and watch some movies tonight.
"exhausted, studying",I'm hella exhausted today 'cause I pulled an all-nighter studiyng. ,I'm really tired today after staying up all night studying.
bruh,"Bruh, I left my keys at home today, no cap!","Hey, I forgot my keys at home this morning."
chillin',"Yo, just knocked out my homework, now I'm chillin' ✌️.","Hey, I just finished my homework and I'm ready to relax."
peeped,"Yo, I peeped her at the mall earlier today.","Hey, I saw her at the mall earlier today."
down,"Yo, you down to snag some lunch later?","Hey, do you want to grab some lunch later?"
"vibing, flicks","I'm just vibing at home, catching some flicks.","I'm just chilling at home, watching some movies."
finna,I'm finna hit up my buddy for some coffee tomorrow.,I'm going to grab some coffee with my friend tomorrow.
"slapped, vibing","Yo, just slapped that homework and I’m out here vibing now.","Hey, I just finished my homework and I’m ready to hang out."
drained,I'm totally drained today 'cause I barely slept 😴.,I'm really tired today because I didn’t get enough sleep.
vibing,"Yo, are we still vibing for the movie tonight?","Hey, are we still on for the movie tonight?"
finna,"I'm finna brew up some coffee with my squad later, fr.",I'm going to grab a coffee with my friends later.
vibing,Just vibing to see what my squad's on today.,I'm just seeing what my friends are up to today.
"vibing, fr","Yo, I’m vibing with the idea of hitting the mall later, fr.","Hey, I was thinking about going shopping later."
"drained, chill, vibe","I'm hella drained today, so I’m just gonna chill at home and vibe.","I'm feeling really tired today, so I think I'll just stay home and relax."
hella,I'm hella exhausted after pulling an all-nighter.,I'm just tired from studying all night.
vibing,"I'm just vibing solo at home tonight, bingeing some Netflix, no cap.",I'm just going to chill at home tonight and watch some Netflix.
"drained, not vibing",I'm sooo drained and not vibing to go out tonight.,I'm just tired and not in the mood to go out tonight.
hyped,I'm super hyped for the concert this weekend!,I'm really excited for the concert this weekend!
vibing,I’m just vibing and Netflix binging tonight lol.,I'm just going to relax and watch some Netflix tonight.
drained,I'm totally drained today 'cause I stayed up way too late last night.,I'm feeling really tired today after staying up late last night.
"finna, snacks, flick",I'm finna snag some snacks and binge a flick tonight.,I'm going to grab some snacks and watch a movie tonight.
vibing,I'm just vibing with my crew this arvo.,I'm just hanging out with my friends this afternoon.
"chill, vids",I'm just gonna chill and scroll through vids today.,I'm just going to relax and watch some videos this afternoon.
"dying, quick brew, bouncing",I'm just diying with a quick brew before bouncing to work.,I'm just grabbing a quick coffee before heading to work.
"drained, grinding","I'm so drained after grinding all day, just tryna chill now.",I'm really tired after working all day and just want to relax.
"peaced, fin, chillax",Just peaced out from my homework and I'm fin to chillax for a bit.,I just finished my homework and I'm going to relax for a bit.
"drained, fr","I'm super drained and just wanna chill after a long day, fr.",I'm just really tired and want to relax after a long day.
"drained, hella",I'm hella drained 'cause I pulled an all-nighter studying.,I'm really tired after staying up all night studying.
"bounce, grub","Yo, wanna bounce and get some grub later?","Hey, do you want to grab lunch together later?"
"vibing, snags",I'm just vibing to the store to snag some snacks.,I'm just heading to the store to pick up some snacks.
peep,"Yo, did you peep the new flick yesterday?","Hey, did you see the new movie yesterday?"
"drained, grindin","I'm hella drained after grindin' all morning, ngl.",I'm really tired today after working all morning.
dip,"Yo, wanna dip for some coffee after class?","Hey, do you want to go grab some coffee after school?"
grub,I'm hitting up grub with my squad later.,I'm going to grab some food with my friends this afternoon.
hyped,I'm super hyped 'cause my fave band is hitting the city this weekend!,I'm really excited because my favorite band is coming to town this weekend.
chillin',"Yo, just crushed my homework and now I’m chillin’ for a sec.","Hey, I just finished my homework and I’m about to relax for a bit."
finna,"I'm finna get coffee with my homie later, fr.",I'm going to grab a coffee with my friend later.
"hoofing, snack spot, munchies",I'm just hoofing it to the snack spot to grab some munchies.,I'm just walking to the store to buy some snacks.
finna,"I'm just finna get some coffee and bounce to the library, fr.",I'm just going to grab some coffee and then head to the library.
"drained, chill, kickback","I'm so drained after today, just wanna chill and kick back.","I'm really tired after a long day, I just want to relax."
"chillin', flicks",I'm just chillin' at home and binge-watching some flicks today.,I'm just going to relax at home and watch some movies today.
lit,"I'm about to LITty with my crew at the mall later, fr fr.",I'm going to hang out with my friends at the mall later.
fire,"Yo, I peeped you at the mall yesterday and you were fire legit!","Hey, I saw you at the mall yesterday and you looked really cool."
vibing,"I'm just vibing at home, scrolling through vids online.","I'm just chilling at home, watching some videos online."
drained,"I'm totally drained after a long day at school, fr.",I'm really tired after a long day at school.
"drained, grindin'","I'm totally drained after grindin' all day, fr fr.",I'm so tired after working all day.
dead (tired from staying up all night),I'm dead tired today after pulling an all-nighter yesterday.,I'm so tired today after staying up late yesterday.
zapped,I'm mad zapped after pulling a midnight cram sesh.,I'm so tired after staying up all night studying.
"drained, tryna","I'm so drained today, not tryna do anything rn.",I'm just really tired today and not in the mood to do anything.
chillin,I'm just chillin' with my crew tonight.,I'm just going to hang out with some friends tonight.
"vibing, kick",I'm vibing to hit the mall later and kick it with my crew.,I'm thinking about going to the mall later to hang out with my friends.
hyped,I'm super hyped to hang with my crew later! 🔥,I'm really excited to see my friends later today.
finna,I'm just finna get some coffee and chill at home.,I'm just going to grab some coffee and relax at home.
"tired, chill",I'm dead tired today and just wanna chill out.,I'm feeling really tired today and just want to relax.
"chillin, vibing","I'm chillin' at home, vibing and binge-watching some shows.","I'm just sitting at home, relaxing and watching some TV."
"wiped, tryna","I'm totally wiped today and not tryna step out, fr.",I'm just really tired today and I don't feel like going out.
"finna, chillax",I'm just finna sip some java and chillax for a minute.,I'm just going to grab a coffee and relax for a bit.
"chill, vibe","I'm dead tired today, so I’m just gonna chill at home and vibe.","I'm feeling really tired today, so I think I’ll just stay home and relax."
blazing,"No cap, it's blazing today!",I can't believe how hot it is today!
copped,"Just copped a fresh hoodie and it's mad comfy, no cap!",I just bought a new hoodie and I love how cozy it feels.
"exhausted, no cap","I'm straight-up exhausted 'cause I was binge-watching movies till late, no cap.",I'm so tired today because I stayed up late watching movies.
snacks,"Yo, just hit the store and snatched some snacks, fr fr!","Hey, I just got back from the store and bought some snacks."
vibing,"I'm just vibing solo, binge-watching shows at my place.",I'm just chilling at home watching some TV.
drained,"I'm super drained after school today, fr.",I'm really tired after class today.
finna,I'm finna grub with my crew later.,I'm going to grab lunch with my friends later.
vibing,I'm just vibing at the mall with my friends today.,I'm just going to hang out with my friends at the mall today.
"vibing, peeped",I'm vibing 'cause I peeped a fresh new phone yesterday.,I'm really happy because I got a new phone yesterday.
vibe,I'm just gonna vibe at home this weekend.,I'm just going to chill at home this weekend.
nah,"Yo, you hitting up the café later or nah?","Hey, are you going to the cafe later?"
"tired, chill, vibe","I'm mad tired today, just wanna chill at home and vibe.",I'm really tired today and just want to stay in and relax.
vibing,"Yo, just wrapped my cramming sesh for the test and I’m vibing.","Hey, I just finished studying for my test and I feel pretty good about it."
"dead, chill, veg","I'm totally dead today, so I'm just gonna chill at home and veg out.","I'm really tired today, so I think I’ll just stay home and relax."
drained,I'm super drained after a whole day grind.,I'm really tired after a long day of work.
wanna,"Yo, wanna hit the movies tonight?","Hey, do you want to go to the movies tonight?"
tryna,"Yo, you tryna hit up for snacks after class?","Hey, do you want to grab a snack after school?"
"java, vibe","Yo, let's get some java and vibey at the park, fr.",Let's grab some coffee and chill at the park.
vibing,"I'm just vibing at home after a whole day, no cap.",I'm just trying to relax at home after a long day.
munchies,"Yo, wanna hit up some munchies later?","Hey, do you want to grab some food later?"
"drained, vibe",I'm hella drained today and just wanna vibe at home.,I'm really tired today and just want to stay home.
deadass,"Yo, just wrapped up my homework and I'm deadass exhausted.","Hey, I just finished my homework and I'm really tired."
"vibe, YouTube vids",I'm just gonna vibe at home and binge some YouTube vids.,I'm just going to chill at home and watch some YouTube videos.
snags,I'm heading to the store to snag some snacks.,I'm going to the grocery store to buy some food.
about,"Yo, I'm about to hit up Starbucks before work, fr.","Hey, I'm going to grab some coffee before work."
"drained, grind","I'm so drained after grinding all day, fr.",I'm really tired after working all day today.
chill,I'm just gonna chill and scroll through some vids tonight.,I'm just going to relax and watch some videos tonight.
dead,"I'm dead tired, lowkey just gonna chill at home today.","I'm really tired, I think I'll just stay home and relax today."
"drained, grinding","I'm totally drained after grinding all day, fr fr.",I'm just really tired after studying all day.
nah,"Yo, you hitting the party tonight or nah?","Hey, are you going to the party tonight?"
"drained, ground",I'm totally drained after grinding all day at work.,I'm so tired after the long day at work.
vibing,"Chillin' at home, vibing to some tunes, no cap.",I'm just going to relax at home and listen to some music.
"hyped, flex",I'm so hyped for the weekend to flex with my squad.,I'm really excited for the weekend to hang out with my friends.
vibe,"Yo, I just knocked out my homework and I’m all set to vibe.","Hey, I just finished my homework and I’m ready to chill."
peeped,"Yo, just peeped a sick vid online!","Hey, I just saw a really cool video online."
"chillin', vibing","Yo, I was chillin' outside and vibing with the good weather.","Hey, I was just sitting outside and enjoying the nice weather."
vibing,I'm just vibing with a walk in the park to chill.,I'm just going for a walk in the park to relax.
down,"Yo, are you down to grab some coffee later?","Hey, are you free to grab coffee later?"
kick,I'm hitting the mall to kick it with my squad.,I'm going to the mall to hang out with my friends.
wiped,I'm super wiped today 'cause I didn’t catch enough Z's last night.,I'm really tired today because I didn’t sleep well last night.
vibing,I'm vibing kinda exhausted today.,I'm just feeling pretty tired today.
tryna,I'm just tryna chill and binge some vids tonight.,I'm just trying to relax and watch some videos tonight.
"chill, pad","Chillin' at my pad, vibing out to some tunes.",I'm just relaxing at home and listening to music.
"chilled, vibe","I'm super drained today, so I might just chill at home and vibe out.",I'm really tired today so I think I want to stay home and relax.
"hyped, fire","I'm super hyped to hit up the new spot downtown, it's gonna be fire!",I'm really excited to go to the new cafe downtown.
grub,"Yo, wanna catch some grub later?","Hey, do you want to grab a bite to eat later?"
"drained, snooze","I'm mad drained today and just wanna click 'snooze' on life, fr.",I'm just really tired today and feel like staying in bed.
"vibing, chill",I'm just vibing through the day and keeping it chill.,I'm just trying to get through the day and stay positive.
wiped,"I'm super wiped from the day, so I'm just chillin' at home.","I'm really tired after a long day, so I'm just going to relax at home."
hyped,"OMG, I’m so hyped for the concert this weekend!",I'm really excited about the concert this weekend!
"chillin', binging","I'm just chillin' at home and binging some Netflix, no cap.",I'm just relaxing at home and watching some Netflix.
dipped,"Yo, just dipped from the mall with my squad, fr fr.","Hey, I just got back from the mall with my friends."
shook,"I'm shook, today's been max hectic.",I can't believe how busy I am today.
"dead, fr","I'm so dead today 'cause I got no sleep last night, fr.",I'm really tired today because I didn't get much sleep last night.
lit,"Yo, I just caught my fave band live last night, it was lit!","Hey, I just saw my favorite band perform live last night."
"mad, Z's",I'm mad tired today ’cause I didn’t catch enough Z’s last night.,I'm really tired today because I didn't get enough sleep last night.
"drained, tryna","I’m so drained today, I’m not tryna step out, fr.",I'm just really tired today and don’t feel like going out.
"chill, TikTok","I'm just gon' chill and binge some TikTok, fr fr.",I'm just going to relax and watch some TikTok videos.
vibing,"I'm vibing with my crew at the park later, fr.!",I'm going to hang out with my friends at the park later.
"gonna, vibe",Gonna sip some coffee real quick before vibe at work.,I'm just grabbing some coffee before work.
deadass,"I'm deadass exhausted today, so I'm just chillin' at home instead of hitting the town.",I'm just really tired today and feel like staying in instead of going out.
hyped,"I'm totally hyped to chill with my friends later, fr fr.",I'm really excited about hanging out with my friends later.
hyped,"Bro, I’m hyped for the new game dropping tomorrow!",I'm really excited about the new game coming out tomorrow.
pulling,Are you pulling up to the party tonight?,Are you going to the party tonight?
"evished, grindin'","I'm evished after grindin' all day, fr fr.",I'm just really tired after working all day.
dropped,"Yo, did y'all peep the new flick that Dropped yesterday?","Hey, did you see the new movie that just came out yesterday?"
vibing,I'm just vibing with a little walk to clear my mind.,I'm just going for a walk to clear my head.
later,"Yo, wanna snag a quick coffee l8r?","Hey, do you want to grab a quick coffee later?"
"drained, hella",I'm hella drained today ‘cause I pulled an all-nighter last night.,I'm just really tired today because I stayed up too late last night.
hella,"I'm hella drained after pulling an all-nighter, fr.",I'm just really tired from studying all night.
drained,"Honestly, I’m super drained today and just wanna chill at home.",I’m really tired today and just want to relax at home.
"vibing, binge-watching",I'm vibing out and binge-watching some shows today.,I'm just going to relax and watch some TV today.
"drained, tryna","I'm so drained today, just tryna chill at my crib.",I'm really tired today and I just want to relax at home.
pulling,You pulling up to the party tonight?,Are you coming to the party tonight?
drained,I'm mad drained after a whole day at the grind.,I'm just pretty tired after a long day at work.
vibing,I'm just vibing with my friends this weekend.,I'm just going to hang out with friends this weekend.
hitting,"Yo, are you hitting up the party this weekend?","Hey, are you coming to the party this weekend?"
vibe,"That flick was a vibe, I mess with it!","That movie was really good, I loved it!"
"drained, fr","I'm super drained today and just wanna chill at home, fr.",I'm just really tired today and feel like relaxing at home.
"tired, bopped","I'm mad tired today and bopped out last night, fr.",I'm just really tired today and couldn't sleep well last night.
vibing,I'm just vibing at home after a super hectic day.,I'm just relaxing at home after a busy day.
dead (tired),I'm dead tired today 'cause I barely slept lol.,I'm really tired today because I didn't get much sleep.
chillin,I'm just chillin' at the crib today.,I'm just going to relax at home today.
hilarious,"Yo, I saw your new vid and it was totally hilarious!","Hey, I saw your new video and it was really funny!"
vibing,"Yo, just knocked out my homework, now I’m vibing and chillin’ for a bit.","Hey, I just finished my homework and I'm going to relax for a bit."
drained,"I'm so drained after a whole day of classes, fr.",I'm just really tired after a long day at school.
hyped,I'm suuuper hyped to chill with my squad tonight.,I'm so excited to hang out with my friends tonight.
"dead, lowkey",I'm hella dead tired today and lowkey vibing with the gloom.,I'm just really tired today and feeling kind of down.
chill,"Yo, I just wanna chill at my place today.","Hey, I just want to relax at home today."
hit,"Yo, wanna hit up some coffee after class?","Hey, do you want to grab coffee after school?"
"dead, no cap",I'm mad dead tired today 'cause I napped like no cap.,I'm feeling pretty tired today because I didn't sleep well.
"drained, vibes","I'm hella drained today, so I'm just gonna Netflix and vibes at home.","I'm really tired today, so I think I'll just stay home and chill."
"knock, slide",I'm just tryna knock out my homework before I slide with my squad.,I'm just trying to finish my homework before I go out with friends.
finna,I'm just finna cop a quick snack before I hit the books.,I'm just going to grab a quick snack before I start studying.
grind,"Yo, I gotta grind on my homework before I dip with the crew.","Hey, I need to finish my homework before I go out with my friends."
finna,I'm finna hit up some coffee before I dip to work.,I'm going to grab a coffee before heading to work.
dip,"Yo, I might dip the party tonight, fr fr.","Hey, I think I might skip the party tonight."
"chillin, vibing","Chillin' at my place, just vibing with some YouTube drama.",I'm just relaxing at home and watching some YouTube.
hyped,I'm totally hyped for the movie tonight!,I'm really excited for the movie tonight!
"peaced, villain","Yo, just peaced out my homework, now I’m chillin’ like a villain.","Hey, I just finished my homework and I'm relaxing now."
yo,"Yo, did you catch the new ep of that show yesterday? 😂","Hey, did you see the new episode of that show last night?"
vibing,I'm just vibing at home tonight.,I'm just going to relax at home this evening.
"chillin', squad",I'm just chillin' with my squad at the coffee spot.,I'm just hanging out with my friends at the coffee shop.
"drained, chill, fr","Yo, I’m hella drained today and just wanna chill, fr fr.","Hey, I’m really tired today and just want to relax."
"gonna, snacks",Gonna snag some snacks before the film kicks off.,I'm going to grab some snacks before the movie starts.
"chillin, vibing, flick","I'm chillin' at home, vibing with a flick.",I'm just relaxing at home and watching a movie.
mall,"Yo, you tryna hit the mall later?","Hey, do you want to go to the mall later?"
"vibe, flicks",I'm just gonna vibe at home tonight and binge some flicks.,I'm just going to chill at home tonight and watch some movies.
excited,"I'm hella exhausted today and not tryna do anything, fr.",I'm just really tired today and don't feel like doing anything.
"drained, all-nighter",I'm totally drained 'cause I pulled an all-nighter hitting the books.,I'm really tired today because I stayed up all night studying.
dopest,"Yo, I caught the dopest new flick last night, fr fr.","Hey, I just saw a really cool new movie last night."
vibing,"Yo, I just finished my homework and I’m vibing hard.","Hey, I just got done with my homework and I’m feeling pretty good."
peep,"I'm just gonna peep some snacks before class, fr fr.",I'm just going to grab a snack before class.
"chilled, vibe","I'm absolutely drained today, so I’m just gonna chill at home and vibe.","I'm really tired today, so I think I might just stay in and relax."
hyped,I'm so hyped for the concert this weekend!,I'm really excited about the upcoming concert this weekend.
vibing,I'm just vibing about what to do this weekend.,I'm just thinking about what to do this weekend.
flex,"Yo, you free to flex later?","Hey, are you free to hang out later today?"
"finna, grub",I'm finna snag some grub before the flick drops.,I'm going to grab some food before the movie starts.
copped,I just copped fresh kicks for class. 😎,I just bought a new pair of sneakers for school.
"drained, long-ass (long in this context is a slang term, but it's not commonly recognized as such, and the primary slang term in the sentence is ""drained"")",I'm totally drained after this long-ass day.,I'm really tired after the long day.
peep,"Yo, I might peep some coffee before class, fr.","Hey, I think I'm going to grab some coffee before class."
popping,"I'm just popping off with my friends later, no cap.",I'm just going to hang out with friends this afternoon.
gonna,I'm hitting the store to grab some snacks real quick.,I'm going to the store to buy some snacks.
fr,"I was totally wiped after a long day at work, fr.",I was really tired after a long day at work.
"chill, binge",I'm just gonna chill at home and binge some shows today.,I'm just going to relax at home and watch some TV today.
z's,"Lowkey exhausted today, I gotta catch some Z's.","I'm just really tired today, I think I need some rest."
wiped,I'm totally wiped after a long day grind.,I'm exhausted after a long day at work.
vibing,"Hey, I’m just vibing at home and binge-watching some stuff.","Hey, I’m just relaxing at home and watching some shows."
tryna,"Yo, I'm tryna snag some coffee before I dip to class.",I'm thinking about grabbing some coffee before heading to class.
peeped,"Yo, just peeped my homie at the mall, fr fr!","Hey, I just saw my friend at the mall."
brews,"Yo, I’m heading to the café for some brews, no cap!",I'm heading to the cafe to grab some coffee.
"drained, mega","I'm so drained after a mega long shift, fr.",I'm so tired after a long day at work.
"drained, tryna","I'm totally drained after a long day, just tryna chill and binge some shows.","I'm really tired after a long day, so I just want to relax and watch some TV."
peep,"Yo, peep the new flick last night?",Did you see the new movie last night?
vibing,"I'm just vibing at home, binge-watching my go-to show.",I'm just chilling at home and watching my favorite show.
bloque,"I'm just gonna bloque with my squad this weekend, no cap.",I'm planning to chill with my friends this weekend.
hyped,I'm super hyped to flex with my squad tonight!,I'm really excited to go out and hang out with my friends tonight.
vibin,I'm just vibesing at home tonight.,I'm just going to chill at home this evening.
chillin,I'm just chillin' with my squad at the mall tonight.,I'm just going to hang out with my friends at the mall tonight.
vibing,I'm just vibing with my squad after class.,I'm just hanging out with my friends after school.
peep,"Yo, did you peep the new episode of that show last night?","Hey, did you watch the new episode of that show last night?"
no cap,"Yo, hit me up for some coffee tmrw, no cap!",Let's meet up for coffee tomorrow.
vibing,"Yo, just peeped my homework done and I’m vibing hard.","Hey, I just finished my homework and I’m feeling pretty good."
vibing,I'm just vibing at home after school.,I'm just going to relax at home after school.
"chill, coffee",Gonna vibe with some coffee real quick before hitting up class.,I'm just going to grab a coffee before heading to class.
chill,"Yo, wanna chill at the park later? 😎","Hey, do you want to hang out at the park later?"
grind,Just vibing for a sec before I gotta get back to grinding on homework.,I'm just taking a quick break before I get back to studying.
drained,I'm mad drained today 'cause I stayed up all night yesterday.,I'm feeling really tired today after staying up late yesterday.
down,"Yo, you down to hit up some coffee after work?","Hey, do you want to grab some coffee after work?"
"lowkey, fr","Yo, I’m lowkey tryna snag some grub later, fr fr.","Hey, I was just thinking about grabbing some lunch later."
drained,"Yo, I just hit the grocery run and I'm completely drained!","Hey, I just got back from the grocery store and I'm exhausted."
losin,"Yo, did u peep the new flick everyone's losing their minds over?","Hey, did you see the new movie everyone's talking about?"
"gonna, fr","Gonna sip on some java to kick off my day, fr.",I'm going to grab a coffee to start my day.
wiped,"Yo, just wrapped up my homework and I'm so wiped.","Hey, I just finished my homework and I'm so tired."
peep,"Yo, did you peep your homework today or what?","Hey, did you finish your homework today?"
vibe,"Yo, wanna vibe and chill tonight?","Hey, do you want to hang out this evening?"
vibing,"Yo, I’m just vibing on the idea of grabbing some java later.","Hey, I was just thinking about grabbing some coffee later."
"chill, vibe",I'm just tryna chill and vibe with some vids after a hectic day.,I'm just trying to relax and watch some videos after a long day.
bounce,"Yo, I'm just pulling a quick coffee before I bounce to work.","Hey, I'm just going to grab a coffee before work."
hyped,I'm super hyped to chill with my squad tomorrow.,I'm really excited to hang out with my friends tomorrow.
"link, vibe","Yo, let's link up later and vibe!","Hey, let's meet up later to hang out."
drained,Just wrapped up my homework and I'm MAD drained.,I just finished my homework and I'm feeling really tired.
"drained, caught (no) z's",I'm so drained today 'cause I caught no z's last night.,I'm so tired today because I didn't sleep well last night.
slid,"I'm slide into some coffee with my crew after work, no cap!",I'm going to grab some coffee with my friends after work.
fr,"Yo, I spotted you at the cafe this morning, fr fr.","Hey, I saw you at the cafe this morning."
hella,I'm hella hyped for the weekend ‘cause I’m gonna chill with my squad.,I'm really excited for the weekend because I get to hang out with my friends.
"chill, vids",I'm just gonna vibe at home and scroll some vids.,I'm just going to chill at home and watch some videos.
wiped,"Yo, I'm totally wiped after grinding all morning. ","Hey, I'm really tired today after working all morning."
chill,"I'm just gonna chill with my squad after school, no cap.",I'm just going to hang out with my friends after school.
hits,"Yo, wanna hit up some eats later?","Hey, do you want to go out and grab some food later?"
finna,I'm just finna snack up before I hit the books.,I'm just going to grab a snack before I start studying.
drained,I'm so drained 'cause I pulled an all-nighter cramming last night.,I'm really tired because I stayed up late studying last night.
"drained, tryna",I'm mad drained and not tryna vibe outside tonight.,I'm really tired and don't want to go out tonight.
"peep, vibe",I'm just gonna peep some coffee and vibe at the park.,I'm just going to grab some coffee and chill at the park.
bounce,"I'm contemplating a coffee run and bouncing with my friends afterward, no cap.",I'm thinking about grabbing a coffee and then hanging out with some friends.
nice,"Yo, the weather's mad nice today, perfect for a stroll.","It's really nice outside today, perfect weather for a walk."
squad,"Yo, I'm linking up with my squad at the cafe later, no cap!",I'm meeting my friends at the cafe later today.
"drained, tryna","I'm totally drained after a long day, just tryna chill at home.","I'm really tired after a long day, so I just want to relax at home."
fire,That new bop is straight fire!,That new song is really good!
"chillin', vibing",I'm just chillin’ and vibing with some vids tonight.,I'm just going to relax and watch some videos this evening.
"snag, bounce",I'm just gonna snag some coffee and then bounce to the store.,I'm just going to grab some coffee and then head to the store.
lowkey,"Bruh, I lowkey left my phone home today, no cap.",I can't believe I forgot my phone at home today.
"chill, crib",I'm just tryna chill at the crib after a crazy busy day.,I'm just trying to relax at home after a busy day.
"peep, vibe","Yo, I gotta peep this homework fam before I vibe with my crew.","Hey, I need to finish my homework before I hang out with my friends."
"drained, vibe","I'm hella drained today, might just vibe at home and chill.","I'm feeling really tired today, I might just stay home and relax."
"drained, Z's","I'm mad drained today, I gotta catch some Z's.","I'm really tired today, I think I need to rest."
vibe,"Yo, you tryna vibe later?","Hey, do you want to hang out later today?"
snag,I'm heading to the store to snag some munchies.,I'm going to the store to grab some snacks.
"flex, flick","Yo, wanna flex and hit up a flick tonight?","Hey, do you want to catch a movie tonight?"
hyped,"Yo, I’m super hyped to chill with my crew tomorrow!",I'm really excited about hanging out with my friends tomorrow.
vibe,"Yo, that new film was such a vibe, did you catch it?","Hey, did you see how cool that new movie was?"
snag,I'm about to snag some coffee before I dip to work.,I'm going to grab some coffee before I head to work.
wrapped,"Yo, did you wrap up your homework yet?","Hey, did you finish your homework yet?"
"vibing, chilling",I'm just vibing and chilling after a long grind.,I'm just trying to relax after a long day at work.
"drained, vibe","I'm mad drained today, gonna chill at home and vibe.","I'm really tired today, I think I'll stay home and relax."
deadass,I'm死ass drained today and just wanna stay in bed all day lol,I'm just really tired today and feel like staying in bed all day.
drained,"I'm mad drained today, but I still gotta clock in.","I'm really tired today, but I still have to go to work."
"dipped, fr","Yo, I just dipped from the store and I’m totally wiped, fr.","Hey, I just got back from the store and I’m super tired."
deadass,I'm deadass exhausted today 'cause I woke up mad early.,I'm really tired today because I woke up early.
chillin,"Just chillin' at home, binge-watching my fave show, fr.",I'm just relaxing at home and watching my favorite show.
fr,"Yo, I left my phone at home today, fr.","Hey, I forgot my phone at home today."
drained,I'm super drained today 'cause I was up way past my bedtime last night.,I'm just really tired today because I stayed up way too late last night.
chillin,"Yo, I just wrapped up my homework and I'm so relieved it's done.",I just finished my homework and I'm really glad it's over.
"drained, wanna, flicks","I'm totally drained today, so I just wanna chill and binge-watch some flicks.","I'm really tired today, so I think I'll just relax and watch some movies."
vibe,I'm just gonna vibe at home all day. 🤙,I'm just going to chill at home all day.
hit,"Yo, wanna hit up some coffee after work?","Hey, do you want to grab coffee after work?"
"dive, spot, fire","Yo, just dived into this sick new spot downtown, it's fire!","Hey, I found a really cool new cafe downtown."
ghosting,"Yo, have you peeped my phone? It's ghosting me, can't find it anywhere lol.","Hey, have you seen my phone? I can't find it anywhere."
vibing,I'm just vibing with my friends at the park.,I'm just hanging out with friends at the park.
"vibe, flick","Yo, you tryna vibe and catch a flick tonight?","Hey, do you want to go watch a movie tonight?"
peep,"Yo, peep the fresh poster in the hall, did ya spot it?","Hey, did you see the new poster in the hallway?"
drained,I'm absolutely drained after that long school grind.,I'm really tired after the long day at school.
peep,"Yo, did you peep the new ep of the show last night?","Hey, did you see the new episode of the show last night?"
hit,"Yo, wanna hit up some coffee later?","Hey, do you want to go get some coffee later?"
"lit, snack, bounce","Yo, I’m litty and might snag a snack before bouncing.","Hey, I thought I might grab a snack before heading out."
"gon' (contracted form of ""going"")",I'm just gon' snag some coffee before bouncing to class.,I'm just going to grab some coffee before heading to school.
"tryna, dip",I'm just tryna wrap up my homework before I dip with my squad.,I'm just trying to finish my homework before I go out with my friends.
"drained, vibing, solo, tryna",I'm hella drained today and totally vibing solo — not tryna hit the party.,I'm really tired today and don't want to go to the party.
mall (slang for shopping center),"I'm hitting the mall later, fr fr.",I'm going shopping at the mall this afternoon.
drained,I'm drained 'cause I pulled an all-nighter yesterday.,I'm tired because I stayed up late last night.
vibin,"Yo, how you vibin' today?",How are you feeling today?
z's,"Yo, I’m so dead today 'cause I didn’t catch enough Z’s last night.","Hey, I’m really tired today because I didn’t sleep well last night."
finna,"I'm just finna snag some coffee before bouncing to class, no cap.",I'm just gonna grab some coffee before heading to class.
peep,"Yo, we should peep some coffee later, fr fr.",I think we should grab some coffee later.
"vibing, faves' (drip)","I'm just vibing at home, binge-watching my fave's drip.",I'm just chilling at home watching my favorite show.
dropped,"Yo, did ya catch the new flick that dropped last night?","Hey, did you see the new movie that came out last night?"
"chillin, vibing","Chillin' at home, vibing with some YouTube stuff.",I'm just relaxing at home and watching some YouTube videos.
"deadass, drained","I'm deadass drained after this whole day, no cap.",I'm feeling really tired after such a long day.
kicks,"Yo, just hit the mall and scored some sick kicks!","Hey, I just got back from shopping and found some really cool shoes."
peeped,"Yo, have you peeped the new flick that just dropped?","Hey, have you seen the new movie that just came out?"
"vibing, sick","Your new backpack's totally vibing, looks sick!","I really like your new backpack, it looks great!"
"drained, grindin'",I'm hella drained after grindin' all day at work.,I'm really tired after my long day at work.
lit (speed),"No cap, the pizza got here lightning fast!",I can't believe how quickly the pizza was delivered!
drained,I'm mad drained after a looong day at the 9 to 5.,I'm really tired today after a long day at work.
vibe,Just wrapping up my homework before vibing with the squad.,I'm just finishing up my homework before going out with friends.
"drained, cantbother",I'm super drained today and can't be bothered to do anything lol.,I'm just really tired today and don't want to do anything.
"worn out, grind","I'm worn out after grinding all day, fr fr.",I'm feeling really tired today after working all day.
vibe,"Yo, can you give me a hand with moving this weekend? It's gonna be a whole vibe!","Hey, can you help me move this weekend?"
peep,"Yo, can you peep my homework real quick?","Hey, can you help me with my homework?"
gonna,Gonna hit the store for some snacks later fam.,I'm going shopping for groceries later.
drained,"I'm mad drained after school today, no cap.",I'm so tired after school today.
"vibing, snagging, fr","Yo, I'm vibing with the idea of snagging a coffee before I head to class, fr.",I'm thinking about grabbing a coffee before heading to class.
drained,"I'm totally drained today ’cause I was up all night yesterday, no cap.",I'm really tired today because I stayed up way too late last night.
"exhausted, chill, binge","I'm suuuper exhausted today, just tryna chill and binge some movies, fr fr.","I'm really tired today, I just want to relax and watch some movies."
chill,"Yo, I just knocked out my homework and I'm so chill now.","Hey, I just finished my homework and I'm so relieved."
"drained, ground","I'm totally drained after grinding all day, fr.",I'm really exhausted after studying all day.
vibing,"I'm vibing at home, spinning some tunes. LOL",I'm just chilling at home and listening to some music.
"drained, lowkey",I'm super drained today and totally lowkey not feeling it.,I'm just really tired today and feeling pretty unmotivated.
"drained, cram",I'm mad drained today 'cause I pulled an all-nighter with my cram sesh.,I'm so tired today because I stayed up late studying.
fire,"This new jam is fire, I’m obsessed!","I really like this new song, it’s so good!"
hit,"Yo, wanna hit up lunch together?","Hey, do you want to grab lunch together?"
drained,"Just wrapped up my homework, and I’m totally drained, no cap.",I just finished my homework and I feel pretty tired.
"chill, binge","I'm just gonna chill and binge some shows today, no cap.",I'm just going to relax and watch some shows today.
"drained, grindin'",I'm hella drained today 'cause I was up all night grindin' without rest.,I'm feeling really tired today because I didn't sleep well last night.
"drained, grinding","I'm super drained after grinding all day, just tryna chill now.","I'm really tired after working all day, so I just want to relax now."
"chill, flick","Yo, wanna chill later and catch a flick?","Hey, do you want to hang out later and watch a movie?"
"dead, tryna, veg","Yo, I'm dead tired today, just tryna chill at home and veg out.","Hey, I'm really tired today and just want to relax at home."
snag,"I'm_heading to the store to snag some snacks, fr fr.",I'm going to the grocery store to buy some snacks.
vibing,"Just vibing with my squad at the park, no cap.",I'm just casually hanging out with my friends at the park.
drained,"I'm mad drained today, lowkey need a nap ASAP.","I'm really tired today, I think I need some sleep."
hyped,I'm so hyped for the bash tonight!,I'm really excited about the party tonight!
chill,"Yo, wanna chill today? 💥","Hey, do you want to hang out today?"
fire,"Yo, just hit the store and snagged some fire snacks! 😎","Hey, I just got back from the store and I found some awesome snacks!"
finna,I'm just finna chill at my place and binge some shows tonight.,I'm just going to relax at home and watch some shows tonight.
vibing,"Just wrapped up my homework, and I’m vibing with how it turned out.",I just finished my homework and I'm feeling pretty good about it.
vibing,"I'm just vibing at home today, binge-watching some flicks.",I'm just going to chill at home today and watch some movies.
"drained, fr","I'm totally drained after a long day at school, fr fr.",I'm just tired after a long day at school.
"lowkey, vibing",I'm lowkey exhausted today and vibing in chill mode.,I'm just really tired today and feeling lazy.
"drained, fr","I'm totally drained and not vibing with going out tonight, fr.",I'm just really tired and don't feel like going out tonight.
spot,"Yo, can you spot me on my homework later?","Hey, can you help me with my homework later?"
tired,Just slid back home from school and I'm dead exhausted.,I just got home from school and I'm really tired.
vibing,I'm just vibing with my friends after class.,I'm just casually hanging out with my friends after school.
y'all,"Yo, did y'all catch the new flick last night?","Hey, did you watch the new movie last night?"
peep,"Yo, peep that new flick last night?","Hey, did you watch that new movie last night?"
"chillin, no cap","Chillin' at my place, bingeing my fave series, no cap.",I'm just relaxing at home and binge-watching my favorite series.
wiped,"I'm super wiped today, so I’m just chillin' at home.","I'm really tired today, so I think I’ll just relax at home."
beat,"I'm lowkey beat after grinding all day, fr.",I'm really tired today after working all day.
"tired, lowkey",I'm mad tired today 'cause I lowkey stayed up all night.,I'm just really tired today because I stayed up late last night.
whipped,"Yo, I just wrapped my homework and I’m hella whipped.","Hey, I just finished my homework and I’m so tired."
vibing,I'm just vibing at home and scrolling my feed.,I'm just chilling at home and scrolling through my phone.
chill,I'm totally🥱 today and just wanna chill at home.,I'm just really tired today and want to relax at home.
hyped,I'm super hyped to kick it with my squad this weekend!,I'm really excited to see my friends this weekend.
vibe,"Yo, you tryna vibe this weekend?","Hey, do you wanna hang out this weekend?"
snag,"I'm just gonna snag some snacks and chill at home tonight, fr.",I'm just going to grab some food and relax at home tonight.
wiped,"I'm hella wiped from today, so I'm just gonna chill at home.","I'm really tired after the long day, so I think I'll just relax at home."
lowkey,"I'm lowkey tryna hit the park later to chill, fr.",I'm thinking about going to the park later to relax.
"drained, wanna",I'm totally drained today and just wanna chill.,I'm just really tired today and want to relax.
chillin,"Yo, just chillin' with my crew at the park today, no cap.",I'm just hanging out with friends at the park today.
slide,"Yo, wanna slide out for some coffee after class?","Hey, do you want to grab a coffee after school?"
finna,"I'm just finna take a stroll in the park to clear my mind, fr fr.",I'm just going to go for a walk in the park to clear my head.
veg,"I'm just gonna veg out at home all day today, no cap.",I'm just going to chill at home all day today.
"drained, nada","I'm so drained today, I’m just vibing to chill and do nada.",I'm just really tired today and I don't want to do anything.
pumped,I'm super pumped for the new flick tonight!,I'm really excited for the new movie tonight.
finna,"I'm finna vibing with my squad later, no cap.",I'm just going to chill with my friends this afternoon.
"copped, deadass","Yo, just copped my homework and I'm deadass drained.","Hey, I just finished my homework and I am so tired."
"drained, grinding","I'm super drained today after grinding all morning, fr fr.",I'm just really tired today after working all morning.
vibing,"Chillin' and vibing with some movies tonight, no cap.",I'm just going to relax and watch some movies tonight.
vibing,"I'm just vibing through the park to clear my head, no cap.",I'm just taking a walk in the park to clear my mind.
"hyped, lit","I'm sooo hyped for my trip to the beach, it's gonna be lit!",I'm really excited about my upcoming trip to the beach.
"dead, mood","I'm kinda dead today and mood's kinda off, fr.",I'm just really tired today and feeling a bit down.
hyped,I'm super hyped to chill with my squad tonight.,I'm really excited to see my friends tonight.
"vibing, Netflix-ing","I'm just vibing at home and Netflix-ing, fr fr.",I'm just chilling at home and watching some Netflix.
vibing,"I'm just vibing at home after a long day, no cap.",I'm just chillin' at home after a long day.
dropped,"Yo, did y'all peep the new music app that dropped?","Hey, did you hear about the new music app that just came out?"
peep,"Yo, can you peep my homework later?",Can you help me with my homework later?
wanna,"Yo, wanna hit up Starbucks today?","Hey, do you want to grab a coffee today?"
chillin',"Just vibin' at home, Netflix and chillin'.","I'm just chillin' at home, watching some TV."
vibe,"Yo, wanna vibe at the park later?","Hey, do you want to hang out at the park this afternoon?"
wanna,"Yo, wanna catch some lunch later?","Hey, want to grab lunch together later?"
"exhausted, binged",I'm totally exhausted today ’cause I binge-watched all night. ,I'm really tired today because I stayed up late watching shows.
"wiped, vibe","I'm so wiped today, just tryna chill and vibe.",I'm really tired today and I just want to relax.
dash,I'm just dashing to the store to grab some snacks and stuff.,I'm just heading to the grocery store to pick up some stuff.
"drained, chillin', vibing","I'm super drained today, so I'm just chillin' at home and vibing out.","I'm feeling really tired today, so I think I'll stay home and relax."
"drained, chill, vibe","I'm super drained today, so I’m just gonna chill at home and vibing.","I'm feeling really tired today, so I might just stay in and relax."
"wiped, Z's",I'm totally wiped today ’cause I didn’t catch enough Z’s last night.,I'm really tired today because I didn’t get much sleep last night.
fucc,"Yo, wanna snag some pizza tonight? Let's fucc it up!","Hey, do you want to grab pizza tonight?"
vibing,"I’m just vibing at home, scrolling through vids.",I’m just chilling at home and watching some videos.
dead (tired),I'm dead tired 'cause I pulled an all-nighter last night.,I'm so tired because I stayed up late last night.
"drained, Z's",I'm hella drained today 'cause I didn’t catch enough Z’s.,I'm just tired today because I didn't get enough sleep.
finna,"Yo, I’m finna copped some coffee after shift, fr.","Hey, I think I'm going to grab some coffee after work."
"finna, grub",I'm finna snag some grub before I dip out.,I'm going to grab some food before I head out.
lit,"Yo, I peeped a lit flick last night!","Hey, I just saw a really cool movie last night."
"exhausted, chill",I'm mad exhausted today and just wanna chill at home LOL.,I'm really tired today and just want to stay home and relax.
hella,"I'm hella worn out today and just wanna chill after work, fr.",I'm really tired today and just want to relax after work.
drained,"I'm super drained today, barely slept a wink last night.","I'm really tired today, I didn't sleep well last night."
"vibing, homie, grub",Just vibing till my homie pulls up so we can hit up some grub.,I'm just waiting for my friend to arrive so we can go get some food.
"chilling, vibing, fr","Chilling and vibing with some vids on YouTube tonight, fr.",I'm just going to relax and watch some YouTube videos tonight.
vibing,"I'm vibing at the mall later with my squad, no cap.",I'm going to the mall later to hang out with my friends.
"tired, vibe",I'm mad tired today and not vibing to hang out.,I'm just really tired today and don't feel like hanging out.
vibing,"I'm just vibing at home, binge-watching some stuff.",I'm just chilling at home watching some shows.
lowkey,"Yo, did you peep that new flick everyone’s lowkey vibing with?","Hey, did you see the new movie that everyone is talking about?"
finna,"I'm finna get some coffee with my homie later, fr.",I'm going to grab some coffee later with a friend.
vibe,"Yo, just wrapped up my homework and vibe check is high 🆒!","Hey, I just finished my homework and I'm feeling pretty good about it."
tryna,"Yo, you tryna chill after class today?","Hey, do you want to hang out after school today?"
snag,"Yo, wanna snag a coffee after class?","Hey, do you want to grab a coffee after class?"
finna,I’m just finna snag some coffee before I dip into work.,I'm just going to grab some coffee before I start working.
vibing,"Yo, did you peep that new flick everyone's vibing with?","Hey, did you see that new movie everyone was talking about?"
"wiped, chilling, vibing","I'm totally wiped today, so I’m gonna chill at home and vibing.","I'm really tired today, so I think I’ll just stay in and relax."
"drained, veg out","I'm super drained today, just wanna kick back and veg out.","I'm really tired today, I just want to relax and chill out."
"chillin', vibin'","Just knocked out my homework, now I'm chillin' and vibin'.",I just finished my homework and I'm ready to relax.
down,"Yo, down to get some coffee later?","Hey, want to grab some coffee later?"
drained,"Yo, just hit the store and I'm totally drained rn.","Hey, I just got back from the store and I'm really tired."
deadass,I'm deadass exhausted after grinding all day.,I'm so tired after studying all day.
what,"Yo, you free this weekend or what?","Hey, are you busy this weekend?"
chillin,"I'm chillin' with my crew tomorrow, no cap.",I'm going to hang out with my friends tomorrow.
vibing,"I'm vibing with the idea of catching some coffee after work, fr.",I'm thinking about grabbing some coffee after work.
"chillax, hot sec","Yo, just knocked out my homework and about to chillax for a hot sec.","Hey, I just finished my homework and I'm about to relax for a bit."
"hella, fr","I'm hella drained 'cause I stayed up all night, fr fr.",I'm really tired after staying up late last night.
hyped,I'm so hyped to link up with my squad later!,I'm really excited to meet up with my friends later.
"chillin, drained, kickback",I'm mad chillin' today 'cause I'm hella drained and just wanna kick back.,I'm just really tired today and need to relax.
"vibing, chillin'","I'm just vibing at home, Netflix and chillin’.","I'm just chilling at home, watching some TV."
ghosting,"I'm totally ghostin' the party tonight, fr fr.",I think I'm going to skip the party tonight.
chill,"I'm just chilling at home all day today, no cap.",I'm just going to relax at home all day today.
vibing,I'm just vibing with my crew at the park.,I'm just chilling with my friends at the park.
fire,"Yo, the concert last night was straight fire!",I can't believe how fun the concert was last night!
wiped,"I'm totally wiped today, so I'm just gonna chill at home.","I'm really tired today, so I'm just going to relax at home."
poppin,"Yo, was just poppin' about linking up later if you're down.","Hey, I was just thinking about meeting up later if you're free."
z's,I'm just tryna catch some Z's before my test tomorrow.,I'm just trying to get some sleep before my exam tomorrow.
"dipping, java, vibing",I'm just dippin' for some java and then vibing with a walk.,I'm just going to grab some coffee and then go for a walk.
finna,"I'm finna sip some coffee with my squad later, you feel me?",I'm going to grab a coffee with my friends this afternoon.
hyped,I'm super hyped for the concert tomorrow!,I'm really excited about the concert tomorrow.
finna,"Yo, I'm finna hit up some coffee before my shift, fr.","Hey, I'm just going to grab some coffee before work."
"fire, sick","Yo, your new phone is fire, so sick!","Hey, I really like your new phone, it's awesome!"
hyped,"Yo, I’m sooo hyped for the weekend vibes!",I'm really excited for the weekend plans.
vibing,"I'm just vibing through today, no cap, no stress.",I'm just trying to get through today without any problems.
slide,"Yo, you tryna slide and grab some food today?","Hey, do you want to grab lunch today?"
vibing,"I'm mad vibing with exhaustion today, no cap.",I'm feeling pretty tired today.
"dip, vibe","Yo, wanna dip and vibe with me later?","Hey, do you want to hang out with me later?"
peep,"Yo, did you peep the new flick tonight?","Hey, did you see the new movie tonight?"
hyped,I'm mega hyped for the weekend with my squad!,I'm so excited for the weekend with my friends.
grind,Gonna snag a coffee real quick before hitting the grind.,I'm just going to grab a coffee before heading to work.
"chillin', binge-watching",I'm just chillin' at home and binge-watching some fresh new series.,I'm just casually relaxing at home and binge-watching a new show.
"chillin, vibin, fr","I'm just chillin' and vibin' with some vids later, fr.",I'm just going to relax and watch some videos later.
fr,"Yo, just wrapped up my last class for the day, fr fr!","Hey, I just finished my last class for the day."
drained,I'm lowkey drained today.,I'm just really tired today.
exhausted,I'm low-key exhausted cuz I didn't catch enough Z’s last night.,I'm pretty tired today because I didn't sleep well last night.
"finna, squad",I'm finna snag some coffee and then link up with my squad at the park.,I'm going to grab some coffee and then meet my friends at the park.
"chillin, bingin","Chillin' at my place, bingin’ some stuff on Netflix, you feel me?","I'm just relaxing at home, watching some shows."
finna,I'm finna snag some coffee before hitting the mall.,I'm going to grab some coffee before heading to the mall.
vibing,I'm just vibing solo at home today.,I'm just chilling at home today.
"hella, all arvo",I'm hella exhausted today and just wanna crash all arvo.,I'm really tired today and just want to nap all afternoon.
drained,"I'm straight-up drained after a wild day, no cap.",I'm just really tired after a busy day.
grub,"Yo, wanna hit up some grub after class?","Hey, do you want to grab some food after school?"
finna,I'm finna hit up my homie for a coffee sesh tomorrow.,I'm going to grab a coffee with my friend tomorrow.
vibing,"I'm just vibing at home all weekend, no cap.",I'm planning to just chill at home this weekend.
"drained, grinding","I'm hella drained after grinding all day, fr.",I'm really tired after such a long day at work.
"tired, gotta","I'm dead tired today, but I still gotta grind on my homework.","I'm really tired today, but I still need to finish my homework."
finna,"I'm just finna sip some java with my squad later, no cap.",I'm just going to grab some coffee with my friends later.
"vibing, rays",I'm just vibing at the park and catching the rays.,I'm just chilling at the park and enjoying the sun.
fire,"Yo, those kicks are fire, no cap!","Hey, I really like your new shoes!"
pup,"Yo, just peeped the cutest pupper on my walk, fr.","Hey, I just saw a really cute dog on my walk."
snag,"Yo, wanna snag some pizza later?","Hey, do you want to grab some pizza later?"
dead (slang for exhausted or impressed),I'm dead after hittin' that session today.,I'm really tired after today's workout.
"drained, gonna","I'm super drained today, so I’m prolly gonna dip on the party.","I'm just really tired today, so I'm probably not going to go to the party."
copped,Just copped a fresh hoodie and it's mad comfy.,I just bought a new hoodie and it's super comfortable.
chill,I'm just gonna chill with my crew in the city tonight.,I'm just going to hang out with my friends downtown tonight.
linkup,"Yo, you tryna link up later to vibe?","Hey, do you want to meet up later to hang out?"
no cap,"I'm just gonna hang at my place this weekend, no cap.",I'm just going to chill at home during the weekend.
dead,I'm *dead* tired and just wanna chill at my place after a whole day.,I'm really tired and just want to relax at home after a long day.
"chillin, vibing",I'm just chillin' and vibing with some shows after a hectic day.,I'm just relaxing and watching some TV after a busy day.
"chillin', binge-watching",I'm just chillin' and binge-watching after a mad busy day.,I'm just trying to relax and watch some TV after a busy day.
hella,I'm hella exhausted today and just wanna chill at home.,I'm feeling really tired today and just want to stay home.
slide,"Yo, wanna slide to the park today?","Hey, do you want to hang out at the park today?"
"drained, vibe","Yo, I’m hella drained today, gonna just chill at home and vibe.","Hey, I’m really tired today, I think I’ll just stay home and relax."
drained,"Yo, I just wrapped up my homework and I'm totally drained now.","Hey, I just finished my homework and I'm pretty tired now."
"chillin, vibin",I'm just chillin' and vibin' with some tunes.,I'm just here relaxing and listening to some music.
vibing,"Yo, I'm just vibing at home and streaming some flicks.","Hey, I'm just chilling at home and watching some movies."
vibing,"Just vibing at home with some chill tunes, no cap.",I'm just relaxing and listening to some music at home.
wiped,"Bruh, I'm mad wiped after a whole day grind.",I can't believe how tired I am after a long day at work.
drained,I'm totally drained today after pulling an all-nighter.,I'm feeling really tired today after staying up all night.
sleepy,I'm mad sleepy today ’cause I pulled an all-nighter last night.,I'm just a little tired today because I stayed up late last night.
"chillin, vibing",I'm just chillin' and vibing with some tunes today.,I'm just relaxing and listening to some music today.
"drained, chill, binge","I'm super drained today, just tryna chill and binge some shows.","I'm really tired today, so I just want to relax and watch some TV."
"drained, chill, streams","I'm hella drained today, just tryna chill and scroll some streams.","I'm really tired today, I just want to relax and watch some TV."
"dropped, fire","Yo, have you peeped the new track that just dropped? It's fire!","Hey, did you see the new song that just dropped?"
dashed,"Yo, I just dashed through my homework and I’m totally drained rn.","Hey, I just finished my homework and I'm really tired now."
vibe,"That movie last night was a vibe, fr fr.",I really enjoyed that movie last night.
tryna,"I'm just tryna chill out after a long day, fr.",I'm just trying to relax after a long day.
peeped,"Yo, I peeped your fresh cut yesterday!","Hey, I saw your new haircut yesterday!"
"drained, chill, fr","I'm totally drained today and just wanna chill at home, fr.",I'm just really tired today and all I want to do is relax at home.
"drained, vibe","I'm so drained today, might just vibe solo and stay in.","I'm really tired today, so I think I'm just going to chill at home."
fr,"Yo, I spotted her at the mall yesterday, fr fr.","Hey, I saw her at the mall yesterday."
vibing,"Yo, are we still vibing later?","Hey, are we still meeting up later?"
"finna, munch",I'm just finna get some munch before peacing to class.,I'm just going to grab some food before heading to class.
drained,"I'm totally drained today, so I'm just gonna chill at home and nap.","I'm just really tired today, so I think I'll stay home and rest."
squad,I'm super bored today and just wanna squad up with my friends.,I'm really bored today and just want to hang out with my friends.
hyped,"Yo, I'm mad hyped for the concert this weekend! 🔥","Hey, I'm really excited for the concert this weekend!"
"clicked, crew",Just peeped my homework done and about to click up with the crew.,I just finished my homework and I'm about to hang out with my friends.
lowkey,"I'm mad tired today, lowkey just gonna chill at home.","I'm feeling really tired today, I think I'll just stay at home."
"snag, slide","Gonna snag some grub then slide to class, fr fr.",I'm just going to grab some food and then head to class.
"chillin, fr","Just dipped back from chillin' with my crew at the park, fr fr.",I just got back from hanging out with my friends at the park.
finna,"I'm finna snag some coffee after shift, fr.",I'm going to grab some coffee after work.
chill,I'm just gonna chill with my squad before the flick drops.,I'm just going to hang out with my friends before the movie starts.
dead (tired),"Yo, I'm dead tired today 'cause I got no sleep lol.","Hey, I'm really tired today because I didn't sleep well."
swipe,"Yo, wanna swipe for some coffee later?","Hey, do you want to go out for coffee later?"
fire,"Yo, that new track is straight fire, no cap!","Hey, I was just thinking about how cool that new song is."
hit,"Yo, wanna hit up some coffee today?","Hey, do you want to grab some coffee today?"
vibing,"I'm just vibing at home, binge-watching some flicks.","I'm just chilling at home today, watching some movies."
chill,"Yo, saw your text and I'm down to chill later, fr!","Hey, I saw your message and I want to hang out later."
wiped,I'm straight-up wiped today 'cause I didn't catch enough z's.,I'm so tired today because I didn't get enough sleep.
finna,"I'm just finna catch some coffee before I grind on my project, no cap.",I'm just going to grab some coffee before I start working on my project.
vibing,"Yo, just peeped I left my keys vibing at home lol.","Hey, I just realized I forgot my keys at home."
drained,"Just hit the mall and I'm completely drained, fr.",I just got back from shopping and I'm really tired.
flick,"Yo, did you catch the new flick recently?","Hey, did you see the new movie lately?"
chill,"Yo, you free this weekend to chill?","Hey, are you free this weekend to hang out?"
vibin',"I'm just vibin' at home, takin' it easy after a hectic day.",I'm just chilling at home and relaxing after a busy day.
"finna, java (in this context, ""java"" is a common misspelling or shortening of ""coffee"", but in the given sentence it does not function as slang)",I'm just finna snag some java before I dip.,I'm just going to grab some coffee before I head out.
"drained, grindin'","I'm totally drained after grindin' all day, no cap.",I'm really tired after doing so much work today.
wiped,I'm totally wiped after vibing all day.,I'm really tired after walking all day.
vibin',"I was just vibin' with my crew at the cafe, fr fr.",I was just hanging out with my friends at the cafe.
stacked,"Yo, just hit the store and stacked up on snacks, fr fr!","Hey, I just got back from the store and grabbed some snacks."
"drained, vibe","Yo, I’m mad drained today and vibing with the chill mode.",I'm just really tired today and feeling a bit lazy.
gotta friends grub,"Gonna hit up my friends for some grub, fr fr.",I'm just about to grab dinner with my friends.
dip,"Yo, wanna dip and get some ice cream later?","Hey, do you want to go out and grab some ice cream later?"
nah,"Yo, did you peep your homework yet or nah?","Hey, did you finish your homework already?"
fire,"Yo, I peeped your new fit and it's totally fire! 🔥","Hey, I saw your new outfit and it looks really nice!"
drained (from all-nighter),I'm totally drained 'cause I pulled an all-nighter.,I'm just really tired today after staying up all night.
beat,I'm totally beat after acing that long day at school.,I'm feeling really tired after a long day at school.
stroll,"Yo, wanna hit up the park for a stroll?","Hey, do you want to go for a walk to the park?"
finna,I'm just finna chill with my squad tonight.,I'm just gonna hang out with my friends tonight.
knocked out,"Yo, I just knocked out my homework and I'm dead tired rn.","Hey, I just finished my homework and I'm super tired."
hyped,I'm super hyped to vibe with my crew later.,I'm really excited to meet my friends later.
"drained, chill, binge","I'm hella drained today, just tryna chill and binge some shows.","I'm really tired today, so I just want to rest and watch some TV."
"hella, lowkey","I'm hella exhausted today, lowkey need a coffee stat.",I'm just really tired today and feel like I need a coffee.
snag,"Just gonna snag some coffee and hit up the mall, no cap.",I'm just going to grab some coffee and then go shopping.
"chillin', vibin'","Yo, just wrapped my homework, now I’m chillin’ and vibin’.","Hey, I just finished my homework and I want to relax now."
"lowkey, Z's",I'm lowkey drained 'cause I didn’t catch enough Z's last night.,I'm just really tired because I didn't get enough sleep last night.
hyped,I'm so hyped to chill with my squad today.,I'm just excited to hang out with my friends today.
drained,"I'm super drained today, barely slept last night lol.","I'm really tired today, I didn't get much sleep last night."
"drained, vibing","I'm drained today, so I'm just vibing at home and chilling.","I'm really tired today, so I'm just going to stay home and relax."
vibing,I'm just vibing to the store to grab some snacks.,I'm just heading to the grocery store to pick up some food.
"drained, chill","Hey, I'm hella drained today and just wanna chill vibe.","Hey, I'm really tired today and just want to relax."
bruh,"Bruh, I'm so drained after this full-on day, no cap.",I can't believe how tired I am after a long day.
vibing,"I'm just vibing at home tonight, no cap.",I'm just going to stay home and relax tonight.
hyped,"I'm mega hyped to chill with my squad later, fr fr!",I'm really excited to hang out with my friends later.
vibing,Just vibing with the squad at the mall today.,I'm just hanging out with friends at the mall today.
about,"Yo, I'm about to snag some coffee. You in?","Hey, I'm going to grab some coffee. Want to join me?"
vibe,I'm just gonna vibe and binge some Netflix tonight.,I'm just going to chill and watch some Netflix tonight.
chill,I'm about to chill with the squad at the park later.,I'm going to hang out with my friends at the park this afternoon.
finna,"Yo, I'm just finna hit up some coffee before I slide to school.","Hey, I'm just going to grab some coffee before heading to school."
vibing,"Yo, I’m vibing with my squad after class, fr.","Hey, I really enjoy hanging out with my friends after school."
vibing,"Yo, just knocked out my homework, now I’m vibing chill.","Hey, I just finished my homework and I'm feeling relaxed now."
kicks,"Yo, just hit the store and scored some sick kicks!","Hey, I just got back from the store and I found some really cool sneakers."
"drained (from ""I'm totally drained"")","I'm totally drained after cramming all day, no cap.",I'm really tired after all that studying today.
vibing,"I'm just vibing at home, bingeing my fave show, no cap.",I'm just chilling at home and binge-watching my favorite show.
vibing,"I'm just vibing with some shows today, no cap.",I'm just catching up on some shows today.
tap,"Yo, wanna tap in for coffee later?","Hey, do you want to grab coffee with me later?"
"finna, grub",I'm just finna get some grub and kick back at home.,I'm just going to grab some food and relax at home.
crew,I'm linking up with my crew at the coffee shop later.,I'm going to meet my friends at the coffee shop later.
lowkey,"Just wrapped my homework, and I was lowkey tryna see if you're down to chill later.",I just finished my homework and I was wondering if you want to hang out later.
stoked,"I'm stoked I finally knocked out my homework, fr fr!",I'm really happy that I finally finished my homework.
nah,"Yo, did you ace your homework yesterday or nah?","Hey, did you finish your homework last night?"
drained,"Honestly, I’m sooo drained after a whole shift at work.",I'm just really tired from a long day at work.
fire,That flick was fire tonight!,That movie was really good tonight.
"drained, vibe","I'm hella drained today, so I'm just gonna vibe at my crib.","I'm really tired today, so I think I'll just chill at home."
about,"Yo, I'm about to snag some ☕ before hitting up class.","Hey, I'm going to grab some coffee before heading to class."
vibe,"Yo, let's vibe together after school tmrw!",Let's hang out after school tomorrow.
drained,"Yo, I'm super drained today, so I'm just gonna chill at home.","I'm actually really tired today, so I think I'll just relax at home."
"drained, chill, veg","I'm sooo drained today, just tryna chill at home and veg out.","I'm really tired today, so I think I just want to stay home and relax."
imma,"I'm dead tired today, so imma just chill at home.","I'm really tired today, so I think I'll just rest at home."
vibing,"I'm just vibing with my crew at the mall, no cap.",I'm just casually hanging out with my friends at the mall.
lit,Had a lit time chillin' with my crew at the park today.,I really enjoyed hanging out with my friends at the park today.
pumped,I'm hella pumped for the new flick tonight.,I'm really excited about the new movie tonight.
"deadass, zero",I'm deadass exhausted today and had zero chill for going out.,I'm just really tired today and didn't feel like going out.
tired (slang for extremely weary),I'm mad tired today ’cause I pulled an all-nighter studying.,I'm really tired today after studying all night.
vibe,"Yo, wanna vibe and get some coffee later?","Hey, do you want to grab some coffee together later?"
hectic,"Fr, the city is posted today, so hectic!",I can't believe how busy the city is today.
"worn out, stressed, fr","I'm totally worn out today and vibing with some major stress, fr.",I'm just really tired today and feeling a bit stressed out.
fire,"Yo, that flick was straight fire!","Hey, that movie was really good!"
"chillin', flicks",I'm just chillin' and binge-watching some flicks tonight.,I'm just trying to relax and watch some movies tonight.
vibing,I'm kind of vibing with that sleepy energy today.,I'm just feeling a bit tired today.
hyped,I'm super hyped for the weekend squad hangout!,I'm really excited about the weekend plans with my friends.
vibing,"Yo, I’m just out here vibing on a walk to free my brain, no cap.",I'm just going for a walk to clear my mind.
hit,"Yo, wanna hit up lunch after classes?","Hey, do you want to grab lunch after school?"
peepin',"Yo, ya peepin' the party tonight or what?","Hey, are you coming to the party later?"
finna,I'm finna hit up the cafeteria for some chow.,I'm going to grab some food from the cafeteria.
fire,"Yo, that new game is straight fire, no cap.","Hey, I was just thinking about how cool the new game is."
"drained, hella",I'm hella drained today 'cause I binge-watched a Netflix series all night.,I'm feeling really tired today because I stayed up late watching a Netflix series.
vibing,I'm just vibing with a snack before diving into my homework mix.,I'm just going to grab a snack before I start my homework.
hyped,I'm mega hyped to hit up that new cafe downtown tomorrow!,I'm really excited to go to the new cafe downtown tomorrow.
arvo,"Yo, you got time to chill tomorrow arvo?","Hey, are you free to hang out tomorrow afternoon?"
fire,"Yo, that show was straight fire yesterday!","Wow, that concert was really fun yesterday!"
"wiped, cram","I'm completely wiped after all that cram, fr.",I'm really tired after all that studying.
"hitting, crew",I'm hitin' up the mall to chill with my crew later.,I'm going to the mall to hang out with my friends this afternoon.
vibing,I'm just vibing on my phone while waiting for my homie.,I'm just browsing my phone while waiting for my friend.
finna,"I'm just finna kick back at home and binge some Netflix tonight, no cap.",I'm just going to chill at home and watch some Netflix tonight.
hyped,I'm mad hyped for the concert tonight!,I'm just really excited about the concert tonight.
villain,"Yo, just crushed my homework, now I'm chillin' like a villain.","Hey, I just finished my homework and I'm ready to relax now."
"drained, grinding","I'm totally drained after grinding all day, so I'm just gonna chill at home.","I'm really tired after working all day, so I think I'll just relax at home."
dope,"Yo, just hit the mall and scored some dope fits!","Hey, I just got back from shopping and found some really cool clothes."
"snag, dip",I'm about to snag some eats before I dip with the crew.,I'm going to grab some food before I go out with my friends.
"about, tryna","Yo, I’m about to snag some java. You tryna peep a sip?","Hey, I’m going to grab some coffee. Do you want anything?"
bouncing,Just vibing with a coffee before I bounce to work. 🚶‍♀️☕,I'm just grabbing a coffee before heading to work.
yeet,"Yo, wanna yeet for some chow later? 🔥","Hey, do you want to go grab some food later?"
wiped,"I'm totally wiped after this mega long day, lol.",I'm really tired after this long day.
"snag, munch",Gonna snag a quick munch before I dip out.,I'm going to grab a quick snack before heading out.
snag,"Yo, I'm about to snag some brew before class kicks off.","Hey, I'm going to grab some coffee before class."
exhausted,"I'm mad exhausted today and I can't even focus, lol.",I'm just really tired today and I can't focus.
Chillin',"Fr, I’m just chillin’ at home tonight, no cap.","Yeah, I think I'm going to stay in tonight and relax."
hyped,I'm so hyped for the new flick just dropped!,I'm really excited about the new movie that just came out.
busted,I'm vibing so busted 'cause I barely slept last night.,I'm so tired because I didn't get enough sleep last night.
vibing,"Yo, I'm kinda vibing low today.","Hey, I'm feeling a bit tired today."
exhuasted,I'm mad exhausted 'cause I didn’t hit the hay till super late last night.,I'm just really tired because I stayed up late last night.
"drained, wanna",I'm totally drained rn and just wanna chill at my place.,I'm really tired right now and just want to relax at home.
fire,"Yo, your drip’s looking fire today!","Hey, I really like your outfit today!"
chill,"No cap, the weather's mad chill today!",I can't believe how nice the weather is today.
fire,"Yo, that new track you dropped earlier is fire, no cap!","Hey, I really like that new song you played earlier."
homie,"Yo, I saw my homie at the mall today.","Hey, I saw my friend at the mall today."
"wiped, hustle","I'm wiped after hustle all day, fr fr.",I'm really tired after running errands all day.
peeped,"Yo, have you peeped the new trailer for the flick?","Hey, did you see the new trailer for the movie?"
"hella, vibe",I'm hella exhausted after this whole vibe of a day.,I'm feeling really tired after this long day.
"finna, yo, slide","I'm finna grab some coffee, yo. You tryna slide?",I'm just about to go get some coffee. Want to join?
hungrier,"I'm mad hungry, let's hit up some lunch fam!","I'm really hungry, want to grab some lunch?"
lit,"Yo, did you catch the new ep of the show yesterday? It's lit!","Hey, did you watch the new episode of the show last night?"
dip,"Yo, I’ll dip soon after I finish my hw, ttyl!",I'll catch up with you later when I finish my homework.
bruh,"Bruh, I’m so drained after this crazy long school day.",I'm really tired after such a long day at school.
chillin',"Yo, just wrapped up my homework, and I'm chillin’ for the weekend!","Hey, I just finished my homework and I'm all set for the weekend."
peeped,Have you peeped your homework yet?,Did you finish your homework yet?
fire,"That new banger you played last night is fire, I’m obsessed.",I really like that new song you showed me last night.
"drained, fr","I'm so drained after this long grind at work, fr.",I'm just really tired today after the long day at work.
finna,"I'm finna peep a coffee before class, fr.",I'm going to grab a coffee before class.
dip,"Yo, just wrapped my homework and might dip to chill with my squad later.","Hey, I just finished my homework and I might go hang out with my friends later."
vibing,"I'm just vibing at the park, soaking up the sun.","I'm just hanging out at the park, enjoying the sun."
hyped,I'm super hyped for the party tonight!,I'm really excited for the party tonight!
cap,"No cap, I left my keys at home and just realized it now!",I can’t believe I forgot my keys at home.
drip,"Yo, your new drip slaps!","Hey, I really like your new haircut!"
wiped,"I'm completely wiped after a crazy long day at work, fr.",I'm just really tired today after a long day at work.
snag,"Gonna snag a latte before hitting up class, fr.",I'm going to grab a coffee before heading to class.
huge (tired),I'm huge tired 'cause I pulled an all-nighter hitting the books.,I'm really tired because I stayed up late studying.
"deadass, drained, nada",I'm deadass drained today and not tryna do nada.,I'm just feeling really tired today and don't want to do anything.
snacks,I hit up the grocery to snag some snacks.,I went to the grocery store to pick up some food.
"drained, vibe","I'm so drained today, might just chill at home and vibe.","I'm really tired today, so I might just stay in and relax."
finna,I'm finna chill with my squad at the park today.,I'm going to hang out with my friends at the park today.
"chillin', fr","I'm just chillin' at home, binge-watching my fave show, fr fr.",I'm just relaxing at home and binge-watching my favorite show.
vibe,"Bruh, I gotta vibe out and chill for a sec.",I think I need to take a break and relax for a bit.
"vibing, fr","I'm vibing with hitting the park later to chill and maybe snag some ice cream, fr.",I'm thinking about going to the park later to relax and maybe grab some ice cream.
snack,I'm just gonna pop a snack real quick before I dive into homework.,I'm just going to grab a quick snack before I start my homework.
Z's,"Hey, I'm so exhausted today 'cause I didn't catch enough Z's last night.","Hey, I'm really tired today because I didn't sleep well last night."
fr,"Just wrapped up my homework and I'm totally drained, fr.",I just finished my homework and I'm so tired.
"drained, solo","I'm so drained, just tryna vibe solo at my place today.",I'm just tired and want to chill at home today.
yeet,"I'm finna yeet some coffee before class, fr fr.",I'm just going to grab some coffee before school.
stoked,I'm hella stoked for the concert tonight!,I'm so excited for the concert tonight!
"sick, fr","Yo, I peeped a sick hoodie at the store today, fr fr.","Hey, I saw a really cool hoodie at the store today."
hyped,I'm super hyped to chill with my squad today.,I'm really excited about hanging out with my friends today.
"Chillin', vibing","Yo, I'm just chillin' at my place and vibing to some tunes.","Hey, I'm just relaxing at home and listening to some music."
drained,"Yo, just hit home from school and I'm totally drained, fr.","Hey, I just got back from school and I'm really tired."
"hit, snag",I hit up the coffee spot this morning to snag my fave latte.,I went to the coffee shop this morning to get my favorite latte.
spot,"Catch you at the coffee spot later, fr.",I'll see you at the coffee shop later.
"wiped, grindin'",I'm totally wiped after grindin’ all night on homework.,I'm feeling really tired after studying all night.
"vibing, flicks",I'm just vibing and binge-watching some flicks today.,I'm just relaxing and watching some movies today.
hyped,I'm mad hyped you pulled up to the party yesterday!,I'm really happy that you came to the party yesterday.
fam,"Yo, let’s snag some coffee later, fam.","Hey, I think we should grab some coffee later."
"drained, fr","I'm hella drained ‘cause I stayed up all night, fr fr.",I'm really tired today after staying up all night.
vibing,I'm just vibing at home rn.,I'm just relaxing at home right now.
finna,I'm finna hit the mall with my crew to snag some snacks.,I'm heading to the mall to grab some snacks with my friends.
vibing,"I'm just vibing through the day without any mess, no cap.",I'm just trying to get through the day without any drama.
wiped,"I'm so wiped after a long shift, fr fr.",I'm just feeling really tired after a long day at work.
kick,"Yo, wanna kick it after class?","Hey, do you want to hang out later after school?"
caffeine,"Yo, I’m about to hit up some caffeine before clocking in.","Hey, I’m just going to grab some coffee before work."
peeped,"Yo, just peeped that new flick everyone's buzzing about!","Hey, I just saw that new movie everyone's talking about."
vibing,Just vibing with my friends at the spot ✌️,I'm just hanging out with my friends at the café.
"copped, mad, chill","Yo, I copped a new spot that's mad chill to vibe at.","Hey, I found a new cafe that's really nice to hang out in."
dead (tired),"I'm dead tired today 'cause I barely slept, fr fr.",I'm feeling pretty tired today because I didn't get enough sleep.
vibing,"I'm vibing at home, binge-watching some shows tonight.",I'm just going to relax and watch some shows tonight.
no cap,I'm so dead today 'cause I slept like no cap last night.,I am really tired today because I didn't sleep well last night.
"pow wow, grub","Yo, you tryna pow wow and grab some grub l8r?","Hey, do you want to grab something to eat together later?"
squad,"Yo, just wrapped my homework and might chill with the squad later.","Hey, I just finished my homework and I'm thinking of hanging out with some friends later."
nada,"I'm so drained today, just wanna chill and do nada.","I'm really tired today, I just want to relax and do nothing."
vibe,I’m just tryna vibe with my squad this weekend.,I'm just trying to hang out with my friends this weekend.
hit (up),"I'm about to hit up the coffee shop, fr fr.",I'm going to grab some coffee at the café.
"chillin', vibing",I'm just chillin' at home and vibing with some Netflix tonight.,I'm just going to relax at home and watch some Netflix tonight.
"drained, hella",I'm hella drained today ‘cause I stayed up all night smh.,I'm feeling pretty tired today after staying up late last night.
fire,"That new bop you dropped on me is lowkey fire, I’m obsessed!",I really like that new song you recommended to me.
chill,"Yo, just wrapped my homework and I need a chill sesh.","Hey, I just finished my homework and I need a break."
wiped,"Just hit the mall, and I’m wiped.",I just got back from shopping and I'm exhausted.
tryna,I'm just tryna wrap up my homework before vibing with friends.,I'm just trying to finish my homework before going out with friends.
drained,"I'm totally drained after a wild long week, lol.",I'm feeling pretty tired today after a long week.
vibing,I'm just vibing in the park to chill.,I'm just taking a walk in the park to relax.
finna,I'm finna squad up for some lunch with my peeps later.,I'm going to grab some lunch with my friends this afternoon.
"chillin, link","Yo, you chillin’ tonight? Wanna link up?","Hey, are you free this evening to hang out?"
fire,"Yo, your drip is fire, love it!","Hey, I really like your new outfit!"
vibing,"Yo, I'm vibing with my homie for some coffee later, fr!",I'm going to grab some coffee with my friend later today.
vibin',I was just vibin' with my crew at the park.,I was just chilling with my friends at the park.
deadass,I'm deadass exhausted and just wanna chill at home today.,I'm really tired and just want to stay home today.
vibing,"Yo, saw u at the park yesterday, u looked vibing real hard.","Hey, I saw you at the park yesterday and you looked really happy."
"drained, wanna (chill)",I'm totally drained after a long day and just wanna chill.,I'm really tired after a long day and just want to relax.
"peeps, vibing",I hit up the park yesterday and saw a bunch of peeps vibing and having a good time.,I went to the park yesterday and saw a lot of people having fun.
gonna,"Gonna snag a coffee before clockin' in, lol.",I'm thinking of grabbing some coffee before work.
finna,Just finna get some coffee and then dip home to chill. ✌️,I'm just going to grab some coffee and then go home and relax.
vibing,I'm just vibing to chill and binge some movies tonight.,I'm just ready to relax and watch some movies tonight.
drained,"I'm so drained 'cause I spent the whole day roaming the mall, lol.",I'm really tired after walking around the mall all afternoon.
vibing,I'm just vibing with my squad tomorrow night.,I'm just going to hang out with my friends tomorrow evening.
"heckin', munchies",I'm heckin' slide to the store to grab some munchies.,I'm going to the supermarket to buy some snacks.
gonna,Gonna catch some coffee with my peep later.,I'm going to grab some coffee with my friend this afternoon.
vibing,"Yo, just wrapped my homework and I'm vibing to relax now.","Hey, I just finished my homework and I'm so ready to chill now."
dead (tired),I'm dead tired today 'cause I pulled an all-nighter last night.,I'm feeling really tired today because I stayed up late last night.
deets,"Yo, can you send me the deets from yesterday’s meet? Thanks fam!","Hey, could you send me the notes from yesterday’s meeting?"
"hot, chillin'","It's mad hot out today, so I’m just chillin' inside.","It's really hot outside today, so I think I'll stay indoors."
"chillin', vibing",I'm just chillin' and vibing with some TV.,I'm just going to relax and watch some TV.
"chillin', vibing",I'm just chillin’ and vibing with some shows now.,I'm just going to relax and watch some TV now.
"chillin, crib","Just chillin' at my crib, vibing with some tunes.",I'm just relaxing at home and listening to some music.
"dip, Z's","Lowkey, I gotta dip and catch some Z's soon.",I think I should probably get some sleep now.
sick,"Yo, did you peep my new phone? It's mad sick.","Hey, did you see my new phone? It's pretty cool."
sesh,"Yo, wanna hit up a dinner sesh after work?","Hey, do you want to grab dinner after work?"
hit,"Yo, wanna hit up coffee after work? ✨","Hey, do you want to go grab some coffee after work?"
"drained, lowkey","I'm hella drained today, I lowkey don't wanna step out.",I'm just feeling really tired today and don't want to go out.
