Slang,Description,Example,Context,Normal_Text
W,Shorthand for win,"Got the job today, big W!","Typically used in conversations to celebrate success, achievements, or positive outcomes","Secured the position today, marking a notable success!"
L,Shorthand for loss/losing,"I forgot my wallet at home, that’s an L.","Often used when referring to a failure or mishap, either personally or generally",The circumstance of forgetting my wallet at home is regrettable.
L+ratio,Response to a comment or action on the internet that is particularly bad.,Your tweet got 5 likes and 100 replies calling you out. L + ratio.,Popularized on social media platforms to signify that someone not only failed but also had their failure amplified through backlash.,"The tweet you posted garnered five approvals yet elicited a staggering hundred critiques, resulting in an overwhelmingly unfavorable response or ""disparity of opinion."""
Dank,excellent or of very high quality,That meme is so dank!,Commonly used in internet slang to refer to memes or humor that are edgy or particularly funny.,The meme showcases exceptional excellence.
Cheugy,Derogatory term for Millennials. Used when millennials are perceived to be excessively attempting to be trendy or stylish.,"That phrase is so cheugy, no one says that anymore.","Used to refer to things that were once popular but are now considered passé, usually in a millennial vs. Gen Z context.","The employed expression seems dated and devoid of contemporary appeal, potentially due to its dwindling usage in modern discourse."
TFW, That feeling when,TFW you finish a big project and can finally relax,"Often paired with an image or caption to convey an emotion or experience, mostly used in memes.","Upon accomplishing a noteworthy endeavor, there emerges an ineffable sense of respite - akin to that experienced upon triumphantly overcoming a considerable challenge."
Woke, being politically aware,He’s really woke about climate change.,"Originally used in activist circles, it has since been co-opted and sometimes used sarcastically.",He demonstrates an acute political consciousness with regard to climate change matters.
Bop,An excellent song or album.,This new track is a total bop!,"Commonly used in reference to music, especially upbeat songs that are hard to resist dancing to.","The newly released track displays remarkable musical prowess, making it a noteworthy addition to one's playlist."
G.O.A.T, The greatest of all time,Michael Jordan is the GOAT of basketball.,Frequently used in sports but has expanded to any field where someone is considered the best.,Michael Jordan is widely acknowledged as the most exceptional basketball player in history.
Smol,"Something that is small, and in most cases exceptionally adorable.","Look at that smol puppy, it’s adorable!","Typically used when describing pets, babies, or anything tiny and endearing.",The diminutive canine's charm is undeniably endearing.
Fam,"Fam is a shorter word for family, but don't be fooled– it can be used to describe your friends or the way Millennials use ""bro"".","What’s good, fam? Long time no see!",Used in casual conversation to address close friends or acquaintances.,Greetings to everyone! It is some time since our last encounter.
Glow up,a makeover or transformation from bad to good.,She really had a glow up since high school.,"Mostly used when someone has improved their looks, style, or general confidence.","Her transformation from her high school years is indeed striking, reflecting significant enhancement in her appearance and demeanor."
Stan,Supporting something. Specifically used in some cases to the idolatry support of personalities.,I stan BTS so hard!,"Originally from an Eminem song, it refers to obsessive fans but has since been reclaimed to mean intense admiration.",I exhibit unwavering devotion towards BTS.
Ghosting,common amongst the earlier talking stages of a relationship. Ghosting someone means you start ignoring them or stop texting them back.,"We were talking for weeks, and then she just ghosted me.",Used in online dating or friendships where one party disappears with no warning.,"Over a prolonged period, our correspondence was frequent; however, without prior notice or explanation, she ceased responding to my communications and failed to initiate any further contact."
Salty,Used when someone feels jealous,He’s just salty because he lost the game,Often used in competitive environments or when someone is overly upset about a minor issue.,His feelings are characterized by a sense of bitter jealousy following his defeat in the game.
Sip tea,Gossiping (spilling the tea),I’m just here to sip tea and watch the drama unfold.,Can be used in gossip situations or when someone is staying out of a conflict but observing it.,"I find myself primarily engaged in understanding and discussing the recent occurrences, much akin to partaking in a conversation over tea."
Drip,"Another way of saying swag, drip is a term for a cool or sexy trend or style.",His drip today is on point.,Used in fashion circles to compliment someone’s style or outfit.,The gentleman's present attire exudes an undeniable air of contemporary sophistication and stylishness.
Iykyk,"Acronym for ""If you know, you know."" Used to describe inside jokes.",That hidden message in the movie was iconic. IYKYK.,Generally used to reference inside jokes or niche knowledge.,"For those privy to the discernment, the cryptic element in the cinematic presentation was notably apparent."
Rent free,To be constantly thinking or upset about something.,That song is living rent-free in my head,Commonly used for anything that someone keeps thinking about obsessively.,"That song's recurring melody consistently occupies my thoughts, causing a considerable degree of mental agitation."
Catch these hands,Used to threaten physical combat with someone,"If you keep talking like that, you’re gonna catch these hands.",Used in confrontational or playful situations when someone is threatening physical action.,"Should your conduct continue along these lines, there may be an escalation towards a physical confrontation."
Drag,"If you drag someone, you're criticizing or making fun of them",She dragged him for his terrible performance.,Often used in social media when someone is publicly called out or ridiculed.,She derisively appraised his lackluster effort in the performance.
Bussin’,Used to say something is good. Primarily used to describe food,This pizza is bussin’!,"Primarily used to compliment delicious food, but can apply to anything impressive.",The pizza exhibits remarkable quality.
Snatched,"If someone is looking snatched, they look really good, particularly their outfit",Her makeup was snatched at the event.,Often used in beauty and fashion to indicate someone looks flawless.,"Her appearance at the event was notably stylish and well-coordinated, particularly her exceptional makeup."
Cancel culture,"a form of shaming the actions or opinions of a public figure, company, or organization",People are saying he’s canceled after those comments.,"A highly debated topic where individuals are held accountable, often through social media boycotts.",The individual is currently subjected to intense scrutiny and social condemnation following his latest statements.
Ffs,For fuck sake,"FFS, why is this meeting taking so long?","Used informally, especially in text or online communication to show irritation.","Good heavens, could we not hasten the arrangement for this meeting? The ongoing delay appears to be unwarranted."
e-boy,"similar to emo or goth culture, but they use the internet to express themselves.",He’s such an e-boy with those black nails and chains.,Describes a fashion or online subculture associated with platforms like TikTok and Instagram.,"His aesthetic aligns with the emo or goth subcultures, yet he manifests this expression predominantly through contemporary digital mediums, as evidenced by his black-painted fingernails and necklaces."
e-girl,"similar to emo or goth culture, but they use the internet to express themselves.",She’s such an e-girl with her neon eyeliner and platform boots.,"Commonly associated with social media platforms like TikTok, where users embrace a specific style influenced by internet and alternative culture.","A young lady adopts a style reminiscent of the emo or goth subculture, but she self-expresses through digital mediums. Her aesthetics include neon eyeliner and platform boots. It is essential to employ respectful vernacular when characterizing her."
Big yikes,Used to describe something embarrassing.,She wore the same dress as the bride at the wedding? Big yikes.,Used in situations where something is particularly awkward or cringeworthy.,The rather awkward incident occurred when she donned a dress indistinguishable from that of the bride during the wedding ceremony.
Finna,"shortened term for saying ""I'm going to""",I’m finna head out.,"Often used in informal speech to indicate imminent action, popular in certain dialects of English.",I am on the verge of leaving.
cap,A lie or exaggeration,"He said he’s a millionaire, but that’s cap.",Frequently used in conversations to call out someone who is lying or exaggerating.,"He purportedly exaggerated his financial standing, claiming undue affluence as a millionaire."
High-key,the opposite of being low-key.,I high-key love this song.,Used to express that something is not being hidden or downplayed.,This song is emphatically appealing to me.
Simp,"Sycophancy, being overly affectionate in pursuit of a sexual relationship","He buys her gifts every day, he’s such a simp.",Typically used as a derogatory term for someone who tries too hard to impress or please someone they’re attracted to.,"The individual consistently demonstrates excessive affection through regular gift-giving and exhibits subservient behaviors, aiming to engender a romantic connection."
Camp,Something that is ironically trendy. One might consider Crocs to be of the camp aesthetic.,"That outfit is so camp, it’s amazing.","Often used in fashion, particularly in avant-garde or over-the-top styles that are playful or flamboyant.","The collection showcases an admirable fusion of irony and contemporary fashion, often associated with a camp aesthetic."
Snack, a person that you find attractive,He showed up to the party looking like a whole snack.,"A compliment used in dating or flirting contexts, implying someone is good-looking and appealing.","Upon his arrival at the party, he proved to be an undeniably captivating presence."
Take several seats,"If someone is really getting on your nerves, you might tell them to take several seats.","You’re being way too extra right now, take several seats.",Often used in arguments or when someone is being overly dramatic or intrusive.,Kindly find another location to occupy for the time being.
Sheesh,"To praise someone when they are doing something good. The one being praised is to do the ""ice in my veins"" pose popularized by Basketball player D'Angelo Russell.","Sheesh, that’s a lot of money!","Can be used in response to something impressive or unexpected, especially when exaggerated for effect.","Such a remarkable sum of money indeed, deserving of admiration, much like the composed and self-assured demeanor of D'Angelo Russell."
Hits different,Something that is better in a peculiar manner,This song hits different at night.,Often used when comparing emotional experiences or moods tied to specific circumstances.,"The song exhibits a remarkable and peculiar uniqueness that sets it apart during the night, offering an experience unlike any other."
Bet,"Yes, ok, ""it's on.""",You want to meet at 6? Bet.,Used to confirm plans or agreements in a laid-back way.,"Very well, I will certainly be there at six as previously arranged - it's a commitment I won't miss."
Periodt,Used to add emphasis to something,"That’s the best movie of all time, periodt.","Often used to add emphasis to a statement, signaling that there’s no further debate.","Indeed, without a doubt, this film stands as an undisputed pinnacle of cinematic artistry."
Finesse,Finesse means to trick or manipulate someone or a situation in order to get what you want.,He finessed his way into the VIP section.,"Typically used when someone gets what they want through charm, skill, or slyness.","Through strategic maneuvering and deft manipulation of the relevant parties, he successfully managed to gain access to the exclusive VIP area."
I’m weak,"Similar to ""I'm dead"", this is just another term to use when you find something hilarious",That joke had me weak!,"Commonly used when something makes you laugh hard, often exaggerated in digital conversations.",The humor in that jest left me quite astonished and utterly amused!
Main character,"a phrase used to describe someone who is generally well-liked and charismatic. It can also be used to describe someone when they're making a scene, but not necessarily in a bad way",She’s living her life like she’s the main character in a movie.,Often used in social media to refer to people who seem to be leading an extraordinary or dramatic life.,She conducts her life with an aura of a captivating heroine or hero.
Sis,"A shortened version of ""sister"", this term is typically used to greet a friend, no matter their gender.","Sis, you are killing it in that outfit!",Commonly used among women as a term of camaraderie or affection.,"Dear Comrade, you don our attire with great aplomb!"
Sending me,Another term to use if you find something particularly funny.,That meme is sending me!,"Used in response to something humorous or amusing, often in digital contexts.",The meme is most decidedly entertaining to my sensibilities.
Gaup,"Money, and lots of it.",I’m trying to stack up this gaup before the weekend.,"Used in casual conversation, particularly among younger people, to refer to money or making money.",My aim is to accrue a substantial amount of financial resources prior to the approaching weekend.
"This ain’t it, chief",Another way of giving disapproval for something.,"That outfit? This ain’t it, chief.","Often used in social media or casual conversation to reject an idea, style, or trend.","That ensemble appears to be unsuitable for your occasion, sir."
Extra,Someone who is out there and enjoys taking things to a new level of flamboyance.,"She brought a whole suitcase for a weekend trip, she’s so extra.",Used to describe behavior that is excessive or unnecessary.,She exhibits a pronounced flamboyance in her preparations for weekend excursions.
Clapback,Swift and witty response to an insult or critique,Her clapback to that troll was savage.,"Often used in social media to describe a sharp retort, usually in the context of online arguments.",Her sharply biting yet witty rejoinder to the critic's insult was a fitting 'clapback.'
@ me,"Pronounced ""at me."" Used on social media when someone feels attacked by a post.","I’m about to pull up, C me at the club!",Informal and often used in texting or casual conversations to refer to meeting someone.,Kindly find me upon your arrival at the club. I would appreciate it if you could direct your attention towards me there.
Asl,"Has two definitions. It can be used as a shortened version of ""as hell."" It can also be used as an acronym for age/sex/location.",It’s cold asl outside!,"Used to intensify a statement, typically in casual conversation or texts.",My interactions with individuals of Caucasian descent are not to that extent.
Bang 30s,To get in a physical altercation with someone.,He was out there bangin’ 30s all night.,"Typically used in contexts involving gangs or street culture, referring to gun violence.",He engaged in multiple vigorous disputes physically during the evening.
Based,"Originally meaning ""to be your self and not care about how others view you"", The word is now used to indicate an opinion or something that someone agrees with. It is especially common in political slang and discussions.","He doesn’t care what anyone thinks, he’s so based.","Popularized online, often in political or philosophical discussions, to praise someone for being genuine or sticking to their principles.","His self-assured stance regarding political matters is commendable, reflecting a robust conviction that warrants respect and acknowledgement. (Maintaining the sentiment of 'Based' but rephrased in formal English)"
Beat your face,To apply makeup to the face.,I’m about to beat my face for this event tonight.,Commonly used in beauty and makeup communities to refer to a skillfully applied makeup look.,I shall meticulously enhance my visage for tonight's occasion.
Big mad,Term used to describe when someone is excessively angry.,He’s big mad because we beat his team last night.,"Used to emphasize how upset someone is, often in a playful or teasing manner.",His intense anger stems from the disappointment of his team's loss last night.
Body count,"A euphemism for how many people one has had sex with. Initially referred to specifically sexual intercourse, but was expanded to include all forms of sex.",What’s your body count?,Often used in conversations about sexual experiences or romantic history.,"""Could I inquire about the number of intimate encounters you've experienced?"""
Boujee,A high-class/materialistic person.,We’re going to a boujee restaurant tonight.,Often used to describe someone or something as luxurious or exclusive.,Engaging in an elegant dining experience at a distinguished establishment is our intention for this evening.
Bussy,"""Boy Pussy,"" i.e. a man's anus.",He was joking about his bussy all night.,Usually used humorously or in LGBT+ communities as part of casual or sexual discussions.,His witticisms throughout the evening centered around a private area.
Cringe,A response to embarrassment or social awkwardness,That performance was so cringe.,"Often used to describe content, behavior, or situations that cause second-hand embarrassment.",The display was extraordinarily eliciting a strong sense of discomfort and self-consciousness.
Ded,"Used to describe something humorous to such an extent as to ""kill you.""",That joke had me ded.,Used online to express that something is so funny it “killed” you from laughter.,The humor of that joke was so potent it left me utterly breathless with laughter.
Facts,The truth,Pizza is the best food ever. Facts.,Used to emphasize agreement or that something is undeniably true.,"The indisputable truth attests to pizza being among the finest culinary offerings, a point that can be corroborated."
Glow-up,"A major improvement in one's self, usually an improvement in appearance, confidence, and style. Frequently used in a context relating to puberty.",She had a major glow-up over the summer.,Mostly used to talk about someone’s improvement in looks or self-esteem.,"During the summer, she underwent a transformative enhancement in her personal presentation, poise, and fashion sense, which can be aptly described as a significant personal improvement or 'glow-up'."
I oop,"Used to express shock, embarrassment, and or amusement.",She spilled her drink on her dress and I oop!,"Popularized by meme culture, often used humorously when something unexpected happens.",The unanticipated spillage of her drink onto her dress momentarily left me somewhat aghast!
t's giving…,Describes the vibes or connotation of something.,It’s giving 90s nostalgia with that outfit.,Often used in fashion or style discussions to refer to the overall impression or vibe something conveys.,The collection evokes a distinctly nostalgic ambiance reminiscent of the 1990s.
Lit,"Colloquially: ""Enlightened"", ""Hot"", ""Fire."" The new hotness; something remarkable, interesting, fun or amusing. Generally positive.",That party was lit!,Common in younger generations to describe a positive experience or event.,"The gathering demonstrated an exceptional level of entertainment, delight, and mirthfulness, making it notably noteworthy and pleasurable."
Mid,Short for mediocre,"That movie was mid, nothing special.","Often used when discussing entertainment, like music, movies, or games.","The film demonstrated an unexceptional quality, offering little of distinction."
Not you,Used to condemn or poke fun at someone or something.,Not you eating the last slice of pizza!,Used in a teasing or humorous way in informal conversation.,It is most certainly not you who has taken the last piece of pizza.
NPC,Someone who cannot think for themselves and/or has no or little control over their own life. Someone that is ready to agree with popular opinion unquestioningly and always believes what they are told. Gullible,"She’s acting like such an NPC, just going with the flow.",Used to describe people who seem to follow a script or act predictably without any autonomy.,"The individual appears to adhere blindly to prevalent viewpoints without exercising discernment or personal judgment, evidencing a propensity towards credulity."
OK boomer,Derogatory term directed towards Baby Boomers. Used as a response when boomers are deemed to be out of touch with younger generations,You don’t understand memes? OK boomer.,Used by younger generations to respond to outdated opinions or criticism from older people.,"Your grasp of modern internet humor, such as memes, appears somewhat deficient compared to that of the younger generation, suggesting a certain anachronism in your viewpoint."
On god,"Short for ""I swear to god."" Means that a person's statement is frank.","I’m telling you, that was the best movie I’ve ever seen, on god!",Used to emphasize that what someone is saying is absolutely true or serious. Often said in moments of intensity or when trying to convince others of your sincerity.,"Indubitably, that film I recently viewed is of such remarkable quality that it is beyond dispute among all films I have previously encountered."
Ratio,"When an internet post has a comparable number of comments/replies to ""likes"", which is usually indicative of a poor reception.","That tweet got ratio’d so bad, more people replied than liked it.","Common on Twitter, indicating that a post was unpopular or disagreed with.","The tweet elicited a higher number of comments than affirmative reactions, suggesting a less favorable response."
Rizz,One's courtship/seduction skills,"He’s got so much rizz, everyone likes him.",Mostly used in discussions about dating and flirting.,"His allure or captivating appeal is undeniably compelling, eliciting interest from numerous individuals, a testament to his remarkable 'Rizz.'"
Sksksk,Used to convey happiness/laughter,I spilled my drink sksksk.,"Often associated with VSCO girl culture, it’s used in casual, playful conversation.","I experienced a momentary lapse that resulted in the spillage of my beverage, which elicited an outburst of laughter or a broad smile from me."
Slaps,Used to refer to something (typically music) that is perceived to be good.,This new track slaps!,Mostly used when talking about music or experiences that are enjoyable and energetic.,The latest track is exceptionally well-crafted.
Sus,Short for suspect/suspicious.,Why’s he acting so sus all of a sudden?,"Became widely popular due to the game Among Us, often used to describe behavior that seems off.",His sudden actions exhibit a marked air of questionability or doubtfulness.
Slay,To do something well.,She’s slaying in that outfit tonight!,"Often used to praise someone’s appearance, performance, or confidence.",Her appearance in the ensemble tonight is truly commendable.
Tea,Gossiping (spilling the tea),"Spill the tea, I need to know what happened!",Common in social media and casual conversation when discussing secrets or gossip.,"Could you elucidate on the specifics surrounding the aforementioned occurrence, as I am intrigued to gain more insights?"
Understood the assignment,To understand what was supposed to be done; to do something well,"That outfit is fire, she really understood the assignment.","Often used to praise someone for excelling at a task, particularly when it comes to fashion or performance.","With remarkable acumen, she executed the brief impeccably, donning the ensemble with both precision and panache."
Valid,Understandable,Those sneakers are valid!,Typically used as an endorsement or to confirm something is acceptable or impressive.,The sneakers are comprehensible.
Vibe Check,To check one's personality or attitude,Vibe check: Are you good?,Often used in casual settings to gauge how someone is feeling or what the general atmosphere is.,Assessment of Current Affective Disposition - May I inquire about your emotional well-being at present moment?
Vibing,describes a generic positive feeling that someone has about something,We were just vibing to some music all night.,"Used to describe a relaxed, enjoyable state of mind or atmosphere.","Derived from the informal term 'vibing', I have rephrased the statement in formal English while preserving its positive emotional tone:"
Wig,"To do something so well as to ""make one's wig fly off.""","That performance was amazing, wig!","Popular in stan culture, especially on social media, to react to something shocking or exciting.",The performance was so exceptional that it seemed capable of causing one's most securely-affixed headdress to become airborne.
Word,"Slang for ""okay.""",Let’s meet at 7. Word,A laid-back affirmation used in casual conversations.,"Agreed, let us convene at seven."
Af,As fuck,I’m tired af after that workout.,Commonly used in digital communication to stress intensity.,"Indeed, I find myself profoundly exhausted post-exercise. (implies 'I'm Af')"
Big brain,When you have done something silly making you feel like your own brain shrinks as you regret all of your life,"He solved that puzzle in seconds, big brain moves.",Often used humorously to praise someone’s intelligence or creativity.,"His swift resolution of the puzzle, despite its complexity, served as a stark reminder of the vastness and depth of human intellect, a testament to which he unwittingly demonstrated, albeit regrettably so."
Chad,Used to describe your typical alpha male,"He’s such a Chad, always winning at everything.","Mostly used online to refer to hyper-masculine or alpha male behavior, sometimes sarcastically.",A paragon of masculinity repeatedly demonstrates triumph in diverse realms of endeavor.
Clapped,To be completely and utterly destroyed.,"That car is clapped, it’s falling apart.",Used casually to describe something as worn-out or unattractive.,"The vehicle has suffered extensive deterioration, teetering on the brink of disintegration."
Clown,People who are completely unintelligent.,I waited all day for him to text me back. I’m such a clown.,Commonly used in situations where someone feels embarrassed or tricked.,"It appears that I erred in anticipating a timely response from him regarding my communication, given his apparent lack of discernment."
Cringy,anything that’s embarrassing or try-hard,"That old tweet was so cringy, I can’t believe I posted that.",Often used to describe social faux pas or embarrassing moments.,I find it challenging to reconcile myself with the publication of a tweet that appears overtly self-aware and potentially humiliating.
fomo,Fear of missing out,I have major FOMO after seeing everyone’s vacation pics.,"Often used to describe the feeling of missing out on something exciting, especially in social media contexts.","I experience considerable apprehension due to the perception that I may be excluded from the experiences my peers are enjoying, as suggested by the visual depictions of their holidays in their photographs."
Fr,For real,You’re moving to LA? Fr?,Common in digital conversations to confirm or emphasize sincerity.,"""Is your intention genuinely to relocate to Los Angeles?"""
I can’t even,an expression commonly used when someone is feeling either so overjoyed or exasperated that they can’t even find the right words; depending on the context.,Ion even care what they think.,Often used in casual or informal conversations.,"I am utterly baffled by their sentiments, for I struggle to find the words to articulate my indifference towards them."
Ion,I don’t,"This meme is too much, I can’t even!",Popular in social media culture to express being speechless or amused.,"The excessiveness of this meme is beyond my capacity to handle. In other words, I find it impossible to cope with it."
IRL,In Real Life,Let’s meet IRL next week.,Commonly used in online spaces to differentiate between virtual and real-life interactions.,Let us arrange for a face-to-face encounter next week.
Karen,A stereotype for women who behave extremely unreasonably and childish – especially towards service staff or people of colour – and tend to invoke their racial privilege,"That woman asked to speak to the manager, total Karen move.","Widely used in social media to describe someone acting entitled or rude, typically in public situations.","The individual displayed behavior characteristic of an adult who inappropriately and demandingly asserted their racial privilege, often toward service staff or people of color, thereby exemplifying unreasonable and immature conduct; this behavior was evident when they demanded to speak with management."
Low key,Secretly,I’m low key excited about the new movie.,Used to express a feeling or action that is kept relatively quiet or understated.,I exhibit a discreet yet fervent admiration for the newest film.
Mom,It just means to admire or look up to someone so much that you jokingly want to be adopted by them or have them as your second parent,Beyoncé is such a mom.,Often used in stan culture to refer to female celebrities or figures who inspire admiration.,"One may humorously express a deep admiration towards Beyoncé, as if longing to be metaphorically adopted by her as a secondary parent figure."
Dad,It just means to admire or look up to someone so much that you jokingly want to be adopted by them or have them as your second parent,Keanu Reeves is my dad.,Used in a playful manner to express admiration for men who are respected or seen as role models.,"I hold Keanu Reeves in such high esteem that one might jokingly propose him as an admired figure, akin to a surrogate parent, whom I could aspire to emulate or seek guidance from."
NGL,Not Gonna Lie,"NGL, that was a tough workout.",Frequently used in conversations to preface honesty or a blunt opinion.,"Admittedly, I found that exercise remarkably challenging."
Pick me girl,"Pick me girls are the type of girls who claim that they are nothing like other girls, in order to get attention from guys (also see ‘simping’ below). It’s a derogatory term.","She’s such a pick me girl, always saying she’s not like other girls.",Often used in a critical way to call out behavior aimed at seeking validation.,"The individual in question consistently emphasizes her perceived uniqueness among women, demonstrating traits often associated with the pejorative term ""self-proclaimed exceptional woman."""
Boomer,"Short for ‘baby boomer’, referring to older folks born 1946 to 1964 – but mostly used to clap back at pretty much anyone who’s older and not so in-the-know.","My boss is such a boomer, doesn’t even know how to use Zoom.",Often used humorously or critically to highlight generational differences.,"The supervisor's unfamiliarity with the modern videoconferencing platform, Zoom, seems to reflect an outdated proficiency level, suggesting a certain detachment from contemporary digital practices."
Sleeping on,"When you ""sleep on"" something, you overlook or underestimate it","You’re sleeping on this new album, it’s so good.",Often used to draw attention to something underrated.,"Overlooking its considerable merit, this new album may be undervalued due to its exceptionally high standard of quality."
Shade,Diss. Also: throwing shade; being shady.,She was throwing shade at my outfit.,"Commonly used in discussions of gossip or social conflict, particularly when the insult is indirect.",She subtly expressed disdain or contempt for my attire.
Shook,Surprised or shocked.,I was shook when I found out the news.,Often used to describe being emotionally or mentally impacted by something unexpected.,I was significantly startled by the revelation.
Smh,"Shake my head’. Another one for texting, smh usually signifies exasperation",You forgot your homework again? Smh.,Common in texting or social media to signal mild frustration or disappointment.,The oversight of your homework once more is profoundly disappointing.
TBH,short for “to be honest” and is usually used when making a comment or a joke (best to stick to texts with this one too).,"TBH, I didn’t enjoy the party last night.",Often used to preface a blunt opinion or honest confession.,"In all honesty, the gathering last evening did not provide me with pleasure."
Thirsty,"Stands for desperate, usually for attention","He’s been texting me nonstop, he’s so thirsty.",Often used to describe behavior that appears desperate for attention or validation.,"His persistently frequent messages suggest a marked eagerness, indicative of a strong desire for acknowledgement or attention."
Thirst trap,"a social media post intended to, uh, entice viewers and get attention.",She posted a total thirst trap on Instagram.,"Common in social media, where people post images to garner likes or comments based on physical appearance.",The image she posted to Instagram was undeniably intended to provoke viewer interest.
Yas,A very enthusiastic and celebratory way of saying yes!,Yas queen! You’re slaying that outfit!,"Popular in LGBTQ+ and online cultures to express excitement, approval, or support.","Indeed, your coordination of ensembles is most commendable! (Informal equivalent: Yas, your outfits are on point!)"
Yeet,The Gen Z version of YOLO (you only live once). Usually exclaimed (pretty loudly) when doing something risky or throwing an item very hard (most of the time for absolutely no reason at all and with absolutely no aim).,He yeeted the ball across the yard.,"Often used in a playful, exaggerated manner, especially in meme culture.","With an air of spontaneity akin to seizing the day, he unceremoniously hurled the ball across the yard, the action demonstrating a reckless or impulsive disregard for purpose or caution."
ick,used to express disgust at something unpleasant or offensive.,"He talks with his mouth full, that gave me the ick.",Frequently used in dating scenarios to describe a moment that turns someone off.,"I find his manner of speaking, particularly when there is food in his mouth, distinctly unappealing."
naur,"means no or know. It functions as a more dramatic way of saying ""no"" or ""know,"" and sounds like ""no"" with an Australian accent. ","Naur, why did you do that?","Often used humorously in memes or texts, exaggerating the word for comedic effect.",Why on earth did you fail to execute that task?
Say less,"A shortened version of ""say no more.""","Want to grab dinner? Say less, I’m there.",Used to quickly agree with a suggestion or plan.,Suggesting a joint dinner? Consider it confirmed; I shall be present.
Unserious," a more fun way of saying something or someone is ridiculous, or that it can't be taken seriously.",You’re being so unserious about this important issue.,Used to point out lack of gravity or responsibility in someone’s actions.,Your approach to this substantial issue appears somewhat playful or insufficiently earnest.
Gagged,"To be “gagged” is to be shocked, amazed, et cetera.",I was gagged when I saw her outfit!,Frequently used in drag and LGBTQ+ culture to express astonishment or awe.,Stunned was I by her unconventional attire!
Ate,"If you “ate” something, it means you executed it extremely well. ","She ate that performance, no crumbs left.","Popular in stan culture, especially in discussions about performances, fashion, or style.","She performed it to an exemplary degree, leaving no room for improvement."
Poggers,an expression that conveys excitement,You won the game? Poggers!,Popular in gaming and streaming culture to celebrate exciting moments.,Bravo! Your triumph in the contest is truly commendable.
Heather,"any lovely person who seems like they’re the main character, evoking as much admiration as jealousy","She’s such a Heather, everyone loves her.",Used to describe someone who is effortlessly perfect and adored by others.,She exudes an enchanting allure that stirs admiration and envy within those in her vicinity.
Wth,What the hell,You like pizza? I’m with it.,Often used to quickly express agreement or solidarity in casual conversation.,"I find it hard to comprehend, given our understanding, why on earth one would not appreciate pizza."
Flex,"Used to describe someone showing off, gloating, or parading around.",He’s flexing his new car all over social media.,"Common in contexts where someone is showing off something impressive, often in a boastful way.",He ostentatiously displays his latest automobile acquisition across multiple social media platforms.
Gucci,"term born out of the popularity of the high-end fashion brand. These days, it means that something is good ","Everything is Gucci, don’t worry.",Used casually to express that things are going well or to describe something stylish.,The situation is entirely satisfactory; there exists no reason for concern - quite 'Gucci'.
Hot girl summer,"Hands down one of the biggest slang terms to hit pop culture in the summer of 2019, hot girl summer is about women having a good time and being unapologetic about who they are",I’m ready for hot girl summer this year!,"Popularized by Megan Thee Stallion, it’s used to promote independence and fun.","Anticipating a summer filled with exuberance and unwavering self-confidence, embracing one's authenticity without reservation."
Sturdy,"used to describe someone's dance moves. It's usually used in the phrase ""get sturdy"", which means that someone is performing a specific type of dance in which they move their legs, spin, and hop.",He’s so sturdy on the dance floor!,"Commonly used in urban slang to describe confidence and strength, especially in physical performance.","With remarkable finesse, he executes complex leg movements, spins, and hops on the dance floor, demonstrating a commendable mastery of his art."
Skill issue,used to blame someone for their own loss.,You can’t beat the level? Sounds like a skill issue.,Frequently used in gaming communities to tease someone for struggling.,"It appears that you are struggling to progress beyond the current level, which might suggest an insufficiency in necessary skills or training."
TNTL,Trying not to laugh,That meme is TNTL-worthy!,"Often used in humorous contexts to signal a challenge not to laugh, commonly seen in social media videos.",The humor within the presented meme proves nearly irresistible in containing one's amusement.
G2G,Got to go,"Sorry, G2G! Talk later!",Frequently used in text messaging or online chats to quickly exit a conversation.,"I regret to inform you that I must take my leave immediately, yet rest assured we can reconvene for our discussion at a more convenient time."
YNK,You never know,"I might move abroad one day, YNK.",Commonly used in conversations about future possibilities or unknown outcomes.,"The possibility of relocation overseas exists, yet the specifics of what lies ahead remain uncertain."
CSL,Can’t stop laughing,"That joke was hilarious, CSL!",Common in texting or online conversations to emphasize uncontrollable laughter.,"The jest proved exceedingly amusing, prompting an unbridled fit of laughter."
GMTA,Great minds think alike,You bought the same shoes as me? GMTA!,Typically used in friendly conversations to acknowledge a shared thought or action.,"Remarkably coincidental, it seems our fashion choices align regarding those shoes; a testament to shared sensibilities."
IMO,In my opinion,"IMO, that movie wasn’t that great.","Used to soften a statement, making it clear that it’s subjective.","In my considered opinion, the film was not particularly outstanding."
IMOH,In my humble opinion,"IMOH, this is the best pizza place in town.",Commonly used in online discussions to share a polite or humble opinion.,"In my considered view, this restaurant offers the finest pizza in our town."
JK,Just kidding,"You’re fired! JK, I could never fire you.",Frequently used in casual conversations or texts to clarify humor.,"For the sake of clarity, I should clarify that my previous statement was made lightheartedly and not intended to be taken seriously."
Bae,"Short for “baby."" Often a pet name for a crush or significant other.  ",I’m spending the weekend with my bae.,Often used to refer to a romantic partner or someone you deeply care about.,Delighted to be spending the weekend with my beloved companion.
SSDD,"Some stuff, different day",How’s it going? SSDD.,Commonly used in conversations to express boredom or lack of excitement.,"Day after day, the situation remains much the same."
WYWH,Wish you were here,"The beach is amazing, WYWH!",Often sent from vacation spots or during fun events.,"Dear Recipient,"
Benching,"Just like in sports, benching someone in dating means putting them to the side to date other people.",I think he’s benching me—he texts but never makes plans.,Often used in modern dating to describe a lack of serious intent.,"His actions indicate that he is keeping our connection at arm's length, frequently engaging in conversation yet seldom arranging encounters or formalized dates."
Breadcumbing,When someone leads you on by flirting and making you feel special but without any intention to actually commit to a relationship.,"She’s breadcrumbing him, always texting but never wanting to meet.",Describes inconsistent romantic or flirtatious communication.,"Her conduct implies a flirtatious approach yet lacks signs of a genuine commitment to a relationship, as demonstrated by her consistent texting without showing a willingness for face-to-face encounters."
Cuffing,"""Cuffing"" simply means to get into a relationship.","Everyone’s cuffing this fall, it’s relationship season.",Often refers to the “cuffing season” when people seek partners to get through the winter.,Individuals seem to be increasingly drawn towards establishing romantic unions during the autumn season.
DTR,Define the relationship,"We need to DTR soon, I need to know where we stand.",Used in dating to clarify whether a relationship is serious or casual.,"It is essential that we establish the nature of our relationship at this juncture, given my need for a clear understanding of our mutual position."
Gaslighting,"refers to a form of psychological manipulation in which a significant other makes you feel crazy or wrong, even when unjustified","He keeps telling me I’m overreacting, but I think he’s gaslighting me.",Often used to describe psychological manipulation in relationships or discussions.,"He persistently asserts that my reactions are unduly dramatic, yet I suspect he is employing the tactic of psychological manipulation known as gaslighting, where he intentionally causes me to doubt my own perceptions and judgement without providing a legitimate basis for such accusations."
ILY,I love you,"Goodnight, ILY!",Frequently used in texting to express affection quickly.,"Goodnight, my affections and love are with you."
Pink flags,"Based on the idea of red flags, pink flags are on step down. They aren’t huge warning signals that something is wrong, but they can hint that this relationship isn’t super healthy","She’s always late—kind of a pink flag, but not a dealbreaker.","Used to describe subtle warning signs in relationships, but not as serious as red flags.","The recurrent tardiness exhibited by her could potentially indicate a potential issue or subtle warning (a 'pink flag') in the relationship, yet it does not necessarily warrant an immediate termination of the bond."
Smash,means to have casual sex,"They hooked up last night, definitely a smash.",Often used in casual conversations about intimate encounters.,Engaged in an unofficial act of passionate intercourse last night.
Situationship,Describes two people who are not officially dating but who have feelings for each other,"We’ve been hanging out a lot, but it’s just a situationship.","Used to describe unclear or undefined relationships, where it’s not official but there are feelings involved.","The nature of our association is unofficial, although we exhibit signs of emotional attachment, given our consistent shared time."
Zaddy,"Refers to an attractive, well-dressed man. Often, it’s an older man","Look at him in that suit, total zaddy vibes.","Typically used to describe a stylish, mature man with swagger.","He exudes an alluring and impeccably groomed air, characteristic of an attractive and gracefully attired gentleman of distinction, in that tailored ensemble."
Zombie-ing,"This happens after someone ghosts you, and then decides to start talking to you again like nothing ever happened.","He ghosted me months ago, and now he’s zombie-ing by texting me again.",Often used in modern dating to describe inconsistent behavior.,"His interaction with me had ceased for an extended period, only to resume abruptly, with no mention or recognition of the prior lapse in our dialogue."
AFK,Away From Keyboard,"I’ll be AFK for 10 minutes, need to take a break.",Used in online gaming or chats to signal that you’re stepping away.,I shall momentarily absent myself from my keyboard for a short respite of ten minutes.
ASAP,As Soon As Possible,I need that report ASAP!,Commonly used in professional and casual contexts to indicate urgency.,The report is required at the earliest opportunity.
ATK,At The Keyboard,"I’m ATK, ready for the meeting.",Mostly used in online communities to signal availability.,"Prepared for the meeting, I shall be stationed at my computer keyboard."
ATM,At The Moment,"I’m busy atm, can we talk later?",Commonly used in texting and online chats to describe current activity.,I find myself currently indisposed. Would scheduling our conversation for a future occasion be suitable?
A3,"Anytime, Anywhere, Anyplace","Let’s meet up, I’m A3.",Used to express flexibility or enthusiasm.,"I am readily available for a meeting at your convenience, be it day or night, and in any setting you prefer."
BAK,Back At Keyboard,"I’m BAK, what did I miss?",Often used in online gaming or work settings.,"Upon your return to the keyboard, I inquire about any significant updates or advancements that have transpired during my absence."
BBL,Be Back Later,"I’m stepping out, BBL.",Common in texting and online conversations when someone needs to leave temporarily.,"I shall temporarily absent myself, to return at a later juncture."
BBS,Be Back Soon,"Grabbing a snack, BBS.",Used for brief absences in conversations.,"I shall momentarily absent myself for a brief repast, and I shall promptly resume my activities upon my return."
BFN,Bye For Now,"Got to run, BFN!",Often used when ending a conversation with the expectation of reconnecting later.,"Until our next encounter, I bid you a tentative adieu."
B4N,Bye For Now,That troll got a BAN from the server.,Common in online communities to remove disruptive individuals.,"The indivdual has been temporarily withdrawn from the server, with the intention of future possible return."
BRB,Be Right Back,"Need to grab my phone, BRB.”",Used in texting or online chats for short breaks.,"I shall momentarily step away to attend to my telephone; rest assured, I shall return shortly."
BRT,Be Right There,"Just parking, BRT!",Commonly used to communicate proximity in physical meetups or digital collaborations.,"My arrival is imminent, I shall promptly unite with you."
BTW,By The Way,"BTW, I’ll be late to the party.",Common in both casual and professional conversations to introduce new information.,"I must convey that I regret any potential disruption, however, I shall arrive later than anticipated at the gathering. (By The Way)"
B4,Before,I need to finish this B4 I go out.,Frequently used in texts and informal writing to save time.,The task must be accomplished prior to any leisure activities.
B4N,Bye For Now,"Heading out, B4N!",Used in casual texting conversations.,Farewell for the present moment; I look forward to our future encounter.
CU,See You,"It was fun hanging out, CU later!",Frequently used in online chats or texts as a casual farewell.,Our shared moments were truly delightful. I eagerly anticipate our future encounter.
CUL8R,See You Later,"Got to go, CUL8R!",Common in texting or online messaging.,"Farewell for now, our paths will cross anew in the near future."
CYA,See You,CYA tomorrow!,Frequently used in informal conversations.,"My apologies for any inconvenience, but allow me to clarify that I shall be making myself available for your presence tomorrow. (CYA-inspired formal English)"
FAQ,Frequently Asked Questions,Check the FAQ before you ask questions.,Used in customer service or informational contexts to provide answers to common queries.,Kindly peruse our Frequently Inquired-About Answers prior to posing queries.
FC,Fingers Crossed,"I applied for the job, FC!",Commonly used in texting to wish for a positive outcome.,Here's a possible refinement of the sentence that retains the emotional tone of the original slang term 'FC' while maintaining formal English:
FWIW,For What It's Worth,"FWIW, I think you should go for it.",Often used to share advice or opinions that may be helpful but aren’t guaranteed to be important.,"For your consideration, you may wish to move forward with the undertaking, as I see it."
FYI,For Your Information,"FYI, the meeting has been moved to 3 PM.",Common in professional and casual communication to relay updates or reminders.,Kindly be informed that the planned meeting has been rescheduled to commence at 3 PM.
GAL,Get A Life,You’re still talking about that? GAL!,Often used in a dismissive or sarcastic tone.,"Consider directing your attention towards more constructive pursuits, as this ongoing discussion appears to be a repetitive distraction from them."
GG,Good Game,"That was a tough match, GG!",Frequently used in gaming culture to acknowledge a well-played game.,Your performance was commendable amidst challenging circumstances. Kudos!
GN,Good Night,"It’s late, GN!",Commonly used in texting or online chats when saying goodbye before bed.,"With the night advancing, may it bring you peaceful rest, farewell."
GMTA,Great Minds Think Alike,We ordered the same thing! GMTA.,Used to acknowledge when people share the same perspective or thought.,"Remarkably, our selections on the menu aligned most fortuitously, indicative of kindred intellects at work."
GR8,Great!,That party was GR8!,Frequently used in texting to express enthusiasm or satisfaction.,The soiree was eminently gratifying!
G9,Genius,"I’m signing off, G9!","Similar to “GN,” used in casual text conversations.",Your intellect is truly exceptional. I find it necessary to conclude our dialogue at this juncture.
IC,I See,"IC, that makes sense now.",Common in online chats or texts to indicate comprehension.,The circumstances have become evident to me.
ICQ,I Seek you (also a chat program),Keep this number ICO any emergencies,Often used in formal or practical contexts for preparedness.,Kindly maintain this contact detail available for immediate communication in critical scenarios.
ILU,ILU: I Love You,"You mean so much to me, ILU!",Common in texting between close friends or partners.,"Your presence holds a significant space within my heart, evoking sentiments of deep affection and admiration - akin to love."
IMHO,In My Honest/Humble Opinion,"IMHO, the sequel was better than the original.","Used to share an opinion with an added layer of humility, often used in discussions.","In all honesty, I find the sequel to surpass the original."
IMO,In My Opinion,"IMO, that’s the best coffee shop in town.","Used to express a personal opinion, often casually.","That shop appears to be the most outstanding coffee establishment within the town, according to my personal judgment."
IOW,In Other Words,"IOW, we need to finish the project by Friday.",A way to rephrase or clarify a statement in simpler terms.,"To express the intended meaning more concisely while maintaining formality and a similar emotional tone, here's an alternative version of the sentence using formal English:"
IRL,In Real Life,We finally met IRL after months of online chatting.,Used to differentiate between online or virtual interactions and face-to-face encounters.,"Following several months of virtual interaction, we ultimately convened an in-person encounter."
KISS,"Keep It Simple, Stupid",Let’s just KISS this idea and avoid overcomplicating it.,A reminder to keep things simple and straightforward.,Streamline this notion to eliminate unessential intricacy.
LDR,Long Distance Relationship,We’ve been in an LDR for two years now.,Refers to a romantic relationship where the partners are geographically far apart.,"For the previous two years, our relationship has spanned geographical distances."
LMAO,Laugh My A.. Off,That meme had me LMAO!,Used in online conversations to express loud laughter.,The humor in that meme left me utterly and uproariously laughing.
LOL,Laughing Out Loud,"I just spilled coffee all over my desk, LOL.","A common expression of amusement, often used lightly.",The unexpected spillage of coffee onto my desk by myself elicits a hearty chuckle from me.
LTNS,Long Time No See,LTNS! How have you been?,A casual way to greet someone you haven’t seen in a while.,It is a significant interval since our last encounter. I trust that all has been well with you in the interim.
L8R,Later,"Gotta run, see you L8R!",A shorthand way of saying “later” in informal texts or conversations.,"I shall take my departure immediately, yet rest assured that our encounter will transpire in due course."
MTE,My Thoughts Exactly,That was so unnecessary! MTE.,Used to express agreement with someone else’s statement.,I wholeheartedly concur with your assessment that such an action was entirely superfluous.
M8,Mate,"How’s it going, M8?","A casual way to refer to a friend, commonly used in British slang.","Dear Sir/Madam,"
NRN,No Reply Necessary,"I texted him last night, but I got NR.",Used when someone doesn’t respond to a message or communication.,His silence on the matter indicates understanding or agreement.
OIC,Oh I See,"OIC, that makes sense now.",A quick way to indicate understanding in a conversation.,"Indeed, the clarity of the statement is now apparent."
PITA,Pain In The Ass,Dealing with this paperwork is such a PITA.,Used to describe something annoying or frustrating.,"Navigating this paperwork proves to be an arduous and exasperating endeavor, akin to dealing with an unyielding nuisance."
PRT,Party,Are you going to the PRT tonight?,A shorthand way to refer to a party in casual conversations.,Shall we engage in social festivities this evening?
PRW,Parents Are Watching,"I can’t talk right now, PRW.",Used to warn someone that their parents are nearby and to avoid certain conversations.,"I regret to inform you that at present, I am unable to engage in conversation due to parental supervision."
QPSA?,Que Pasa?,"For more info, check QPSA7 in the FAQ.",Refers to directing someone to a specific answer in a FAQ or help section.,"Inquiry regarding further details? Kindly refer to FAQ section, specifically entry number 7 labeled as 'Que Pasa'."
ROFL,Rolling On The Floor Laughing,That video had me ROFL!,Used to express extreme amusement or laughter.,That video elicited such uproarious laughter that it caused an almost physical reaction akin to rolling on the floor.
ROFLOL,Rolling On The Floor Laughing Out Loud,"I tripped and spilled my drink, ROFLOL!","An exaggerated version of “ROFL,” combining both phrases to emphasize laughter.","My unintentional trip resulted in a dramatic outburst of laughter from me, akin to one rolling on the floor in mirthful amusement."
ROTFLMAO,Rolling On The Floor Laughing My Ass Off,"The prank was so funny, I was ROFLMAO.",A combination of “ROFL” and “LMAO” to show intense laughter.,"The jest was so uproariously funny that I found myself in a fit of hearty laughter, nearly rolling with unrestrained mirth."
SK8,Skate,Let’s go Sk8 at the park this weekend.,"A shorthand way of saying “skate,” used in skateboarding or rollerblading circles.",Let us engage in the invigorating art of skateboarding at the park this weekend.
STATS,Your sex and age,I need those sales STATS by the end of the day.,A quick way to request statistics or data.,"Kindly furnish, by close of today's proceedings, a detailed account of sales, including the quantity sold and the relevant timestamps, pertaining to the demographic data of our clientele."
ASL,"Age, Sex, Location",What’s your ASL?,"Often used in online chats to get to know someone’s basic information, though less common today.","Would you be so kind to disclose your age, identity, and present whereabouts to me?"
THX,Thank You,THX for helping me out!,A quick way to say “thanks” in casual conversations or texts.,I am most grateful for your assistance.
TTFN,Ta-Ta For Now!,"I’m heading out, TTFN!",A playful way of saying goodbye temporarily.,"Until our next encounter, farewell for the present moment. I am taking my leave."
TTYL,Talk To You Later,"I’ve got to go, TTYL!",Commonly used to end a conversation with the promise of continuing later.,"With my warmest regards, I must take my leave at present. Rest assured, our communication shall resume shortly."
U,You,How are U doing today?,"A shorthand way to say “you,” frequently used in casual texting.","""What is your present condition, sir/madam?"""
U2,You Too,Have a great day! U2!,A shorthand reply meaning “you too.”,I trust you will have an equally delightful day; may yours also be filled with joy and contentment.
U4E,Yours For Ever,"I’ll always be there for you, U4E.",Often used in romantic or deep friendship contexts to express long-lasting loyalty.,I am perpetually available to you; Yours Unfailingly.
WB,Welcome Back,WB! How was your trip?,Used to greet someone who has returned after being away.,"Dearest Returnee, we are elated to extend a warm reception upon your return. We sincerely hope that your travels were filled with delightful experiences. Could you enlighten us on the highlights of your journey?"
WTF,What The Fuck,WTF happened here?,"Used to express shock, confusion, or disbelief, often in a strong or informal tone.",This situation appears to be far from what was anticipated.
WTG,Way To Go!,You aced the exam? WTG!,A phrase used to congratulate or praise someone for their achievement or success. Commonly used in informal settings to show approval.,Bravo! Your performance in the examination was commendable.
WUF,Where Are You From?,WUF? You sound like you’re from the UK.,A casual way to ask someone where they’re from.,"""Pardon me for inquiring, but might I venture to inquire about your place of origin? Your accent suggests it could be Britain."""
7K,Sick:-D Laugher,That move was 7K!,A play on the word “sick” to describe something cool or impressive.,"The maneuver was nothing short of remarkable, indeed."
TFW , That feeling when. TFW internet slang often goes in a caption to an image.,TFW you finish a tough project and can finally relax.,"Used to describe a relatable feeling or moment, often paired with an image or meme.","Upon completing an arduous undertaking, one cannot help but experience a sense of serenity that follows."
MFW , My face when,MRW I see the weather forecast for the weekend.,"Used to describe how someone reacts in a specific situation, often seen in memes or social media posts.","Upon perusing the weekend's weather forecast, an expression of contemplation evidently graced my visage."
MRW , My reaction when,MFW someone eats my leftovers without asking.,"Similar to MRW, used to describe someone’s facial reaction to an event or situation.",Encountering unexplored food remnants elicits a reaction of mine that warrants inquiry.
IFYP , I feel your pain,"It’s been a long week. IFY, man.",Used to show empathy or understanding of someone’s situation.,"I acknowledge the strain you've experienced over the past week, and share in your sentiments to a considerable extent."
LOL , Laughing out loud,"She just tripped over her own feet, LOL.","A lighthearted way to express laughter, frequently used in texts or social media.","Upon stumbling over her own feet, she emitted a hearty laughter, much akin to the vernacular expression ""LOL."""
TNTL , Trying not to laugh,"This video is hilarious, but TNTL!",Often used in funny challenges or posts where viewers are encouraged not to laugh.,"Despite the video's considerable humor, I struggle to maintain a serious demeanor."
JK , Just kidding,You’re in trouble…JK!,Clarifies that a previous statement was a joke or not meant to be taken seriously.,You were only teasing; there is no cause for concern.
IDC , I don't care,"You can pick the movie, IDC.",Used to indicate indifference or lack of preference in a casual conversation.,Your selection of the movie is entirely at your discretion; my opinion holds no significance in this matter.
ILY , I love you,"Goodnight, ILY!","A common way to express love or affection, often used in close relationships.","Good evening, my sentiments towards you are profoundly affectionate."
IMU , I miss you,"Haven’t seen you in a while, MU!",A casual expression used to tell someone you miss them.,"I deeply yearn for the resumption of our encounters, as my absence from your company has left me feeling a profound sense of loss."
ADIH , Another day in hell,"Work was brutal today, ADIH.",Used to express frustration or exhaustion after a difficult day.,"Today, I find myself compelled to acknowledge that the task at hand has proven unusually onerous."
IDC , I don't care,IDC what we eat for dinner.,Used to express apathy or lack of concern for a decision or outcome.,"Regardless of the choice for our evening meal, it holds little significance to me."
ZZZ ," Sleeping, bored, tired","I’m exhausted, time for bed. ZZZ.","Represents sleep or tiredness, often used in informal conversations to say someone is going to sleep.",My energy levels have significantly dwindled; it appears a restful night's sleep is imminently necessary.
WYWH , Wish you were here,"This beach is so beautiful, WYWH!",Often used when someone is at a fun or scenic location and wishes someone else was with them.,"My esteemed acquaintance, I am profoundly appreciating the breathtaking allure of this coastal paradise. I deeply lament that you are not present to savor it alongside me. [In a more literary context: Enthralled by the enchanting majesty of this shoreline, I regret most sincerely that you are absent from sharing in my experience.]"
TIME , Tears in my eyes,"That movie was so emotional, I have TIME right now.",Used to express when something is so touching or emotional that it brings tears to your eyes.,"The film's emotive power left me visibly moved, causing a poignant welling of tears."
BAE , Before anyone else,Spending the day with BAE at the beach.,"Used to refer to someone very special, often a romantic partner, who comes before anyone else.","Devoting the day exclusively to my companion at the seashore, before any other engagement or consideration arises."
FIMH , Forever in my heart,"Even though you’re far away, you’re FIMH.",Used to express deep emotional connection or love for someone who will always have a place in your heart.,"Despite our physical distance, you remain indelibly etched in the recesses of my mind and heart."
BSAAW , Big smile and a wink,"You did great today, BSAAW!",Often used to send a playful or friendly message with a smile and a wink.,"Remarkable accomplishment today, accomplished with an air of confidence and a hint of mischief."
BWL , Bursting with laughter,That stand-up comedy had me BWL!,Used when something is so funny that it makes you laugh uncontrollably.,The stand-up comedy induced an outpouring of hearty amusement within me.
LMAO , Laughing my ass off,That joke had me LMAO all day!,A very casual and exaggerated way to express intense laughter.,"The jest prompted unceasing, uproarious laughter from me throughout the entire day."
BFF, Best friends forever,Can’t wait to hang out with my BFF this weekend!,"Refers to someone who is a very close friend, often with the promise of lifelong friendship.",Anticipating our enduring friendship will be celebrated this upcoming weekend with my closest confidante.
CSL , Can't stop laughing,"That video was so funny, I’m CSL!",Used when something is so hilarious that you literally cannot stop laughing.,"The video's humor proved utterly irresistible, prompting an incessant fit of laughter."
?,I don’t understand what you mean,You said what? ?,A quick way to ask for clarification when someone doesn’t understand something.,I'm unfamiliar with your statement; could you please reiterate or explain further?
?4U,I have a question for you,"Hey, ?4U: Do you know what time the meeting is?",Used to indicate that you have a question for someone in a casual way.,Might I humbly request an enquiry regarding the arranged time for our meeting?
;S,GeHmm? What did you say?,"Sorry, ;S, can you repeat that?",A way to express confusion or request someone to clarify or repeat what they just said.,"""For clarification, could you kindly reiterate your previous statement, as I appear to have missed a part of it."""
^^,read message,"Got it, ^^","Indicates that a message has been read and acknowledged, often used in online chats.",Kindly review your communication; I've duly noted and comprehended its content.
<3,sideways heart,I really appreciate you <3.,A simple and common way to express love or affection in digital communication.,I hold a profound affection for you.
</3,broken heart,"They broke up last night, </3","Used to express heartbreak or sadness, particularly in romantic contexts.","Stricken with grief, they separated last night."
<3333,a bigger heart,I love you soooo much! <3333,An exaggerated way of expressing deep love or affection.,"My admiration for you is profound and expansive, akin to that of a larger heart."
@TEOTD,At the end of the day,"It was a tough project, but @TEOTD, it was worth it.",Used to summarize or conclude a point by stating the final outcome or main point.,"Despite the complexities encountered during the project, ultimately, it proved to be a worthy endeavor in hindsight."
0.02,My two cents worth,Here’s my 0.02 on the situation: We should wait.,"Used to offer a personal opinion, often humbly or casually.","I humbly offer my thoughts on this subject, suggesting prudence in exercising restraint."
"1TG, 2TG",Meaning number of items needed for win,I’ve got 1TG before I finish this project!,Used in games or tasks to indicate how many things are needed to win or complete a goal.,1. What is your planned activity for today? (WYD)
1UP,Meaning extra life,Got a 1UP in the game! Extra chance!,"Refers to gaining an extra life in a video game, but also used metaphorically to mean getting another chance in life.",Secured an auxiliary opportunity or supplementary life within the game for you!
121,One-to-one,Let’s have a 121 meeting to go over the details.,"Used in business or personal discussions to indicate a private, one-on-one conversation.","Schedule a personal, one-on-one consultation to discuss the specifics."
1337,"Leet, meaning ‘elite’","He’s so 1337 at coding, it’s impressive!","Used to describe someone as highly skilled or elite, often in gaming or technology communities.","His coding prowess is indisputably leagues above the ordinary, showcasing an unmatched elitism in the field."
143,I love you,"You’re my world, 143.","A numerical way to say “I love you,” based on the number of letters in each word.",My deep affection for you remains unchanged.
1432,I love you too,"1432, can’t wait to see you.","A response to “143,” meaning “I love you too.”","Anticipating our rendezvous with great enthusiasm, my sentiments mirror your own, imbued with an equal measure of love."
14AA41,"One for all, and all for one","We’re a team, 14AA41!","Refers to mutual support and unity, often used in group or team settings.","United as one indivisible entity, we stand together, 14AA41!"
182,I hate you,"You ate my last slice of pizza, 182!",A numerical way of expressing frustration or annoyance.,Your consumption of the final slice of pizza is deeply regrettable to me.
19,Zero hand ,"Got a 19, no help at all.",Refers to a situation where someone received no assistance or support.,Achieved an unassisted score of zero.
10M,Ten man ,We’ve got a 10M team working on this project.,"Refers to a group of ten people, often used in business or team settings.",The team for this project is operating at its maximum capacity with ten members on board.
10X,Thanks,"You’ve been a big help, 10X!",A shorthand way of saying “thanks.”,Your assistance has been truly remarkable and greatly valued.
10Q,Thank you,10Q for your feedback on the report,"A numerical shorthand for “thank you,” often used in casual digital communication.",I am most grateful for your insights on the report.
1CE,Once,"I’ve only been there 1CE, but I loved it.","A shorthand way of saying “once,” used to refer to a single occasion.","On a single instance, I have experienced the locale, and my enjoyment was unquestionable."
1DR,I wonder,1DR what the weather will be like tomorrow.,A way to express curiosity or wonder about something.,Might one enquire about the weather prediction for tomorrow?
1NAM,One in a million,"You’re amazing, truly 1NAM!","A phrase used to describe someone as unique or special, one in a million.","You are truly extraordinary, a veritable rarity among many."
2,to,I’m heading 2 the store.,"Simply a shorthand for “to,” often used in texting.",He is heading to the store.
20,location,What’s the 20 for the party tonight?,"Refers to the location of an event or place, often used in casual conversations.",The venue for tonight's gathering has been confirmed.
2B,To be,The answer seems 2B clear now.,"A shorthand for “to be,” used in various contexts when explaining something.",The evidence of response is now discernible.
2EZ,Too easy,That exam was 2EZ!,Used to describe something as very simple or easy to accomplish.,The examination presented minimal challenge whatsoever.
2G2BT,Too good to be true,That deal sounds 2G2BT.,Used when something seems too perfect or suspiciously good.,"The suggested agreement seems extraordinarily advantageous, raising concerns that its reality may not live up to initial expectations."
2M2H,Too much too handle,All this work is 2M2H right now.,Refers to something that is overwhelming or difficult to manage.,The present responsibilities have become utterly insurmountable.
2MI,Too much information,"You’re sharing way too much, 2MI!", Used when someone shares overly personal or unnecessary details.,Request a more circumspect disclosure of details for propriety's advantage.
2MOR,Tomorrow,Let’s finish this 2MOR.,"A shorthand way of saying “tomorrow,” commonly used in texting.",The undertaking shall be completed on the day subsequent to today.
2MORO,Tomorrow,See you 2MORO at the meeting.,"Another shorthand for “tomorrow,” often used in informal communication.","My plans align with yours for our scheduled rendezvous day after today, specifically at the designated meeting."
2N8,Tonight,Are you coming to the concert 2N8?,"A shorthand way of saying “tonight,” often used in digital communication.",Shall we attend the concert this evening?
2NTE,Tonight,I’m free 2NTE if you want to hang out.,"Another common shorthand for “tonight,” often used in texts.",I am available this evening if you would care to meet.
411,information,Can you give me the 411 on what happened?,"A term used to ask for information, similar to “what’s the scoop?”",Could I request a comprehensive update on the most recent developments that transpired?
404,I don’t know,"When it comes to math, I’m totally 404.","Refers to not knowing something, similar to the “404 error” in the internet world.","In regard to mathematics, I find myself perplexed and lacking comprehension."
420,Lets get high,You coming to the 420 party this weekend?,Refers to cannabis culture and is commonly used to signify smoking or celebrating marijuana.,Shall we convene at the event celebrating cannabis this weekend?
459,I love you ,"You’re everything to me, 459",A numerical shorthand for “I love you.”,Your immense importance to me is deeply felt and expressed.
4AO,For adults only,That movie is rated 4AO.,Used to indicate that something is intended only for adult audiences.,The motion picture carries a rating for mature audiences only.
4COL,For crying out loud,"I told you to clean your room, 4COL!","An expression of frustration or exasperation, often used to emphasize impatience.","Kindly, could you be so kind as to attend to cleaning your room, heavens above?"
4EAE,Forever and ever,You’ll be in my heart 4EAE.,Used to express eternal affection or love for someone.,Your memory shall endure eternally within mine.
4EVA,Forever,Friends 4EVA!,"A shorthand for 'forever,' often used to emphasize long-lasting relationships or promises.",The bond of friendship endures perpetually.
4NR,Foreigner,"He’s from Europe, total 4NR.",Used to refer to someone from a different country.,"He exhibits a distinct non-native character or lack of familiarity, hailing as he does from a foreign land."
4SALE,For sale,I’m putting my old car 4SALE.,A common abbreviation used in ads or messages when something is available for purchase.,I present my erstwhile vehicle available for acquisition.
^5,High-five,"We nailed that presentation, ^5!","A way to signify giving someone a high-five, often to celebrate success.",A hearty congratulations on the outstanding delivery of the presentation! Bravo!
511,Too much information,"That’s a bit too personal, 511!","Similar to 'TMI,' used when someone shares too much personal or unnecessary information.","I find it more conducive for our interaction if we could limit the disclosure of such intimate information, given their confidential nature."
555,"Sobbing, crying","That movie made me cry, 555.",Commonly used in Thai internet culture to represent laughing or crying (as '5' sounds like 'ha').,The film's impact was profoundly moving to such an extent that it elicited tears of emotion from me.
55555,Crying your eyes out,"I lost my keys again, 55555!",Used to represent an exaggerated level of sadness or tears.,"I have found myself in a state of profound distress once again, tears streaming down my face like 55555."
55555,Laughing,"That joke was hilarious, 55555!","In some contexts (e.g., Thai language), '555' sounds like 'hahaha,' used to represent laughter.",The jest elicited a hearty laughter from me.
6Y,Sexy,You’re looking 6Y in that outfit!,A playful way of calling someone attractive or sexy.,Your appearance in that attire is utterly captivating.
7K,Sick,That trick was 7K!,"A shorthand way of saying something is cool or impressive, often used in gaming or skateboarding contexts.",The maneuver was most extraordinarily impressive!
81,Hells Angels,Saw a bunch of 81 members at the rally.,"Refers to the Hells Angels Motorcycle Club, using the numbers 8 and 1 for 'H' and 'A.'","I noted a contingent linked to the notorious motorcycle fraternity, commonly known as the Hells Angels, present during the assembly."
831,I love you,"You mean the world to me, 831.","A numerical way to say 'I love you,' based on the number of letters in each word.",The profound impact you've had upon my life is a matter of deep admiration and love for me.
86,Over,We need to 86 that project; it’s not working.,Often used in restaurants or business settings to mean something is canceled or finished.,"The project shall be discontinued, given its lack of success."
88,Bye-bye ,"I’ve got to go, 88!","A shorthand way of saying 'bye-bye,' used in casual conversations.","With utmost regret, I must take my leave at this juncture. Adieu."
88,Hugs and kisses,"Goodnight, 88!","Represents hugs and kisses, often used in affectionate messages.","With warm regards and affection, I bid you goodnight. Rest in peace and good health."
9,Parent is watching,"Can’t talk right now, 9.","Used to warn that a parent is nearby, often in teenage conversations.",My current conversation is being monitored or observed by an adult figure.
*s*,smile,"That was sweet of you, *s*.",Used to indicate smiling or happiness in digital conversations.,"Your act demonstrated kindness, which brought a smile to my face."
*w*,wink,I’ll see you later *w*.,"Used to convey a playful wink, often indicating humor or a secret understanding.","I shall take my leave; may our paths cross again soon, with an unspoken understanding or gesture that recalls a wink."
A3,"Anytime, anywhere, anyplace","Let me know when you’re free, I’m A3!",Used to express flexibility or willingness to meet or help at any time or place.,"I stand ready for communication at all times, in any place or situation. Kindly inform me when your availability arises."
AA,Alcoholics Anonymous,He’s been attending AA meetings for a year now.,Refers to the organization that helps people struggling with alcohol addiction.,"For the preceding twelve months, he has been a consistent participant in support groups focused on sobriety and recovery."
AA,As above,See the AA instructions for details.,Used in written communication to refer to something mentioned previously.,"Adhere to the comprehensive guidelines outlined in accordance with those previously established, for a more thorough understanding of the subject matter."
AA,Ask about,"If you’re unsure, just AA the manager.",A shorthand way to say 'ask about' in casual conversation.,"Should you find yourself uncertain, I would strongly encourage inquiring with the management for clarification."
AAF,As a matter of fact,"AAF, I did finish the report yesterday.","Used to clarify or emphasize a point, similar to saying 'actually.'","Indeed, I finished the report yesterday."
AAF,As a friend,I only see him AAF.,Used to specify that a relationship is purely platonic.,"My interactions with him are exclusively of a friendly nature, devoid of any formal obligation."
AAK,Asleep at keyboard,"Sorry for the late response, I was AAK last night.",Used to explain that someone fell asleep while using their computer or phone.,My apologies for the delayed response; I experienced an unintentional lapse of attention while working at the computer overnight.
AAK,Alive and kicking,"Don’t worry about me, I’m still AAK!",Used to express that someone is doing well and in good health.,"""Rest assured about my vitality, as I am in good spirits and thriving."""
AAMOF,As a matter of fact,"AAMOF, I was just about to call you.",Used to introduce a fact or clarification in a conversation.,"Indeed, I was planning to reach out to you imminently."
AAMOI,As a matter of interest,"AAMOI, do you know when the meeting starts?",Used to ask for information out of curiosity or interest.,"For the sake of inquiry, might I enquire as to when our meeting is due to commence?"
AAP,Always a pleasure,Thanks for your help! AAP!,A polite way of saying it’s always a pleasure to interact or assist someone.,A delightful encounter it has been working with you; my pleasure indeed.
AAR,At any rate,"AAR, we should meet next week to discuss this.","Used to change the subject or conclude a conversation, similar to 'anyway.'","Despite this, shall we arrange a meeting for next week in order to discuss and resolve the matter at hand?"
AAS,Alive and smiling,"Despite everything, I’m still AAS!",Used to express that someone is doing well and staying positive despite challenges.,"Remaining resilient amid adversity, I continue to radiate an optimistic demeanor."
AASHTA,"As always, Sheldon has the answer","You’re right again, AASHTA!",A playful reference to a know-it-all or someone who always has the right answer.,"As ever, Sheldon's solution demonstrates his unparalleled acumen."
AATK,Always at the keyboard,She’s been AATK all night working on that project.,Refers to someone who is constantly at their computer or working on something.,"She has been persistently engaged with the project throughout the night, incessantly utilizing her computer."
AAYF,"As always, your friend","Take care, AAYF, until next time!","A friendly way to sign off a message, showing loyalty or friendship.","Until our next encounter, my sincerest wishes for your continued health and happiness."
ABBR,Meaning abbreviation,LOL is an ABBR for ‘laugh out loud’.,Used to explain the shortened form of a word or phrase.,"The designation ""LOL"" serves as a contraction for the phrase ""Laugh Out Loud."""
ABC,Already been chewed,"These ideas are ABC, let’s come up with something original.",Refers to something that’s already been done or overused.,Previously explored notions have been thoroughly examined; it would be beneficial to delve into novel ideas for a fresh perspective.
ABD,Already been done,"Don’t worry about the task, it’s ABD.",Used to let someone know that a task or project has already been completed.,"The task at hand is not a new endeavor; it has already been brought to fruition, thus alleviating any potential concerns."
ABT,About,I’m ABT to leave for the meeting.,A shorthand way of saying 'about' in casual texts or messages.,My departure is imminent for the aforementioned gathering.
ABT2,About to,I’m ABT2 finish my assignment.,"A shortened version of 'about to,' often used in texting to indicate that something is about to happen.",Preparations are nearing completion for my assignment.
ABTA,Good-bye,"It was nice seeing you, ABTA!",Used as a casual way to say goodbye.,"Farewell, it has been a pleasure encountering you."
ABU,All bugged up,My computer is ABU after that update.,Refers to a device or system being full of glitches or errors.,"The computer appears to be experiencing functional disruptions post-update, potentially due to some complications."
AC,Acceptable content,"The report you sent looks good, AC.",Used to describe something that meets the necessary standards or is acceptable.,The presented document demonstrates an acceptable level of conformity with our established criteria.
ACC,Anyone can come,"The party is open to everyone, ACC.",Used in invitations or announcements to let others know that anyone is welcome.,The gathering is open to all who choose to participate.
ACD,ALT CONTROL DELETE,"When your computer freezes, just ACD.",Refers to the keyboard command to restart a computer when it’s unresponsive.,"In instances where your computer encounters unresponsiveness or freezing, consider executing an emergency system shutdown by pressing the Control, Alt, and Delete keys concurrently on the keyboard. This action can be referred to as a ""forced system restart"" in professional terminology, conveying a sense of urgency and decisive action."
ACDNT,Accident,"Had a minor ACDNT on the way home, but I’m okay.","A shorthand for 'accident,' used in quick or urgent messages.","Regrettably, an unforeseen incident occurred during my commute home, but fortunately, I remain unscathed."
ACE, marijuana cigarette,Let’s roll an ACE for the weekend.,"Slang for a marijuana joint, often used in casual conversations about cannabis.",Prepare an artisanal hemp cigarrette for the upcoming weekend.
ACK,Acknowledge,Can you ACK that you received the package?,A formal or informal request for someone to acknowledge receiving something.,For your confirmation: The package has been received.
ACPT,Accept,Did you ACPT the terms of the contract?,A shorthand way of asking if someone has agreed to or accepted something.,Kindly confirm your acceptance of the stipulations within the contract.
ACQSTN,Acquisition,The company’s latest ACQSTN was a huge success.,"Refers to the act of acquiring something, often used in business contexts.",The recently executed acquisition by the company has culminated in an impressive achievement.
ADAD,"Another day, another dollar","Work was tough today, but ADAD.","Used to express the monotony of daily work life, implying another day of hard work for income.","Regardless of the challenges faced at work today, I persevered, upholding the belief that diligent effort yields its own rewards, another day having been successfully navigated and remuneration duly earned."
ADBB,"All done, bye-bye","Finished the project, ADBB!",A playful way to indicate that something is completed and to say goodbye.,"With my utmost professionalism, I am delighted to inform you that the project has now reached its successful completion. Farewell for now."
ADD,Address,Can you send me your ADD for the invitation?,Used as a shorthand for 'address' in casual communication.,Kindly furnish me with the respective mailing addresses for the invitations.
ADDY,Address,What’s your ADDY for the party?,"Another informal way of saying 'address,' often used in digital conversations.",Kindly furnish me with the location details for the event at hand.
ADIH,Another day in hell,"That meeting was rough, ADIH.",Used to express frustration or exhaustion after a difficult day.,"The meeting proved extraordinarily challenging, akin to surviving another day in a harrowing ordeal."
ADIP,Another day in paradise,"Spent the day at the beach, ADIP!",A sarcastic or genuine way to describe a perfect or enjoyable day.,"Graced the shoreline at the beach today, once more immersed in the tranquility of a veritable haven."
ADMIN,Administrator,You’ll need to talk to the ADMIN to get access.,"Refers to someone in charge of managing systems, especially in technical or web-based contexts.","For authorization, it's essential to liaise with the designated authority, i.e., the systems administrator."
ADMINR,Administrator,She’s the ADMINR for this forum.,"Another version of 'administrator,' indicating someone who oversees or manages something.",She serves as the governing authority or supervisor of the forum.
ADN,Any day now,The package should arrive ADN.,Used to indicate that something is expected to happen soon.,The delivery of the package is expected imminently.
ADR,Address,I sent the package to your ADR.,"Another shorthand for 'address,' frequently used in written communication.",The delivery has been despatched to the designated locale.
AE,Area effect,The spell has an AE that affects multiple enemies.,"Commonly used in gaming, referring to an attack or ability that affects a large area.","The influence extends across a considerable expanse, impacting numerous adversaries simultaneously."
AEAP,As early as possible,We need that report AEAP!,A polite yet urgent way to ask for something to be done quickly.,Submit the report at your earliest opportunity.
AF,April Fools,"Got you good with that prank, AF!",Used to refer to the playful tradition of pulling pranks on April 1st.,"My jest was conducted with remarkable skill, evoking memories of a classic April Fool's trick."
AF,As Freak,That was cool AF!,"A slang way of emphasizing intensity, often used casually among friends.",Such an extraordinary display!
AF,Aggression factor,"His AF was too high in that game, he played too aggressively.",Used in gaming or sports to describe someone’s level of aggression or intensity.,The person exhibited an unusually intense level of assertiveness during the contest.
AFC,Away from computer,"Be right back, AFC for a bit.","Similar to AFK, used to indicate that someone is stepping away from their computer temporarily.",I shall momentarily be unreachable via digital means.
AFAIAA,As far as I am aware,"AFAIAA, the meeting is still on schedule.",Used to clarify or provide information based on one’s current knowledge.,"Based upon the data I am presently cognizant of, the meeting remains scheduled."
AFAIC,As far as I am concerned,"AFAIC, we’re good to go.",Used to express someone’s personal stance or opinion on a matter.,"In my view, all appears to be in good standing, and we stand prepared to move forward."
AFAIK,As far as I know,"AFAIK, they haven’t made a decision yet.","Used to provide information based on the speaker’s knowledge, often with the implication that more details might exist.","Based on my current knowledge, they have not yet made a decision."
AFAIUI,As far as I understand it,"AFAIUI, the project is almost finished.","Used to share understanding or interpretation of a situation, indicating possible uncertainty.","Based on my current comprehension, it appears that the project is nearing completion."
AFAP,As far as possible,"Finish the task AFAP, it’s a priority.",A polite way to request someone to complete something as soon as they can.,"Execute the task with the utmost urgency, given its significant priority."
AFFA,"Angels Forever, Forever Angels",He had an AFFA tattoo on his arm.,A motto of loyalty used by members of the Hells Angels motorcycle club.,"A conspicuous inscription of ""Angels Eternally, Eternally Angels"" adorned his arm."
AFJ,April Fool’s joke,"That wasn’t serious, just an AFJ!",Used to indicate that something was said as a prank or joke on April Fools’ Day.,"The assertion, while initially seeming authentic, proved to be a playful deception - an allusion to the customs observed on April Fool's Day."
AFK,Away from keyboard,"I’ll be AFK for a few minutes, need a break.",Used in online gaming or chat to indicate that someone is stepping away from their computer temporarily.,I shall momentarily step away from this digital station.
AFZ,Acronym Free Zone,"No need for abbreviations, this is an AFZ.",Used in a playful or formal context to indicate that acronyms or abbreviations shouldn’t be used in a conversation or setting.,"This context calls for clarity and precision, thus eliminating the need for abbreviations or acronyms, transforming it into an ""Unabbreviated Communication Zone."""
AFPOE,A fresh pair of eyes,I need AFPOE to review this document.,Refers to asking someone who hasn’t seen the project or work to give new feedback or perspective.,A reinvigorated appraisal is required for assessing this document.
AGI,agility,He’s got max AGI stats in the game.,Commonly used in role-playing games to describe someone’s speed or dexterity.,"The player exhibits an exceptional degree of nimbleness and adaptability, as evidenced by their superior agility metrics in the game."
AH,At home,"I’m AH, just relaxing today.",A simple shorthand for letting others know you’re at home.,I shall be spending this day in leisure at my residence.
AIAMU,And I am a money’s uncle,You’re saying you finished that in 5 minutes? AIAMU!,A humorous way to express disbelief or skepticism about a claim.,It is truly astonishing if you have managed to accomplish the task in such a short span of time - mere five minutes.
AIGHT,Alright,"I’ll see you tomorrow, AIGHT?","A casual, slang version of 'alright,' often used in informal conversations.","I comprehend your request; here's my revised response that retains the essence of 'AIGHT', while maintaining formal English:"
AIR,As I remember,"AIR, the deadline was next week.",Used to indicate that someone is recalling information from memory.,"Upon my recollection, the deadline was due next week."
AISB,As it should be,"Everything is going smoothly, AISB.",Used to express satisfaction that things are happening the way they are expected to.,Matters are unfolding precisely according to expectations.
AISB,As I said before,"AISB, we need to stick to the original plan.",A way to remind someone of something previously mentioned in a conversation.,"Indeed, as previously indicated, adherence to the original scheme is of paramount importance."
AISI,As I see it,"AISI, we should approach this problem differently.",Used to present someone’s personal perspective on an issue or situation.,"In my assessment, a different strategy might be more suitable for addressing this issue."
AITR,Adult in the room,I need to be the AITR and handle this responsibly.,Refers to someone taking on a mature or responsible role in a situation.,Assuming the mantle of gravity and responsibility is imperative in the current circumstance.
AKA,Also known as,He’s AKA the best coder in the company.,Used to introduce an alternative name or alias for a person or concept.,He is similarly acknowledged under the title of the premier coder within the company.
ALCON,All concerned,Please send this memo to ALCON.,Used in formal communication to address all people involved or concerned with a particular matter.,Kindly ensure that this memorandum is communicated to all relevant parties for their attention and action.
ALOL,Actually laughing out loud,"That was so funny, ALOL!","A more literal version of 'LOL,' indicating that someone is genuinely laughing out loud.","The remark was undeniably amusing, eliciting a hearty, audible chuckle from me."
AMA,Ask me anything (Reddit),Doing an AMA session on Reddit later!,"Popular on Reddit, 'AMA' invites others to ask any question, often used by celebrities or experts.",Participating in an open-ended question and answer forum later...
AMAP,As much as possible,Please work AMAP on this project today.,Used to request someone to do as much work or make as much progress as possible within a time frame.,"I would suggest: ""Please endeavor to dedicate as much time as feasible to this project today."""
AMBW,All my best wishes,"Congrats on your promotion, AMBW!","A polite and warm way to wish someone the best, often used in closing messages.",My sincerest congratulations on your recent promotion; may all your endeavors yield remarkable success.
AML,All my love,"Miss you, AML!","Used to send affection or love to someone, often in personal messages or letters.",My deepest affection is ever present with you.
AMOF,As a matter of fact,"AMOF, I was planning to call you today.",Used to introduce a fact or clarify a point in a conversation.,"Indeed, it was my intention to reach out to you today."
A/N,Author’s note,A/N: I’ll update the next chapter soon.,"Used in written works, particularly online stories or fanfiction, to indicate a note from the author.",Editorial Amendment: A forthcoming chapter is scheduled for revision.
AO,Anarchy Online,I’ve been playing AO all weekend.,"Refers to the MMORPG *Anarchy Online*, commonly used in gaming communities.",I have devoted my entire weekend to immersion within the digital realm of Anarchy Online.
AOC,Available on cell,I’m AOC if you need to reach me.,A way to let others know that you’re available via phone or cell.,My mobile number is accessible at all times for your convenience should you wish to communicate.
AOE,Area of effect,The mage cast an AOE spell on the enemies.,"Common in gaming, referring to abilities or spells that affect a large area or multiple targets.","The mage unleashed a spell with far-reaching impact, simultaneously impacting multiple adversaries nearby."
AOM,Age of majority,"She just turned 18, officially at the AOM.",Refers to the legal age at which a person is considered an adult.,"Upon reaching eighteen years of age, the individual stands at the threshold of full maturity and legal independence, a significant milestone in personal development."
AOM,Age of Mythology,I’m playing AOM with some friends later.,Refers to the real-time strategy game *Age of Mythology*.,I shall engage in the study of mythology with my comrades at a future juncture.
AOTA,All of the above,When it comes to reasons I’m tired: AOTA.,Used to indicate that all listed options are applicable.,The causes encompassing my exhaustion are fully relevant and applicable.
AOYP,Angel on your pillow,"Goodnight, sleep tight, AOYP.","A sweet or affectionate way to wish someone peaceful sleep, often used in personal messages.",I hope the evening brings you peaceful rest. May your dreams be of delightful experiences.
APAC,All praise and credit,APAC to the entire team for the hard work!,A way to express gratitude or give recognition to someone or a group.,I am most grateful for the unwavering commitment displayed by the team.
APP,Application,I need to install this APP for work.,"Refers to a software application, commonly used in tech-related discussions.","For professional obligations, it is essential that the pertinent software be properly implemented."
APP,Appreciate,"Thanks for your help, APP!","Used as shorthand for 'appreciate,' typically in gratitude.",Your gratitude for my assistance is duly acknowledged.
AQAP,As quick or quiet as possible,We need to finish this AQAP!,Urgency in completing a task swiftly or discreetly.,Execute the task expeditiously and discreetly.
ARC,Archive,I'll ARC these old files.,Refers to archiving or storing documents or data.,I shall preserve these aged documents for prolonged retention (utilizing terminology equivalent to the informal 'ARC').
ARE,Acronym rich environment,Working in tech means being in an ARE.,"Describes an environment where many acronyms are used, often in professional or technical fields.",An environment marked by an abundance of acronyms is typically associated with professional endeavors in the technological sphere.
ARG,Argument,Had a huge ARG with my friend last night.,Refers to a dispute or disagreement between people.,Engaged in a vigorous discussion of substantial difference with my friend last night.
ASIG,And so it goes,"The plan didn’t work, ASIG.",Used to express acceptance of an outcome or situation.,"The anticipated resolution of the proposed course of action did not materialize, and thus the situation unfolded in an unforeseen manner."
ASAP,As soon as possible,Can you send me the report ASAP?,Indicates urgency or immediate need for action.,Please dispatch the report with the utmost urgency.
A/S/L,Age/sex/location,"Hey, A/S/L?",Used in online chatrooms to ask someone’s basic details.,"""Might I enquire about your current age, identity, and present whereabouts, if you don't mind sharing?"""
ASL,Age/sex/location,What's your ASL?,"Another version of the A/S/L abbreviation, used in online communication.","I would appreciate it if you could share your age, along with your preferred identification of gender (should you choose to disclose it), and your present location."
ASLA,Age/sex/location/availability,Can you give me your ASLA?,"Expanded version of ASL to include availability, often in personal or dating chats.","May I request your age, sexual identity, current place of residence, and current status of availability, please?"
AT,At your terminal,I'll be AT in 5 minutes.,Indicates being physically present at a workstation or computer terminal.,I shall be seated at my workstation or desktop station within the next five minutes.
ATB,All the best,"Good luck with your exams, ATB!","A closing remark in communication, wishing well to the other person.",Wishing you every success with your exams; my fervent hopes are pinned on your prosperity.
ATEOTD,At the end of the day,"ATEOTD, we just want the project to succeed.",Summarizes a final thought or conclusion.,"Regardless of the circumstances, it is essential that the project concludes favorably - at the end of the day."
ATM,At the moment,I’m really busy ATM.,Refers to a current situation or moment.,"As of the present moment, I find myself greatly engaged."
ATSITS,All the stars in the sky,I love you more than ATSITS.,A poetic or romantic phrase expressing deep affection.,My affection for you transcends the brilliance of every celestial body visible to the naked eye.
ATSL,Along the same line,"ATSL, we should consider other options.",Used in conversations where a similar point or idea is being discussed.,Pursuing additional avenues for exploration may prove beneficial in this regard.
AWC,After awhile crocodile,See you later! AWC!,A playful or casual way to say goodbye.,"""I shall take my leave for now; rest assured, I shall return when the time is right."""
AWESO,Awesome,That party was AWESO!,"A short form of 'awesome,' often used to express excitement or satisfaction.",The event was truly awe-inspiring.
AWOL,Away without leaving,He’s been AWOL for a few days now.,Refers to someone being absent without explanation.,His absence is unauthorized.
AWOL,Absent without leave,He went AWOL during the meeting.,Commonly used in military or professional settings when someone is absent without permission.,His absence was unauthorized during the meeting.
AYDY,Are you done yet?,"I’m waiting, AYDY?",Asking someone if they have completed a task.,"""May I inquire as to whether your task has reached completion?"""
AYBABTU,All your base are belong to us,"That meme is classic, AYBABTU!","A popular internet meme, originating from a mistranslation in a video game.","The meme retains an enduring humor reminiscent of the original sentiment conveyed by ""All your possessions are under our control."""
AYEC,At your earliest convenience,Please send me the document AYEC.,A polite way to ask someone to respond or act when they can.,Kindly transmit the document at your earliest possible opportunity.
AYOR,At your own risk,"You can go ahead, but AYOR!",Used to warn someone about the potential risks of an action.,Proceed at your sole discretion and risk
AYSOS,Are you stupid or something?,"Why would you do that, AYSOS?",An insulting or rhetorical question questioning someone’s intelligence.,"Could one not perceive that your conduct, in light of its obvious implications, appears less than prudent or well-thought-out?"
AYS,Are you serious?,AYS? I can’t believe it!,Expresses disbelief or surprise.,"Indeed, that assertion appears rather implausible."
AYT,Are you there?,AYT? Haven’t heard from you.,Asking for confirmation if someone is present in an online or chat setting.,Have you had the opportunity to respond to my latest message yet? I've noticed that my inbox has been quiet from your end recently.
AYTMTB,And you’re telling me this because,AYTMTB? What’s the point?,A sarcastic way of asking someone why they are sharing information.,"""Why do you feel it necessary to share this particular detail with me?"""
AYV,Are you vertical?,AYV? Time to get up!,Playfully asking someone if they are awake or standing.,"""Pardon me, are you now fully oriented for the day?"""
AYW,As you were,"It’s all good now, AYW.","A way to tell someone to continue what they were doing, often used after an interruption.",Matter continues to unfold as expected; kindly proceed accordingly.
AYW,As you wish,I’ll do it AYW.,A polite way to comply with someone’s request.,"Your wishes shall be fulfilled, in accordance with your request."
AZN,Asian,"He’s AZN, right?","A shorthand way to refer to someone’s ethnicity, specifically Asian.",Could I inquire about his ethnic background being of East Asian origin?
B,Back,I’ll be B in a sec.,"Informal way of saying 'back,' indicating a return.",My absence shall be brief; I shall be back shortly.
B,Be,Just B yourself!,A shortened form of the word 'be.',Express Authenticity!
B&,Banned,He got B& from the forum.,Refers to being banned from a website or online community.,His access to the forum has been revoked.
B2B,Business-to-business,Our company focuses on B2B sales.,Refers to commerce transactions between businesses.,The enterprise primarily focuses on transactions between corporate entities.
B2C,Business-to-consumer,We need to boost our B2C strategy.,Refers to transactions between businesses and individual consumers.,The enterprise must enhance its consumer-centric approach in business operations.
B2W,Back to work,"Break’s over, B2W.",Used when returning to work after a break.,The respite concludes; one now returns to professional duties.
B8,Bait ,"Don’t take the B8, it’s a trap!",Refers to something used to lure or provoke someone.,Remain vigilant against deception; beware of this strategem intended to entrap you.
B9,Boss is watching,"Quiet, B9!",Warning others that a supervisor or authority figure is present.,Kindly refrain from making any noise; it appears we are under surveillance.
B/F,Boyfriend,My B/F is meeting me later.,Refers to a romantic partner who is male.,The individual accompanying me at our subsequent engagement is my romantic partner.
B/G,Background,Give me the B/G on that.,Asking for background information or context.,Provide the requisite details pertaining to that matter.
B4,Before,Let’s meet B4 the event.,Used to indicate something happening prior to another event.,Meet prior to the event.
B4N,Bye for now,"Gotta go, B4N!","A temporary goodbye, indicating that communication will continue later.","With my apologies for an early departure, I will bid you adieu until our next encounter."
BAG,Busting a gut,I was BAG laughing at that joke!,"Refers to laughing very hard, typically at something humorous.",I exerted considerable effort in laughter at that jest.
BA,Bad *a*,That move was BA!,Complimenting something or someone as tough or impressive.,The move displayed was decidedly subpar.
BAE,Before anyone else,You’re my BAE.,"Refers to someone special, typically a romantic partner.",You hold precedence over all others in my considerations.
BAE,Meaning Babe or baby,"Hey BAE, what’s up?",A term of endearment used for a significant other.,"Dear [Name], I trust that you are thriving."
BAFO,Best and final offer,"This is my BAFO, take it or leave it.",Used in negotiations to present the last offer with no further discussions.,This proposal constitutes my definitive and non-negotiable offer; I trust you will find it acceptable.
BAK,Back at keyboard,"BRB, BAK in 5.",Used to inform someone that you are back at your computer after being away.,"I shall briefly be absent, resuming my digital presence at the keyboard within five minutes."
BAM,Below average mentality,That was such a BAM move.,Insulting someone for making a foolish or unintelligent decision.,"Exhibiting a distinct lack of insight or acumen, this decision appears significantly subpar in execution."
BAMF,Bad ass mother fucker,He handled that like a BAMF!,Complimenting someone for being tough or impressive.,The individual exhibited remarkable prowess in handling that situation.
BAO,Be aware of,BAO of the changes in the schedule.,Used to warn or inform someone of something they should notice or consider.,Kindly take note of the alterations in the scheduling arrangements.
BAS,Big ‘butt’ smile,He had a BAS after hearing the good news.,"Describes someone smiling widely, often in a lighthearted way.","His countenance radiated contentment and delight, manifesting in an expansive smile following the receipt of favorable news."
BASIC,Meaning anything mainstream,Her outfit is so BASIC.,Used to criticize someone or something for being overly mainstream or unoriginal.,"The attire she has opted for seems ubiquitously popular, striking a chord with the masses at large."
BASOR,Breathing a sigh of relief,"Finally finished the project, BASOR!",Expresses relief after completing a task or when something goes well.,The successful completion of the project brings about a sense of profound relief.
BAU,Business as usual,"After the meeting, it was BAU.",Indicates that things have returned to normal or routine activities.,"Post the meeting's conclusion, usual business activities were resumed."
BAY,Back at ya,Good luck! BAY!,A casual way to return a compliment or greeting.,Your gratitude is noted; I reciprocate with my hopes for your success.
BB,Be back,"I’m stepping out, BB in 10.",Tells someone you’ll return soon.,"Anticipate my temporary absence and my subsequent return within approximately ten minutes; consider this as a brief ""Be Back"" situation."
BB,Big brother,Big data feels like BB is watching.,"Refers to surveillance or control, often in reference to government or authority.","The collection and analysis of extensive digital information serves to instill a sensation akin to constant surveillance, emulating the protective yet omnipresent nature of a guardian figure, such as a vigilant older sibling or a trusted mentor."
BB,Baby ,"Hey BB, miss you!",A term of endearment for a romantic partner.,"Dear [Name], it is indeed a pleasure to make contact once more after some time apart."
BBC,Big bad challenge,This new project is a BBC.,Refers to a particularly difficult or daunting task.,The forthcoming undertaking presents a formidable and daunting task.
BBIAB,Be back in a bit,"Gotta run, BBIAB!","A temporary goodbye, indicating that you'll return shortly.",I shall return presently.
BBIAF,Be back in a few,"I’m heading to the store, BBIAF.",A quick way to let someone know you'll return in a few minutes.,I shall momentarily continue my shopping excursion and anticipate my imminent return.
BBIAM,Be back in a minute,"Hold on, BBIAM.",Indicates a very short absence.,"""Kindly anticipate my return shortly."""
BBIAS,Be back in a sec,"Let me grab some water, BBIAS.","Used for an even quicker departure, usually a few seconds.","I shall momentarily step away for a brief spell, to retrieve some refreshment, and shall promptly return."
BBL,Be back later,"I have to run some errands, BBL.","Indicates that you’ll return later, but without a specified time.","I regret to inform you that I must attend to matters away from my residence, but rest assured, I shall be back in due course."
BBN,"Bye, bye now","Time for me to head out, BBN!","A casual way to say goodbye, often at the end of a conversation.",Time for my departure; Until our paths cross again (formally).
BBQ,Barbeque,We’re having a BBQ this weekend!,"Refers to a social event where food, especially grilled, is served.",The barbeque event is to be held by us this weekend.
BBS,Be back soon,"I’m taking a quick break, BBS.",A brief exit with the intention of returning soon.,My temporary departure shall not extend long; I anticipate my swift return.
BBT,Be back tomorrow,"Work’s done for today, BBT.",Indicates you won’t be returning until the next day.,Your tasks for today are now completed; I will recommence my work duties tomorrow.
BC,Because,I’m late BC traffic was crazy.,"A shorthand for 'because,' used to explain a reason.",Your tardiness is attributable to the intense traffic congestion encountered on the route.
B/C,Because,I’m leaving early B/C I have an appointment.,"Another shorthand for 'because,' often used in text or chat.",My departure is necessitated by an upcoming appointment.
BC,Be cool,"Don’t worry about it, just BC.",Telling someone to remain calm or relaxed.,"Kindly refrain from unnecessary concern, and instead, uphold an even-tempered and self-possessed demeanor."
BCNU,Be seeing you,"It was nice catching up, BCNU!","A casual way to say goodbye, with the expectation of seeing the person again soon.",It has been a delight conversing with you; until our paths cross again. BCNU.
BCOS,Because,I’m heading home early BCOS I’m tired.,"An informal version of 'because,' used to explain something.",The reason for my early departure from work today is due to my feeling of fatigue.
BCO,Big crush on,I think I have a BCO that new guy.,Indicates romantic interest in someone.,I find myself harboring an ardent affection towards the new gentleman.
BCOY,Big crush on you,I didn’t know you had a BCOY!,Directly expressing that someone has romantic feelings for another person.,I recently became cognizant of a burgeoning affection for you that I hitherto had not acknowledged.
BD,Big deal,"It’s not that hard, no BD.",Downplays something that others might find challenging or significant.,Such an undertaking scarcely warrants much concern or exertion; it holds little consequence of note.
BDAY,Birthday,My BDAY is next week!,Refers to someone’s birthday.,Your anniversary of birth falls on the ensuing seven days.
B-DAY,Birthday,Happy B-DAY!,"Another way to refer to a birthday, often in text.","Celebrating the commemoration of your birth, joyous occasions are in order!"
BDN,Big darn number,That’s a BDN to solve!,"Refers to a very large or complicated number, often in financial or mathematical discussions.",This is an impressively substantial figure to manage.
BEG,Big evil grin,He looked at me with a BEG after pulling the prank.,Describes someone smirking mischievously or evilly.,He flashed a gratuitously mischievous and expansive grin after successfully executing the prank.
BELF,Blood Elf,My main character in WoW is a BELF.,Refers to the Blood Elf race in the video game *World of Warcraft*.,"The principal character in your World of Warcraft game hails from the lineage of High Elves, whose bloodline has been tainted with arcane magic, thereby earning them the moniker 'Blood Elves.'"
BF,Boyfriend,I’m meeting my BF for dinner.,Refers to a romantic partner who is male.,Engaging in a romantic dinner with my companion of an intimate relationship.
BF,Brain fart,I totally had a BF during that meeting.,Describes a momentary lapse in memory or focus.,"During the meeting, I experienced a fleeting instance of cognitive misstep, often colloquially referred to as a temporary brain malfunction."
BFAW,Best friend at work,He’s my BFAW; we have lunch together every day.,Refers to a close friend at the workplace.,"They frequently share meals, acting as each other's most trusted colleagues at work."
BF2,Battlefield 2,I’m playing BF2 tonight.,Refers to the popular video game *Battlefield 2*.,"This evening, I shall engage in a combat simulation exercise, reminiscent of Battlefield 2."
BF,Best friend,My BF and I have known each other for years.,Refers to a very close friend.,"Your relationship with this individual, equivalent to a cherished best friendship, has spanned over an extended period."
BFF,Best friends forever,"She’s my BFF, we tell each other everything.",Refers to a lifelong close friendship.,"She is my dearest confidante, with whom I share my deepest secrets, and whose friendship I anticipate shall transcend the boundaries of time."
BFFL,Best friends for life,We’ve been BFFL since high school.,"Similar to BFF, emphasizes the idea of a lifelong friendship.","Have been, since our schooldays, united by an enduring bond of friendship that promises constancy throughout our lives."
BFFLNMW,"Best friends for life, no matter what","Even though we’re miles apart, we’re BFFLNMW.",Strongly emphasizes an unbreakable friendship regardless of circumstances.,"Our bond of friendship endures unwaveringly, come what may, regardless of any distance between us."
BFD,Big freaking deal,"It’s not that hard, no BFD.",Can either play down or exaggerate the significance of something.,"This situation, while not overtly complex, carries significant importance and urgency, warranting immediate attention."
BFG,Big freaking grin,She gave me a BFG when I told her the news.,"Describes a large, joyful smile.",The recipient's countenance bore an expansive and exuberant expression of delight upon hearing the news.
BFFN,Best friend for now,"We’re not as close anymore, just BFFN.",Refers to a temporary or less permanent friendship.,"Despite our friendship having progressed, at present, it would be more precise to describe our relationship as one of formal or temporary best friends."
BFN,Bye for now,"Got to go, BFN!","A temporary goodbye, indicating future communication.",Farewell at present; I shall rejoin you shortly.
BG,Big grin,He walked in with a BG after winning the game.,"Describes someone smiling widely, usually from happiness.","He entered the room, his face illuminated by a wide and radiant expression of joy, having triumphed in the game."
BGWM,Be gentle with me,"It’s my first time here, BGWM!",A playful request for someone to treat you with care or patience.,"Kindly extend your understanding during our initial encounter, as I navigate through this new environment."
BHL8,Be home late,"Running late, BHL8 tonight.",Used to inform someone that you’ll be getting home later than expected.,Expected to return home at an extended evening hour.
BIB,Boss is back,"Gotta go, BIB.","A quick warning that the boss has returned, often in workplace chat.","Upon my departure, it is with great relief that I note the return of my superior."
BIBO,"Beer in, beer out","Had too many beers last night, you know how it is, BIBO!",Refers humorously to the cyclical effects of drinking beer.,"The person exhibited a high level of alcohol consumption the previous evening, more commonly referred to as over-indulging in beer, or simply 'Beer Intake, Beer Output' (BIBO)."
BIC,Butt in chair,It’s time to get BIC and finish this report.,Refers to sitting down and getting focused on work.,"Commence writing the report forthwith, ensuring diligent attention until its completion."
BIF,Before I forget,"BIF, don’t forget the meeting at 3!",Used to quickly mention something before it slips the person’s mind.,"Kindly be advised that a meeting has been set for 3 p.m., lest I inadvertently overlook it."
BIH,Burn in hell,"I’m so mad at him, he can BIH.",Used in extreme anger to wish harm or suffering on someone.,I profoundly lament his actions warrant a most stern and unyielding condemnation.
BIL,Brother in law,I’m hanging out with my BIL this weekend.,Refers to a person’s brother-in-law.,Engaging in fellowship with my sibling's spouse this weekend.
BIO,I’m going to the bathroom,"BRB, BIO.",A casual way to let someone know you’re stepping away to use the restroom.,"Apologies for the inconvenience, but I shall momentarily absent myself; a brief respite is required to attend to matters of nature."
BION,Believe it or not,"BION, I actually won the lottery!",Used to express surprise or disbelief in a statement.,It is with great astonishment that I share this news: you have won the lottery.
BIOYA,Blow it out your ass,"I don’t care what you think, BIOYA.",A rude or dismissive response when someone is frustrated or angry.,Your perspective holds no significance for me; I kindly request you to dismiss it.
BIOYN,Blow it out your nose,"You’re being ridiculous, BIOYN.",A less harsh but still dismissive insult.,"Your behavior is excessively unacceptable; pray, cease it forthwith."
BIS,Best in slot,That new sword is BIS for my character.,Used in gaming to refer to the best possible item or gear for a specific role or class.,"The newly acquired sword emerges as an unrivaled selection for my character, showcasing exceptional qualities and performance that render it the premier choice in this context."
BISFLATM,Unverified,The news about the merger is BISFLATM for now.,Indicates something that hasn’t been confirmed or is uncertain.,The current information concerning the merger remains to be substantiated.
BITMT,But in the meantime,"We’re waiting for the results, BITMT, let’s finish the other tasks.",Used to transition between actions or tasks while waiting.,"In the interim, allow us to proceed with the outstanding tasks, as we wait for the conclusions."
BL,Belly laugh,That joke gave me a BL!,Describes a hearty and genuine laugh.,That joke provoked a genuine fit of laughter from me.
BLNT,Better luck next time,"Didn’t win the game, BLNT!",A light-hearted way to console someone after a loss or failure.,Your efforts were unsuccessful on this occasion; may better fortune attend you in future endeavors.
Bloke,Discord,I’m chatting with some blokes on Discord.,Refers to people (often friends or acquaintances) in Discord or another chat group.,I am interacting with numerous individuals within the digital community referred to as Bloom.
BM,Bite me,"If you don’t like it, BM!","A dismissive or defiant response, often in arguments.","Should your viewpoints differ, I humbly request that you offer insightful and helpful critique instead."
BME,Based on my experience,"BME, that’s not how it usually works.",Used to introduce a statement based on personal experience.,"Based upon my encounters, such an event is unexpectedly uncommon."
BM&Y,Between me and you,"BM&Y, I think she’s going to quit soon.",A way to share confidential information privately.,"Understood between us, it appears she is contemplating tendering her resignation soon."
BOB,Back off buddy,"That’s my seat, BOB!","Tells someone to back off or give space, often in a playful or annoyed manner.","Kindly find another spot for yourself, as this appears to be my designated area."
BN,Bad news,Got some BN about the project.,Refers to receiving or sharing bad or unfortunate information.,"Regrettably, I find it necessary to convey some adverse developments regarding the project."
BOE,bind on equip,I just found a BOE item in the dungeon.,"Used in gaming, specifically MMOs, to describe an item that becomes bound to a character once equipped.",I have recently unearthed an artifact that may be swiftly bound to my equipment within the confines of the dungeon.
BOHICA,Bend over here it comes again,Another round of layoffs? BOHICA.,Used humorously or cynically when facing a repeated negative experience.,"Prepare for an impending development over which I seem to have little influence, as it appears that further reductions in workforce may transpire."
BOL,Best of luck,BOL on your new job!,A wish for good fortune or success.,"I trust your endeavors in your novel position will culminate in favorable outcomes. In essence, may your efforts be crowned with distinction and prosperity."
BOM,Because of mine,"I’m late BOM, I had a meeting.",Used to explain something that happened because of a personal issue.,The lateness is attributable to your earlier scheduled engagement.
BOLO,Be on the look out,BOLO for the new shipment tomorrow.,"A request to keep an eye out for something, often used in law enforcement or general caution.",Kindly maintain a vigilant watch for the imminent arrival of the new shipment tomorrow.
BOOMS,Bored out of my skull,This meeting is making me BOOMS.,"Describes extreme boredom, typically in a tedious situation.",The meeting's monotony has left me feeling profoundly disengaged.
BOP,bind on pickup,"This sword is BOP, so I have to decide if I want it.",Used in gaming when an item becomes bound to the character as soon as it’s picked up.,"Upon obtaining the sword, its allure compels me to consider whether I should make a purchase."
BOSMKL,Bending over smacking my knee laughing,That video had me BOSMKL!,"Describes uncontrollable laughter, similar to ROFL.",The video had me roaring with unrestrained laughter.
BOT,Back on topic,"Okay, BOT, what’s the next agenda item?",Used in meetings or conversations to refocus on the main subject after a diversion.,"Kindly, let us now return to the matter at hand, if you will."
BOT,Be on that,"I’m BOT, working on it now.",Indicates that someone is currently working on a task or objective.,"At present, I am actively engaged with the assigned task."
BMS,"Broke my scale, used when rating someone","You’re so gorgeous, you BMS!","A compliment used when someone is off-the-charts amazing, especially in attractiveness.","Your allure is truly awe-inspiring, leaving me utterly astonished."
BOYF,Boyfriend,My BOYF is meeting me for dinner.,Refers to someone’s male romantic partner.,Your significant other is dining with you this evening.
BPLM,Big person little mind,"He’s all talk, just a BPLM.",A derogatory term for someone who is physically imposing but lacks intellect or common sense.,"Despite his profuse linguistic abilities, he demonstrates a striking absence of intellectual nuance or depth in his thinking process."
BRB,Be right back,"Need to grab something, BRB.",A quick message to let someone know you’ll be back shortly.,Excuse my brief absence; I will return shortly.
BR,Best regards,"Looking forward to the meeting, BR.",A formal or semi-formal way to close an email or message.,"Anticipating our upcoming meeting with enthusiasm, kindest regards."
BRBB,Be right back bitch,"Hold on, BRBB!","A casual and sometimes playful way of telling someone you’ll be back shortly, with a bit of attitude.","""Rest assured, I shall be back shortly."""
BRNC,"Be right back, nature calls","Need a quick break, BRNC.",A humorous way to say you’re stepping away to use the restroom.,"Apologies, I must step away momentarily to attend to a personal matter."
BRD,Bored,I’m so BRD at work today.,Expresses boredom or disinterest.,My attention is considerably waned during my current employment duties today.
BRH,Be right here,I’ll BRH if you need anything.,Used to assure someone you’ll be present or available.,I stand ready to assist at your immediate call.
BRT,Be right there,"On my way, BRT!",A message letting someone know you’ll arrive soon.,My arrival is imminent. En route with haste.
BSF,But seriously folks,"BSF, let’s get back to the point.",Used to transition from a joke or lighthearted moment back to seriousness.,"With all due respect, allow me to return our discussion to its main focus."
BSOD,Blue screen of death,My computer just hit me with the BSOD!,"Refers to the blue screen error in Windows, indicating a critical system failure.","The computer encountered an unexpected and severe system failure, manifesting as a blue-tinted screen of dismay."
BSTS,Better safe than sorry,"I’m bringing an extra charger, BSTS.",A cautious approach to avoid potential problems.,I will take precautionary measures by bringing an additional charger.
BT,Bite this,"If you don’t like my idea, BT.","A defiant or dismissive response, similar to 'bite me'.",Kindly find it within your capabilities to offer insightful critique on my proposition.
BT,Between technologies,"We’re currently BT, transitioning our systems.",Refers to being in a state of technological transition or upgrade.,"Presently, we find ourselves in an interim phase characterized by the migration of our existing technologies to newer ones."
BTA,But then again,"It seems like a good idea, BTA, it might not work out.",Used to express a reconsideration or alternate view.,"Although initially promising, one cannot overlook the potential for unsuccessful outcomes."
BTDT,"Been there, done that","Oh, another road trip? BTDT.",Indicates that someone has already experienced something and is possibly uninterested in doing it again.,I have previously embarked upon such journeys.
BTW,By the way,"BTW, did you see the new episode?",Used to introduce additional information or an afterthought.,"""By way of enquiry, have you managed to catch up on the latest episode thus far?"""
BTYCL,Meaning ‘Bootycall’,I got a BTYCL last night.,"Refers to a late-night request for a casual, often intimate, encounter.",Engaged in an informal arrangement for mutual physical intimacy last night.
BUBU,The most beautiful of women,"She's absolutely stunning, a real BUBU.",Used as a compliment to describe an exceptionally beautiful woman.,"She is undeniably radiant, personifying the epitome of aesthetic grace and charm."
BURN,Used to reference an insult,That was a sick BURN during the debate!,"Refers to a clever or harsh insult, often used humorously.","The comment during the debate was undeniably caustic and acerbic, serving its purpose as a sharp retort."
Buff,changed and is now stronger,The mage class got a Buff in the new update.,Used in gaming to describe a character or item that has been improved or made stronger.,"The mage class has undergone significant augmentation in the recent update, leading to an amplified level of potency."
BWL,Bursting with laughter,That joke had me BWL!,"Indicates extreme laughter, similar to 'LOL' but more intense.",The jest induced a robust outburst of laughter from me.
BYOB,Bring your own beer,"We’re having a party this weekend, BYOB!",Commonly used for parties where guests are expected to bring their own drinks.,"At our upcoming gathering, we cordially invite you to participate by bringing your preferred alcoholic beverages."
BYOC,Bring your own computer,"The LAN party is BYOC, so don’t forget your setup!","Refers to events, often gaming-related, where participants need to bring their own computers.","Kindly ensure you transport your personal computer for the LAN party, as the event necessitates having one's own computing apparatus prepared."
BYOD,Bring your own device,"Our company is BYOD, so you can use your own laptop.",Often used in workplaces or events where attendees bring their own tech devices.,The corporation encourages staff members to utilize their personal computing devices within the workplace.
BYOH,Bat you on the head,"If you mess up again, I’ll BYOH!","A playful threat, often used in a light-hearted manner.","Upon persisting in errors, a corrector's intervention may become necessary."
BYOP,paintball,We’re going to the BYOP field this weekend.,Refers to a paintball event or venue where participants bring their own gear.,"The intention is for us to partake in a game of simulated combat using projectiles expelled from guns resembling firearms, specifically at a designated paintball arena, this coming weekend."
BYTM,Better you than me,"That meeting sounds rough, BYTM!",Used humorously to express relief that someone else is facing a tough situation instead of you.,"While the forthcoming meeting appears complex, I fervently hope that its complexity does not fall upon your shoulders as heavily as it appears to be."
C&G,Chuckle & grin,That joke made me C&G.,"Indicates mild amusement, typically a small laugh or smile.",The jest elicited a chuckle and a smile from me.
C4N,Ciao for now,"I’ve got to run, C4N!","A casual way of saying goodbye, implying that you’ll see the person again soon.","With kind regards, I must take my leave at this moment."
CAD,Control + Alt + Delete,"My computer froze, time for a CAD.",Refers to using the Ctrl+Alt+Delete command on a computer to restart or manage tasks.,"In this instance, a forcible termination and subsequent restart of the computer is required due to its current unresponsiveness."
CAD,Canadian,I met a CAD at the conference.,"Shorthand for Canadian, often used informally.",Encountered an individual hailing from Canada at the gathering.
Cakeday,Birthday,Happy Cakeday! Hope you have a great one!,"A fun way to refer to someone’s birthday, often used on social media.","Celebrating your anniversary of birth today, I wish for an exceptional and delightful day to unfold!"
CAM,Camera,Turn on your CAM for the meeting.,"Refers to a camera, usually in the context of video calls or photography.","Initiate the recording device, specifically designed for visual capture, for the meeting, if you would please."
CB,Coffee break,"I’m heading out for a CB, anyone joining?",A short break during work or study to grab coffee.,"Shall we take a brief respite together, perhaps enjoying a beverage from the coffeehouse while stepping outside?"
CB,Chat break,Let’s take a quick CB and catch up.,A pause in activity to have a casual conversation or chat.,"Permit me to suggest a brief intermission in our discourse, where we may share updates on our recent experiences or dialogues."
CB,Crazy,That party last night was CB!,Refers to something wild or insane.,The celebration last night was markedly unconventional and exhilarating.
CD9,parents are around,"I can’t talk right now, CD9.",Used in online chats or texting to discreetly tell someone that parents are nearby.,"Under current circumstances, I find it necessary to abstain from our discussion, as my guardians are within proximity."
CFS,Care for secret?,CFS? I have some juicy gossip.,Asking someone if they want to hear confidential or secretive information.,Might I impart a confidential disclosure to your ears alone?
CFY,Calling for you,"Hey, CFY! Need your help with something.",Used to grab someone’s attention when they are needed.,"Dear Sir/Madam, I find myself compelled to reach out to you, as I require your aid in a particular matter."
CHK,Check,Can you CHK if the report is ready?,A simple request to verify or review something.,Kindly ascertain whether the completion of the report has transpired.
CIAO,Good-bye,"Heading out now, CIAO!","A friendly way to say goodbye, often used in casual conversations.","With my departure imminent, allow me to take this opportunity to bid you a fond adieu."
CICO,"Coffee in, coffee out","Too much caffeine, CICO time!",Humorously refers to needing to use the restroom after drinking coffee.,"It is crucial to moderately restrict caffeine intake, given the current high level of consumption."
CID,Crying in disgrace,"After that presentation, I’m CID.",Expresses feeling of shame or embarrassment.,"Upon conclusion of the presentation, I find myself profoundly ashamed."
CID,Consider it done,Need help with that? CID.,A confident statement that a task will be completed promptly.,"Task completed, as requested."
CLAB,Crying like a baby,I was CLAB during that sad movie.,Describes someone being very emotional or crying intensely.,"Displayed intense emotion, weeping extensively during the poignant film."
CLD,Could,I CLD help you with that later.,"A shorthand way of saying 'could,' often in texts or informal messages.","Upon request, my assistance will be at your disposal at a later time."
CLK,Click,Just CLK here to sign up.,"Refers to pressing or selecting a button or link, typically online.",Kindly proceed by executing this digital registration action.
CM,Call me,"I need to talk, CM when you’re free.",A request for someone to call on the phone.,"""Might I request that we arrange a suitable time for our discussion at your earliest convenience, if possible?"""
CMAP,Cover my ass partner,Can you be my CMAP during the meeting?,A trusted person who helps or supports someone in a tricky situation.,"Could you stand ready to provide backup or support during the meeting, thus ensuring that I am well-prepared for any unexpected events and thereby covering my potential vulnerabilities in the process?"
CMB,Call me back,"Missed your call, CMB when you can.",A request for someone to return a phone call.,I regret that I was unable to take your call earlier. kindly find it convenient to reach out again when it is most suitable for you.
CMGR,Community manager,She’s the CMGR for our online forum.,Refers to someone who manages online communities or social media.,She skillfully oversees our online community's management as our Community Advocate.
CMIIW,Correct me if I’m wrong,"CMIIW, but isn’t the meeting tomorrow?",Used when someone is unsure about a statement and wants confirmation.,"Subject to any corrections, the meeting has been scheduled for tomorrow."
CMON,Come on,"CMON, you can’t be serious!",A phrase used to express disbelief or to encourage someone.,Couldn't that circumstance possibly be otherwise?
CNP,Continued in next post,"This story is too long, CNP!",Used in forums or blogs to indicate that the rest of the message will follow in the next post.,The narrative extends beyond its intended bounds and shall be concluded in the forthcoming posting or episode.
COB,Close of business,We need the report by COB today.,Refers to the end of the workday or business hours.,The request is for the report to be delivered before the end of the working day today.
COH,City of Heroes,I’m logging into COH tonight.,"Refers to the video game *City of Heroes*, an online multiplayer role-playing game.","Tonight, I shall engage with the virtual metropolis, City of Heroes."
COS,Because,I’m staying in COS it’s raining.,"A shorthand way of saying 'because,' often used in casual conversations or texting.","Given the original intent and sentiment of ""COS"" being to provide a reason for an action, the refined formal English sentence could be:"
C/P,Cross post,I’ll C/P this to the other forum too.,"Refers to sharing or posting the same message in multiple places, typically online.","For your information, I shall additionally disseminate this content across multiple platforms."
CP,Chat post,I’ll respond to your CP later.,Refers to a message or post in a chat or online discussion.,I shall address your missive in due course.
CR8,Create,I’m trying to CR8 a new design.,"A shorthand way of saying 'create,' often used in text or digital communication.",I strive to innovate and bring forth something novel.
Cray,crazy,That concert was totally Cray!,"Refers to something wild, exciting, or extreme, usually in a positive or amazed tone.",The concert was nothing short of extraordinary.
CRE8,Create,I’m going to CRE8 a new logo.,"Another version of shorthand for 'create,' used in text or design discussions.",I am set to conceive a novel emblem for my project.
CRA CRA,crazy,That party was CRA CRA!,An exaggerated way of saying something was very wild or chaotic.,"The gathering was remarkably lively and exuberant, bordering on the wildly energetic."
CRAFT,Can’t remember a freaking thing,"I’ve been studying all night, but now I CRAFT!",Used humorously to express forgetfulness or brain fog.,"Despite my extensive overnight study, my memory appears to have momentarily eluded me at present."
CRB,Come right back,"I just need to grab something, CRB.",A promise to return quickly after leaving for a short time.,"I shall be momentarily absent, but rest assured I will return posthaste."
CRBT,Crying really big tears,That movie had me CRBT at the end.,Describes being very emotional or crying a lot.,"The movie profoundly moved me, inciting a torrent of heartfelt tears towards its conclusion."
CRIT,critical hit,I landed a CRIT on the boss!,"A term from gaming, referring to a particularly powerful or successful attack.","Delivered a decisive, impactful strike precisely against the adversary."
CRZ,Crazy,That rollercoaster was CRZ!,"Used to describe something wild, intense, or extreme, often in a fun or exciting way.","The rollercoaster proved to be remarkably exhilarating, bordering on the absurd."
CRS,Can’t remember stuff,"I’ve got CRS lately, where did I put my keys?",A humorous way to describe forgetfulness or memory lapses.,I've recently encountered some difficulty recalling things; could you perhaps aid me in locating my keys?
CSG,"Chuckle, snicker, grin",That meme got a CSG out of me.,Describes a mild reaction to something amusing or funny.,"The meme elicited a subtle, yet appreciative smile from me."
CSL,Can’t stop laughing,"That joke was hilarious, I CSL!","Indicates that something is so funny, the person literally can’t stop laughing.",The jest was so amusing that it elicited an unsuppressible fit of laughter from me.
CSS,Counter-Strike Source,I’m going to hop on CSS tonight for some games.,Refers to the popular multiplayer first-person shooter game *Counter-Strike: Source*.,I am planning to engage in a game of Counter-Strike: Source this evening.
CT,Can’t talk,"CT now, call you later.",Used to quickly inform someone that you are unable to talk at the moment.,"At present, I find myself unable to engage in conversation, but rest assured, I shall reach out to you at a more convenient time."
CTC,Care to chat?,"Hey, CTC for a bit?",A casual invitation to chat or have a conversation.,"""Might we perhaps have an opportunity for a mutually engaging conversation?"""
CTHU,Cracking the heck up,That video had me CTHU!,"Describes laughing really hard at something, similar to LOL but stronger.",The video provoked considerable amusement from me.
CTN,Can’t talk now,"CTN, I’m in a meeting.",Used to let someone know you’re currently unavailable for a conversation.,"Currently, I am currently engaged in a meeting and unable to respond at this time."
CTO,Check this out,"CTO, you have to see this!",A way to direct someone's attention to something interesting or important.,"I invite you to take a closer look at this particular item, which I believe warrants your scrutiny."
CU,See you too,CU later!,"A casual way to say goodbye, often used in text conversations.","With kind regards for our future encounter, I look forward to seeing you again soon."
CU,See you,I’ll CU after work.,"Another shorthand for 'see you,' often used to end conversations.",I shall encounter you following the conclusion of your workday.
CU2,See you,"Take care, CU2 soon!","Similar to CU, used to bid farewell.",Anticipating our next encounter shortly! Rest assured of my vigilance in the interim.
CUA,See you around,"Alright, CUA!","A casual goodbye, implying you’ll see the person again at some point.","Until we cross paths again, I eagerly anticipate our forthcoming encounters."
CUL,See you later,"Gotta go, CUL!",A brief and informal way of saying 'see you later.',"Until our next encounter, my departure is imminent."
CULA,See you later alligator,"Heading out, CULA!",A playful or lighthearted way of saying goodbye.,"Farewell for now, I shall be taking my leave."
CUL8R,See you later,"Talk to you soon, CUL8R!","A creative, numeric way to say 'see you later.'","Until our next meeting, I eagerly anticipate our continued dialogue; farewell for now."
CUMID,See you in my dreams,"Goodnight, CUMID!","A sweet or flirty way to say goodbye, especially before bedtime.","With warm anticipation, I eagerly await our encounter in my dreams tonight."
CURLO,See you around like a donut,"I’ll CURLO, don’t be a stranger!","A fun, playful version of 'see you around,' adding humor with the donut reference.",Anticipating our paths crossing anon; do feel at liberty to maintain contact.
CWD,Comment when done,Check out the doc and CWD.,A request for someone to leave feedback or a comment after completing something.,Kindly offer your feedback on the document post completion of your review.
CWOT,Complete waste of time,That meeting was a total CWOT.,Used to express frustration when something feels pointless or unproductive.,The aforementioned gathering proved to be utterly devoid of any yield or profitability.
CWYL,Chat with you later,"I’m logging off, CWYL!","A casual goodbye, indicating you’ll talk to the person again later.","Until our next conversation, I trust you'll have an agreeable day ahead. Farewell for now."
CX,Correction,"Oops, CX: the meeting is tomorrow.",Used to make a correction or clarification in a conversation or post.,"Kindly note, for your information: the correction regarding the meeting's date is that it will be held tomorrow."
CYA,See you,"It’s late, CYA!","Another way to say 'see you,' typically used when signing off or leaving.","Farewell, rest assured that our paths shall cross once more."
CYAL8R,See you later,"Got to go, CYAL8R!","A creative abbreviation for 'see you later,' commonly used in texting.","Farewell for now, I shall anticipate our future encounter."
CYE,Check your e-mail,"I sent you the details, CYE!",A prompt for someone to check their inbox for new information.,Please find attached your requested information via email. I encourage you to carefully peruse it.
CYEP,Close your eyes partner,"It’s a surprise, CYEP!",A playful or teasing phrase often used to create anticipation for a surprise.,"""Please momentarily shut your eyes in preparation for an unexpected revelation."""
CYO,See you online,I’ll CYO for the game later.,"Used to indicate that you’ll see someone in an online setting, often in gaming or chat.",I look forward to joining the game at a subsequent time and engaging with you digitally.
D2,fingers,I’ll give you a D2 when I’m ready.,"Refers to a quick gesture or signal, possibly peace or victory fingers.",My unwavering focus shall be directed towards you upon my readiness.
D46?,Down for sex?,Are you D46?,A casual or slangy way of asking if someone is interested in an intimate encounter.,"""Would you be open to a mutual exploration of an intimate nature?"""
DA,the,Let’s head to DA movies.,"A shortened or informal way of saying 'the,' used in casual speech or typing.",Permit me to escort you to a cinematic exhibition.
DAE,Does anyone else?,DAE feel like today’s been really long?,"Used to pose a question to a group, often to see if others share the same feeling or experience.",Is it merely me who perceives today as uncommonly prolonged?
DAFUQ,What the *Freak*?,DAFUQ just happened there?,"A strong expression of confusion or disbelief, usually about something surprising or shocking.",What on earth occurred there?
DAM,Don’t annoy me,"I’m busy, DAM!",A direct way to tell someone not to bother or irritate you.,"Kindly refrain from interrupting at this moment, as I am fully occupied."
DAoC,Dark Age of Camelot,I’m playing DAoC this weekend.,Refers to the online multiplayer role-playing game *Dark Age of Camelot*.,"This upcoming weekend, I shall engage in the MMORPG entitled ""Dark Age of Camelot,"" a digital realm steeped in historical intrigue and fantasy combat."
DBAU,Doing business as usual,"Even with the changes, we’re DBAU here.","Indicates that things are continuing as normal, despite any outside circumstances.","Despite the modifications, we persist with customary operations."
DBEYR,Don’t believe everything you read,"Be careful online, DBEYR.","A reminder to be skeptical about the accuracy of information, especially on the internet.","Approach online resources with a discerning eye, as verifying the credibility of the information is essential rather than accepting it unquestioningly."
DC,Disconnect,I got DC’d from the server!,"Refers to losing connection, typically in online games or chats.",The connection to the server was severed.
DD,Dear daughter,My DD is starting school this year.,A term of affection used to refer to one’s daughter.,"With deep affection, I address you as a parent, for your dear daughter embarks on her educational journey this year."
DD,Due diligence,Make sure you do your DD before investing.,Refers to the careful research or investigation done before making important decisions.,"Prior to engaging in any investment, it is imperative to perform thorough investigation and rigorous scrutiny as a prudent measure of precaution."
DDG,Drop dead gorgeous,She looked absolutely DDG in that dress.,A compliment used to describe someone who is extremely attractive.,Her allure in that gown was nothing short of breathtakingly captivating.
DEEZ NUTZ,A phrase used in online chat to annoy or frustrate those involved in the conversation.,"You walked right into that one, DEEZ NUTZ!",A popular internet phrase used humorously to troll or provoke someone.,"One has managed to outwit you most conclusively; you have, unfortunately, been thoroughly duped."
DEGT,Dear daughter,My DEGT loves playing soccer.,"Another affectionate term for one’s daughter, similar to 'DD.'",My beloved daughter derives great joy from participating in soccer games.
DERP,stupid,"I forgot my keys again, DERP.","Used to describe a silly or foolish mistake, often self-deprecating.","Once again, I find myself in a rather perplexing situation, having apparently lost track of my keys - a most regrettable oversight in recollection."
DF,Don’t even go there,"I’m not talking about that, DF!",A warning to avoid a sensitive or controversial topic.,That topic is strictly off-limits for discussion.
DFL,Dead freaking last ,"I finished the race DFL, but at least I finished!",A humorous way to admit coming in last place in a competition or event.,"I concluded the race as the final competitor, yet I am relieved to report that I managed to complete it."
DGA,Don’t go anywhere,"I’ll be right back, DGA!",A request for someone to stay put while you leave briefly.,"Kindly hold your ground for a brief moment, I shan't ask you to depart from this spot just yet."
DGAF,Don’t give a freak,He DGAF about what people think.,Expresses apathy or indifference toward something or someone’s opinion.,He exhibits an uncaring demeanor towards others' appraisals.
DGT,Don’t go there,"We’re not talking about that, DGT.",A way to stop someone from discussing a sensitive or unwanted topic.,I would recommend refraining from delving into that topic.
DGTG,"Don’t go there, girlfriend","You did not just say that, DGTG!",A sassy or emphatic way to tell someone to avoid a specific subject or behavior.,I would strongly caution you against engaging in such discussions.
DGYF,"Dang, girl you fine","Saw you at the party last night, DGYF!",A compliment typically used to express admiration for a woman's appearance.,Remarkably captivating was your presence that drew my attention at the gathering last evening.
DH,Dear husband,My DH is cooking dinner tonight.,Refers to one’s husband in a loving or affectionate way.,"Dearest Spouse, it is your evening to prepare our meal tonight."
DHU,support,Thanks for the DHU during the tough times.,Expressing appreciation for someone’s emotional or practical support.,I am grateful for the unwavering support provided during challenging circumstances.
DIIK,Darned if I know,What’s the answer to this problem? DIIK.,Used to express uncertainty or lack of knowledge.,"Given my current understanding, the resolution to this conundrum remains elusive to me."
DIKU,Do I know you?,"Hey, DIKU? You look familiar.",A way of asking someone if they’ve met before or if they are acquainted.,"""Greetings, I seem to recall encountering you previously; there's a sense of familiarity about your presence."""
DILLIGAF,Do I look like I give a freak?,"You can complain all you want, but DILLIGAF.","A sarcastic or dismissive response, indicating indifference.","Given your apparent lack of concern for the matter at hand, it seems evident that you have neither the inclination nor the motivation to engage with it deeply."
DILLIGAS,Do I look like I give a sugar?,You think that bothers me? DILLIGAS.,"A more polite version of DILLIGAF, showing disinterest or lack of concern.",My indifference to the matter is evident.
DIS,Did I say?,DIS I wouldn’t help you? Think again.,"A defensive or rhetorical response, used when someone is being questioned.","""You did not, by any chance, propose aid for me?"""
DITYID,Did I tell you I’m distressed?,DITYID about how stressful work has been?,Used to express frustration or to vent about a difficult situation.,"Have you failed to take note of my current state of distress, arising from an excessive workload?"
DIY,Do it yourself,"If you want it done right, just DIY.",Encourages someone to handle a task on their own instead of relying on others.,"For assured precision and accuracy, it is advisable that you personally undertake the task at hand."
DKDC,"Don’t know, don’t care",What’s happening in the news today? DKDC.,"Apathy or indifference about a situation, showing that the person neither knows nor cares.","In regard to today's current events, my lack of knowledge is not a matter of concern or interest for me at present."
DKP,Dragon kill points,I earned a ton of DKP during the raid.,"Refers to points accumulated in online role-playing games, typically in raids or group events.","During the raid, I accrued considerable recognition for my contributions in dragon combat."
D/L,Download,I’m waiting for the new game to D/L.,"Refers to downloading files or software, often used in tech or gaming contexts.","Anticipating the forthcoming launch, I eagerly await the opportunity to secure a copy for download."
DL,Download,The file is taking forever to DL.,A shorthand version of 'download.',The file's download progress appears unduly protracted.
DL,Down low,"Keep this on the DL, it’s a secret.",Used to refer to something that should be kept discreet or confidential.,"Maintain discretion with regards to this covert information, as it is clandestine by nature."
DL,Dead link,"I clicked the article, but it was a DL.",Refers to a web link that no longer works or leads to an inactive page.,The link provided for the article appears to be non-operational or dysfunctional.
DLBBB,Don’t let the bed bugs bite,Goodnight! DLBBB!,"A playful way to say goodnight, wishing someone peaceful sleep.",Wishing you a peaceful and bug-free slumber this evening!
DLTBBB,Don’t let the bed bugs bite,"Sleep well, DLTBBB!","Similar to DLBBB, used to wish someone a good night.","Farewell. May your sleep be peaceful, and may you wake refreshed from a restful night."
DM,Doesn’t matter,It DM whether we go now or later.,"Used to show indifference, implying that the outcome is unimportant.",The timing of our departure is of little consequence.
DM,Direct message,I’ll DM you the details later.,"Refers to sending a private message, often on social media platforms.",I shall communicate the particulars privately and directly with you at a subsequent moment.
DM,Do me,Can you DM a favor and pass me that?,A casual way of asking someone to do something for you.,Would you be so kind as to communicate privately regarding whether it is possible for me to provide that item for you?
DM,Dungeon Master,Our DM is preparing a new campaign for tonight.,Refers to the person leading or controlling the game in tabletop role-playing games like Dungeons & Dragons.,The Game Master is set to commence a fresh gaming session this evening.
DMNO,Dude Man No Offense,"DMNO, but that was a weird thing to say.","Used to soften a potentially offensive or blunt statement, similar to saying 'no offense.'","I hope you'll forgive me for saying this, but your comment seemed rather unusual, if I may express myself without offence."
DMY,Don’t mess yourself,"That movie wasn’t scary at all, DMY!",A playful way to tell someone not to overreact or be too scared.,Please refrain from allowing the film to elicit any sense of apprehension within you; kindly maintain your composure.
DN,Down,I’m DN to hang out later.,A casual way of saying you’re interested or willing to do something.,"My current circumstances do not allow for our meeting at this moment, however, I eagerly anticipate connecting with you in the future."
DNC,I do not understand,What did you mean by that? DNC.,Used when someone is confused or doesn’t comprehend something.,I find myself perplexed regarding your intended message; it appears to be unclear.
DNR,Dinner,Let’s grab DNR tonight.,"A shorthand for 'dinner,' often used in casual text conversations.",Allow me to propose a shared culinary experience this evening.
DNT,Don’t,DNT forget to bring the tickets!,"A shortened version of 'don’t,' typically used in texting or casual chats.",Kindly refrain from forgetting to bring the tickets with you.
d00d,Dude,"What’s up, d00d?","A playful or slang version of 'dude,' often used in gaming or online culture.","How are you faring at present, my good sir?"
DOE,Daughter of Eve,"She’s a true DOE, always kind and caring.","Refers to a woman, often used with a biblical or spiritual connotation.","She exhibits a remarkable degree of benevolence and empathy, akin to the figurative 'Daughter of Humanity.'"
DORBS,Adorable,That puppy is so DORBS!,A cutesy way of saying something is adorable or very cute.,The canine exhibits an exceedingly charming appeal.
DOT,Damage over time,I applied a DOT spell during the boss fight.,"A gaming term, referring to a status effect that causes damage to a target over a period of time.",Employed a spell inflicting sustained harm during the entire duration of the confrontation with the boss.
Downvote,Voting negatively,"My comment got a downvote, guess it wasn’t popular.",Used on online platforms like Reddit to express disapproval or disagreement by voting a comment or post down.,"The remark I made elicited a negative assessment, indicating that it was not well-received."
DPS,Damage per second,I’m playing a DPS role in the raid.,A gaming term referring to how much damage a character can deal in one second.,"During the raid, you are consistently inflicting significant damage at a rapid pace. (Here, 'Damage per second' is implicitly understood as DPS.)"
DQMOT,Don’t quote me on this,"I think the meeting is tomorrow, but DQMOT.",A disclaimer used when someone isn’t sure about the accuracy of their statement.,"While I currently have strong belief that the meeting is set for tomorrow, it's important to note that this information could potentially be subject to change."
DR,Didn’t read,"DR, what’s the summary?",Used to indicate that someone didn’t read a long message or article and wants a summary.,I find that the item remains unperused by me; could you provide a succinct synopsis for my perusal?
DS,Dear  son,My DS is coming home from college this weekend.,A term of affection for one’s son.,"The aforementioned individual, currently pursuing his education at an institution of higher learning, is anticipated to return to our domestic abode this upcoming weekend."
DTR,Define the relationship,"We need to DTR, are we just friends or more?",Refers to a conversation to clarify the status or nature of a relationship.,"Clarifying the parameters of our current association - might I enquire as to whether this partnership transcends a platonic friendship, or contains elements of a deeper connection?"
DTRT,Do the right thing,"Even if it’s hard, always DTRT.",Encourages someone to act ethically or make the best decision.,"Maintain unwavering moral rectitude in every circumstance, thus ensuring the pursuit of ethical conduct remains steadfast and unyielding."
DTS,Don’t think so,Are you coming to the party? DTS.,A casual way of expressing doubt or saying no.,"Regrettably, my schedule does not permit attendance at the party."
DTTD,Don’t touch that dial,"We’ll be right back, DTTD!","Used to ask someone not to leave or change something, typically in broadcasting or TV contexts.",Let us engage in a shared experience with our loved ones this weekend.
DUPE,Duplicate,I accidentally made a DUPE of the file.,"Refers to creating a duplicate or copy of something, often used in tech or gaming.",Inadvertently generated an identical file.
DUR,Do you remember?,DUR that trip we took last year?,A shorthand way of asking if someone recalls something from the past.,Inquired as to whether the recollection was stirred by the memory of our journey from the previous year?
DV8,Deviate,Let’s not DV8 from the original plan.,Refers to moving away from or changing the intended course or plan.,Let us veer from the established course if necessity demands it.
DW,Dear  wife,My DW planned a surprise for my birthday.,A term of affection for one’s wife.,The organizing of a surprise for your birthday has been meticulously orchestrated by your partner.
DWF,Divorced white female,She’s listed as a DWF in the profile.,Refers to a person’s status in online dating or social profiles.,"The profile denotes an individual as a previously married, Caucasian female who is now single."
DWM,Divorced white male,He’s a DWM looking for a new start.,"Similar to DWF, describes a man’s relationship status on dating platforms.",A formerly married gentleman of Caucasian descent seeks a new beginning in life.
DXNRY,Dictionary,I had to check the DXNRY to figure out what that word meant.,"A shorthand for dictionary, used in casual writing or texts.","In order to unravel the definition of that particular term, I found it necessary to consult the lexiconary."
DYNWUTB,Do you know what you are talking about?,"You keep saying that, but DYNWUTB?","A sarcastic or questioning remark, asking if the other person truly understands what they are saying.","Excuse me for asking, but might I request a more detailed explanation on your perspective regarding the topic at hand? It seems there may be some misunderstanding based on your repeated points."
DYFI,Did you find it?,"You were looking for your keys, DYFI?",A question asking if someone has found something they were searching for.,"I'm sorry to hear that, have you managed to locate your missing keys? I do hope they are safely returned to you."
DYFM,"Dude, you fascinate me","The way you explain things, DYFM!","A compliment, often used humorously or sincerely to express admiration for someone’s personality or knowledge.",Your manner of exposition captivates my attention remarkably.
DYJHIW,Don’t you just hate it when…?,DYJHIW you lose your keys right when you need them?,Used to start a relatable complaint or frustration.,"Might one not find oneself greatly irritated when the necessity arises for immediate access, yet one's keys prove elusive?"
DYOR,Do your own research,"Before you invest, make sure to DYOR.","Encouraging someone to independently verify information, often used in finance or cryptocurrency discussions.","Prior to committing to an investment, it is strongly advised to conduct independent, in-depth research for informed decision-making."
E,Ecstasy,She was at the club on E last night.,"Refers to the drug Ecstasy, often used in conversations about parties or nightlife.","Under the effect of Methylenedioxymethamphetamine, she found herself immersed in a heightened sensory experience at the nightclub last night."
E,Enemy,"Watch out, E approaching from the left!",Commonly used in gaming to refer to an enemy or opposing player.,"Caution is advised, a potential adversary emerges from the left."
E1,Everyone,E1 needs to be ready by 5 PM.,A shorthand way to refer to 'everyone' in a group.,All persons are required to be prepared by 5 PM.
E123,"Easy as one, two, three","Don’t worry about it, it’s E123!",Used to describe something simple or straightforward.,"The task at hand presents no undue complications; it can be accomplished with minimal effort, in a sequential and uncomplicated manner."
E2EG,Ear to ear grin,"After hearing the good news, I had an E2EG.","Describes a wide, happy smile.","Upon receiving the uplifting news, an uncontainable smile spread widely across my visage."
EAK,Eating at keyboard,"I’ll reply in a bit, I’m EAK right now.",Used when someone is multitasking by eating while at their computer.,"I shall respond promptly, having momentarily stepped away from my keyboard for a brief repast."
EBKAC,Error between keyboard and chair,"It’s not a tech issue, just an EBKAC!",A humorous way of blaming a problem on the user rather than the computer.,The predicament at hand appears to be an error borne out of human action rather than technical complications.
ED,Erase display,I accidentally hit ED and lost my work.,"Refers to clearing or erasing a screen or display, often in tech contexts.","Regrettably, due to an unintended action, I inadvertently activated the function that cleared the screen, thereby resulting in the loss of my work."
EF4T,Effort,That took a lot of EF4T to complete.,"Shorthand for 'effort,' used to describe something that required a lot of work or energy.",The task demanded substantial dedication to be accomplished.
EG,Evil grin,He gave me an EG after pulling that prank.,Describes a mischievous or playful smile.,"Upon successfully executing the prank, he adorned an insidious grin."
EI,Eat it,"I told him he’d fail, and he totally had to EI.",A way to tell someone they need to accept failure or defeat.,"The person was admonished that he would not succeed, and indeed, he did not."
EIP,Editing in progress,"The blog post is still EIP, I’ll send it when it’s ready.",Indicates that a document or content is still being edited or revised.,The current revisions to the blog post are underway; I will share the updated version once the editing process is concluded.
ELI5,Explain like I’m 5,Can you ELI5 how blockchain works?,"A request for a simplified explanation of a complex topic, as if explaining it to a 5-year-old.","Could you, please, provide a clear and concise explanation of blockchain technology using layman's terms that an average individual can easily understand?"
EM,E-mail,I’ll send you the details via EM.,"A shorthand for 'email,' used in digital communications.",I shall transmit the particulars via electronic mail.
EMA,E-mail address ,What’s your EMA so I can send the files?,Refers to someone’s email address.,Kindly share your electronic mailing address for the purpose of transmitting the aforementioned documents.
EMBAR,Embarassing,That mistake was so EMBAR!,A shorthand way to say 'embarrassing.',1. The mistake was profoundly humiliating.
EMFBI,Excuse me for butting in,"EMFBI, but I think you’re mistaken about that.",A polite way to interrupt or join a conversation.,"Permit me to offer an observation, as I believe there may be a misunderstanding concerning the specified topic."
EMFBI,Excuse me for jumping in,"EMFBI, can I add something here?",Another way to politely interrupt or join a discussion.,"Allow me to offer an intervening thought at this juncture, if I may?"
EMSG,E-mail message,I sent you an EMSG this morning.,Refers to an email message sent to someone.,A missive has been dispatched to you by me this morning.
ENUF,Enough,"That’s ENUF, let’s move on.","A shorthand for 'enough,' indicating that something has reached a limit.",The resources have reached their limits; it is time to halt further action.
EOD,End of day,Please submit the report by EOD.,Refers to the end of the workday or business hours.,Report submissions are required by the end of today's business day.
EOD,End of discussion,"We’ve already decided, EOD.",Used to indicate that a topic or debate is closed and no further discussion will occur.,The debate on this matter is conclusively ended; any further discourse is pointless.
EOL,End of lecture,"That’s all for today, EOL.","Signals the end of a talk, lecture, or presentation.","This concludes today's discourse, if I may say EOL (End of Lecture)."
EOL,End of life,This software is nearing its EOL.,"Refers to the point when a product, usually software, will no longer be supported or maintained.",The software approaches its twilight period of operation.
EOM,End of message,"Meeting moved to 3 PM, EOM.","Indicates the message contains all necessary information, with no further text needed.",The rescheduling of the meeting is now confirmed for 3:00 PM.
EOS,End of show,We’ll talk after EOS.,"Used to refer to the conclusion of a show, performance, or event.",Our conversation shall conclude following the termination of the event or discourse.
EOT,End of transmission,"I’ve sent all the data, EOT.",A formal way to indicate that communication or a data transfer is complete.,All communication regarding the transmitted data has now concluded - Final closure.
EQ,EverQuest,I used to play EQ all the time.,Refers to the popular online multiplayer game *EverQuest*.,My pastime often involved engaging with the realm of EverQuest.
ERP,Erotic Role-Play,He’s into ERP in online games.,"Refers to role-playing scenarios with an erotic or sexual theme, often in gaming or virtual environments.",Engages in erotic role-plays within immersive digital gaming environments
ERS2,are you ,ERS2? I can’t believe that happened!,Used to express disbelief or surprise.,"Could that truly be the case, I must enquire?"
ES,Erase screen,I accidentally hit ES and lost all my work.,"Refers to clearing a screen or display, typically in tech or software environments.","I unintentionally activated a feature that wiped the screen's contents, resulting in the loss of my ongoing work."
ESAD,die,"I was so mad, I told him to ESAD.","A harsh or extreme way to tell someone off, implying they should 'die' or disappear.","My anger was palpable, and I demanded his immediate departure."
ETA,Estimated time of arrival,What’s your ETA? The meeting starts soon.,Used to ask when someone or something will arrive.,Your anticipated arrival at the meeting is imminent.
ETA,Edited to add,ETA: I just found the missing files.,Used in online forums or posts to indicate an addition or correction to the original message.,"For the sake of clarity, I have appended additional information to my previous statement. The missing files have been located."
EVA,Ever,That was the best movie EVA!,A casual or exaggerated way to say 'ever.',Such film is undeniably the most remarkable ever crafted.
EVO,Evolution,The EVO of technology is fascinating.,"Refers to the process of change or development, especially in science or technology.",The ongoing evolution of technology is nothing short of compelling.
EWG,teasing,He was EWG me about my new haircut.,Refers to playful or light-hearted teasing.,The individual engaged in playful derision regarding my recent hairstyle modification.
EWI,Emailing while intoxicated,"I sent an embarrassing email last night, totally EWI.","Refers to sending emails while under the influence of alcohol, often with regrettable results.",I transmitted an unguarded correspondence under the influence of alcohol last night.
EXTRA,Meaning over the top,"Her outfit was so EXTRA, but I loved it!",Used to describe someone or something that is overly dramatic or excessive in a fun way.,"Her flamboyantly extravagant clothing garnered my appreciation, notwithstanding its pronounced display of opulence."
EYC,"Excitable, yet calm","She handled the news EYC, excited but not overwhelmed.",Describes someone who is both enthusiastic and composed.,"She exhibited a composed enthusiasm in responding to the news, striking a balance between exuberance and composure."
EZ,Easy,"That task was EZ, no problem!",A simple way of saying something was easy or effortless.,"The undertaking proved remarkably uncomplicated, presenting no obstacles of significance."
EZY,Easy,The instructions were super EZY to follow.,"Another shorthand for 'easy,' typically used in text or casual conversation.",The directives were remarkably uncomplicated to understand.
F,Meaning female,The gamer I met was an F.,"Shorthand for female, often used in profiles or chat rooms.",Encountered was an individual of the feminine gender.
F2F,Face to face,Let’s meet F2F to discuss the details.,Refers to an in-person meeting rather than online or over the phone.,I propose arranging a face-to-face discussion for a comprehensive review of the matters at hand.
F2P,Free to play ,"That new game is F2P, so everyone can try it.",Refers to games or content that are free to access but may offer in-game purchases.,"The latest offering allows for participation without financial commitment, mirroring the 'free-to-play' ethos."
F4F,Follow for follow,I’ll F4F if you’re interested!,A phrase used on social media to suggest mutual following between users.,I would be equally pleased to reciprocate a follow if your profile also piques my interest.
FAAK,Falling asleep at keyboard,I’ve been working for hours and I’m FAAK right now.,"Describes extreme tiredness, typically from long hours of working at a computer.","Despite my prolonged engagement in work over several hours, I find myself on the verge of succumbing to exhaustion and potentially falling unconscious at my keyboard."
FAB,Fabulous,You look absolutely FAB tonight!,A compliment to describe something or someone as fantastic or stylish.,Your appearance this evening is nothing short of striking elegance.
Facepalm,embarrassment or frustration,"I forgot my wallet at home, facepalm.","Used to express embarrassment or frustration, often accompanied by the physical gesture of putting one’s hand to their forehead.",The omission of my wallet from home is met with a sense of mortification or exasperation.
FAF,Funny as freak,That video was FAF!,"Used to describe something as extremely funny, often in a casual or playful tone.","The video was remarkably amusing, exhibiting a level of humor that could be likened to an extraordinary degree of unconventional wit."
FAM,friends,"What’s up, FAM? Let’s hang out this weekend.","A slang term for close friends or family, used to show affection or camaraderie.","Greetings esteemed associates, may I propose arranging a gathering for the upcoming weekend?"
FAQ,Frequently asked questions,Check out the FAQ before you ask any questions.,"Refers to a list of common questions and their answers, often found on websites.",Kindly peruse our Comprehensive List of Frequently Encountered Inquiries (CLFEI) prior to submitting your queries.
FAY,Freak all you,"I’m done with this nonsense, FAY!","A dismissive or angry way of telling someone off, usually in response to frustration.",I have triumphantly overcome dealing with the absurdity.
FB,Facebook,Add me on FB!,Refers to the social media platform Facebook.,"Kindly request connection on the social media platform, Facebook."
FBB,Facebook buddy,"She’s my FBB, we met through a group.",Refers to someone who is a friend on Facebook.,They and I maintain a mutual connection on Facebook via a shared group.
FBC,Facebook chat,I’ll FBC you later about the event.,Refers to chatting with someone through Facebook’s messaging feature.,I shall reach out to you via Facebook Chat regarding the event at a more convenient hour.
FBF,Flashback Friday,"Here’s a pic from my trip last year, #FBF.","Used on social media to post old photos or memories, typically on Fridays.","A reminiscence of my journey from a year past, shared today under the tagline #ThrowbackThursday."
FBF,Facebook friend,"We’re FBFs, but we haven’t met in person.","Refers to a friend you are connected with on Facebook, but may not know personally.","Our virtual acquaintance, established on Facebook, has not as yet transitioned into a personal encounter."
FBF,Fat boy food ,"Pizza and wings, time for some FBF!","A humorous way to refer to indulgent, unhealthy food.","Indulge in a satisfying repast of robust Italian-American fare, specifically pizzas and chicken wings, reminiscent of generously portioned comfort food."
FBFR,FaceBook friend,"He’s just an FBFR, we don’t talk much.","Similar to FBF, indicating a casual acquaintance on Facebook.","He is merely a digital acquaintance, our relationship predominantly transpiring within the realm of social media networks, specifically Facebook."
FBM,Fine by me,"If you want to skip the movie, FBM.",A casual way of saying you are okay with a decision or suggestion.,Your decision to forego the movie is entirely acceptable to me.
FBO,Facebook official,We’re finally FBO—changed our relationship status!,Used to describe when a relationship becomes official on Facebook.,"Our updated Facebook status has been announced, signifying that our relationship is now public."
FBOW,For better or worse,"We’re in this together, FBOW.","Refers to accepting a situation, whether it turns out good or bad.","Come what may, our collective journey binds us irrespective of varying conditions."
FC,Fingers crossed,FC that I get the job!,Used to express hope or good luck for an outcome.,Here's a possible refined version that maintains the original sentiment and intention while avoiding slang and using formal English:
FC,Full card,"I’ve got an FC today, can’t take any more meetings.",Refers to a fully booked schedule.,"My schedule is fully committed today, thus precluding any possibility for further meetings."
FC’INGO,For crying out loud,"FC’INGO, just tell me the answer already!",An expression of frustration or impatience.,"For the sake of promptness, I implore you to provide the requested response without further unnecessary delay."
FCOL,For crying out loud,"FCOL, why is this taking so long?","Similar to FC'INGO, used to express annoyance or frustration.","Good heavens, why does this procedure persist for such an extended duration?"
Feelsbadman,feel negative.,"Lost the game, feelsbadman.","Used to express sadness or disappointment, often in a humorous or meme context.","Despite my success in the contest, an unexpected turn of events has left me feeling somewhat disheartened."
Feelsbatman,to the extreme,"Got rejected for the third time, feelsbatman.","A more intense version of 'feelsbadman,' used to express deeper negative emotions.","I have encountered multiple denials, a situation that has left me deeply disheartened."
Feelsgoodman,to feel positive.,"Just finished my project early, feelsgoodman.","Used to express satisfaction or happiness, often in a playful or meme-based context.","Upon completing my project ahead of schedule, I find myself experiencing a profound sense of satisfaction with the outcomes achieved."
FEITCTAJ,Freak them if they can’t take a joke,"If they didn’t like my joke, FEITCTAJ.",A defiant or humorous way of saying you don’t care if others are offended by your humor.,"Should my jest be found unpalatable, I extend my apologies for any unease it may have inadvertently provoked."
FF,Follow Friday,Shoutout to my favorite accounts for #FF!,"A social media trend where users recommend people to follow, typically on Fridays.",Recognition Friday: Highlighting my favored accounts of preference.
FFA,Free for all,"It’s an FFA in the chat, anything goes!","Refers to a situation where there are no rules or restrictions, often used in gaming or discussions.","Unrestricted discourse prevails in this forum, encompassing every possible mode of conversation."
FFS,For freak sakes,"FFS, can we please get this done?","An expression of frustration or exasperation, similar to 'for goodness' sake.'","Accelerate the procedure without further delay, if you would be so kind."
FICCL,Frankly I couldn’t care a less,"You can complain all you want, FICCL.",Used to express indifference or lack of concern.,My indifference towards your grievances is considerable.
FIF,Freak I’m funny,"Just made the best joke, FIF!",A playful way to brag about being funny or making a clever remark.,The humor displayed was remarkably amusing.
FIIK,Freaked if I know,How does this work? FIIK!,Used to express confusion or lack of knowledge about something.,I must confess that I remain uncertain regarding the workings of this function.
FIIOOH,"Forget it, I’m out of here","This meeting is going nowhere, FIIOOH.",A casual way of saying you’re leaving or giving up on a situation.,"Given the apparent lack of productivity in this meeting, I find it prudent to conclude my participation."
FIL,Father in law,My FIL is visiting this weekend.,Refers to someone’s father-in-law.,One's affinal patriarch is scheduled to pay a visit over the weekend.
FIMH,Forever in my heart,"You’ll always be FIMH, no matter what.",A sentimental way of expressing deep affection for someone.,"You will forever hold a significant place in my heart, regardless of the circumstances that may arise."
Finna,Going to,"I’m finna grab some food, you want anything?","A casual or slang way of saying 'going to,' often used in informal speech.",Preparing to grab a bite myself? Would you have any particular preference in mind?
Finsta,A second Instagram account where someone can post things that they’re too afraid to post on their main account.,"She posted it on her finsta, not her main account.",Refers to a secondary Instagram account where someone posts more personal or private content.,"She shared content on an alternate Instagram profile, distinct from her primary one, to express posts that she felt apprehensive about publishing publicly."
FISH,"First in, still here","Been working all day, FISH.",Used to indicate that someone has been present or working from the start of an event and is still there.,"Despite a full day's work, I persist undeterred."
FITB,Fill in the blank,"The answer is easy, just FITB.",A prompt for someone to complete a sentence or provide missing information.,A prompt response to your query is easily forthcoming.
FML,Freak My Life,"Spilled coffee all over my laptop, FML.",Used to express frustration or exasperation about something unfortunate that has happened.,The unfortunate incident of coffee splashing onto my laptop has proven extremely frustrating.
FOMC,Falling off my chair,That joke had me FOMC!,"Describes extreme laughter, similar to 'LOL' but more intense.","The joke was so uproarious that it caused an intense outburst of laughter, akin to the reaction one might have when experiencing something truly astonishing or humorous."
FOMO,Fear of missing out,"I have such FOMO, everyone’s going to that concert except me.",Refers to the feeling of anxiety or regret over missing an event or experience.,I experience considerable apprehension due to the possibility of not participating in the concert that others are attending.
FOAD,Freak off and die,"He really made me mad, I just wanted to tell him FOAD.","A harsh or aggressive way to tell someone off, expressing anger or frustration.","With his provocative actions, I found myself harboring intense feelings of discontent, yet chose to refrain from openly expressing them."
FOAF,Friend of a friend,I heard about the party from a FOAF.,"Refers to someone who is not a direct friend, but is connected through mutual friends.",The party details were obtained through an acquaintance who is associated with our circle of contacts.
FOMCL,Falling off my chair laughing,That prank had me FOMCL!,An exaggerated way of saying something was incredibly funny.,The joke provoked a near-hysterical fit of laughter from me.
FRT,For real though,"That test was tough, FRT.","Used to emphasize seriousness or sincerity, often following a joke or lighthearted comment.","That test, I must admit, was undeniably rigorous."
FTBOMH,From the bottom of my heart,"Thank you, FTBOMH, for everything you’ve done.",Used to express deep gratitude or sincerity.,"With heartfelt gratitude from the core of my essence, I deeply appreciate all that you have accomplished."
FTFY,Fixed that for you,"You said the movie was bad, but I FTFY—it’s great!","A playful or sarcastic way of correcting someone’s statement, often used humorously.","Upon your initial assessment, the film was deemed subpar; however, I have since corrected that misapprehension, as it indeed exhibits excellence."
FTL,For the loss,"We missed the bus, FTL!","Used to describe a negative outcome or failure, often as a counterpart to 'FTW' (for the win).",It is with profound regret that we find ourselves left behind.
FTW,For the win,"Got the last slice of pizza, FTW!",Used to express success or triumph in a situation.,"Such accomplishment – securing the final slice of pizza for myself; indeed, a commendable victory!"
FU,Freak you,"You messed up my plans, FU!",A harsh or angry way to express frustration or anger towards someone.,"Your unwarranted intrusion has undeniably disrupted my high regard for my arrangements, to a degree that warrants strong indignation."
FUBAR,Fouled up beyond all recognition,That project is completely FUBAR now.,Describes a situation that is irreversibly messed up or chaotic.,The project has spiraled into a chaos so pervasive that it now defies any semblance of restoration.
FUBB,Fouled up beyond belief,This project is completely FUBB.,"Used to describe a situation that has gone terribly wrong, worse than expected.","The project's current state is nothing short of catastrophically disordered and chaotic, leaving it virtually unmanageable."
FUD,Face up deal ,Let’s FUD and see who wins.,"Used in card games, indicating that the cards are dealt face up so everyone can see.",Let us engage in an open and honest contest to ascertain the ultimate victor. (Who will emerge triumphant in our transparent and equitable competition?)
FUTAB,"Feet up, take a break","I’m exhausted, time to FUTAB.",Refers to relaxing or taking a break after a long task.,"It appears that a moment of respite is indispensable at this juncture, as I find myself quite fatigued."
FW,Forward,I’ll FW you the email.,"Refers to forwarding something, typically an email or message.",I shall promptly forward the correspondence to your inbox.
FWB,Friend with benefits,"They’re not dating, just FWB.",Refers to a relationship where two people are friends but also have a casual sexual relationship without commitment.,"Their relationship is devoid of romantic connotations, yet encompasses mutually agreed-upon intimacy."
FWIW,For what it’s worth,"FWIW, I think your idea is great.",Used to offer an opinion or information that may or may not be valuable to the recipient.,"For your information, I find your idea to be of considerable merit."
FWM,Fine with me,"If you want to stay in tonight, FWM.",A casual way of expressing agreement or acceptance.,I am entirely agreeable should you decide to remain indoors this evening.
FWP,First world problems,"My phone’s battery died, FWP.",Refers to trivial problems or complaints that are seen as minor in comparison to more serious global issues.,The inconvenience I face due to my smartphone's battery drain serves as an illustration of modern-day affluence-related issues.
FYE,"Fire, something that is cool",That new song is FYE!,"Slang for something that is awesome or impressive, often used in pop culture.",The new song is nothing short of exceptional.
FYEO,For your eyes only,This document is FYEO.,Indicates that the information is confidential and intended only for the recipient.,This communication is intended solely for your personal perusal.
FYA,For your amusement,"Here’s a funny meme, FYA!",Used when sharing something intended to entertain or amuse someone.,This meme is presented for your entertainment and amusement.
FYI,For your information,"FYI, the meeting is tomorrow at 3 PM.",A polite way of providing additional information that might be helpful.,"For your awareness, the scheduled meeting will take place tomorrow at 3 PM."
G,Grin,That joke made me G.,"Indicates a smile or grin, often in response to something funny or amusing.",Mirthful grins erupted after the telling of the joke.
G,Giggle,"She told a funny story, I had to G.",Refers to a small laugh or giggle.,The anecdote she recounted provoked a fit of giggles from me.
G+,Google+,I added you on G+.,Refers to the social networking service Google+ (now defunct).,Notification received: You have been granted access to our digital community on Google Plus.
G/F,Girlfriend,My G/F is meeting me after work.,"Refers to someone’s romantic partner, specifically a girlfriend.",Your female companion has arranged to join you following the conclusion of your professional duties.
G2CU,Good to see you,"It’s been so long, G2CU!",A casual way to express happiness in seeing someone after a while.,"Indeed, it is a pleasure to encounter you once more after some absence."
G2G,Got to go,"I’m late for my meeting, G2G.",Used to quickly indicate that someone needs to leave or end the conversation.,"Apologies, but it's regrettable that I must depart forthwith due to an urgent need to attend a scheduled engagement. In essence, I'm 'G2G'."
G2GICYAL8ER,Got to go I’ll see you later,"Can’t stay long, G2GICYAL8ER!",A playful or quick way to say goodbye and promise to reconnect later.,"With my sincerest apologies, it is with necessity that I take my leave soon; however, I am eagerly anticipating our future encounter."
G2R,Got to run,"Sorry, G2R! I’ll text you later.",Another way of saying you need to leave quickly.,Apologies for my imminent departure. I anticipate reaching out to you in due course.
G2TU,Got to tell you,"G2TU, I passed the exam!",Used to introduce something important or exciting that needs to be shared.,Allow me to share some news with you that I find greatly satisfying: I have successfully completed the examination.
G4C,Going for coffee,"I’m G4C, want to join?",A simple invitation to go out for coffee.,Shall we engage in a brief caffeine-fueled sojourn together?
G9,Genius,That idea is G9!,Used to compliment someone on a brilliant or clever idea.,The proposal exhibits a remarkable level of intellectual brilliance.
GA,Go ahead,"If you’re ready, GA with the presentation.",A way of giving someone permission to proceed.,Proceed at your convenience with the presentation.
GAC,Get a clue,"You’re completely wrong, GAC.",Used to tell someone they are missing something obvious.,"I suggest a reconsideration of your position, given that it appears to be misguided."
GAFC,Get a freaking clue,"Before you criticize, GAFC!","A more intense version of ""GAC,"" used when someone is being particularly oblivious.","Prior to delivering judgement, it would be advantageous to acquire additional knowledge or comprehension regarding the matter at hand."
GAL,Get a life,"All you do is play video games, GAL!",A dismissive phrase used to tell someone they should focus on more meaningful activities.,It seems that a significant portion of your time is dedicated to gaming activities. It would be advantageous for you to engage in endeavors offering greater personal fulfillment.
GANK,Meaning a player ambush or unfair player kill,I got ganked while questing.,A gaming term used to describe being ambushed or unfairly killed by another player.,"During the course of my quest, I encountered an unanticipated and seemingly unjustified attack by another player, resulting in my demise."
GAS,Got a second?,"Hey, GAS? I need some help.",A polite way to ask if someone has a moment to talk or assist with something.,"May I have your attention for a brief moment, as I require your aid?"
GAS,Greetings and salutations,"GAS, how’s everyone doing today?",A cheerful way of saying hello to a group.,"Salutations to all, I trust this day finds you in good spirits."
GB,Goodbye,"I’ve got to head out, GB!",A quick and informal way to say farewell.,Your immediate departure is required; farewell with warm regards.
GBTW,Get back to work,"Break’s over, time to GBTW.",A phrase used to encourage or remind someone to return to their tasks.,The break has concluded; it's now imperative to recommence your duties or engagements.
GBU,God bless you,"Thanks for your help, GBU.",A religious or heartfelt expression of gratitude or blessing.,"Indeed, it has been my privilege to render aid. May your day be blessed in return."
GD,Good,That meal was really GD!,A simple way to express that something was enjoyable or satisfactory.,"The meal demonstrated an exceptional quality, truly commendable."
GDR,"Grinning, ducking, and running","Just teasing, GDR!","A playful way to indicate that a joke or lighthearted comment was made, and the person is now avoiding any backlash.","I was merely employing jest with you, proceeding with circumspection amid amusement."
GD/R,"Grinning, ducking, and running","That was a bold statement, GD/R!","Similar to GDR, used when someone is playfully dodging consequences for a comment.",Such an audacious utterance elicited a quick retreat with a hint of amusement.
GFI,Go for it,"If you think it’s a good idea, GFI!",A way to encourage someone to take action or proceed with something.,"In light of your conviction in its merit, I encourage you to proceed accordingly."
GF,Girl friend,I’m going out with my GF tonight.,Refers to someone’s female romantic partner.,I am intending to spend the evening with my significant other tonight.
GFN,Gone for now,"He’s GFN, but he’ll be back soon.","Indicates a temporary absence, with the expectation of returning later.",His temporary absence will be transient; he shall return shortly.
GG,Gotta Go,"It’s late, GG!",A quick way to say you need to leave or sign off.,"With Regards, I must take my leave now."
GG,Good Game,"That was a tough match, GG everyone!",A term used in gaming to congratulate others on a well-played game.,The contest was challenging yet commendable; my compliments to all participants.
GG,Brother,"How’s it going, GG?","Refers to a close friend or brother, often used affectionately.","Greetings esteemed counterpart, my fellow comrade. I hope this day finds you in good spirits."
GGA,"Good game, all","Thanks for playing, GGA!",Used at the end of a group game or activity to acknowledge everyone’s participation.,"With utmost respect for your admirable contribution, my warmest regards."
GGE1,"Good game, everyone","That was fun, GGE1!","Similar to GGA, thanking all participants for a good game.",I must express my gratitude for such an engaging experience; it has been a genuine pleasure for all involved.
GGU2,"Good game, you too","GGU2, that was close!","A response to someone saying ""good game,"" acknowledging their efforts.","With commendable sportsmanship displayed by all participants, the contest proved to be a highly competitive and engrossing affair."
GGMSOT,Gotta get me some of that,"That dessert looks amazing, GGMSOT!",Used to express a desire for something appealing or desirable.,"Upon viewing the dessert, I am compelled to obtain a share for myself, as it appeals greatly to my taste."
GGOH,Gotta Get Outa Here,"This party is getting boring, GGOH.",A casual way of saying you need to leave or escape a situation.,The gathering has grown monotonous; it seems prudent that we depart.
GGP,Got to go pee,"BRB, GGP!",A lighthearted or casual way to excuse oneself for a bathroom break.,"In a professional setting, expressing a brief absence due to a bathroom break could be conveyed as: ""Pardon my interruption, I have an urgent personal matter to attend to."" This phrase preserves the original intent and sentiment of the informal slang term ""GGP"" (Got to go pee) while maintaining formal English."
GH,Good hand,"That was a GH, I thought I had you beat.",Used in card games to compliment someone on a well-played hand.,"Although initially believed otherwise, my performance was remarkably impressive in the end."
GIAR,Give it a rest,"You’ve been complaining all day, GIAR!",A way to tell someone to stop talking about something or to calm down.,Kindly desist from continued deliberation on your concerns for the moment; a temporary reprieve would be beneficial.
GIC,Gift in crib,I left a GIC for the baby shower.,"Refers to leaving a gift in a crib, often related to baby showers or newborns.","Upon my arrival at the baby shower, I presented a thoughtful gift to honor the newborn's imminent presence."
GIGO,"Garbage in, garbage out","If the data is wrong, the results will be too—GIGO.","Refers to the idea that bad input leads to bad output, often used in programming or data analysis.","Employing imperfect or faulty information invariably leads to inaccurate results or conclusions - the adage of 'Garbage In, Garbage Out' (GIGO) applies."
GIRL,Guy in real life,"That character looks like a girl, but he’s actually a GIRL.",Refers to a male player who plays as a female character in online games or virtual worlds.,"The individual, initially perceived as masculine, is in fact feminine in true essence."
GJ,Good job,"You completed the task, GJ!",Used to congratulate someone for doing something well.,Commendable achievement! Your successful completion of the task is highly praiseworthy. Bravo!
GL,Good luck,GL on your test tomorrow!,A common phrase used to wish someone good fortune in an upcoming task or event.,Best wishes for a successful outcome on your examination tomorrow.
GL2U,Good luck to you,GL2U in the competition!,A more personalized way to wish someone luck.,With heartfelt wishes for success in your endeavor.
GLA,Good luck all,"GLA in the tournament, everyone!",A way to wish good luck to a group of people.,Best of luck to all competitors in the tournament!
GL/HF,"Good luck, have fun",GL/HF before the match!,Commonly used in gaming to wish everyone a good game and enjoyable experience.,I trust your success and wish you an enjoyable experience throughout the contest.
GLE,Good luck everyone,"GLE, let’s make this a great event!",Another variation of wishing a group of people good luck.,"Wishing everyone success in this endeavor, may we jointly endeavor towards its favorable conclusion."
GLE1,Good luck everyone,"It’s a big day, GLE1!",Used to wish luck to all participants in an event or challenge.,"Wishing you collective success today, here's to good fortunes all around!"
GLNG,Good luck next game,"Tough match, GLNG!","Used to wish someone luck in their next game, typically after a loss.",I hope the previous contest presented some challenges. Wishing you success in your forthcoming endeavor.
GMBA,Giggling my butt off,That joke had me GMBA!,A playful way to express that something was extremely funny.,"The humor provoked an uproarious response from me, bordering on incoherent laughter."
GMTA,Great minds think alike,"You ordered the same thing as me, GMTA!",Used when two people have the same idea or thought at the same time.,"Indeed, our selections align; it appears our intellectual paths may converge."
GMV,Got my vote,Your idea GMV for sure.,Expresses support for someone’s suggestion or plan.,Your proposition has unquestionably secured my endorsement.
GN,Good night,"I’m heading to bed, GN!",A short and simple way to say goodnight.,"With my duties concluded for tonight, allow me to take my leave. Farewell until tomorrow."
GNA,Good night all,"It’s been fun, GNA everyone!",Used to say goodnight to a group of people.,"Farewell, dear companions, may your evenings be filled with joy and merriment."
GNE1,Good night everyone,"GNE1, sleep well!",A way to say goodnight to all participants in a chat or gathering.,"With warmest regards to all, I hope your evening brings restful slumber and pleasant dreams."
GNIGHT,Good night,"I’m logging off, GNIGHT!",Another variation of saying goodnight.,"With my gratitude for this day, I take my leave; farewell until tomorrow."
GNITE,Good night,"Time to sleep, GNITE!",A casual way to wish someone goodnight.,"With due regard to the day's end, my dear, allow me to take my leave, expressing my warmest good wishes for a restful slumber ahead. Farewell."
GNSD,"Good night, sweet dreams","GNSD, talk to you tomorrow!","A more affectionate way of saying goodnight, wishing sweet dreams.","With warm regards, may your rest be peaceful and your dreams serene. Anticipating our dialogue tomorrow with pleasure."
GOAT,Greatest of all Times,That player is the GOAT of basketball!,Refers to someone who is considered the best in their field or sport.,The player holds a preeminent position as the outstanding athlete of all times in the domain of basketball.
GOI,Get over it,"It happened a week ago, GOI already.",Tells someone to stop dwelling on something and move on.,"Kindly endeavor to transition beyond the recent occurrence, given that a full week has elapsed since it transpired."
GOL,Giggling out loud,"That was hilarious, GOL!",Used to express that something made you giggle or laugh out loud.,"The humor was quite pronounced, causing me to erupt in hearty laughter."
GOMB,Get off my back,"I’ve already done it, GOMB!",A phrase used to tell someone to stop criticizing or pressuring you.,Could you please desist from further inquiries regarding the completion of the task?
GPOY,Gratuitous picture of yourself,"Here’s my beach selfie, GPOY!","Used on social media when sharing a photo of yourself, often humorously.","The attached image depicts my current appearance, captured during a visit to the beach."
GR8,Great,That movie was GR8!,A short way to say something was excellent or good.,The film proved to be truly commendable.
GRATZ,Congratulations,"You got the promotion, GRATZ!",Used to congratulate someone on an achievement.,Kindly be informed that your hard work has been acknowledged with a well-deserved promotion. My sincerest felicitations to you on this momentous occasion.
GRL,Girl,She’s a GRL I met online.,"Refers to a girl, often used in online communities.",The individual I encountered is a female.
GRWG,Get right with God,You need to GRWG after that mistake.,A religious or moral reminder to make amends or correct your actions.,One might consider seeking restoration of relationship with a higher power following one's transgression.
GR&D,"Grinning, running and ducking","I know you’re mad, but GR&D!","A playful way to indicate that a joke or comment might get a negative reaction, so the person is “running and ducking” to avoid consequences.","In light of your current distress, I suggest we proceed with a blend of optimism, evasion, and discretion - akin to the agile approach often referred to as ""GR&D."""
GS,Good shot,"Nice play, GS!",A compliment given in sports or gaming for a well-executed shot or action.,"Notably impressive performance, admirable execution."
GS,Good split,That was a GS during the game!,Refers to making a good decision or move in a game or competition.,Remarkable division of duties displayed during the game; a commendable team effort indeed.
GT,Good try,"We didn’t win, but GT!",Used to acknowledge someone’s effort even if they didn’t succeed.,"Despite the outcome, I must commend your commendable endeavor."
GTFO,Get the *freak* out,"That’s ridiculous, GTFO!",A strong way of telling someone to leave or expressing disbelief.,Your assertion is profoundly irrational. I strongly urge you to withdraw posthaste.
GTFOH,Get the *freak* outta here,You really believe that? GTFOH!,"Used to express surprise or disbelief, similar to GTFO but with added emphasis.",Your astonishing conviction on that matter warrants an immediate departure from these premises.
GTG,Got to go,"I’m late for my meeting, GTG.",A quick way of saying you need to leave or end a conversation.,"Regrettably, I find myself compelled to take my departure promptly, as I have fallen behind schedule with respect to my upcoming engagement."
GTM,Giggling to myself,That comment had me GTM.,Describes quietly laughing or giggling without making a scene.,"The remark provoked a subtle, private amusement within me."
GTRM,Going to read mail,"Be right back, GTRM.",Used when someone is stepping away to check their emails.,I shall momentarily step aside to peruse my inbox.
GTSY,Great to see you,"It’s been a while, GTSY!",A friendly way of expressing happiness at seeing someone after a long time.,A prolonged absence has elapsed; my joy is immense upon our reunion.
GUCCI,Good,Everything’s GUCCI here.,"Slang for saying something is going well or is good, often used in trendy or casual speech.",All seems commendably well-organized here.
GUD,Good,That meal was GUD!,A shorthand way of saying something was good.,The repast was commendable.
GWHTLC,Glad we had this little chat,"Thanks for clearing that up, GWHTLC.","A polite way to end a conversation, especially after discussing something important.",Your elucidation has been both enlightening and appreciated. I am duly thankful for this discourse we have had.
H,Hug,Sending you a big H!,A simple way to show affection by virtually sending a hug.,My heartfelt embrace is extended to you.
H8,Hate,I H8 waking up early.,A shorthand way of expressing dislike or hatred for something.,I harbor significant disdain for mornings that require early rise.
H8TTU,Hate to be you,You have to work late? H8TTU.,A playful or sarcastic way of expressing relief that you’re not in someone else’s unfortunate situation.,I regret to inform you that your work requires an extended hour tonight; a turn of events I can scarcely muster sympathy for.
HAG1,Have a good one,"Talk to you later, HAG1!",A casual farewell wishing someone well.,Farewell. I trust your day will be most satisfactory.
HAK,Hug and kiss,Sending lots of HAK to you!,"A way to express affection, typically used with close friends or loved ones.",My sincerest wishes extend to you in the form of a warm embrace and tender kiss.
HALP,Help,"I can’t figure this out, HALP!",A playful or exaggerated way of asking for help.,Requesting your assistance to elucidate this matter for me.
HAU,How about you?,"I’m doing fine, HAU?",A casual way to ask someone how they’re doing or what they think.,"""Might I enquire as to your current state?"" or ""May I ask how you find yourself at present moment?"""
H&K,Hugs & kisses,"Miss you, H&K!","A way to express affection, often used in messages to close friends or family.","Sincerely, my thoughts are filled with affection for you."
H2CUS,Hope to see you soon,"I had a great time today, H2CUS!",A friendly way to express looking forward to seeing someone again soon.,"With delightful weather today, I eagerly anticipate our meeting in the near future."
HAGN,Have a good night,"It’s getting late, HAGN!",A simple way to wish someone a pleasant night.,"I trust you have a restful evening ahead, the night is beginning to advance."
HAGO,Have a good one,"Talk to you tomorrow, HAGO!","A casual goodbye, wishing the other person well.",Wishing you a most pleasant tomorrow. Farewell for now.
HAND,Have a nice day,"Thanks for your help, HAND!",A polite farewell wishing someone a nice day.,I do appreciate your assistance greatly. May your day proceed with much pleasantness!
HAWT,Have a wonderful day,Take care and HAWT!,Used to wish someone an excellent day.,"Enjoy a delightful day ahead, kind regards."
HAWT,sexy,That outfit is so HAWT!,Refers to someone being physically attractive or sexy.,The ensemble exhibits a captivating allure.
HB,Hurry back,"I’ll be waiting, HB!",Used when someone leaves briefly and you want them to return quickly.,Anticipating your prompt return with great enthusiasm.
HB,Hug back,"Thanks for the hug, HB!","A response to receiving a virtual or physical hug, reciprocating the affection.",Your warmth is appreciated; it brings a sense of gratitude to me.
HBD,Happy birthday,HBD! Hope you have a great day!,A common way to wish someone a happy birthday.,"Dear [Recipient],"
H-BDAY,Happy Birthday,"Wishing you all the best, H-BDAY!","Another abbreviation used to say ""Happy Birthday.""",I am delighted to extend my warmest wishes on this auspicious occasion of your birthday.
HBU,How about you?,"I’m doing fine, HBU?",A way to ask someone how they are or what their opinion is.,"In light of your request, a more formal yet preserving the original sentiment equivalent to 'HBU' could be:"
HF,Have fun,Going to the concert tonight? HF!,A quick and cheerful way to wish someone an enjoyable time.,I trust you're intending to grace the concert tonight? Wishing you an enchanting evening and much delight!
HFAC,Holy flipping animal crackers,"You got the job? HFAC, that’s amazing!",A playful and exaggerated expression of surprise or excitement.,Remarkable achievement! Your application for the position has been victorious - delightful tidings indeed!
H-FDAY,Happy Father’s Day,"Sending love to all the dads, H-FDAY!",A message to wish someone a happy Father’s Day.,"Honored Fathers, my sincerest joy and admiration are bestowed upon you this Happy Father's Day."
HHIS,Head hanging in shame,"I forgot to reply to your message, HHIS.",Used to express embarrassment or guilt.,"I regret to inform you that I neglected to respond to your communication, a circumstance that leaves me with a considerable sense of embarrassment and remorse."
HIFW,How I felt when,HIFW I found out we had a surprise test!,Used to introduce a reaction or feeling about a situation.,"Upon receiving notice of an unexpected exam, I found myself experiencing a sense of unpreparedness and trepidation, much akin to how one might feel when taken by surprise with such circumstances."
HL,Half Life ,I’ve been playing HL all day.,Refers to the popular video game *Half Life*.,"Today, I devoted my entire day to immersing myself in the captivating world of Half Life."
HLA,Hola,HLA! How’s it going?,"A casual way to greet someone, derived from the Spanish word ""Hola"" (Hello).",Greetings! I trust this day finds you in good spirits.
H-MDAY,Happy Mother’s Day,Wishing all the moms out there an H-MDAY!,A message to wish someone a happy Mother’s Day.,Heartfelt congratulations to all mothers on this special occasion of Mother's Day.
HMU,Hit me up,"I’ll be free later, HMU if you want to hang out.","A way of telling someone to contact you, usually for a casual chat or meeting.",Kindly feel free to contact me at a more convenient time should you wish to engage in some social interaction.
HNL,Hole nother level,This party is on a HNL!,Used to describe something that is exceptional or far beyond the usual.,The event has escalated to an unprecedented and exceptional stratum of exhilaration!
HOAS,Hold on a second,"HOAS, I’ll check the schedule.",Used to ask someone to wait briefly.,Kindly give me a moment to ascertain the schedule's details.
HP,Hit points,"I need to heal, my HP is low.",Refers to a player’s health or life in video games.,"My vitality requires restoration, as its current level is diminished."
HRU,How are you?,"Hey, HRU? Haven’t heard from you in a while.",A casual way to ask someone how they are doing.,"Greetings, I trust that life has been treating you kindly of late? It's been some time since we last exchanged words."
HTH,Hope this helps,"Here’s the link to the article, HTH!",A friendly way of offering assistance or information.,"This link serves as a potential resource for your convenience, which I trust may prove beneficial."
HUB,Head up butt,"He has no clue what he’s doing, his HUB is so far up!",A humorous way to describe someone who is clueless or unaware.,"His cognizance seems woefully absent in comprehending his actions, suggestive of a significantly restricted intellectual capacity."
HUYA,Head up your butt,"Stop messing around, get your HUYA and focus!","Similar to HUB, used when someone is being unaware or not paying attention.","Kindly maintain a clear-minded concentration, disregarding any peripheral disturbances, and direct your attention solely towards the matter at hand."
HV,Have,I’ll HV it done by tomorrow.,"A shorthand way to say ""have"" in texts or informal messages.","""I shall accomplish it by tomorrow."""
HVH,Heroic Violet Hold,"We’re running HVH tonight, want to join?",Refers to a specific dungeon in the game *World of Warcraft*.,Arranging an Exceptionally Valiant Undertaking in Violet Hold this evening; would you be interested in participating?
HW,Homework,"I can’t come out tonight, I’ve got too much HW.",Refers to schoolwork or assignments that need to be completed.,"I regret to inform you that I am unable to attend this evening's engagement, owing to an overabundance of academic assignments."
HYFR,"Hell yeah, Freaking right!",Did you see that game? HYFR!,A strong affirmation or enthusiastic agreement.,"Indeed, that game is most undeniably remarkable, is it not?"
I2,I too ,I2 was thinking the same thing!,"A quick way to agree with someone, indicating shared thoughts.","Indeed, your thoughts align with mine as well."
IA8,I already ate,"Thanks for the invite, but IA8.",Used to let someone know you’ve already eaten and aren’t hungry.,"Thank you for the gracious invitation, however, my meal has been consumed."
IAAA,I am an accountant,"You need tax advice? IAAA, I can help.",Used to indicate that the speaker is a professional accountant.,"In an endeavor to provide assistance for your tax matters, I, as a seasoned professional in the realm of financial accounting, would be delighted to extend my services to you."
IAAD,I am a doctor,"IAAD, let me know if you need any medical advice.",Refers to someone identifying themselves as a doctor.,"Should you require medical counsel, feel free to inquire, as my professional qualifications align with that of a practicing physician."
IAAL,I am a lawyer,"Need legal advice? IAAL, happy to help.",Used when someone is identifying as a lawyer.,"In the event that you require legal counsel, rest assured, being a practicing attorney, I am at your service."
IAC,In any case,"I don’t have the answer right now, but IAC, we should follow up tomorrow.","Used to transition or clarify a point, meaning ""regardless of other factors.""","Regardless of my current lack of response, it is advisable that we continue our discussion tomorrow."
IAE,In any event,"IAE, we should still be prepared.",A way to introduce an alternative or backup plan.,"Regardless of the circumstances unfolding, it is imperative that we maintain our readiness."
IANAC,I am not a crook,"Trust me, IANAC!","A humorous way to deny guilt or wrongdoing, often said in jest.","In unequivocal terms, I affirm my integrity."
IANAL,I am not a lawyer,"I don’t know the law on this, IANAL.",Used when giving an opinion but making it clear that the speaker is not a legal professional.,"While I am not a legal professional, my response is intended to provide general advice."
IAO,I am out ,"This discussion is going nowhere, IAO.",A casual way of saying you’re leaving or exiting a situation.,"My participation in this discourse appears to be yielding little progress, therefore, I shall bid my farewell."
IB,I’m back,Missed anything while I was gone? IB!,Used to announce your return after being away for a short time.,"""I trust my absence did not cause any inconvenience; nevertheless, I have returned."""
IB,I’m back,"I had to step out, but IB now.",Another usage to indicate that you have returned.,At your service once more.
IC,I see,"Oh, IC what you mean now.",A quick way to acknowledge understanding of something.,"Understood; could you, for clarity, expound upon your current thought or intent?"
ICAM,I couldn’t agree more,"That’s exactly how I feel, ICAM!","A strong affirmation, showing full agreement with someone’s statement.",In full accord with your sentiments.
ICBW,It could be worse,"It’s not great, but ICBW.","A phrase used to offer perspective, suggesting that the situation could be more difficult or unfortunate.","Given the challenging state of affairs, one might reasonably contemplate that it could be significantly less favorable."
ICEDI,I can’t even discuss it,"The meeting was a disaster, ICEDI.","Used to express frustration or disbelief, indicating the speaker doesn’t want to talk about it further.",The discussion proved utterly disheartening; I find myself quite speechless in articulating its particulars.
ICFILWU,I could fall in love with you,"You’re amazing, ICFILWU!",A romantic phrase used to express strong affection or admiration for someone.,"In an auspicious scenario, it might be possible for sentiments of affection to arise within me, given your exceptional qualities."
ICYMI,In case you missed it ,"ICYMI, the new season starts next week.","A way to catch someone up on information they may have missed, often used in social media posts.","For those who may not have been informed previously, the forthcoming season commences in a week's time."
IDBI,I don’t believe it,You won the lottery? IDBI!,Used to express disbelief or surprise at something shocking or unexpected.,"Such astonishing news! It appears you have secured a lottery win. However, this outcome seems too improbable to fully comprehend - a sentiment that could be akin to exclaiming ""I don't believe it"" in casual conversation."
IDC,I don’t care,"You can pick the movie, IDC.",Used to express indifference or lack of preference.,Your choice of film carries no consequence for my feelings.
IDGAF,I don’t give a freak,"Say what you want, IDGAF.","A strong way of saying that you don’t care about something, often in a dismissive tone.","Despite your opinion, my indifference remains unwavering."
IDK,I don’t know,"IDK where he went, maybe check upstairs.",A simple way to express uncertainty or lack of knowledge.,"While I lack definitive information on his whereabouts, you may consider investigating upstairs for any clues."
IDTS,I don’t think so,Will it rain today? IDTS.,Used to express doubt or disagreement.,"Unlikely as it may seem, I must assert that precipitation is not forecasted for today."
IDUNNO,I don’t know,IDUNNO what happened to my keys.,A casual and informal way of saying “I don’t know.”,"Regrettably, I find myself at a loss regarding the whereabouts of my keys."
IFYP,I feel your pain,"That traffic was awful, IFYP.",Used to empathize with someone’s situation or frustration.,"I fully comprehend the exasperation such prolonged traffic congestion would undoubtedly bring about, given its extensive nature."
IG,Instagram,Follow me on IG for updates!,Refers to the social media platform Instagram.,Engage with our Instagram page for regular updates.
IG2R,I got to run,"Sorry, IG2R, I’m late for a meeting.",A quick way to say you need to leave immediately.,"Regrettably, I find it necessary to take my leave at this moment, as I am tardy for an important engagement."
IGHT,I got high tonight,"I’m feeling relaxed, IGHT.","Used to indicate that someone has consumed drugs, typically marijuana.","Under the influence of cannabis this evening, I found myself in a state of tranquility."
IGN,I’ve got nothing,"What’s your plan? IGN, honestly.",Used when someone has no ideas or suggestions to offer.,"Regrettably, your present course of action appears to be lacking in definiteness."
IGP,I got to go pee,"Hold on, IGP real quick.",A casual or humorous way to excuse oneself to use the restroom.,"Excuse me, I have an urgent need to visit the restroom for a short while."
IHNI,I have no idea,IHNI where that came from.,Used to express complete uncertainty or confusion.,I regret to inform you that I am presently unacquainted with the source or origins of that specific term.
IIRC,If I remember correctly,"IIRC, the meeting is at 2 PM.",Used to recall something with slight uncertainty.,"As far as I can recall, the meeting is set for 2:00 PM."
IIIO,"Intel inside, idiot outside","He’s great with computers, but IIIO sometimes!",A humorous or sarcastic way to describe someone who may be smart in one area but lacking common sense.,"Despite his formidable proficiency in digital realms, it seems that his interpersonal abilities could benefit from continued cultivation."
IK,I know,"IK, that movie was amazing!",A quick way to acknowledge agreement or shared knowledge.,"Undeniably, you possess knowledge that the film was remarkably well-crafted."
IKR,"I know, right?","That new cafe is so good, IKR?",Used to express strong agreement or to emphasize a shared opinion.,"Indeed, the new café seems remarkably delightful - wouldn't you concur?"
ILBL8,I’ll be late,"ILBL8, traffic is terrible.",Used to notify someone that you will not arrive on time.,I anticipate an unforeseen delay arising from unfavorable traffic circumstances on my side.
ILU,I love you,"ILU, see you soon!",A common way to express affection in a short form.,Appreciated greatly; my warmest regards for our imminent reunion.
ILUM,I love you man,"Thanks for everything, ILUM!",A casual way to express love or appreciation to a close friend.,"With utmost gratitude, I must express my deep appreciation for your diligent work. Indeed, it is a pleasure to extend this sentiment - you have my warmest regards."
ILYSM,I love you so much,"ILYSM, you’re the best!","Used to express deep affection for someone, often romantically.","My deepest affection for you is profound, and I cannot emphasize enough your exceptional quality."
ILY,I love you,"Goodnight, ILY!","A simple way to express love, often used with close friends or partners.","Dear Sir/Madam, it is my utmost pleasure to express my deep affection for you this evening."
IM,Instant message,Just IM me when you’re ready.,Refers to sending a quick message through a chat platform.,Kindly inform me as soon as you are prepared through a real-time message.
IMAO,In my arrogant opinion,"IMAO, that movie was overrated.",A humorous or self-aware way to share a strong opinion.,"The movie, in my strongly-held belief, was excessively acclaimed."
IMHO,In my humble opinion,"IMHO, the book was better than the movie.",A polite way to offer one’s perspective or viewpoint.,"In my considered judgment, the book surpasses the film."
ImL, I love you,"I got your message, ImL!","A shorter variation of ""I love you,"" often used in texts.",Your message has been acknowledged with deep affection and devotion. (formally expressing 'I love you')
IMNSHO,In my not so humble opinion,"IMNSHO, we should have left earlier.",A playful way to share an opinion while acknowledging it’s not modest.,"With due modesty, I opine that an earlier departure would have been advantageous."
IMO,In my opinion,"IMO, it’s best to start early.",A common way to share one’s personal viewpoint.,"In my considered judgement, an early commencement would seem most advantageous."
IMS,I am sorry,"IMS, I didn’t mean to offend you.","A brief apology, used to express regret.",I regret any unintentional offence that may have been taken from my words.
IMSB,I am so bored,"There’s nothing to do, IMSB.",Used to express boredom or lack of activity.,"My current state of entertainment is woefully inadequate, leaving me deeply disengaged and longing for stimulation."
IMTM,I am the man,"I finished all my tasks early, IMTM!",A confident or playful way of saying you feel accomplished.,"With unparalleled efficiency, I have accomplished each of my assigned tasks with exceptional skill and precision."
IMU,I miss u (you),"Haven’t seen you in a while, IMU.","Used to express that you miss someone, often in texts or messages.","Indeed, it's been a while since our last encounter; my thoughts have often strayed to our shared experiences."
INAL,I’m not a lawyer,"INAL, but I think you should get legal advice.",Used to clarify that the speaker is not providing professional legal advice.,"For the sake of formality, I would suggest phrasing it as follows: ""While I am not a legal expert, I strongly encourage you to consult with one for accurate guidance on this matter."""
INC,incoming,"Heads up, INC message!",A quick way to warn someone that something is about to happen or arrive.,Please be advised that I have just received a new communication.
Inspoo,Inspiration,Looking at art galleries for some inspoo.,"A playful or shortened way of saying ""inspiration.""",Seeking artistic enlightenment within the hallowed halls of gallery exhibitions
INV,Invite,Send me an INV to the game.,"Used to request or offer an invitation, often in gaming or social events.",I would be grateful if you might extend an invitation for the game.
IOMH,In over my head,"I took on too many projects, IOMH.",Used when someone feels overwhelmed or unable to handle a situation.,"I find myself increasingly overwhelmed by the quantity of tasks assigned, which appears to surpass my current capabilities."
IOW,In other words,"IOW, we need to work faster.",A phrase used to clarify or rephrase something.,"Essentially, our objective is to expedite our working pace."
IRL,In real life,We should meet up IRL sometime.,Refers to interactions or situations outside of the digital world.,Let us arrange a face-to-face encounter for some future occasion.
IRMC,I rest my case,"That’s exactly what I was saying, IRMC!","Used to conclude an argument or discussion, implying that the point has been proven.","In light of the above discussion, I believe my argument has now been thoroughly substantiated."
ISLY,I still love you,"We had a fight, but ISLY.",A way of expressing continued affection despite disagreements.,"Despite any discord between us, my affection for you remains unaltered."
ISO,In search of,"ISO a new job, any leads?","Used when looking for something, typically in online classifieds or posts.","In quest of a fresh employment opportunity, do you possess any promising leads?"
ITAM,"It’s The Accounting, Man ",Why is this so complicated? ITAM!,A phrase often used humorously by accountants to explain difficult or frustrating processes.,"""Could you enlighten me on why this necessitates such intricacy?"""
ITT,In This Thread,ITT: People share their favorite books.,Refers to the topic or content being discussed in an online forum thread.,"Within the context of this ongoing dialogue, individuals are expressing their preferred literary selections."
ITYK,I thought you knew,ITYK that the meeting was rescheduled.,Used when someone assumed another person was already aware of something.,It appears that you might have been apprised of the meeting's rescheduling previously.
IUSS,If you say so,"I’m not sure, but IUSS.",A passive or noncommittal way of agreeing with someone.,"While I understand your preference, should it be your wish, I stand ready to comply, despite some reservations."
IWALU,I will always love you,"No matter what happens, IWALU.",A strong expression of enduring love.,"Regardless of the circumstances that may unfold, my affection and concern for you shall remain steadfast."
IWAWO,I want a way out,"This job is too stressful, IWAWO.",Used when someone feels trapped or wants to escape a situation.,"Despite the excessive pressure of my current position, I find myself compelled to seek alternative employment options."
IWIAM,Idiot wrapped in a moron,"That decision was ridiculous, he’s an IWIAM.",A humorous or sarcastic insult implying someone has made a very foolish mistake.,"The individual's judgment appears extraordinarily deficient, betraying a striking ignorance in this matter."
IWSN,I want sex now,"She texted me, IWSN!",A direct and casual way of expressing a desire for intimacy.,The individual communicated an urgent desire for physical intimacy via a text message.
IYKWIM,If you know what I mean,"That conversation got a little awkward, IYKWIM.	","Used to suggest a hidden or implied meaning, often with a humorous or suggestive tone.",The dialogue became somewhat uncomfortable; I hope this is self-explanatory to you.
IYO,In your opinion,"IYO, what’s the best way to learn coding?",Used to ask someone for their personal opinion on a topic.  ,Inquiring minds would like to know your considered viewpoint regarding the most effective approach for mastering the art of coding.
IYQ,I like you,"IYQ, you’re always so thoughtful.",A playful or casual way to express affection or admiration.  ,I greatly appreciate the consideration you consistently demonstrate towards me.
IYSS,If you say so,"I don’t think it’s going to work, but IYSS.",Used when you reluctantly agree with someone or are skeptical.  ,"Your suggested course of action appears to hold little promise of success, yet should you elect to proceed, your decision stands uncontested."
j00,You,What are j00 up to today?,"A stylized version of ""you,"" often used in online gaming or chat forums.  ","What lies before you today, may I inquire?"
j00r,Your,Is that j00r car outside?,"A stylized version of ""your,"" commonly used in internet slang.  ",That vehicle belongs to you outside?
JAC,Just a second,"JAC, I’ll be right back.",Used to ask for a brief moment before responding.  ,Kindly bear with me for a brief moment; I shall return presently.
JAM,Just a minute,"Hold on, JAM while I finish this.",A quick request for a short pause.  ,Kindly allow me a brief interlude to complete this task at hand.
JAS,Just a second,"JAS, let me grab my phone.","A short pause, similar to ""JAC.""  ",Kindly allow me a brief interlude as I momentarily search for my handheld device.
JC (J/C),Just checking,"JC, did you send that email?",Used to verify or confirm information.  ,"For clarification purposes, have you dispatched the email yet?"
JDI,Just do it,"You’ve been hesitating too long, JDI!",A phrase encouraging someone to take action without overthinking.  ,"Expedite your actions without further delay, given the substantial hindrance that has arisen."
JELLY,jealous,You went to the concert? I’m so JELLY!,A playful way to express envy or jealousy.  ,"""Was the concert well-attended? I find myself experiencing a sense of envy towards those who were present."""
JFF,Just for fun,"I took the quiz JFF, it’s not serious.",Indicates that something is being done casually or for entertainment.  ,"The task was pursued simply in a spirit of light-hearted diversion, as it carries neither weight nor gravitas."
JFGI,Just freaking Google it,"I don’t know the answer, JFGI!",A slightly frustrated suggestion for someone to search for information themselves online.  ,Perform a swift online search utilizing the vast resources of Google.
JIC,Just in case,"Take an umbrella, JIC it rains.",Used when preparing for a potential situation or outcome.  ,"Maintain an umbrella on hand for precautionary purposes, should rainfall occur unexpectedly."
JJ (J/J),Just joking,"I didn’t mean it, JJ!",A quick way to clarify that you’re only joking.  ,I was utilizing humor rather than expressing sincerity.
JJA,Just joking around,"Don’t take it seriously, I’m JJA.",A casual way to indicate that a comment was made in jest.  ,Please understand that the statement was intended in good humor and lightheartedness.
JK (J/K),Just kidding,I’m moving to Mars… JK!,A common phrase used to indicate that what was said was a joke or not serious.  ,I was merely expressing a jest regarding relocating to Mars.
JLMK,Just let me know,"If you’re free tomorrow, JLMK.",A polite way of asking someone to inform you when they have an update.  ,Kindly inform me at your earliest convenience if you happen to be available tomorrow.
JMO,Just my opinion,"JMO, but I think the first movie was better.",A way to express your thoughts while acknowledging it’s just a personal viewpoint.  ,"In my judgement, I believe that the first film exhibits a higher calibre."
JP,Just playing,"I wasn’t being serious, JP!",Used to clarify that a previous comment was made in fun or as a joke.  ,"My statement was intended as a jest, not a genuine assertion."
JP,Jackpot,We hit the JP with that business deal!,"Refers to a big win or success, often used in gaming or business contexts.  ","The venture culminated triumphantly, resulting in an extraordinary financial windfall."
JT (J/T),Just teasing,"Don’t get mad, I’m JT!",A playful way to let someone know you’re joking or teasing them.  ,Kindly regard this as playful banter with no intended offense or harm intended.
JTLYK,Just to let you know,"JTLYK, the meeting’s been moved to 3 PM.","Used to inform someone of something, often in a polite or casual way.  ",I am writing to inform you that the meeting has been rescheduled to commence at 3:00 PM.
JV,Joint venture,We’re starting a JV with another company.,Refers to a business partnership or collaborative project.  ,The company is establishing a collaborative enterprise with another organization.
JW,Just wondering,JW if you were still planning to come tonight?,Used to ask a casual or non-urgent question.  ,Inquiring if your plans for tonight's event remain unaltered?
K,Okay,"I’ll see you later, K?","A shorthand way of saying ""okay,"" often used in texting.  ","Your understanding is commendable. Here's a refined version that aims to convey the same sentiment as 'K', while maintaining formal English:"
KK,"Knock, knock","KK, anyone home?","A playful way to check if someone is available or paying attention, often in chat.  ","""Is there any occupation of the dwelling at present?"""
KK,"Okay, Okay!","KK, I’ll meet you at the restaurant.","A more enthusiastic or playful version of ""okay.""  ","Understood, my confirmation is that I shall be present at the restaurant."
K8T,Katie,K8T is coming to the party tonight.,"A playful or phonetic way of spelling the name ""Katie.""  ",Miss Catherine will be present at the gathering this evening.
k/b,Keyboard,"I need a new k/b, mine is broken.","A shorthand way of referring to a keyboard, often used in tech or gaming.  ",I require a replacement for my dysfunctional typing instrument.
KB,Keyboard,My KB stopped working.,"Another shorthand for keyboard, used in informal conversations.  ",The functional efficiency of the typographical instrument has ceased to operate.
KB,Kick butt,Go out there and KB in your presentation!,A phrase used to encourage someone to do well or succeed.  ,"Aim for exceptional brilliance in your presentation, aiming to leave a lasting impact through your remarkable delivery."
KDFU,Cracking K ,That joke had me KDFU!,"A playful way to express that something was really funny, making you laugh hard.  ",The humor rendered me nearly inconsolable with mirth.
KEWL,Cool,That new game is KEWL!,"A stylized version of ""cool,"" often used in casual or playful contexts.  ",The novel gaming experience proves to be exceptionally captivating.
KEYA,I will key you later,"I’m busy now, but KEYA when I’m free.",A way to tell someone you will message them later.  ,"I regret to inform you that I am currently indisposed, however, I shall reach out to you shortly."
KEYME,Key me when you get in,KEYME once you arrive at the hotel.,A phrase asking someone to send a message upon their arrival.  ,Please inform me promptly upon your entrance into the hotel.
KFY,Kiss for you,Goodnight! KFY!,"A sweet or affectionate message, often used between close friends or partners.  ","""Goodnight, my dear. Rest with my warmest regards and wishes for a peaceful sleep."""
KIA,Know it all,"He’s such a KIA, always correcting people.","Refers to someone who acts as if they know everything, often in an annoying way.  ",This person exhibits an unyielding assertion of knowledge and persistently interjects with corrections to others' statements.
KIR,Keep it real,"No matter what happens, just KIR.",A phrase encouraging someone to stay genuine or authentic.  ,"Maintain authenticity and honesty at all times, irrespective of the situation."
KISS,"Keep it simple, stupid",Remember the KISS principle while writing the report.,A reminder to keep things straightforward and simple.  ,Simplify the structure of your report for clarity and conciseness.
KIT,Keep in touch,"It was great seeing you, KIT!",A way of telling someone to stay in contact after parting ways.  ,Maintaining contact with you has been a delightful experience. I look forward to further correspondence.
KMA,Kiss my ass,"If they don’t like it, they can KMA.",A rude or defiant response when someone doesn’t care about others' opinions.  ,"In such circumstances, I would recommend they articulate their dissent with a degree of decorum and civility."
KMK,Kiss my keister,Don’t like my opinion? KMK!,"A playful or slightly less rude version of ""Kiss my ass.""  ",Express your differing viewpoint regarding my opinion with the same level of courtesy that it was initially presented.
KMS,Killing myself,"I have so much homework, KMS.",A hyperbolic or humorous expression used to convey extreme frustration or stress.  ,The burden of my homework is such that I feel the urge to resign from life itself.
KMT,Kiss my tushie,"You don’t agree? Well, KMT.","A very lighthearted and playful version of ""Kiss my ass.""  ","""Permit me to express an opposing viewpoint, should it be of displeasure on your part."""
KOC,Kiss on cheek,I gave her a KOC when we said goodbye.,Refers to a friendly or affectionate kiss on the cheek.  ,He affectionately brushed lips against hers in a tender farewell gesture.
KOL,Key opinion leader,He’s a KOL in the tech industry.,Refers to someone who is highly influential in a particular field.  ,He serves as a prominent thought leader in the technology sector.
Koreaboo,Someone obsessed with Korean culture,"She’s a total Koreaboo, always watching K-dramas.","Refers to someone who is overly fascinated with Korean culture, often in a positive or humorous sense.  ","The individual exhibits an intense fascination with South Korean culture, frequently engaging in the consumption of K-dramas."
KOS,Kid over shoulder,"KOS right now, I’ll text you later.","Used to indicate that a child is nearby, often as a warning to avoid inappropriate language.  ","An individual presently stands kid-in-tow behind me; I shall provide my response shortly, via a forthcoming text message."
KOS,Kill on sight,That enemy guild is KOS in this area.,A gaming term used to describe players or characters who should be attacked immediately.,"Upon the appearance of that enemy guild within these confines, their eradication shall be carried out promptly and decisively."
KOW,Knock on wood,"I haven’t been sick all year, KOW!",Used to avoid bad luck after mentioning something positive or fortunate.  ,"While I have enjoyed excellent health throughout this past year, it is customary to express a sense of hopeful caution, hence: May continued good health be my fortune in the coming months."
KOTC,Kiss on the cheek,We said goodbye with a KOTC.,Refers to a friendly or affectionate kiss on the cheek.  ,Farewell was tenderly expressed with a cordial air kiss.
KOTD,Kicks of the day,"Check out my new sneakers, KOTD!","Refers to the shoes someone is wearing, often shared on social media.  ",I should be delighted if you could offer your assessment of my latest footwear acquisition.
KOTL,Kiss on the lips,We had our first KOTL last night.,Refers to a romantic kiss on the lips.  ,They exchanged a passionate lip-to-lip greeting last evening.
KNIM,Know what I mean?,"It’s been a tough day, KNIM?",Used to check if the listener understands or agrees with what’s being said.  ,"""Have you encountered any difficulties today that you'd care to discuss?"""
KNOW,knowledge,He’s got a lot of KNOW about computers.,Refers to someone’s expertise or understanding of a subject.  ,He demonstrates profound comprehension regarding computer systems.
KPC,Keeping parents clueless,"We stayed out late, KPC!",Refers to keeping information or activities hidden from parents.  ,"Maintaining a discreet absence from home beyond parental knowledge, they ensured to remain apprised of their ignorance."
KS,Kill then steal,That player just KS’d me in the game!,Used in gaming when someone kills an enemy and then takes the loot or rewards.  ,"The individual, to whom I refer, has unjustifiably appropriated the acclaim for a project within the game that was my accomplishment, thereby denying me due recognition."
KSC,"Kind of, sort of chuckle","That joke was funny, KSC.","Used to indicate mild amusement, like a small laugh.  ",The jest evoked a mildly amusing chuckle.
KT,Katie,I’m hanging out with KT tonight.,"A short or playful spelling of the name ""Katie.""  ",The evening's engagement will be in the company of Miss Katherine tonight.
KUTGW,Keep up the good work,"Your presentation was awesome, KUTGW!",A way of encouraging someone to continue doing a good job.  ,Your dedication to your work is commendable; maintain this level of fervor.
KYS,Kill yourself,"That was such a bad move, KYS!","A harsh and offensive phrase, typically used inappropriately online.  ",Your actions were of profoundly reckless nature. A more considered approach is strongly advised in future circumstances.
L2G,Like to go?,L2G for a coffee?,Used to ask someone if they would like to go somewhere.  ,Shall we perhaps take some time for a cup of coffee together?
L2G,(would) Love to go,"That sounds great, I L2G!",Expresses enthusiasm for going somewhere or joining an activity.  ,I would delight in accompanying you on your outing.
L2K,Like to come,"We’re heading out to dinner, L2K?",Used to invite someone to join an event or outing.  ,Shall we arrange a dining engagement this evening?
L2P,Learn to play,"You keep dying early, L2P!",A phrase used in gaming to suggest someone needs to improve their skills.  ,Commence honing your skills: Achieve mastery in the art of play!
l33t,"Leet, meaning ‘elite’",His coding skills are so l33t.,"Refers to someone being highly skilled, often in gaming or technology.  ",His programming abilities exhibit an elite mastery.
L4L,Like for like ,Follow me for a L4L!,A social media term used when someone offers to like or follow someone in return for the same action.  ,"Kindly reciprocate the action by following my account in a corresponding manner, similar to how you expect others to follow yours."
L8R,Later,I’ll catch you L8R!,"A casual way of saying goodbye or ""see you later.""  ",I shall be in touch at a later time.
L8RG8R,"Later, gator","Gotta run, L8RG8R!","A playful way to say goodbye, often used in friendly conversations.  ","My apologies for the inconvenience, but I must depart at this moment. However, rest assured, our conversation shall continue at a later time. Farewell."
LAB,Life is a bitch,"This week has been so stressful, LAB.",Used to express frustration about life’s difficulties.  ,Life's current course presents considerable challenges.
LBAY,Laughing back at you,"That was a good one, LBAY!","A playful response to something funny, showing mutual amusement.  ","Acknowledged, that did provoke a chuckle from me."
LBS,"Laughing, but serious","You need to stop doing that, LBS.","Indicates that while something might seem humorous, the speaker is serious about the underlying message.  ","Display a considerable amount of restraint, indeed."
LBVS,"Laughing, but very serious","I’m laughing, but LBVS, you need to fix that.",Similar to LBS but with more emphasis on the seriousness.  ,"While maintaining a tone of amusement, I underscore the importance of addressing the subject with utmost seriousness."
LD,"Later, dude","It’s been fun, LD!","A casual way to say goodbye, usually to a male friend.  ",I appreciate our conversation thus far; let us engage again at a more opportune moment.
LD,Long distance,We’ve been in an LD relationship for a year.,Refers to a relationship where the people involved live far apart.  ,I have been maintaining a relationship over significant physical distances for the past year.
LDO,"Like, duh obviously","We’re going to the concert, LDO!",Used to point out something that should be obvious to the listener.  ,"Indeed, it is evident that we shall be present at the concert."
LEMENO,Let me know,LEMENO if you’re free this weekend.,A casual way of asking someone to inform you about something.  ,Kindly inform me if your schedule permits this weekend.
LERK,Leaving easy reach of keyboard,"I’ll be LERK for a bit, need to grab lunch.",Used to indicate that someone will be away from their computer for a while.  ,"I shall momentarily abscond from my digital station, in order to attend to a midday repast."
LFD,Left for day,"The boss has LFD, we’ll continue tomorrow.",Refers to someone who has left work or an activity for the rest of the day.  ,"The supervisor is absent on this day, allowing us to proceed with our tasks until tomorrow."
LFG,Looking for group,I’m LFG for tonight’s raid.,A term used in online games when searching for other players to form a group.  ,I am seeking to join a party for tonight's raid.
LFG,Looking for guard,"Our base is under attack, LFG!",Used in certain games to refer to seeking protection or assistance.  ,"We require immediate assistance at our post, given the current hostile situation."
LFM,Looking for more,"We need more players for the dungeon, LFM.",A gaming term used when recruiting additional players for a group or activity.  ,Further reinforcements are required for the dungeon exploration; we seek additional participants.
LGH,Lets get high,"It’s Friday night, LGH.",Refers to the desire to use drugs or get intoxicated.  ,Let us embark on an evening of leisure pursuits that provide an elevated sensory journey.
LH6,Lets have sex,"We’ve been flirting all night, LH6?",A direct and casual invitation for intimacy.  ,"""Shall we deepen our connection through a mutually agreeable and considerate intimate act?"""
LHSX,Lets have sex,She texted me LHSX after the party.,Another way to suggest engaging in sexual activity.  ,The proposition put forth after the festivities suggested an intimate liaison.
LHM,Lord help me,"This project is driving me crazy, LHM.","An expression of frustration or exasperation, asking for divine assistance.  ","This undertaking is proving exceedingly trying, and I find myself in a state requiring urgent aid, much like one might implore, ""Lord help me."""
LHO,Laughing head off,That story had me LHO!,"A phrase used to express extreme laughter, similar to ""LOL"" but more intense.  ",The narrative provoked uncontrollable bouts of laughter from me.
LI,LinkedIn,I just updated my LI profile.,Refers to the professional networking site LinkedIn.  ,I have recently revised my professional online persona.
LIC,Like I care,You don’t like my opinion? LIC!,A dismissive response indicating indifference.  ,"Despite your differing viewpoint, I must clarify that my personal feelings towards the matter remain unaltered."
LIK,Meaning liquor,We need some LIK for the party.,Refers to alcoholic beverages in a casual or slangy way.  ,"For the celebration, a strong spirits selection is required."
LIMT,Laugh in my tummy,"That joke was so cute, LIMT!","Used to describe a warm, lighthearted laugh or amusement.  ",My laughter resonated deeply due to the hilarity of the jest.
LIT,really good or something fun and exciting,The concert last night was LIT!,"Describes something that was very exciting, fun, or impressive.  ","The concert last night was decidedly lively and entertaining, offering an exhilarating experience."
LIT,Extremely intoxicated,We were so LIT after that party.,"Refers to being heavily intoxicated, often from alcohol or drugs.  ",The collective exhibited an extraordinary level of intoxication following the festivities.
LLGB,"Love, later, God bless","I’ve got to go now, LLGB.","A heartfelt goodbye, often used in a spiritual or affectionate way.  ","With affection, I must depart now; may blessings accompany you on your journey, and may we meet again in better times."
LLS,Laughing like silly,That meme had me LLS!,"Describes uncontrollable laughter, usually over something particularly funny.  ",The meme provoked a fit of hearty laughter in me.
LMAO,Laughing my ass off,"Your story is hilarious, LMAO!","A stronger version of LOL, expressing extreme amusement.  ",I am finding your story immensely amusing; I am virtually rolling with laughter.
LMBO,Laughing my butt off,"I couldn’t stop laughing, LMBO!","A milder version of LMAO, used to express laughter.  ","Overwhelmed with mirth, I found myself unable to suppress my uproarious laughter."
LMFAO,Laughing my freaking ass off,That prank had me LMFAO!,An even stronger expression of laughter than LMAO.  ,The jest prompted an uproarious outburst of laughter from me.
LMIRL,Lets meet in real life,"We’ve been chatting for weeks, LMIRL sometime?",Used to suggest meeting someone face-to-face after interacting online.,"Following some engaging digital discourse, might we perhaps arrange a face-to-face encounter for continuation and enhancement of our dialogue?"
LMK,Let me know,LMK if you need help with your project.,A polite way of asking someone to provide updates or inform you about something.  ,"""I would be grateful if you could keep me apprised should you require assistance with your project."""
LMMFAO,Laughing out loud,That joke had me LMMFAO!,"A stronger version of LMAO, indicating uncontrollable laughter.  ","The jest provoked an audible, hearty laughter from me."
LMNK,Leave my name out,"I don’t want to get involved, so LMNK.",A way of telling someone to exclude you from a situation or conversation.  ,Kindly ensure that my involvement or association with this matter remains unmentioned in any capacity.
LMS,Like my status,LMS if you’re ready for the weekend!,Commonly used on social media to ask people to like a status post.  ,"Should one be prepared for the approaching weekend, might one kindly apprise me thereof?"
LNT,Meaning lost in translation,"That joke didn’t make sense, it was LNT.",Refers to something that doesn’t translate well or is misunderstood.  ,"The humor seemed to have gotten lost in its translation, rendering it incomprehensible."
LOA,List of acronyms,Here’s an LOA for the project terms.,"A reference to a list of commonly used acronyms, often for clarity in communication.  ","For the sake of clarity, this project employs the following abbreviations: List of Defined Terms"
LOL,Laughing out loud,That cat video made me LOL!,"A simple way to express that something is funny, often used in text or chat.  ",The cat video provoked a hearty laughter from me.
LOL,Laugh out loud,"The movie was so funny, I couldn’t stop LOL.",Another version of laughing at something funny.  ,"The film elicited such hearty laughter from me that it might be aptly conveyed as a burst of spontaneous, audible mirth, or simply put, a genuine case of ""unsuppressed amusement."""
LOL,Lots of love,"Miss you, LOL!","A way to express affection, often confused with the ""laughing out loud"" version.  ","Sincerely hoping that this message may bring a touch of joy and warmth to your day, as I am missing you profoundly."
LOLH,Laughing out loud hysterically,That meme has me LOLH!,Indicates an even more intense level of laughter than LOL.  ,The meme provoked an uproarious fit of laughter from me.
LOLO,Lots of love,Sending you LOLO from across the miles.,"A message of affection or support, typically used in close relationships.  ",Sincere wishes are extended to you from afar.
LOLWTF,Laughing out loud ,"That situation was so bizarre, I’m LOLWTF!","Expresses extreme surprise and laughter, often in response to something unexpected.  ",The bizarrely peculiar circumstance elicited from me a response of simultaneous amusement and bewilderment.
LOTI,Laughing on the inside,"That was mildly funny, but I’m just LOTI.","Used when something is amusing, but you’re not physically laughing.  ","Although it offered some amusement, it elicited only a mild response from me, concealed beneath a veil of restraint."
LOTR,Lord of The Rings ,I just rewatched LOTR last weekend.,Refers to the popular *Lord of The Rings* book or movie series.  ,"During the most recent weekend, I revisited the cinematic rendition of J.R.R. Tolkien's epic tale, ""The Lord of the Rings."""
LQTM,Laughing quietly to myself,"That was pretty funny, I’m LQTM over here.","Describes chuckling or laughing softly, usually in a subtle way.  ","In that instance, I could not help but suppress a quiet, reserved chuckle at the humor presented."
LSHMBH,Laugh so hard my belly hurts,That stand-up comedian had me LSHMBH!,"Indicates extreme laughter, to the point where it causes physical discomfort.  ",The performance of the stand-up comedian was so uproariously amusing that it induced a sensation of physical discomfort due to intense laughter.
LSV,"Language, sex and violence",This movie is rated for LSV.,"Refers to content warnings in media for mature audiences due to language, sexual content, or violence.  ","The film features mature themes encompassing robust language, intimate relationships, and graphic depictions of violence."
LTD,Living the dream,"I just got a promotion, LTD!","Used to express contentment or success in life, sometimes sarcastically.  ",I am delighted to announce that I have recently been promoted. This development signifies a significant step towards realizing my aspirations and embodies the essence of personal and professional fulfillment.
LTLWDLS,Let’s twist like we did last summer,"Can’t wait for the party, LTLWDLS!","A playful reference to dancing or having fun, often nostalgic.  ",I eagerly look forward to potentially revisiting the delightful experiences we shared in the previous summer.
LTNS,Long time no see,"Wow, LTNS! How have you been?",Used when reconnecting with someone after a long absence.  ,"Indeed, it's been a considerable interval since our last encounter. I hope this message finds you thriving and in good health."
LTOD,Laptop of death,"My old laptop keeps crashing, it’s an LTOD!",Refers to an old or malfunctioning laptop that causes frustration.  ,"The aforementioned laptop, previously in my possession, frequently succumbed to system malfunctions, rendering it, essentially, an unserviceable digital workstation."
LTS,Laughing to self,I read your message and started LTS.,Indicates that something was amusing enough to laugh quietly alone.  ,"Upon perusing your communication, a moment of private amusement ensued."
LULT,Love you long time,"Thanks for always being there, LULT!","A phrase expressing enduring affection, often used playfully.  ",I am profoundly grateful for your continued assistance; thank you wholeheartedly.
LULZ,"Meaning joke, or for laughs",I joined the prank for the LULZ.,Refers to doing something purely for fun or as a joke.  ,I undertook the jesting endeavor primarily for entertainment and amusement.
LVM,Left voice mail,"I LVM, call me back when you can.",Used to inform someone that you left them a voicemail.  ,Kindly find a message in your voicemail box. I would appreciate it if you could return my call at your earliest convenience.
LWOS,Laughing without smiling,"That was so dry, I’m LWOS over here.",Refers to finding something funny but not showing it outwardly.  ,"The observation elicited an unvoiced, awestruck laughter from me."
LY,Love ya,"Goodnight, LY!","A casual way of saying ""I love you,"" often used with friends or family.  ","Farewell, my warmest regards to you."
LYLAS,Love you like a sis,"You’re the best, LYLAS!","Used to express strong affection between close female friends, like sisters.  ","Your exceptional qualities leave me in awe. I deeply value our shared experiences and companionship, much like one would cherish a deep bond with a sister."
LYLC,Love you like crazy,"You’re amazing, LYLC!",An exaggerated way to show affection or love for someone.  ,"Dear Sir/Madam,"
LYSM,Love you so much,"I miss you, LYSM!","Used to express deep love or affection, often to a close friend or partner.  ",My deepest affection for you remains unabated.
M$,Microsoft,I just installed the latest update from M$.,"Refers to the tech company Microsoft, often used in tech-related discussions.  ",I've just implemented the latest upgrade provided by the tech giant.
M8,Mate,"How’s it going, M8?","A slang term for ""mate,"" often used in British English to refer to a friend.  ","Greetings, kind sir or madam, how fares your day?"
MB,Mamma’s boy,"He’s always calling his mom for advice, such an MB.",Refers to someone who is overly dependent on or attached to their mother.  ,His frequent recourse to his mother for counsel might be construed as an over-reliance or deep-seated affection towards her.
MBS,Mom behind shoulder,"I can’t talk about that right now, MBS.","A warning that someone’s mom is nearby, often used to indicate a need for discretion.  ",I am currently unable to engage in this topic due to my mother being in close proximity.
MC,Merry Christmas,Wishing you all a MC and a Happy New Year!,"A holiday greeting, often used in December.  ",Wishing you an equally joyful Christmas and a fruitful New Year!
MDIAC,My Dad is a cop,"MDIAC, so I know a lot about law enforcement.","Used to let someone know that the speaker’s father is a police officer, often as a disclaimer or warning.  ","""Given my personal relationship with a police officer, I possess an exceptionally deep insight into the world of law enforcement."""
MEGO,My eyes glaze over,"Whenever they talk about quantum physics, MEGO.",Describes becoming bored or overwhelmed by a complex or dull subject.  ,"My comprehension wanes when confronted with discourses on quantum physics, rendering sustained focus elusive."
MEH,shrugging shoulders,"That movie was MEH, nothing special.",Expresses indifference or lack of enthusiasm about something.  ,"The film elicited a sense of indifference, neither inspiring great enthusiasm nor disappointing expectations."
MEH,just okay,"The food was MEH, not great but not terrible.",Used to describe something as average or mediocre.  ,"The culinary offering was passably acceptable, with potential for enhancement."
MEHH,sighing,"It’s been a long day, MEHH.",A sound or expression of weariness or resignation.  ,"Today has been decidedly tedious, alas."
MEZ,mesmerize,"That performance was MEZ, I couldn’t look away.",Used to describe something captivating or enchanting.  ,"The spectacle held such an enchanting allure that I found myself utterly captivated, unable to tear my gaze away."
MFI,Mad for it,I’m MFI for the new season of the show!,Used to express intense excitement or enthusiasm about something.  ,I am utterly enthused by the impending season of the show; I cannot wait!
MFW,My face when,MFW I found out the concert was canceled.,"Used to describe a facial reaction to a specific event or news, often accompanied by a meme.  ","Upon receiving news of the concert's cancellation, an expression of dismay momentarily graced my countenance."
MGB,May God bless,"Hope everything goes well, MGB.",A heartfelt or spiritual way to wish someone well.  ,May fortune favor your endeavors; grant you success.
MGMT,Management,I’ll check with MGMT before making a decision.,Refers to the management team or leadership in an organization.  ,I shall consult my superiors before arriving at a decision.
MHOTY,My hat off to you,"You did an amazing job, MHOTY!",A phrase used to show respect or admiration for someone’s accomplishment.  ,"My profound admiration is extended to you for your remarkable achievement; bravo, Sir/Madam!"
MIRL,Me in real life,"This meme is so relatable, it’s MIRL.",Refers to something that represents the speaker’s real-life experience or personality.  ,"The depicted meme resonates profoundly with my genuine life experiences, offering an uncannily precise reflection of reality."
MIRL,Meet in real life,"We’ve been talking online for months, let’s MIRL soon.",Used to suggest meeting someone face-to-face after interacting online.  ,"Let us arrange an in-person rendezvous, as our virtual exchanges have persisted for a substantial duration, and it would be delightful to finally make contact offline."
MISS.3,3-year old daughter,"I’m with MISS.3, we’re going to the park.",A way of referring to one’s 3-year-old daughter in online conversations or posts.,"Presently, I am caring for a child who is three years of age, and we are coordinating an outing to the park."
MKAY,"Mmm, okay”","That’s your plan? MKAY, sounds good.",A playful or slightly sarcastic way of agreeing with someone.,Understood. The suggested plan seems commendable.
MLM,give the middle finger,"He was being so rude, so I gave him the MLM.",Used to describe the action of giving someone the middle finger as a rude gesture.  ,"I extended a dismissive gesture towards him, employing a gesture customarily regarded as an expression of disdain or disrespect."
MM,Sister ,Hanging out with my MM this weekend.,"A shorthand way to refer to a sister, often in casual or affectionate conversation.  ",I shall be in the company of my dear sibling this upcoming weekend.
MMK,Meaning okay?,You’re coming over later? MMK?,"A casual way of confirming something, often with a slight tone of questioning.  ","Understood, is it possible for you to let me know if you will be dropping by later?"
MNC,Mother nature calls,"Sorry, MNC—I’ll be right back.",A polite or humorous way of saying someone needs to use the restroom.  ,"Excuse me, a brief absence is necessary due to a call of nature - I shall return shortly."
MNSG,message in Spanish,"I just received an MNSG, can you help translate?",Used to indicate that a message has been sent or received in Spanish.  ,I've recently obtained a communication in Spanish; could you assist me in its translation?
MOD,Moderator,The MOD had to step in and calm things down.,"Refers to someone who moderates discussions or content in forums, chatrooms, or games.  ",The enforcer of rules and order was called upon to reinstate tranquility.
MOD,Modification,I downloaded a new MOD for the game.,Refers to a custom modification made to a video game or software to alter its functionality or appearance.  ,I have installed a latest modification to the game.
MORF,Male or female?,You didn’t mention—MORF?,"A question used to ask someone’s gender, often in online chat or forums.  ","Inquired, yet uninformed—could you clarify the individual's gender?"
MOMBOY,Mamma’s boy,"He’s such a MOMBOY, always calling his mom for advice.",A slang term for someone who is overly attached or dependent on their mother.  ,"He demonstrates a profound reliance upon his mother, frequently seeking her guidance."
MOO,My own opinion,"In MOO, that’s not the best approach.",Used to indicate that what is being said is the speaker’s personal opinion.  ,"In my considered judgment, I find this method to be ineffective."
MOOS,Member of the opposite sex,Are you bringing a MOOS to the party?,"Refers to a person of the opposite gender, often in casual or humorous conversation.  ",Will a member of the opposite sex be present with you at the gathering?
MOS,Mother over shoulder,"Can’t talk about that right now, MOS.","A warning that someone’s mother is nearby, so the conversation should be appropriate.  ","I regret to inform you that I am unable to engage in that discussion at present, as my mother is nearby."
MOSS,Member of same sex,We’ve got a MOSS joining our team.,Refers to someone of the same gender in casual conversation.  ,A newly appointed fellow colleague of the masculine gender is set to join our team.
MP,Mana points ,"I’m out of MP, need to recharge.",Used in gaming to refer to the points that allow a character to use magic or special abilities.  ,My energy reserves have been fully expended; I must replenish them.
MR.3,3-year old son,Spending the afternoon with MR.3 at the park.,A way of referring to one’s 3-year-old son in online discussions or posts.,"Engaging in an after-noon recreation at a public park, accompanied by a child of three years old. This could alternatively be expressed as: ""Spending the afternoon at the park with MR.3."""
MRT,Modified ReTweet,I made an MRT of that tweet with my own comment.,Refers to retweeting something on Twitter with slight modifications or added comments.  ,Created a re-shared tweet with an incorporated personal remark as an annotation.
MRW,My reaction when,MRW I found out the concert was canceled.,"Used to describe one’s reaction to a situation, often accompanied by a meme or image.  ","Upon receiving the news of the concert's cancellation, one could envision an equivalent response akin to that expressed in the slang term 'MRW'. Hence, the following revised sentence aims to preserve the original sentiment and emotional tone:"
MSG,Message,I’ll send you an MSG later with the details.,"Refers to sending someone a message, often in the context of texting or social media.  ","I shall convey the particulars to you at a subsequent point in time, through communication."
MTF,More to follow,"I’ll send the first draft now, MTF on updates.",Used to indicate that more information or content is coming.  ,Kindly expect an initial draft shortly; subsequent revisions will be forthcoming.
MTFBWU,May the force be with you,Good luck on your test! MTFBWU!,A phrase from *Star Wars* used to wish someone good luck or success.  ,I trust that the unseen forces favorably guide your endeavors in the upcoming examination. May fortitude and wisdom be your companions throughout the process.
MU,Miss you,"It’s been so long since we hung out, MU!",A short way of expressing that you miss someone.  ,"Dear Friend, it is some time since our last encounter; my sentiments have echoed a longing for your presence."
MUAH,Multiple unsuccessful attempts at humor,I tried making a joke but it was MUAH.,Used humorously to acknowledge failed attempts at being funny.  ,The repeated endeavors to elicit laughter were consistently met with silence.
MUSM,Miss you so much,"Haven’t seen you in ages, MUSM!","A stronger version of ""miss you,"" expressing deep feelings of missing someone.  ","Although it has been a while since we last met, my absence from your company is keenly felt."
MWAH,kiss,"Goodnight, MWAH!",A playful or affectionate way to send a kiss in a message.  ,Farewell. May peaceful dreams be yours tonight.
MYO,Mind your own business,"That’s personal, MYO!",A blunt way of telling someone to stay out of your affairs.  ,Kindly focus on your own affairs; I request you to desist from meddling in mine.
MYOB,Mind your own business,"I’ll handle it myself, MYOB.","Similar to MYO, used to tell someone to stay out of your concerns.  ","""May I request that you allow me to manage this matter independently, as your involvement is not necessitated at present."""
n00b,Newbie,"Don’t worry, everyone’s a n00b at first.","Refers to someone who is new or inexperienced, especially in gaming.  ",Every individual embarks upon an endeavor with initial novice status.
N1,Nice one,"You really aced that presentation, N1!",Used to compliment someone for a job well done.  ,Exceptionally impressive presentation you delivered; kudos to you.
N2M,Nothing too much,What’s up with you? N2M over here.,A casual way to say that not much is happening.  ,"Greetings! I trust you're faring well. As for me, nothing out of the ordinary."
NADT,Not a darn thing,What’s new? NADT.,Another way to say that nothing is going on or nothing has changed.  ,The current update conveys absolutely no fresh developments.
NALOPKT,Not a lot of people know that,"This plant is rare, NALOPKT!",Used to share interesting or obscure information.  ,Few individuals possess knowledge of this plant due to its relative rarity.
NANA,"Not now, no need","I was going to call, but NANA—it’s handled.",Used to indicate that something isn’t necessary at the moment.  ,"Given that the situation appears to have been successfully addressed, I find no immediate necessity for our communication at this time."
NBD,No big deal,"I fixed the problem, NBD.",Used to downplay the significance of something.  ,"While the situation has been successfully addressed, it remains of minor importance."
NBFAB,No bad for a beginner,"You’re doing great for your first try, NBFAB!",A way to compliment someone who is new at something but performing well.  ,Your display of proficiency is notably impressive given your inexperience. Commendable effort!
NC,Nice crib ,"I love your new place, NC!",A compliment on someone’s house or living space.  ,I am most impressed by the distinct elegance of your residence.
ND,Nice double,"You hit two home runs, ND!","Used in sports, especially baseball or tennis, to compliment a well-played double.  ",Your dual achievements are nothing short of remarkable!
NE,Any,Do you have NE idea what time the show starts?,"A shorthand way of saying ""any,"" often used in casual text or chat.  ",In what hour or minutes does the performance commence?
NE1,Anyone,Is NE1 coming to the game tonight?,"A shorthand way of saying ""anyone,"" often used in text or online communication.  ",Is there anyone planning to attend the game this evening?
NERF,Changed and is now weaker,They NERFed my favorite character in the game!,A gaming term used when a character or weapon has been weakened in an update or patch.  ,The modifications implemented on my chosen in-game character have resulted in a diminished level of potency or efficiency.
NFM,None for me ,"I’ll pass on dessert, NFM.",Used to indicate that you don’t want something being offered.  ,I shall graciously abstain from partaking in your offered dessert.
NFM,Not for me,"I tried it, but it’s NFM.",A way to say that something isn’t suited to your preferences.  ,"While I undertook the endeavor, my preferences do not align with it."
NGL,Not going to lie,"NGL, that was the best meal I’ve had in a while.","Used to introduce a statement of honesty, often in casual conversation.  ","I must confess, that was an exceptionally remarkable meal I've tasted in recent times."
NFS,Need for Speed,I’m addicted to playing NFS.,Refers to the popular racing video game *Need for Speed*.  ,"My profound engagement is centered around the digital racing world of ""Velocity Unleashed,"" an homage to the spirit embodied by 'NFS'."
NFS,Not for sale,"That car is NFS, sorry!",Indicates that something is not available for purchase.  ,"The particular vehicle under consideration remains unsalable, I regret to inform you."
NFW,No *freaking* way,You got tickets to the concert? NFW!,Used to express disbelief or surprise.  ,Under no circumstances have I acquired any admission passes for the concert.
NFW,Not for work,"That meme is NFW, don’t open it here!",Used to describe content that is inappropriate for the workplace.  ,The content of this meme may be inappropriate for professional settings; please avoid viewing it during work hours.
NFWS,Not for work safe,"Be careful with that link, it’s NFWS.","A variation of NFW, indicating that something is not safe to view in a work environment.  ","Exercise caution with that link, as it may be deemed unsuitable for formal or work-related environments due to its explicit nature."
NH,Nice hand ,"You played that perfectly, NH!",Used in card games to compliment someone’s well-played hand.  ,Bravo on your impeccable execution; truly a commendable effort.
NIFOC,Naked in front of computer,"I’m home alone, NIFOC right now.",A playful or humorous way to describe being undressed while using the computer.  ,"While domiciled privately, I find myself unclothed yet engaged in computational activities."
NIGI,Now I get it,"Oh, I misunderstood earlier, NIGI now.",Used to indicate understanding after something is explained or clarified.,"Upon my former misconceptions, clarity has been attained."
NIMBY,Not in my back yard,"They’re proposing a new building, but it’s a total NIMBY situation.",Refers to someone opposing developments or changes near their home while accepting them elsewhere.  ,"A significant resistance is manifested among the local community in response to the suggested establishment of a new building, primarily due to its proximity."
NIROK,Not in reach of keyboard,"BRB, NIROK for a few minutes.",Used to let someone know that you’re temporarily away from your computer.  ,I shall momentarily be absent from my keyboard.
NLT,No later than,Please send the report NLT Friday.,A deadline indicator meaning something needs to be done by a certain time.  ,Ensure that the report is delivered no later than the close of business on Friday.
NM,Nothing much,"What’s up? NM, just hanging out.",A casual way to say that nothing significant is happening.  ,"At present, I find myself in a state of relaxation with things proceeding favourably."
NM,Never mind,"Wait, NM, I found the answer.",Used to dismiss or retract a previous statement.  ,"My apologies if there was any earlier misunderstanding; however, I have now discovered the solution to the query at hand, hence, the matter need not concern us further."
NM,Nice meld,"You played that card well, NM!",A compliment used in card games like rummy for a well-played combination.  ,Remarkable execution of strategy; commendations for the achieved success. (Alternatively: Your strategic implementation warrants considerable acclaim.)
NMH,Not much here,"How’s it going? NMH, just relaxing.",A casual way to say that nothing significant is happening where you are.  ,"Your current state exhibits a sense of leisure, given that you're momentarily at liberty."
NMJC,"Nothing much, just chilling",What are you up to tonight? NMJC.,A relaxed way to say that you’re not doing anything important.  ,My evening arrangements primarily entail leisurely pursuits without any distinct engagements.
NMU,"Not much, you?",Hey! What’s going on? NMU?,"Used to respond to someone asking what’s happening, then asking the same question back.  ",Greetings! I hope this day finds you well. Any significant developments or changes in your world that you'd like to share?
NO1,No one,I told NO1 about the surprise.,"A shorthand way to say ""no one,"" often used in texts or chat.  ",I did not disclose the surprise to anyone.
NOOB,someone who is bad at online games,"That player kept dying, total NOOB.","Refers to a new or unskilled player, especially in online gaming.  ","The individual demonstrated a marked lack of proficiency and apparent inexperience in the digital gaming arena, thereby suggesting a neophyte or unskilled participant."
NOWL,knowledge,He’s got some serious NOWL about computers.,Refers to expertise or understanding in a particular subject.  ,His comprehension of computer systems is profound.
NOYB,None of your business,What’s going on with you? NOYB!,A blunt way to tell someone to stay out of your personal matters.  ,"""That matter is beyond the scope of my concern."""
NP,No problem,Thanks for your help! NP!,A casual way to say that something wasn’t an issue or that you’re happy to assist.  ,"My utmost pleasure, sir/madam! (Informal: It's all good!)"
NPC,Non-playing character,That NPC just gave me a quest.,Refers to characters in video games that are controlled by the game and not by players.  ,"The individual behaved in a predictable or formulaic fashion, presenting me with a predetermined task or duty."
NQT,Newly qualified teacher,She’s doing great as an NQT!,Refers to someone who has recently qualified as a teacher.  ,She demonstrates proficiency in her capacities as a recently appointed educator.
NR,Nice roll,"You got double sixes, NR!",A compliment used in dice games when someone gets a good result.  ,Impressive achievement! The occurrence of two sixes undeniably signifies a remarkable result.
NRN,No response necessary,I just wanted to update you—NRN.,Used to indicate that a reply isn’t required.  ,"I am simply providing an update for your information, and a reply is unnecessary."
NS,Nice score,"You got 100 points, NS!",A compliment for getting a high or impressive score.  ,Your achievement is commendable indeed - a testament to your exceptional effort and skill; well done!
NS,Nice split,"That bowling split was tough, but NS!",A term used in bowling to compliment a difficult split being handled well.  ,"The intricate and commendable bowling maneuver, despite its challenges, was notably impressive."
NSA,No strings attached,"I’m not looking for anything serious, just NSA.",Refers to a relationship or interaction without emotional commitment or expectations.  ,My intention is to engage in informal relationships devoid of any future obligations or expectations of permanence.
NSFL,Not safe for life,"That video is NSFL, don’t watch it!",A warning that content is so disturbing that it might not be suitable for anyone.  ,"The content of this video is unsuitable for a wide audience; I implore you to refrain from viewing it, as its nature may prove detrimental to life itself."
NSFW,Not safe for work,"That image is NSFW, don’t open it at the office!",Used to indicate that content is inappropriate to view in a professional or public setting.  ,The content of this image may not be appropriate for a professional environment; it is recommended to avoid opening it at work.
NSISR,Not sure if spelled right,"I think it’s ‘accommodate,’ NSISR.",Used when unsure about the correct spelling of a word.  ,"While I am uncertain regarding the correct spelling, my assumption leans towards the word ""accommodate."""
NT,Nice try,"You didn’t win, but NT!","A polite way of acknowledging someone’s effort, even if they didn’t succeed.  ","Your attempt was commendable, albeit falling short of the mark."
NTHING,Nothing,"What’s up? NTHING, just relaxing.",A casual way to say that nothing is happening.  ,"Inquiring minds wish to know: how fares thou at present? I find myself quite unoccupied presently, indulging in a moment of repose instead."
NTS,Note to self,NTS: Remember to send the email tomorrow.,Used to remind oneself of something important.  ,Personal Memo: Dispatch of the email is scheduled for tomorrow.
NVM,Never mind,"Forget what I said, NVM.",A way to retract a statement or indicate that something is no longer relevant.  ,My apologies for any confusion; the earlier reference holds no significance.
NVR,Never,I’d NVR do that!,"A shorthand way of saying ""never,"" often used for emphasis.  ",Such an action will not occur under any circumstances.
NW,No way,You won the lottery? NW!,Used to express surprise or disbelief.  ,Under no circumstances can it be believed that you have won the lottery.
NWO,No way out,This situation feels like there’s NWO.,Refers to a situation that feels like it has no solution or escape.  ,This predicament appears utterly intractable.
O4U,Only for you,I saved the last slice O4U!,A sweet or affectionate way to indicate that something is exclusively for someone.  ,This final piece has been reserved exclusively for your enjoyment.
O,Opponent ,We’re facing a tough O in the next round.,Used to refer to the opposing player or team in a game or competition.  ,Ensuing confrontation promises to engage us with a significant adversary.
O,hugs,"Sending you O, hope you feel better soon!","A shorthand for sending hugs, often used in friendly or affectionate messages.  ","My heartfelt embraces are with you, wishing for your swift recuperation."
O,Over,"Mission complete, O.",Used in radio communications or similar settings to indicate that a message is finished.  ,Operation conclusively achieved to a decisive extent.
OA,Online auctions,I got a great deal through OA.,"Refers to websites where items are bought and sold via auction, such as eBay.  ",Secured an advantageous purchase via digital auction platforms.
OATUS,On a totally unrelated subject,"OATUS, did you see the game last night?",Used to introduce a completely unrelated topic in conversation.  ,"May I inquire if perchance you had the opportunity to view the match from last evening, a topic seemingly disconnected?"
OB,Oh baby,"That was an amazing shot, OB!","An expression of excitement or admiration, often in a playful or affectionate tone.  ","Indeed, that was a remarkably impressive shot, my dear."
OB,Oh brother,You lost your keys again? OB!,Used to express mild frustration or exasperation.  ,"Have you misplaced your keys once more? Upon my word, it seems familiar."
OBV,Obviously,"OBV, I was going to say yes!",A casual or sarcastic way to point out that something is clear or should be obvious.  ,It is unmistakable that my response was deliberate.
OFC,Of course,OFC I’ll be there tomorrow.,"A shorthand way of saying ""of course,"" often used in text or chat.  ","Certainly, your request is understood. Here's a refined version of the sentence that maintains the original intent while also employing formal English language and capturing a similar emotional tone as the slang term 'OFC':"
OG,Original gangster,He’s the OG of street style.,"Refers to someone who is original or highly respected in their field, often used as a compliment.  ",He is a pioneer or founding figure in the realm of metropolitan style.
OGIM,"Oh God, it’s Monday","The weekend went by so fast, OGIM.",A humorous way to express the dread of starting a new workweek.  ,"Alas, the weekend's fleeting moments have drawn to a close, leaving us in the unenviable position of facing another workweek."
OH,Overheard,OH at the coffee shop: ‘I can’t believe they canceled the meeting!’,Used to share something funny or interesting that was overheard in conversation.  ,"Upon eavesdropping at the coffee shop, one could discern an individual's audible astonishment upon learning of the scheduled meeting's cancellation."
OHHEMMGEE,Oh My God,"OHHEMMGEE, that’s so cute!","A playful and exaggerated way to say ""Oh My God.""  ","Good heavens, that is utterly charming!"
OI,Operator indisposed,"I’ll call you back later, OI right now.",Used to indicate that someone is unavailable or busy at the moment.  ,"Apologies for the inconvenience, but I am temporarily unavailable for communication."
OIB,"Oh, I’m back","OIB, what did I miss?",A quick way to announce that you’ve returned to a conversation after being away.  ,"On resuming your presence, I eagerly anticipate receiving an update on any new developments."
OIC,"Oh, I see","OIC, that makes sense now.",Used to express understanding or realization after something is explained.  ,Understood; the clarification has become apparent.
OJ,Only joking,You’re really mad? OJ!,A way to clarify that a previous statement was made in jest.  ,Your statement appeared to be a jest rather than an expression of genuine irritation.
OL,Old lady,Going to visit my OL this weekend.,A casual or affectionate way to refer to one’s wife or girlfriend.,Anticipating my visit to my elderly relative this coming weekend.
OLL,Online love,I met someone through OLL!,Refers to a romantic relationship or feelings that develop online.  ,"I have formed a connection with an individual in the digital realm, which has evolved into a romantic nature."
OM,Old man,I’m going fishing with my OM this weekend.,A casual or affectionate term for one’s father.  ,"In the ensuing weekend, I shall engage in angling with my elder companion."
OM,"Oh, my","OM, I can’t believe that just happened!",Used to express surprise or disbelief.  ,I find it extraordinary that such an occurrence transpired!
OMAA,"Oh, my aching butt","After sitting all day, OMAA!",Used humorously to express discomfort from sitting too long.  ,"Upon concluding a full day of prolonged seated posture, I find myself enduring considerable pain in my lower back region."
OMDB,Over my dead body,You want to change my weekend plans? OMDB!,A strong expression of refusal or resistance.  ,Under no circumstances will I entertain any modifications to my weekend arrangements.
OMFG,Oh my freaking God,"OMFG, that’s incredible!","A more intense version of ""OMG"" to express shock or amazement.  ","This is nothing short of astonishing, indeed!"
OMG,Oh my God,"OMG, I can’t believe it!","Commonly used to express surprise, excitement, or disbelief.  ","Indeed, this revelation leaves me utterly aghast! I find it most difficult to accept."
OMG,Oh my gosh,"OMG, you look amazing!","A more polite or less intense version of ""Oh my God.""  ","Good heavens, you appear remarkably well!"
OMGYG2BK,"Oh my God, you got to be kidding","OMGYG2BK, that’s the best news ever!","Used to express surprise or disbelief, often in a humorous way.  ",Such extraordinary news you've shared - it seems almost too good to be true!
OMGYS,Oh my gosh you suck,You missed the shot? OMGYS!,A playful or teasing way to express frustration with someone’s actions.  ,"Indeed, your aim appeared to be less than precise, resulting in an unintended oversight."
OMS,On my soul,"OMS, that’s the truth!",Used to emphasize the truthfulness or sincerity of a statement.  ,"That assurance is undoubtedly authentic, on my word of honor."
OMW,On my way,"Just finished up, OMW now.",Used to let someone know that you are heading to meet them.  ,My duties are completed; I am currently in transit.
ONL,Online,I’ll be ONL tonight if you want to chat.,Refers to being connected to the internet or available for online interaction.  ,"I shall be available online this evening for a conversation, if that suits your schedule."
OO,Over and out,"Finished for the day, OO!","A phrase used to indicate that communication is ending, often in radio conversations.  ",This concludes my duties for today. Until next time.
OOC,Out of character,That comment was totally OOC for him.,"Refers to someone acting in a way that’s unusual for them, often used in role-playing games.  ",Such a comment was decidedly uncharacteristic of his usual demeanor.
OOH,Out of here,"It’s late, I’m OOH!",A casual way to say you are leaving or exiting a place.  ,"With the night advancing, it's imperative that I take my leave immediately."
OOMF,One of my followers,OOMF just liked my tweet.,Refers to a follower on social media.  ,A follower of mine on Twitter has recently expressed appreciation for one of my tweets.
OOTD,One of these days,"OOTD, I’ll finally visit Paris.",Used to indicate something you plan or hope to do in the future.  ,"At a future time, I plan to present an attire specifically designed for strolling through the streets of Paris."
OOTD,Outfit of the day,Posting my OOTD for Instagram.,Commonly used on social media to show off one’s daily outfit.  ,I showcased my daily attire on Instagram.
OOTO,Out of the office,"I’m OOTO until Monday, so I’ll reply then.",Used in business or professional settings to let others know you’re unavailable.  ,My apologies for any delay in response; I am currently away from the office and shall resume communications upon my return on Monday.
OP,On phone,"Can’t talk right now, I’m OP.",Used to indicate that someone is on the phone and unable to chat.  ,"At present, I find myself engaged with my mobile device, therefore unable to converse at this moment."
ORLY,Oh really?,You finished the project already? ORLY?,A sarcastic or surprised response to something unexpected.  ,"Indeed, has the project been brought to its conclusion?"
OS,Operating system,I’m updating my OS tonight.,"Refers to the software that runs on a computer or device, like Windows or macOS.  ","This evening, I intend to enhance my computing environment by upgrading the underlying software that manages hardware and software resources, often referred to colloquially as the 'operating system'."
OT,Off topic ,"This might be OT, but did you see the game last night?",Used to indicate that a comment is unrelated to the current discussion.  ,"""Although our ongoing discussion may lead one to assume otherwise, I felt compelled to inquire: did you manage to catch last night's game? I believed it could pique your interest despite its apparent off-topic nature."""
OTB,Off to bed,"It’s late, OTB for me.",Used to say that someone is going to sleep.  ,The hour seems rather advanced; it's time for retirement now.
OTFL,On the floor laughing,That joke had me OTFL!,"A stronger version of LOL, indicating extreme laughter.  ",The joke elicited such uncontrollable amusement from me that I found myself prostrate with laughter on the floor.
OTL,Out to lunch,"I’m OTL, back in an hour.",Refers to someone being away for a lunch break.  ,"My apologies for any inconvenience, but I shall be temporarily indisposed and will be unavailable for approximately an hour."
OTOH,On the other hand,"It’s expensive, but OTOH, it’s a great investment.",Used to introduce an alternative viewpoint or consideration.  ,"Although it is rather expensive, it nonetheless provides an appealing return on investment."
OTP,On the phone,"Can’t talk, I’m OTP right now.",Used to indicate that someone is currently on a phone call.  ,I am momentarily indisposed due to an ongoing phone call.
OTP,couple,They’re my favorite OTP from the show.,"Refers to ""one true pairing,"" often used to describe a favorite romantic couple in TV shows, movies, or books.  ",My preferred romantic pairing is derived from the televised production.
OTT,Over the top,"That party was so OTT, but fun!",Refers to something that is excessive or exaggerated.  ,The celebration was uncommonly exuberant.
OTTOMH,Off the top of my head,"OTTOMH, I’d say it’s about five miles.",Used when giving an estimate or answer without checking the facts.  ,"Approximately five miles, offhand recollection suggests."
OTW,Off to work,"Got to go, OTW now!",Used to say that someone is heading to work.  ,Prepare for departure; you are now en route to your place of employment.
OVA,Over,That match is OVA!,"A shortened version of ""over,"" often used to indicate that something is finished.  ","The contest is concluded! (Preserving the sense of finality from ""OVA"")"
OYO,On your own,"I can’t make it, you’re OYO this time.",Used to tell someone they’ll have to handle something by themselves.  ,"Apologies for the inconvenience, but I regretfully find myself unable to assist directly in this matter. You are left, for now, to navigate the circumstances independently."
P,Partner,I’m going to dinner with my P tonight.,A shorthand way to refer to a romantic or business partner.  ,I am scheduled to have a meal with my significant other tonight.
P2P,Parent to parent,It’s nice to have a P2P discussion about school events.,Used in parenting communities to describe conversations between parents.  ,Collaborating on matters concerning school events with fellow guardians offers a sense of gratification.
P2P,Peer to peer,P2P sharing is common in online networks.,"Refers to a direct connection between users, often for sharing files or information.  ",Direct interactions or file exchanges between individual users within digital networks are prevalent phenomena.
P2P,Pay to play,"This game is P2P, so you need a subscription.",Used in gaming or services where users have to pay to access content.  ,"Participation in this game requires a financial commitment, as it operates on a subscription model."
P911,Parents coming into room alert,"Can’t talk now, P911!","A warning that someone’s parents are approaching, used to indicate the need to change the topic.  ",I must momentarily suspend our conversation due to the arrival of my parents in the room.
PAP,Post a picture,PAP of your new car!,"A request to share a photo, usually in social media conversations.  ",Kindly submit an image of your newly acquired automobile for our perusal.
PAT,patrol,We’re on PAT duty tonight.,"Refers to someone being assigned to patrol a specific area, often in military or police contexts.  ",Your assignment for tonight involves maintaining a vigilant watch.
PAW,Parents are watching,"Can’t discuss that right now, PAW.",Used to warn someone that a parent is nearby and monitoring the conversation.  ,I regret to inform you that the topic is under restriction at present due to the presence of my guardians.
PBOOK,Phonebook,I found your number in the PBOOK.,Refers to a contact list or directory on a phone or online.  ,I have ascertained your contact details from the directory of telephones.
PC,Player character ,My PC is a wizard in the game.,Refers to the character controlled by a player in a role-playing game.  ,"The figure under your control within the virtual realm is a sorcerer, serving as the protagonist of the game."
PCM,Please call me,"If you’re free later, PCM.","A request for someone to call you, often used in texts or messages.  ",I would be most grateful if you could kindly find the opportunity to contact me at your convenience in the future.
PDA,Personal display of affection,They were showing too much PDA at the park.,"Refers to public displays of affection, such as kissing or hugging in public.  ","Demonstrating an excess of amorous demonstration, individuals engaged in open displays of affection within the public domain of the park."
PDH,Pretty darn happy,Got the job! I’m PDH right now!,Used to express excitement or satisfaction.  ,I am currently experiencing considerable delight due to securing employment.
PDS,Please don’t shoot,"I’m unarmed, PDS!",Used humorously or literally to ask for mercy in a dangerous or competitive situation.  ,I am unarmed; I implore you to refrain from resorting to physical force in my presence.
PDQ,Pretty darn quick,I’ll be there PDQ!,A playful way to say that something will happen quickly.  ,I shall expedite my arrival without delay.
PEEPS,People,Hanging out with my PEEPS this weekend.,Refers to friends or close acquaintances.  ,Engaging with my associates or fellow companions this coming weekend.
PFT,Pretty *freaking* tight,Your new car is PFT!,Used to describe something that’s really cool or impressive.  ,"Your vehicle's performance is exceptionally outstanding, verging on remarkable."
PIC,Picture,Send me a PIC of your new puppy!,A shorthand way of asking for or referring to a picture.  ,Kindly provide a visual depiction of your recently acquired puppy.
PIP,laughing hard,That joke had me PIP!,Describes laughing so hard that it’s uncontrollable.  ,The jest elicited a profoundly humorous response.
PIR,Parents in room,"PIR, can’t talk about that right now.","A warning that parents are nearby, so the conversation should be appropriate.  ",I regret to inform you that I am unable to engage in this discussion at present due to the presence of my parents.
PISS,Put in some sugar,Can you PISS in my coffee?,A playful or informal way to ask someone to add sugar to a drink.  ,"Kindly sweeten your coffee, if you will."
PITA,Pain in the butt,This project is such a PITA.,Refers to something that’s annoying or difficult to deal with.  ,The project is an unmitigated source of frustration and inconvenience.
PKMN,Pokemon,I caught a rare PKMN today!,Refers to the popular video game and media franchise Pokémon.  ,I have successfully acquired an uncommon specimen of a rare Pokémon species today.
PL8,Plate,I just got a new PL8 for my car.,"Refers to a license plate, often used in the context of vehicles.  ",I have procured a fresh registration number plate for my automobile.
PLD,Played,That was a well-PLD match!,A compliment for someone’s skill in a game or performance.  ,The contest was masterfully executed.
PLMK,Please let me know,PLMK if you’re free tomorrow.,A polite way to ask someone to inform you or update you about something.  ,"Kindly inform me of your availability for tomorrow, if convenient."
PLS,Please,"Can you send me the report, PLS?","A shorthand version of ""please,"" commonly used in text messaging or online chat.  ","""May I humbly request that you send the report to me?"""
PLU,People like us,This event is perfect for PLU!,Used to describe people who share similar interests or backgrounds.  ,This event caters to individuals who share akin passions and similar social circles as ourselves.
PLZ,Please,PLZ send me the details ASAP.,"Another shorthand way of saying ""please,"" often used in informal conversations.  ","Kindly forward the details at your earliest convenience, if possible."
PLZTLME,Please tell me,PLZTLME what happened at the meeting!,Used when asking for more information about something.  ,"Could you apprise me of the details from the meeting, I am eager to hear?"
PM,Private Message,I’ll PM you the details.,Refers to sending a private message in online chats or forums.  ,I shall communicate the particulars to you confidentially.
PMFI,Pardon me for interrupting,"PMFI, but I think we need to revise this.",A polite way to excuse oneself for interrupting a conversation.  ,"Excuse me for intruding, yet I believe it imperative to reconsider the content at hand."
PMFJI,Pardon me for jumping in,"PMFJI, but I have a suggestion.","Similar to PMFI, used to politely join a conversation.  ","Permit me, if I may intrude, for offering a proposition."
PMSL,Pee myself laughing,That story had me PMSL!,An exaggerated way to describe something extremely funny.  ,The narrative proved to be so uproariously amusing that it left me on the verge of unsuppressed laughter.
POAHF,Put on a happy face,You’re having a tough day? POAHF!,A phrase used to encourage someone to stay positive despite difficulties.  ,Facing difficulties today? Cultivate an optimistic demeanor instead.
POIDH,it didn’t happen,"If there’s no photo, POIDH!","Used humorously to suggest that unless there’s proof, it didn’t happen.  ","The occurrence, for which there is no substantiated evidence, remained unverified."
POS,Parent over shoulder,"POS, talk later.","A warning that a parent is nearby, often used to indicate the need to change the topic.  ","I apologize for any confusion; if by 'POS' you mean 'Parent Over Shoulder,' then a more formal equivalent of ""POS, talk later"" could be expressed as: ""I regret to inform you that I must attend to my parent's presence at this time."""
POT,potion,I need to use a POT to heal.,"Refers to potions in video games, usually to restore health or magic.  ",I require a restorative elixir to facilitate the process of recovery.
POTD,Photo of the day,Check out my POTD on Instagram!,Refers to a daily highlight photo posted on social media.  ,I am delighted to present you with the striking visual that graced my Instagram feed as my chosen daily contribution today.
POV,Point of view,"From my POV, this makes the most sense.",Refers to someone’s perspective or opinion on a situation.  ,"Based on my perspective, this appears to be the most reasonable choice."
POV,Privately owned vehicle,I’ll be taking my POV on the road trip.,"Refers to a personal vehicle owned by an individual, often used in military or government contexts.  ",My privately-owned vehicle shall be utilized for the duration of our journey by road.
PPL,People,A lot of PPL showed up to the event.,"A shorthand way of saying ""people,"" commonly used in texting and online chat.  ",A substantial number of individuals participated in the event.
PPU,Pending pick-up,The package is PPU.,Refers to something that is ready and waiting to be picked up.  ,The parcel is currently set for later retrieval.
PRESH,Precious,Your baby is so PRESH!,A cute or affectionate way to describe something as precious or adorable.  ,The exquisite beauty of the newborn is truly captivating.
PROBS,Probably,I’ll PROBS be there by 7.,"A shorthand way of saying ""probably,"" often used in casual conversation.  ",It appears highly likely that I will arrive by 7:00.
PROLLY,Probably,I’ll PROLLY skip the meeting.,"A casual, slang variation of ""probably.""  ","Likely, I shall be absent from the meeting."
PROGGY,computer program,I’m running a new PROGGY on my laptop.,Refers to a computer program or software.  ,I have initiated a novel algorithm within my portable computing device.
PRON,pornography,"Be careful, that site’s full of PRON.","Refers to adult content or pornography, often used in a humorous or discreet manner.  ","Navigate with discretion, as the content on this site involves graphically explicit sexual material that may not be appropriate for underage individuals."
PRT,Party,Are you coming to the PRT tonight?,Refers to a social gathering or celebration.  ,Shall we engage in an evening of conviviality tonight?
PRT,Please Retweet,"Help spread the word, PRT!",A request on Twitter asking followers to retweet a message.  ,I kindly request your aid in broadening the reach of this information for greater visibility. Your cooperation is much appreciated.
PRW,Parents are watching,"Can’t talk about it now, PRW.",A warning that parents are nearby and monitoring the conversation.  ,"I regret to inform you, the subject under discussion is currently inappropriate due to the presence of my guardians."
PSA,Public Service Announcement,Just a PSA: Don’t forget to hydrate!,Used to share important or helpful information with others.  ,Kindly heed this advisory: Maintain adequate fluid intake for your wellbeing.
PSOS,Parent standing over shoulder,"Let’s change the topic, PSOS.",A warning that a parent is closely observing the conversation.  ,I would suggest the following refined version that preserves the original intent and sentiment of the slang term 'PSOS' while maintaining formal English:
PSP,Playstation Portable,I’ve been playing on my PSP all day.,Refers to the handheld gaming console made by Sony.  ,I have devoted an entire day to gaming on my portable PlayStation console.
PST,Please send tell,"Looking for a group, PST.",Used in online gaming to request someone send a message or reply.  ,Requesting further details for clarification would be greatly appreciated.
PTFO,Pass the freak out,"I was so exhausted, I just PTFO last night.",A slang term for falling asleep or passing out due to exhaustion.  ,"Given the context of the slang term 'PTFO', a possible formal yet emotive rephrasing would be: ""I was so overcome with fatigue last night that I could scarcely continue and therefore sought immediate repose."""
PTIYPASI,Put that in your pipe and smoke it,"Well, we won the game, PTIYPASI!",A phrase used to assertively tell someone to accept or acknowledge a statement or outcome.  ,"Kindly take note of our triumph in the game, and ponder upon its significance."
PTL,Praise the Lord,"PTL, we made it home safely!",A religious phrase expressing gratitude or relief.  ,Blessings upon us for our safe return home.
PTMM,Please tell me more,"That sounds interesting, PTMM!",A polite way of asking for more information.  ,"Could you elucidate further on that subject, as I find it quite fascinating and wish to gain a deeper understanding."
PTO,Paid time off,I’m using some PTO to take a vacation.,"Refers to paid time off from work, where employees are still paid during their absence.  ",I shall be availing myself of my designated paid leave for a vacation.
PTO,Personal time off,I’ll be taking some PTO next week.,"Refers to time off from work for personal reasons, either paid or unpaid.  ",I shall require personal time off next week.
PTO,Parent Teacher Organization,We’re having a PTO meeting at the school.,Refers to a school-based organization that connects parents and teachers.  ,The School's Parent-Guardian Liaison Committee (PGLC) convenes an assembly at the educational institution.
PUG,Pick up group,I joined a PUG for the dungeon.,Refers to a group of players formed spontaneously in online games.  ,I engaged in an impromptu session of dungeon exploration with a group of fellow players.
PVE,Player vs enemy,I prefer PVE content over PVP.,Refers to a game mode where players fight against computer-controlled enemies.  ,I find content that involves combating adversaries more engaging than content that pits players against one another.
PVP,Player versus player,Let’s try some PVP battles tonight!,Refers to a game mode where players compete against each other directly.  ,Let us engage in a combative contest between rivaling players this evening.
PWN,own,I totally PWNed that game last night!,"Refers to dominating or defeating someone, often used in gaming.  ",I decisively surpassed my opponent in that game last night.
PXT,Please explain that,"I didn’t understand your point, PXT.",A request for further clarification or explanation.  ,Might I request an expansion on your line of reasoning for better comprehension?
PU,That stinks!,What’s that smell? PU!,"Used to express disgust, especially at an unpleasant odor or situation.  ",The aroma undeniably gives off a most unappealing impression.
PUKS,Pick up kids,"I’ll be late, need to PUKS.","Refers to the task of picking up children, often from school or activities.  ",I shall unfortunately be arriving later due to a necessary detour for child pick-up duties.
PYT,Pretty young thing,She’s such a PYT!,"A compliment, often used to describe an attractive young person.  ","The individual possesses a striking beauty, notably youthful and charming."
PZ,Peace,"Got to go, PZ!","A casual way of saying goodbye, derived from ""peace.""  ","I must take my leave now, PZ (Peace)."
PZA,Pizza,Let’s order some PZA for dinner.,"Refers to pizza, often used in text or casual conversation.  ",Order a delightful dish of baked flatbread topped with various savory ingredients for tonight's meal.
Q,Queue,I’ve been waiting in the Q for 30 minutes.,"Refers to a line or waiting list, often used in the context of games or events.  ",I have waited in queue for half a quarter of an hour.
Q4U,I have a question for you,"Hey, Q4U—what’s the plan for tonight?","A shorthand way of saying ""I have a question for you.""  ","""Might I inquire as to your intentions for this evening?"""
QC,Quality control,We need to run a QC check on the product.,"Refers to ensuring the quality of goods or services, often in a business or manufacturing context.  ",Ensuring the product undergoes meticulous examination to uphold its inherent standards of quality.
QFE,Question for everyone,QFE: What’s everyone’s favorite movie?,"Used to ask a question directed at a group of people, often in online forums or chats.  ",Invite every participant to share their preferred cinematic selection.
QFI,Quoted for idiocy,"That statement is ridiculous, QFI!",Used humorously or sarcastically to highlight a foolish or nonsensical comment.  ,"For the record, such a claim appears extraordinarily ill-considered."
QFI,Quoted for irony,They said they’d never change their mind… QFI.,Used to point out the ironic nature of a quoted statement.  ,"The assertion was made that the decision would not be altered under any circumstances, a point worth noting with a degree of irony."
QFT,Quoted for truth,"What they said was spot on, QFT.",Used to emphasize agreement with a truthful or insightful comment.  ,"The declaration, verbatim, bears an undeniable truthfulness."
QIK,Quick,Let’s grab a QIK coffee before the meeting.,"A shorthand way to say ""quick,"" often used in informal situations.  ",Let us promptly pause for a brief respite with coffee prior to the meeting.
QL,Quit laughing,"Come on, QL! I’m being serious.","Used to tell someone to stop laughing, often in a playful context.  ","Request your consideration, my sincerity is not a jest."
QOTD,Quote of the day,‘Be yourself; everyone else is already taken’—QOTD.,Refers to a daily quote that is often shared for inspiration or humor.  ,"Today's selected quotation: ""Be yourself; everyone else is already taken."" - Daily Inspirational Quotation"
Q_Q,crying eyes,"I lost my keys, Q_Q.","Used to represent sadness or frustration, mimicking crying eyes.  ",My profound dismay arises from the fact that I cannot locate my keys at present.
QQ,Quick question,"Hey, QQ: What time does the event start?",A shorthand for asking a brief or simple question.  ,"Dear Sir/Madam, I hope this message finds you well. May I kindly inquire about the precise commencement time for the forthcoming event, if possible? Your prompt response would be much appreciated."
QSL,Reply,"I sent the message, still waiting for a QSL.","Refers to a response or reply, often used in radio communication.  ","Your message has been dispatched; however, I am still awaiting a reply."
QSO,Conversation,I had a great QSO with him about technology.,"Refers to a conversation, typically in radio communication or technical contexts.  ",Engaged in a captivating discourse concerning technology with him.
QT,Cutie,"Look at that dog, such a QT!",A term of endearment used to describe someone or something cute.  ,"Perceive, if you will, the remarkable charm of that canine."
QTPI,Cutie pie,My niece is an absolute QTPI!,"A more playful or affectionate version of ""QT,"" often used for children or pets.  ",Your niece displays such an enchanting appeal!
R,are,R you coming to the party tonight?,"A shorthand way of saying ""are"" in casual text or online communication.  ",Might you find yourself present at the evening's gathering?
R8,Rate ,R8 my outfit from 1 to 10!,"A request for someone to give a rating, often used in social media or gaming.  ","I should be most grateful for your appraisal of my attire on a scale ranging from 1 to 10, if it does not inconvenience you in any way."
RBAY,Right back at you,You’re awesome! RBAY!,Used to reciprocate a compliment or positive statement.  ,My response to your compliment is equally heartfelt.
RFN,Right freaking now,We need to leave RFN!,"A strong or urgent way to say ""right now.""  ","Promptly, action is required without delay."
RGR,"I agree, I understand","RGR, I’ll meet you there.","A way to confirm understanding or agreement, often used in military or technical settings.  ","My comprehension is complete, and I shall rendezvous at the designated location."
RHIP,Rank has its privileges,I got the best seat—RHIP!,Used humorously to suggest that higher rank or status comes with special benefits.  ,"The premium seating was granted to me, a benefit typically reserved for individuals of elevated status."
RIP,Rest in peace,"RIP, we’ll miss you.",A respectful message when someone has passed away.  ,"Our sincerest sympathies lie with you, as we honor and remember your loved one in eternal peace."
RL,Real life,"I can’t play tonight, got RL stuff to do.",Refers to offline activities or responsibilities outside of the digital world.  ,Unable to participate this evening owing to pressing offline obligations.
RLY,Really,RLY? That’s amazing!,"A shorthand version of ""really,"" often used to express surprise or disbelief.  ",That observation is truly noteworthy.
RME,Rolling my eyes,"He’s late again, RME.","Used to express frustration or disbelief, as if physically rolling one’s eyes.  ","His tardiness yet again is profoundly disheartening, eliciting a response that mirrors the rolling of one's eyes."
RMLB,Read my lips baby,"RMLB, I’m not going to change my mind.",A dramatic way to emphasize a point or statement.  ,"The statement ""Read my lips, baby"" was famously employed by former U.S. President George H.W. Bush in 1988, serving to convey a resolute position that can be more formally expressed as ""I stand firm on this matter."""
RMMM,Read my mail man,You need more details? RMMM!,"A humorous or casual way to say ""check your messages.""  ",I respectfully request that you provide further information for careful consideration. Your attention to this matter is greatly appreciated.
ROFL,Rolling on floor laughing,That joke had me ROFL!,"Describes extreme laughter, often used online to indicate something is hilarious.  ",The humor left me in fits of uncontrollable laughter akin to rolling on the floor.
ROFLCOPTER,Rolling on floor laughing and spinning around,"That video was so funny, ROFLCOPTER!","A more exaggerated version of ROFL, suggesting uncontrollable laughter.  ","The video's humor elicited such hearty laughter from me that I found myself in a state of uproarious amusement, with bouts of involuntary laughter accompanied by spirited rotations."
ROFLMAO,"Rolling on the floor, laughing my butt off","I couldn’t stop laughing, ROFLMAO!","An even stronger version of ROFL, indicating extreme laughter.  ","Overwhelmed by hilarity, I found myself incapable of restraint, instead erupting in a fit of uproarious laughter that left me gasping for breath."
ROTFL,Rolling on the floor laughing,That meme had me ROTFL!,"Similar to ROFL, used to describe something extremely funny.  ",The meme prompted an uproarious fit of laughter from me.
ROTFLUTS,Rolling on the floor laughing unable to speak,"The prank was so good, ROTFLUTS!",A humorous way to express that something is so funny you can’t even talk.  ,The joke induced such uproarious laughter within me that I found myself utterly speechless due to my inability to stop laughing vigorously.
RS,Runescape,I’ve been playing RS all weekend.,Refers to the online multiplayer game *Runescape*.  ,"I invested my entire weekend immersed in the world of Gielinor, specifically in the popular online game, RuneScape."
RSN,Real soon now,I’ll finish the report RSN.,"Used to indicate that something will happen soon, though sometimes said with a hint of sarcasm.  ",The report shall be finalized imminently.
RT,Roger that,"I’ll be there at 5, RT.","A phrase used to acknowledge a message or command, often in military or technical settings.  ","Understood, I shall arrive at 5:00."
RT,Retweet,Thanks for the RT!,Refers to sharing or reposting someone else’s content on Twitter.  ,Appreciated for sharing my post on your social network platform.
RTBS,Reason to be single,"After that drama, I’ve got a new RTBS.",A humorous or serious reason for staying single.  ,"In light of the recent event, I find myself finding solace in maintaining a state of singleness."
RTFM,Read the freaking manual,"You’re doing it wrong, RTFM!",Used humorously or sarcastically to suggest someone check the instructions.  ,"For accurate completion of the task, kindly refer to the provided instructions or user manual."
RTFQ,Read the freaking question,"You missed the point, RTFQ!",A way to remind someone to pay attention to what was asked.  ,Kindly re-examine the query for a more precise understanding.
RTHX,Thanks for the RT ,RTHX for sharing my post!,A quick way to thank someone for retweeting or sharing content.  ,I appreciate your assistance in amplifying my post through a retweet.
RTMS,"Read the manual, stupid","Before you ask, RTMS!","A more direct or harsh version of RTFM, telling someone to check the instructions.  ",Refer to the manual prior to making inquiries.
RTNTN,Retention,We need to focus on customer RTNTN.,"Refers to efforts to keep or retain customers, often used in business settings.",It is crucial to prioritize customer retention efforts.
RTRCTV,Retroactive,The pay raise will be RTRCTV to last month.,Refers to something that is applied to a previous period of time.  ,"The increase in salary shall be applicable with retroactive effect, encompassing the previous month."
RTRMT,Retirement ,She’s planning for RTRMT in a few years.,Refers to leaving the workforce and ceasing full-time work.  ,Anticipated date of cessation from active work life is in a few years for her.
RTSM,Read the stupid manual,You’re still confused? RTSM!,"A more direct or frustrated version of ""Read the manual.""  ","Kindly peruse the comprehensive user guide for clarification, if your query persists."
RTWFQ,Read the whole *freaking* question,"You missed the point, RTWFQ!",A reminder to fully understand the question before answering.  ,Kindly ensure you have thoroughly perused the essential aspects of the question; I strongly advise rereading it with due diligence.
RU,Are you?,RU coming to the party tonight?,"A shorthand way of asking ""are you"" in text or chat.  ",Will you be present at the evening's gathering tonight?
RUMOF,Are you male or female?,"Before we start the game, RUMOF?","A direct question asking someone’s gender, often used in online forums or games.  ","Prior to commencing the game, might I inquire as to your sex, gentleperson?"
RUT,Are you there?,"I’ve been texting you, RUT?",A quick way to check if someone is present or available.  ,"""Has my correspondence with you been reaching its intended recipient?"""
RUOK,Are you okay?,"You seem upset, RUOK?",A caring inquiry to check on someone’s well-being.  ,"""Is there perhaps something on your mind that you might wish to share, as it appears you may be experiencing some distress? I inquire as to whether all is well with you."""
RX,Regards,"I’ll see you soon, RX.","A way of sending regards or best wishes, often used in email closings.  ",I eagerly anticipate our forthcoming meeting; With warm regards.
RW,Real world,Got to get back to RW responsibilities.,Refers to life outside of the digital or virtual space.  ,Reengage with Worldly Commitments
RX,prescription,I need to pick up my RX from the pharmacy.,Refers to a medical prescription for medication.  ,"One must procure their medication, a necessity, from the pharmacist."
RYB,Read your Bible,Feeling down? RYB for inspiration.,A religious suggestion for someone to turn to the Bible for guidance.  ,"In times of despondency, may you find solace and inspiration in the sacred pages of the Holy Scriptures."
RYO,Roll your own,I prefer RYO cigarettes.,Refers to making your own cigarettes or something handmade.  ,"I opt for personally crafted tobacco arrangements, a personalized approach to smoking."
RYS,Read your screen,"The instructions are clear, RYS!",A reminder to pay attention to what is already written on the screen.  ,Kindly scrutinize the explicit directives meticulously before proceeding.
RYS,Are you single?,"We’ve been chatting for a while, RYS?",A casual way to ask about someone’s relationship status.  ,"Has our interaction continued over a period of time, might I inquire about your current marital status?"
S2R,Send to receive,"S2R your address, and I’ll mail it.",Used when exchanging contact information or other details.  ,Kindly share your address for a prompt return of correspondence.
S2S,Sorry to say,"S2S, but the event has been canceled.",A way to express regret or apologize for bad news.  ,"Regrettably, it appears that the event has had to be called off."
S4L,Spam for life,"If you sign up for that site, you’ll get S4L.",Refers to a situation where someone may receive endless spam emails or messages.  ,"Engaging with the said platform may result in an unending stream of communications or materials, thereby transforming the experience into an ongoing spambot-esque interaction."
SAL,Such a laugh,That story was SAL!,Used to describe something that was very funny.  ,The narrative elicited such robust amusement.
SAT,Sorry about that,"I didn’t mean to be late, SAT!",A quick apology for a minor mistake or inconvenience.  ,I regret to inform you of my tardiness.
SAVAGE,shockingly careless expression,"His comment was SAVAGE, but true.","Describes something said or done with brutal honesty, often in a shocking or careless way.  ",The man's remark exhibited an unsettling disregard for sensitivity in its uncensored honesty.
SB,Snap back,I’ll SB when I get your message.,Refers to replying to someone’s Snap on Snapchat.  ,"Upon receiving your message, I shall deliver a swift response."
SB,Should be,The project SB done by Friday.,Used to indicate what should happen or what is expected.  ,The project ought to have been completed by Friday.
SB,Smiling back,"You sent me a picture of your smile, SB!","A friendly or flirty response, implying someone is smiling back.  ",Your acknowledgement of my posted image featuring a smile echoed my sentiment.
SBIA,standing back in amazement,That performance had me SBIA!,Used to describe being in awe or impressed by something.  ,1. The performance was so astounding that I found myself utterly taken aback.
SBT,Sorry about that,"I didn’t mean to miss the call, SBT.",A quick way to apologize for a mistake.  ,"Regrettably, I overlooked your call earlier."
SC,Stay cool,"It’s getting hot out, SC!",A way to tell someone to remain calm or relaxed.  ,Maintain your equanimity amidst the escalating warmth.
SD,Sweet dreams,"Goodnight, SD!",A kind way to wish someone a restful sleep.  ,"With my warmest regards, may your rest be tranquil and peaceful. Sweet dreams."
SDMB,"Sweet dreams, my baby","Tucking you in, SDMB.","A very affectionate way to say goodnight, often used for a child or loved one.  ","Farewell, my love. May your dreams be sweet and peaceful."
SENPAI,someone older than you,SENPAI noticed me!,"A term from Japanese culture referring to someone who is older or more experienced, often used in anime or fan communities.  ",A more senior individual has taken notice of me.
SEO,Search engine optimization,We need to improve our SEO for better website traffic.,Refers to strategies to improve a website’s visibility in search engine results.  ,"Enhance our website's search engine prominence, with the aim of enhancing online visibility and increasing web traffic."
SETE,Smiling Ear-to-Ear,"When I saw the surprise, I was SETE!",Describes someone who is extremely happy and smiling broadly.  ,"Upon witnessing the moment of surprise, I found myself unable to suppress a profound expression of joy."
SELFIE,A photo that is taken of oneself,Just took a SELFIE at the beach!,"Refers to a picture someone takes of themselves, usually shared on social media.  ",I have just captured an autoportrait at the seaside.
SFAIK,So far as I know,"SFAIK, the meeting is still on for tomorrow.",Used to express that something is true to the best of one’s knowledge.  ,"Based upon my present understanding, it appears that the meeting has been scheduled for tomorrow."
SH,Same here,"You’re tired? SH, I’m exhausted too.",A way to agree with someone or share the same sentiment.  ,"My sentiments exactly; I, too, am feeling fatigued."
SH^,Shut up,"That’s so funny, SH^!","Used in a playful or joking manner to tell someone to stop talking, often in surprise or disbelief.  ","Kindly refrain from further conversation for a brief moment, as I find this rather entertaining."
SHID,Slapping head in disgust,"I forgot my keys again, SHID!",A humorous way to express frustration with oneself.  ,"My keys, once more elusive, have left me with an unmistakable sense of exasperation."
SHIP,wishing two people were in a relationship,I totally SHIP those two characters!,"A term used by fans to express a desire for two people, often fictional, to be romantically involved.  ",I harbor a fervent desire for the establishment of a romantic bond between the two individuals portrayed.
SICNR,"Sorry, I could not resist","I had to make the joke, SICNR.",Used when someone makes a comment or joke they couldn’t hold back.  ,"Regrettably, I found myself unable to refrain from making a humorous remark, which may have potentially caused some disturbance."
SIG2R,"Sorry, I got to run","I’m late, SIG2R!",A quick way to say you need to leave or end a conversation.  ,"Regrettably, I find myself compelled to depart prematurely; I hope you will understand."
SIHTH,Stupidity is hard to take,"After that decision, SIHTH.",Used humorously to express frustration with someone’s foolish actions.  ,"The aforementioned decision proved exceedingly challenging for me to endure, owing to its conspicuous demonstration of ineptitude."
SIMYC,Sorry I missed your call,"SIMYC, I was in a meeting.",A polite way to apologize for not answering someone’s phone call.  ,"Regrettably, I was unable to take your call previously due to being engaged in a meeting."
SIR,Strike it rich,"One day, I’ll SIR with this idea!",Refers to becoming wealthy or successful.  ,"With this notion, I anticipate striking it lucky and realizing substantial success or prosperity in the future."
SIS,Snickering in silence,"That joke was so bad, I’m SIS.",Used to describe laughing quietly or to oneself.  ,The jest was so unremarkable that it provoked an almost imperceptible suppression of amusement.
SIS,Meaning sister,I’m spending the weekend with my SIS.,A term of endearment for one’s sister.  ,"My intention for the upcoming weekend is to spend it with a close female relative, much like one would refer to as 'sister.'"
SIT,Stay in touch,"It was great catching up, SIT!",A reminder to keep in contact with someone after parting ways.  ,It has been a delight engaging in discourse with you; I look forward to further communication.
SITD,Still in the dark,I’m SITD about the details of the project.,Used to describe being uninformed or unaware of something.  ,Remaining unenlightened on the specifics of the project at hand.
SJW,Social justice warrior,"She’s always advocating for causes, total SJW.","Refers to someone who actively promotes social justice issues, often used sarcastically.  ","The individual persistently champions numerous societal causes, revealing an unwavering commitment to the pursuit of social equity."
SK8,Skate,We’re going to SK8 at the park later.,"A shorthand for ""skate,"" often referring to skateboarding or rollerblading.  ",Arrangements have been made for our outing to engage in skating activities at the park in the near future.
SK8NG,Skating,I’ve been SK8NG since I was a kid.,"Refers to the activity of skating, whether it’s ice skating, rollerblading, or skateboarding.","I've had a lifelong passion for gliding across frozen surfaces with precision and agility, much like one might experience while skateboarding on asphalt – or, in more formal terms, ice-skating."
SK8R,Skater,He’s a total SK8R with all the tricks.,Refers to someone who skateboards or is involved in the skating culture.  ,"A virtuoso on the skateboard, his mastery is evident in his execution of diverse stunts."
SK8RBOI,Skater Boy,I used to have a crush on a SK8RBOI.,"A playful term for a boy who skateboards, popularized by the Avril Lavigne song.  ",I formerly held an interest in a youth exhibiting a penchant for the art of skateboarding.
SLAP,Sounds like a plan,Let’s meet at 7 for dinner? SLAP!,Used to agree with or confirm a suggestion or plan.  ,The proposal for our dinner together at 7:00 p.m. strikes me as agreeable indeed.
Slay,To succeed at something,You totally slayed that presentation!,Describes someone excelling or doing exceptionally well at something.  ,"Your presentation was nothing short of remarkable, a testament to your exceptional skills."
SM,Social media,I spend way too much time on SM.,"Refers to platforms like Facebook, Instagram, Twitter, etc.  ","Excessively engage in digital platforms primarily designed for interaction, information sharing, and community building."
SMAZED,Smoky haze,The sky was SMAZED after the fireworks.,"Describes a smoky or hazy atmosphere, often caused by smoke.  ",The sky bore an impression of foggy smokiness after the fireworks show.
SMEXI,sexy Mexican,"He’s SMEXI, isn’t he?",A playful or flirtatious way to describe a Mexican person as attractive.  ,"This individual appears to boast both Mexican heritage and a striking physical allure, wouldn't you agree?"
SMH,Shaking my head,"He forgot his homework again, SMH.","Used to express disappointment, frustration, or disbelief.  ","Such lapse, pertaining to forgetting his homework once more, elicits a sense of dismay and disappointment, comparable to a headshake of disapproval."
SMHID,Scratching my head in disbelief,The logic in that statement has me SMHID.,Used when something is confusing or doesn’t make sense.  ,The proposition's reasoning appears utterly confounding to me.
SNAFU,Situation normal all fouled up,The meeting turned into a SNAFU.,Used to describe a situation that is chaotic but typical.  ,The assembly devolved into a state of chaotic confusion.
SNERT,Snot nosed egotistical rude teenager,That SNERT really needs to learn some manners.,A derogatory term for a teenager who behaves rudely or arrogantly.  ,"The subject in question demonstrates a disregard for civility and decorum that is characteristically reminiscent of an impolite, arrogant, and uncouth adolescent."
SNR,Streaks and Recents ,I’ve got so many SNRs to reply to on Snapchat.,Refers to streaks and recent conversations on Snapchat.  ,"Notifications await your attention within the 'Recent Interactions' segment of your Snapchat profile, necessitating a response."
SO,Significant other,I’m going out with my SO tonight.,Refers to a person’s romantic partner.  ,I intend to spend the evening with my significant other tonight.
SOAB,Son of a bitch,That SOAB cut me off in traffic!,An insult or expression of anger toward someone.  ,"The individual driving before me unceremoniously and without courtesy impeded my advancement within the traffic flow, akin to an unruly obstacle."
S’OK,It is okay,"Don’t worry about being late, S’OK.","A casual way to say ""it’s okay"" or ""no problem.""  ",The lateness can be tolerated.
SOL,Sooner or later,"SOL, you’ll get used to it.",Used to suggest that something will happen eventually.  ,Time may reveal its inevitability.
SOMY,Sick of me yet?,"I’ve texted you three times today, SOMY?",A playful way of asking if someone is tired of hearing from you.  ,Has our recent correspondence reached a point where it may have become somewhat burdensome for you on three separate instances today?
SorG,Straight or Gay?,"Just wondering, SorG?",A question used to ask someone about their sexual orientation.  ,"""Might I inquire about your sexual orientation, whether it leans towards heterosexuality or homosexuality?"""
SOS,Meaning help,"SOS, I’m lost in the city!",A call for help or assistance.  ,"Desperately seeking assistance, I am regrettably lost and disorientated within the bustling cityscape."
SOS,Son of Sam,He was acting like a total SOS.,"Refers to the notorious criminal, sometimes used jokingly to describe erratic behavior.  ","The subject displayed alarmingly irrational or unpredictable conduct reminiscent of a disturbed individual, akin to the ominous moniker ""Son of Sam."""
SOT,Short of time,"Can’t chat long, I’m SOT today.",Indicates that someone is pressed for time or in a hurry.  ,"Regrettably, I find myself necessitated to make this conversation brief owing to time limitations."
SOTMG,"Short of time, must go","SOTMG, I’ll talk to you later.",A quick way to say that someone is out of time and has to leave.  ,"Regrettably, my time is severely limited presently, necessitating an interruption in our discussion until we can reconvene."
SOWM,Someone with me,"Can’t talk now, SOWM.","Used to explain that someone is with you, often as a reason to keep a conversation brief.  ","I regret to inform you that at present, I am engaged in companionship and therefore unable to engage in a discussion."
SPK,Speak ,"SPK your mind, I’m listening.",A prompt for someone to share their thoughts or start speaking.  ,Kindly express your views; I am eager to comprehend them.
SRSLY,Seriously,"SRSLY, I can’t believe he said that.","A shorthand way to say ""seriously,"" often used to express disbelief or surprise.  ","I assure you, his assertion leaves me utterly astounded."
SPST,"Same place, same time",Let’s meet SPST next week.,Refers to meeting again at the same location and time as before.  ,Please arrange for our meeting to be held at the identical location and hour of the day for the ensuing week.
SPTO,Spoke to,I SPTO her about the event.,Used to indicate that someone had a conversation with another person.  ,Engaged in a discussion with her regarding the event.
SQ,Square,"He’s so SQ, always following the rules.",A term used to describe someone who is conventional or not adventurous.  ,He adheres to established norms with unwavering rigidity and displays a strong adherence to convention.
SRY,Sorry,SRY I missed your call.,A quick way to apologize in text or chat.  ,I regret to inform that I was unable to respond to your call.
SS,So sorry,SS for being late!,"An even more apologetic version of ""sorry.""  ",My sincerest regrets for the delay that has occurred.
SSDD,"Same stuff, different day","Nothing new here, SSDD.",Used to describe a routine or repetitive situation.  ,The situation appears strikingly similar to how it has consistently presented itself in the past.
SSIF,So stupid it’s funny,"That movie was SSIF, I couldn’t stop laughing.",Used to describe something that’s ridiculous but still amusing.  ,"The film's ludicrous nature provoked an amused response from me, suggesting a degree of humorously inept execution."
SSINF,So stupid it’s not funny,"His argument was SSINF, I couldn’t even respond.",Refers to something that’s beyond stupid to the point of frustration.  ,His proposition was so irrationally absurd that it rendered me speechless.
ST&D,Stop texting and drive,You better ST&D before you get into trouble!,"A warning to someone texting while driving, encouraging safety.  ",Abstain from engaging in text messaging while operating a vehicle for safety's sake and to avoid potential predicaments.
Stan,a die-hard fan of someone,I totally Stan for that band!,"Refers to being an obsessive or passionate fan, often used in pop culture.  ",I am an unwaveringly devoted admirer of that musical group.
STFU,Shut the freak up,"I couldn’t believe what he was saying, STFU!",A blunt or rude way to tell someone to stop talking.  ,Kindly desist from further discussion on this matter.
STR8,Straight,"I’m STR8, not interested.",Refers to someone’s heterosexual orientation.  ,"My sentiments align with a straightforward approach; thus, I expressly declare my disinterest in the matter at hand."
STW,Search the Web,"If you don’t know, just STW.",A suggestion to look something up online.  ,"For clarification purposes, kindly delve into a comprehensive exploration of online resources."
SU,Shut up,"SU, I can’t believe you said that!","A casual or playful way of telling someone to stop talking, often used in surprise or disbelief.  ","Kindly refrain from continuing with that remark, it appears rather unexpected and unwelcome."
SUITM,See you in the morning,Goodnight! SUITM.,"A way to say goodbye, indicating you’ll see someone the next day.  ",Good night! I eagerly anticipate our encounter in the morn.
SUL,See you later,"Heading out now, SUL!","A casual way of saying goodbye, often used in texting or chat.  ","With my departure imminent, I bid you a fond adieu until our paths cross again."
SUP,What’s up?,SUP? Haven’t heard from you in a while.,A casual greeting used to ask how someone is doing.  ,Greetings once more! A span of time has elapsed since our prior exchange. I trust all is well with you?
SUTH,So use(d) to haters,"They’re talking again, but I’m SUTH.",Used to express being unfazed by criticism or negativity.  ,"Despite their persistent exchanges, I have become inured to the hostility and remain unperturbed by it. (This implies a similar sentiment: the speaker has grown accustomed to dealing with criticism or negativity and is no longer affected.)"
SUX,it sucks,That traffic SUX!,Used to express dissatisfaction or frustration with something unpleasant.  ,The congested traffic proves exceedingly vexing.
SUYF,Shut up you fool,"That’s not true, SUYF!",A playful or harsh way to tell someone they’re being foolish.  ,"With profound sincerity and reverence, I feel compelled to assert unequivocally that such assertions are manifestly false."
SWAG,free stuff and giveaways from tech tradeshows,I got so much SWAG at the conference!,Refers to free promotional items given out at events or trade shows.  ,"At the conference, I procured an impressive assortment of branded merchandise primarily consisting of complimentary goods and giveaways from tech tradeshows."
SWAG,Scientific wild a guess,"I don’t know the exact answer, but here’s my SWAG.",Used humorously to describe an educated guess.  ,"While a precise resolution eludes me at present, I offer a tentative proposition."
SWAK,Sealed with a kiss,"I sent you a letter, SWAK.","Used to sign off letters or messages with affection, especially romantic ones.  ","The correspondence I've signed and dispatched to you carries my heartfelt kiss, expressing my affectionate regards."
SWALK,Sealed with a loving kiss,The letter had SWALK written on the envelope.,"A more affectionate version of SWAK, often used in love letters.  ","The envelope displayed the abbreviation ""SWALK,"" signifying that it was affectionately closed with a kiss."
SWAT,Scientific wild butt guess,"I didn’t have time to check the facts, so I made a SWAT.",A playful way to describe a rough or educated guess.,"Given the constraints of my available resources and time, I was compelled to offer an informed approximation or projection of the relevant details."
SWL,Screaming with laughter,That joke had me SWL!,Used to describe something that’s so funny it makes you laugh out loud.  ,The jest evoked a roaring peal of laughter from me.
SWMBO,wife ,SWMBO says I need to mow the lawn.,"Playfully refers to one’s wife as ""She Who Must Be Obeyed.""  ",The lawn mowing task has been assigned by my spouse.
SYL,See you later,"Got to run, SYL!","A casual way to say goodbye, implying you’ll see the person again later.  ","Until our next encounter, farewell for a time."
SYS,See you soon,"I’ll be over in a bit, SYS!","A friendly way to say goodbye, suggesting a short time apart.  ",Anticipate our meeting shortly; I shall look forward to it.
SYY,Shut your yapper,"You don’t know what you’re talking about, SYY!",A humorous or stern way to tell someone to stop talking.  ,"Kindly desist from further commentary on the subject, as your comprehension seems somewhat deficient."
T+,Think positive,"We’ll get through this, just T+!",A motivational phrase encouraging someone to stay positive.  ,Maintain an optimistic outlook; we shall overcome together.
T4BU,Thanks for being you,"You’re the best, T4BU!",A sweet message of appreciation for someone being themselves.  ,Your unique character is commendable. I am grateful for your authentic self-expression.
T:)T,Think happy thoughts,Having a rough day? T:)T!,A positive reminder to focus on good things.  ,"In times of adversity, cultivate optimism instead."
TA,Thanks a lot,TA for all your help today!,"A casual way to say ""thanks a lot.""  ","Indeed, it was my utter delight to be of service to you."
TAFN,That’s all for now,"Got to sign off, TAFN!",Used to indicate that a conversation or update is ending for the time being.  ,"Your attention is required herewith, but I must take my leave for the present; rest assured, our communication shall resume in due course."
TAM,Tomorro a.m.,Let’s meet TAM for breakfast.,Refers to something happening in the morning of the next day.  ,Arrange for our meeting at the break of dawn tomorrow.
TANK,really strong,That character is such a TANK!,Used in gaming to describe a character who can take a lot of damage.  ,The protagonist's remarkable fortitude is unquestionably formidable.
TANKED,owned,I totally TANKED that boss in the game.,Refers to dominating or defeating someone or something.  ,The opponent's strategy was decisively dismantled by you in the game.
TANKING,owning,Our team was TANKING the competition!,Refers to overpowering or defeating others in a game or competition.  ,The team demonstrated an impressive dominance over their competitors.
TARFU,Things Are Really fouled Up.,The project is TARFU right now.,A humorous or sarcastic way to describe a chaotic or problematic situation.  ,The current situation of the project is marked by profound disarray.
TAU,Thinking about you,"Just wanted to say hi, TAU.",A sweet or affectionate message to show someone they’re on your mind.  ,"Greetings, my thoughts have turned towards your wellbeing."
TAUMUALU,Thinking about you miss you always love you,"Hope you’re doing well, TAUMUALU.",An affectionate message often used in long-distance relationships.  ,My thoughts frequently return to you with sentiments of deep affection and sincere hope for your well-being.
TBAG,Process of disgracing a corpse,He got TBAGGED after losing in the game.,A gaming term referring to a taunting or disrespectful action performed over a defeated opponent.  ,"Upon his defeat in the game, his posthumous honor was irreparably tarnished."
TBBH,To be brutally honest,"TBBH, I didn’t like the movie.",Used when giving a frank or blunt opinion.  ,"In all candor, the film was not to my liking."
TBC,To be continued,"The series finale was such a cliffhanger, TBC.",Indicates that something will resume or continue at a later time.  ,"The series finale culminated in a tense climax, yet the narrative remains unresolved..."
TBD,To be determined,The meeting time is TBD.,Refers to something that hasn’t been decided or confirmed yet.  ,The determination regarding the meeting time remains pending.
TBH,To be honest,"TBH, I don’t really like sushi.",A phrase used to express an honest opinion.  ,"In all honesty, I am not particularly fond of sushi."
TBL,Text back later,"I’m busy now, TBL when you can.",A request for someone to reply later.  ,"My current engagements demand my attention, yet I eagerly anticipate our future correspondence at your convenience."
TBT,Throwback Thursday ,"Here’s a photo from high school, TBT!",A popular social media trend where users share old photos or memories on Thursdays.  ,"A nostalgic image from my high school era, #FlashbackThursday."
TC,Take care,"Goodbye, TC!",A polite way to say goodbye while wishing someone well.  ,"Farewell, kindly look after your wellbeing!"
TCB,Take care of business,I’ve got to TCB before the deadline.,Refers to handling responsibilities or tasks.  ,Ensure that all assigned responsibilities and tasks are duly accomplished prior to the stipulated deadline.
TCOY,Take care of yourself,Stay safe and TCOY.,A way to remind someone to prioritize their well-being.  ,"Cognizant of your welfare, I implore you to prioritize self-care with utmost diligence."
TD,Tower defense ,I love playing TD games.,Refers to a gaming genre where players defend a base or structure against waves of enemies.  ,I derive considerable pleasure from engaging with strategic tower defense games.
TD2M,Talk dirty to me,He sent me a flirty message saying TD2M.,A playful or flirtatious request for provocative conversation.  ,His communication subtly hinted at an escalation towards an intimate and explicit discussion.
TDTM,Talk dirty to me,She jokingly said TDTM during the chat.,Another variation of requesting flirtatious or suggestive conversation.  ,The individual subtly proposed engaging in an explicit conversation during our discourse.
TEA,Meaning gossip,"Spill the TEA, I want to hear all the details!",Refers to gossip or sharing juicy information.  ,"I'm curious to learn about the specific details or insider information you have in mind. Please share, as I find such discussions most intriguing."
TFF,Too freaking funny,That video was TFF!,Used to describe something that is extremely funny.  ,The video was remarkably humorous!
TFS,Thanks for sharing,"That article was really helpful, TFS!",A polite way to thank someone for sharing information or content.  ,Many thanks for your kind gesture of disseminating the insightful article.
TFTF,Thanks for the follow ,TFTF! Looking forward to your posts.,A message to thank someone for following on social media.  ,Thank you for taking an interest in my updates; I look forward to engaging with you further.
TFTI,Thanks for the invitation,"TFTI, but I can’t make it to the party.",A way to acknowledge and thank someone for inviting you to something.  ,"Indeed, my gratitude extends to you for extending such a gracious invitation; yet, it is with regret that I must inform you of my inability to attend the gathering."
TFTT,Thanks for this tweet,"This is a great tip, TFTT!",A message to thank someone for a useful or entertaining tweet.  ,"I appreciate your insightful recommendation, and I am grateful for your thoughtful contribution."
TG,Thank goodness,TG it stopped raining just in time!,A phrase used to express relief.  ,"Indeed, the cessation of rain arrives most fortuitously!"
TGIF,Thank God it’s Friday,"Finally, the weekend is here! TGIF!",A celebratory phrase used at the end of the workweek.  ,"With immense gratitude, we welcome the arrival of the weekend, a respite much anticipated following an arduous workweek. Indeed, its emergence brings with it a sense of relief, allowing us to momentarily release from our responsibilities and indulge in some well-deserved leisure."
THNQ,Thank you ,THNQ for helping me with my project!,"A playful or stylized way of saying ""thank you.""  ",Appreciated immensely for your assistance with my project.
THNX,Thanks,THNX for the advice!,"A shorthand way of saying ""thanks.""  ",Appreciated for your guidance!
THOT,That were over there,Look at that THOT at the party.,"A slang term used to refer to someone, often a woman, in a derogatory or flirtatious manner.  ","Regard that individual, whose conduct was decidedly inappropriate during the social gathering."
THT,Think happy thoughts,"Feeling stressed? THT, it’ll get better.","A reminder to focus on positive things, often used to encourage someone.  ","When feeling overwhelmed, it may be beneficial to redirect one's thoughts towards positivity, fostering a potential amelioration of the situation in due course."
THX,Thanks,THX for helping me out!,Another shorthand way to express gratitude.  ,Appreciated for your assistance.
TIA,Thanks in advance,TIA for any suggestions you can give!,Used when thanking someone ahead of time for their help or response.  ,Your assistance in providing potential suggestions would be greatly appreciated.
TIAD,Tomorrow is another day,"Don’t stress, TIAD!",A reminder that there’s always another chance or opportunity.  ,"With assurances, tomorrow offers fresh opportunities for resolution."
TIC,Tongue-in-cheek,"My comment was TIC, don’t take it too seriously.",Used to indicate that something was said in a joking or sarcastic manner.  ,"The comment was delivered with a touch of irony or humor intended to be perceived as such, rather than taken at face value."
TIL,Today I learned,TIL that honey never spoils!,Used to share a fact or piece of knowledge that someone has recently learned.  ,"In my recent research, I discovered that under appropriate conditions, honey does not undergo spoilage."
TILIS,Tell it like it is,I appreciate that you always TILIS.,A phrase used to compliment someone for being straightforward or honest.  ,Your unwavering candor and forthrightness are deeply appreciated.
TIR,Teacher in room,"Can’t talk about it now, TIR.","A warning that a teacher is present, often used in a classroom setting.  ",I am unable to delve into that matter at present as a pedagogical figure is present within our scholastic environment.
TLK2UL8R,Talk to you later,"I’ve got to go, TLK2UL8R!","A playful or casual way to say goodbye, implying that the conversation will continue later.","Until our next encounter, farewell. I look forward to resuming our conversation at a later time."
TL,Too long,"The article was TL, couldn’t finish it.",Used to describe something that is too lengthy to be fully read or considered.,The article proved excessively prolonged for my completion.
TL;DR,Too long; didn’t read,Here’s the summary of the report: TL;DR.,A phrase used to summarize lengthy content for someone who didn’t read the entire thing.,"Skimming through, the essential highlights of the report are succinctly presented herein."
TM,Trust me,"TM, this movie is worth watching!",Used to assure someone about the truth or validity of a statement.,One can trust that the film merits viewing without a doubt.
TMA,Take my advice,"TMA, don’t invest in that stock.",Used to offer advice or a suggestion to someone.,"I strongly urge against investing in that stock, based on my counsel."
TMB,Text me back,"Let me know what time works for you, TMB!",A request for someone to reply via text message.,Kindly let me know when you're available for communication; I look forward to receiving your response promptly.
TMB,Tweet me back,"I tagged you in that post, TMB when you see it.",A request for someone to respond on Twitter.,Kindly find yourself mentioned in the aforementioned post. I would greatly appreciate a prompt response at your convenience.
TMI,Too much information,"Whoa, that’s TMI about your weekend!","Used when someone shares more details than necessary, often about personal matters.",That discloses an undue amount of private details concerning your weekend activities.
TMOT,Trust me on this,"You’ll love that restaurant, TMOT!",A phrase used to convince someone of the reliability of a suggestion.,"I assure you, that establishment promises an exceptional dining encounter."
TMTH,Too much to handle,This workload is TMTH today.,Refers to something overwhelming or difficult to manage.,The current workload appears to be overwhelming and beyond manageable limits for today.
TMYL,Tell me your location,"I’m heading out now, TMYL so I can meet you.",A request for someone to provide their current location.,"Kindly share your present whereabouts, so we may coordinate a rendezvous."
TMWFI,Take my word for it,"TMWFI, that movie is amazing.",A phrase used to assure someone that they should trust what you’re saying.,"In all earnestness, I can attest to the outstanding nature of that film."
TNSTAAFL,There’s no such thing as a free lunch,You think that’s a free offer? TNSTAAFL.,"A saying that implies everything has a cost, even if it seems free.","It appears you entertain the notion of a gratis proposal, yet one must remember the adage that ""there is no free lunch."" Consequently, it is important to note that there is no complimentary meal offered in this situation."
TNT,Til next time,"It’s been fun, TNT!",A way of saying goodbye until the next meeting or conversation.,"Until our paths cross again, it has been an enjoyable encounter."
TOJ,Tears of joy,"When I saw the surprise, I had TOJ!",Used to describe feeling so happy that it brings tears.,"Upon encountering the astonishment, I felt an overwhelming delight which threatened to bring forth tears of joy."
TOS,Terms of service,Make sure you read the TOS before signing up.,Refers to the legal agreement for using a service or product.,"Prior to the commencement of utilizing our services, kindly peruse and acknowledge our comprehensive Service Agreement."
TOTES,Totally,I’m totes excited for the trip!,"A playful or casual way of saying ""totally,"" often used in informal conversations.",I am entirely enthused regarding the journey.
TOU,Thinking of you,"Just wanted to say hi, TOU.",A sweet or thoughtful message to let someone know they’re on your mind.,I've merely been considering your welfare.
TOY,Thinking of you,"Hope you’re doing well, TOY!","Another way of expressing that you’re thinking about someone, similar to TOU.",My thoughts frequently turn to your welfare.
TPM,Tomorrow p.m.,Let’s meet TPM for coffee.,Refers to something happening in the afternoon or evening of the next day.,Our scheduled meeting for a coffee engagement will transpire in the afternoons of the succeeding day.
TPTB,The powers that be,We’ll have to wait for approval from TPTB.,Refers to people in authority or those who make important decisions.,"To obtain consent, it is imperative that we engage with the individuals holding sway in the relevant governing bodies."
TQ,Te quiero / I love you ,Just wanted to say TQ!,"A Spanish term meaning ""I love you,"" used in affectionate messages.","My intention is to communicate my affectionate feelings and thus I say, ""I care deeply for you."""
TSH,Tripping so hard,That movie had me TSH!,Used to describe an intense or surreal experience.,I found the film utterly mind-blowing.
TSNF,That’s so not fair,You got the last slice? TSNF!,A playful way of expressing that something isn’t fair.,"The distribution of that final slice of pie seems highly unjustified, in my opinion."
TSTB,"The sooner, the better","Let’s finish this project, TSTB!","Used to express urgency, implying that something should be done as soon as possible.","Execute the project with utmost urgency, for prompt completion is of paramount importance."
TT,Trending topic,That hashtag is the latest TT on Twitter.,Refers to a popular or trending subject on social media platforms.,"The currently prevalent topic of widespread interest on Twitter, as evidenced by the frequent use of the designated hashtag, is garnering considerable attention."
TTFN,Ta ta for now,"Got to go, TTFN!","A playful or informal way to say goodbye, often used in casual conversations.","Until our next encounter, I must take my leave for the present."
TTLY,Totally,I TTLY agree with you on that!,"A more casual or playful way of saying ""totally,"" often used for emphasis.","Indeed, I wholly agree with your sentiment."
TTTT,These things take time,"Don’t worry, TTTT—it’ll get better.",A reminder that some things require patience and time to resolve or improve.,"Please be assured that progress will naturally unfold, albeit requiring a degree of persistence and patience."
TTUL,Talk to you later,"I’ve got to run, TTUL!","A friendly way of saying goodbye, implying the conversation will continue later.","With regret, I must take my leave at this moment, however, I look forward to resuming our conversation in due course."
TU,Thank you,TU for all your help today!,A shorthand way to express gratitude.,I am profoundly grateful for your extensive assistance today.
TUI,Turning you in,"You’ve been caught, I’m TUI!",Used humorously or seriously to tell someone that you’re going to report them to an authority.,"I regret to inform you that you are under arrest, and I shall be filing a formal report concerning this matter."
TURNT,"Meaning excitement, turned up",The party was TURNT last night!,"Describes a highly energetic or exciting situation, often used to describe parties.",The atmosphere at the gathering achieved an extraordinary level of exuberance last night.
TWSS,That’s what she said,"The comment was too funny not to say, TWSS!",A humorous phrase used to add innuendo to a previous statement.,"Remarkably amusing was the statement, prompting an appropriately humorous retort."
TTG,Time to go,"It’s getting late, TTG!",Used to indicate that it’s time to leave or finish something.,The hour grows advanced; it's now opportune for our departure.
TTYAFN,Talk to you awhile from now,"I’m going offline, TTYAFN.",Used to say goodbye with the understanding that you won’t be talking for a while.,I shall temporarily withdraw from communication but shall return to engage further shortly.
TTYL,Talk to you later,"I’ve got to head out, TTYL!","A common phrase to end a conversation, implying you’ll talk again soon.","With my apologies for this interruption, I must take my leave at once. Rest assured, I shall reach out to you anon."
TTYS,Talk to you soon,"Let’s catch up later, TTYS!","A way to say goodbye, indicating that the conversation will continue soon.",Looking forward to connecting with you at a mutually convenient time soon.
TY,Thank you,TY for the gift!,A shorthand way of expressing thanks.,I am most appreciative of your thoughtful present.
TYFC,Thank you for charity ,"TYFC, your donation means a lot!",A message used to thank someone for their charitable contribution.,I am deeply grateful for your thoughtful act of kindness. Thank you for your philanthropy.
TYFYC,Thank you for your comment,"TYFYC, I appreciate your feedback.",A polite way to acknowledge someone’s comment or feedback.,Appreciate your thoughtfulness in contributing a comment; your input is greatly esteemed.
TYS,Told you so,"I said it would rain, TYS!",A playful or teasing way to remind someone that you were right about something.,"The previously stated forecast, as anticipated, proved accurate."
TYT,Take your time,"No rush, TYT!",A polite way to tell someone they don’t need to hurry.,Kindly proceed at a pace that suits you best.
TYSO,Thank you so much,TYSO for all your hard work!,A heartfelt way to express deep gratitude.,I am most grateful for your diligence in the completion of the task.
TYAFY,Thank you and *freak* you,"You helped, but made it harder, TYAFY!",A playful or sarcastic way to express both thanks and frustration.,"The aid rendered is profoundly valued, yet your interventions have unwittingly compounded the intricacies of this matter. I express my gratitude, coupled with a measure of exasperation, and bid you farewell with best wishes for the remainder of your day."
TYVM,Thank you very much,TYVM for the lovely gift!,A more formal or heartfelt way to express thanks.,I am extremely grateful for your kind and considerate act.
TX,Thanks,TX for the quick reply!,"A shorthand way of saying ""thanks.""",I am appreciative for the prompt reply!
^URS,Up yours,You think I’m wrong? ^URS!,"A rude or playful retort to someone’s statement, meaning ""up yours.""","With all due respect, your opinion is respectfully disputed."
UCMU,You crack me up,"That joke was hilarious, UCMU!",Used to tell someone that they’re funny or made you laugh.,Your jest was remarkably amusing; it truly elicited an appreciative laugh from me.
UDI,Unidentified drinking injury,"Woke up with a bruise, total UDI from last night.","Refers to an injury someone gets while intoxicated, with no memory of how it happened.","Upon awakening, I discovered an inexplicable bruise, evidently caused by some unknown incident that transpired under the sway of alcohol the previous evening."
UDM,U (You) da (the) man,"You fixed the issue, UDM!",A playful or complimentary way to tell someone they did a great job.,"Remarkable achievement, indeed, your solution to the predicament was exemplary."
UDS,Ugly domestic scene,"Things got heated last night, total UDS.",Refers to a conflict or argument within a household.,"Last night, an unsightly domestic dispute of considerable discord ensued."
UFB,Un *freaking* believable,That result was UFB!,Used to express extreme disbelief or amazement.,Remarkably extraordinary! (or) Quite simply astounding! (or) Incomparably remarkable indeed! (all these options aim to convey a strong sense of disbelief and admiration that is characteristic of 'UFB')
UFN,Until further notice,The meeting is postponed UFN.,Refers to something being put on hold until new information is available.,"Pending further advisement, the meeting remains temporarily suspended."
UFWM,You *freaking* with me?,You just won the lottery? UFWM?,Used to express surprise or disbelief in a playful or serious way.,"""Have you, by any chance, recently come into a substantial and verifiable windfall, or might there be some jest involved?"""
UGTBK,You’ve got to be kidding,They canceled the event? UGTBK!,Used to express disbelief or frustration about surprising news.,The proposed termination of the event appears utterly inconceivable and astonishing.
UHGTBSM,You have got to be shitting me!,You got that for free? UHGTBSM!,A more vulgar way of expressing extreme disbelief.,"The assertion is so unbelievable, it leaves me questioning its veracity."
UKTR,You know that’s right,Best food in town? UKTR!,Used to agree emphatically with someone’s statement.,"Indeed, the culinary offerings here are unquestionably exceptional."
UL,Upload,I’ll UL the files to the server.,Refers to uploading data or files to the internet or a server.,"The refined version could be: ""I shall transmit the documents to the primary server for processing."""
U-L,You will,U-L love this new song!,A prediction or assurance that someone will enjoy something.,Shall find delight in this novel melody.
UNA,Use no acronyms,Please UNA in the report.,"A request to avoid using acronyms, often in formal writing.",Kindly avoid the use of abbreviations or acronyms in the report to ensure clarity and comprehensibility for all readers.
UN4TUN8,Unfortunate,That accident was really UN4TUN8.,A stylized way to say something was unfortunate or unlucky.,The misfortune of the accident is deeply regrettable.
UNBLEFBLE,Unbelievable,That game was UNBLEFBLE!,Used to express astonishment or disbelief.,The game was astonishingly remarkable.
UNCRTN,Uncertain,The results are still UNCRTN.,Refers to a lack of clarity or certainty about something.,The findings continue to be equivocal.
UNPC,not politically correct,"That joke was funny, but definitely UNPC.",Describes something that may be considered offensive or insensitive by modern standards.,"The jocularity in that joke was amusing, but it undeniably exhibited a deficiency in political tact."
UOK,You ok?,"You seem upset, UOK?",A quick way to ask if someone is feeling alright.,"""Kindly inform me of your current well-being; I have noticed a hint of distress in your recent communications."""
UR,You are ,UR the best!,"A shorthand way to say ""you are,"" commonly used in text messaging.","Indeed, your performance is commendable."
UR2YS4ME,You are too wise for me,"You solved that puzzle so quickly, UR2YS4ME!",A compliment acknowledging someone’s intelligence or cleverness.,Your comprehension of the solution surpasses my grasp of complexity.
URA*,You are a star,"Thanks for helping with the project, URA*!",A way to compliment or thank someone for their efforts.,"Your exceptional assistance on this project has truly shone like a beacon of brilliance. I cannot express enough my admiration for your outstanding dedication and hard work. Once again, thank you immensely."
URH,You are hot ,URH in that outfit!,A flirtatious way to compliment someone’s appearance.,Your allure is undeniably captivating in that attire.
URSKTM,You are so kind to me,"Thanks for the gift, URSKTM!",A warm way to express gratitude for someone’s kindness.,"Indeed, your considerate actions are most gratefully received."
URTM,You are the man,"You nailed that presentation, URTM!",A compliment given to someone who has done something impressive.,Your extraordinary oration has proven to be a resounding triumph! Bravo!
URW,You are welcome,Thanks for your help! URW!,A shorthand way of responding to someone’s thanks.,Gratefully acknowledged for your aid; many thanks. Yours faithfully.
USBCA,Until something better comes along,I’ll keep this job USBCA.,Refers to doing something temporarily until a better opportunity arises.,"My current position shall serve as a temporary measure, pending the emergence of a more fitting opportunity."
USU,Usually,I USU work from home on Fridays.,"A shorthand way of saying ""usually,"" indicating a regular occurrence.","Typically, I conduct my work from home on Fridays."
UT,Unreal Tournament,I’ve been playing UT all weekend!,Refers to the popular first-person shooter video game *Unreal Tournament*.,"Over the recent days, I have immersed myself in an exhilarating battlefield reminiscent of the renowned Unreal Tournament."
UT2L,You take too long,"Hurry up, UT2L!",Used to express impatience with someone who is taking too long.,"Your prompted response, ""Please hurry, as I am concerned about the delay,"" is already quite formal and does convey the original intent and sentiment of 'UT2L' (You take too long). However, if you desire a more direct approach that mirrors the informal slang term, you could consider: ""Hurry up! My patience is wearing thin due to this delay."" This sentence retains the same emotional tone as 'UT2L', but in formal English."
UTM,You tell me,What’s the best option? UTM.,A way to ask for someone’s opinion or perspective.,The decision regarding the most suitable option rests with your discretion.
UV,Unpleasant visual,That outfit was a total UV!,Refers to something that is visually unappealing or unpleasant.,"The attire presented an unfavorable aesthetic, rendering it notably unfit for the occasion."
UW,You’re welcome,Thanks for helping me! UW!,A casual way of responding to someone’s thanks.,Your assistance is much appreciated.
UX,User experience,We need to improve the UX of this website.,"Refers to the overall experience of a user when interacting with a product, particularly in tech and design.",Optimizing the visitor's interactive encounter with this web platform is indispensable.
V,Very,That’s V impressive!,"A shorthand way of saying ""very,"" often used in casual communication.","That is remarkably, if not exceptionally, impressive."
VAT,Value added tax,The total cost includes VAT.,Refers to the tax added to goods or services in certain countries.,The overall charge encompasses an embedded levy for additional value creation.
VBL,Visible bra line,You can totally see her VBL in that top.,Refers to the visible outline of a bra under clothing.,"The distinct visibility of her decolletage, marked by a visible bra line, was particularly prominent in her attire."
VBS,Very big smile,I saw the surprise and had a VBS!,Used to describe someone smiling broadly.,"I observed the evident surprise and responded with an unfeigned, expansive grin of goodwill."
VC,Voice chat,Let’s hop on VC to discuss the project.,"Refers to using voice communication, often in gaming or online meetings.",Engage in an oral dialogue regarding the project via voice communication.
VEG,Very evil grin,He made a VEG when he pulled the prank.,"A mischievous or playful smile, often indicating someone is up to no good.","Displaying a notably malevolent smirk, he executed the prank with apparent delight in his misdeeds."
VFF,Very freaking funny,That meme was VFF!,Used to describe something that’s extremely funny.,The meme exhibited remarkable comedic prowess!
VFM,Value for money,This laptop is great VFM.,Refers to getting good quality or performance for the price paid.,"The laptop represents a noteworthy financial return in relation to its purchase price, offering substantial benefits that exceed expectations."
VGC,Very good condition,This phone is secondhand but in VGC.,Describes something that is used but still in excellent condition.,"The referred phone exhibits remarkably well-preserved quality, comparable to that of new devices."
VGG,Very good game,"That was a tough match, but VGG!",Used in gaming to compliment the overall quality of the game.,"In spite of the game proving to be demanding, it ultimately proved to be remarkably successful."
VGH,Very good hand,You played a VGH in that round.,Refers to a well-played hand in card games.,Your dexterity was remarkably impressive in that round.
VIP,Very important person,He’s got VIP access to the event.,Refers to someone who has special status or privileges.,His distinguished standing or high-level status is underscored by his exclusive access to the event.
VM,Voice mail,I left you a VM about the meeting.,Refers to a recorded message left when someone can’t answer the phone.,A message regarding the meeting has been left for you on my voicemail.
VN,Very nice,That dress looks VN on you!,A compliment used to describe something that is pleasant or appealing.,Your attire is exceptionally elegant this evening.
VNH,Very nice hand ,You won the game with a VNH.,A compliment used in card games to recognize a well-played hand.,Your victory is noteworthy and commendable indeed.
VoIP,Voice over Internet Protocol,We use VoIP for all our office calls.,Refers to making voice calls over the internet rather than through traditional phone lines.,"The office communicates entirely via digitally-mediated voice services, namely Voice over Internet Protocol (VoIP)."
VRY,Very,I’m VRY excited for the weekend!,"A shorthand version of ""very,"" often used in texting or online communication.",I am extremely eager for the arrival of the weekend!
VSC,Very soft chuckle,That comment made me VSC.,"Describes a light or subtle laugh, often in response to something mildly amusing.","The remark elicited a discreet, tender chuckle from me."
VSF,Very sad face,"I missed the event, VSF.",Used to express disappointment or sadness.,"With profound regret, I must inform you that my participation in the event was not possible."
VWD,Very well done,Your presentation was VWD!,A compliment to someone who has done something exceptionally well.,"Indeed, your presentation was executed with commendable proficiency and distinction."
VWP,Very well played,"You outsmarted me in that game, VWP!",Used to compliment someone for playing well in a game or competitive situation.,Your strategic acumen was evident in that game; commendable performance.
W@,What?,W@ did you just say?,"A shorthand way to ask ""what,"" typically used in texting or online chat.","""Would you kindly repeat that for clarification, please?"""
W/,With,I’m going to the movies W/ my friends.,"A shorthand version of ""with,"" often used in text or informal writing.","Accompanied by my friends, we shall attend the cinema."
W/B,Welcome back,"You’ve been gone for a while, W/B!",A friendly way to greet someone who has returned after being away.,"With much anticipation, it is a pleasure to have you return."
W3,WWW ,Check out the latest updates on W3!,"Refers to the World Wide Web, often used in tech contexts.","Delve into the most recent developments pertaining to the global network of interconnected documents and resources, colloquially known as the World Wide Web (WWW)."
W8,Wait,"W8, I need to check something first.","A shorthand for ""wait,"" used in quick messages or chats.",Kindly stand by for a brief moment whilst I attend to verifying certain particulars.
WAH,Working at home,"I’m WAH today, so I’ll be online later.","Refers to someone working from home, often used in professional settings.","I shall be engaged in remote work today, thus my online availability is anticipated later."
WAJ,What a jerk,"He cut me off in traffic, WAJ!",Used to describe someone behaving rudely or inconsiderately.,"Demonstrating alarming disregard for others, he abruptly intruded onto my driving lane with an unsettling disrespect for established rules and courtesy."
WAM,Wait a minute,"WAM, I need to grab my keys.",A casual way to ask someone to pause or wait briefly.,Kindly grant me a brief respite while I search for my misplaced keys; your patience is greatly appreciated.
WAN2,Want to,WAN2 grab lunch later?,"A shorthand way to say ""want to,"" commonly used in text messages.",Would it be agreeable for us to arrange a lunch together at a more convenient time in the future?
WAN2TLK,Want to talk,"Feeling bored, WAN2TLK?",A quick way to ask someone if they want to have a conversation.,Expressing a desire for an engaging dialogue amidst periods of leisure?
WAREZ,pirated software,"Be careful downloading WAREZ, it could be risky.",Refers to illegal copies of software that are often distributed online.,"Navigate with caution when procuring software without legal authorization, as its use may incur significant risks."
WAS,Wait a second,"WAS, I need to check my calendar.",A casual way to ask someone to wait for a brief moment.,"""May I request a moment to verify my appointments schedule?"""
WAS,Wild a guess,"I’m not sure, just taking a WAS.",Refers to making a random guess about something.,My supposition is merely speculative at this time.
WAT,What,WAT are you talking about?,"A shorthand way of saying ""what,"" often used in informal conversations.","Request clarification, if possible."
WAWA,Where are we at?,"We’ve been driving for hours, WAWA?",A way to ask for an update on progress or location.,"After a prolonged journey, could you please update us on our present whereabouts?"
WAYF,Where are you from?,Nice to meet you! WAYF?,A common question in online chats to ask about someone’s origin or hometown.,It's a delight to make your acquaintance. May I enquire about the locale from which you hail?
W/B,Write back,"Let me know your thoughts, W/B when you can.","A request for someone to respond, often used in emails or letters.",Kindly respond at your earliest convenience with your thoughts.
WB,Welcome back,"You’ve been offline for a while, WB!",A greeting used when someone returns after being away.,Greetings once more to you! Your return fills us with delight; it appears it has been some time since last we were in contact.
WBS,Write back soon,"Looking forward to hearing from you, WBS!","A polite request for someone to reply soon, often used in letters or emails.","Anticipating your reply, I shall get back to you without delay."
WBU,What about you?,"I’m doing well, WBU?",A question asking someone to share their own situation or feelings.,Might I enquire about your current state? I find myself in good health.
WC,Welcome,"Thanks for the invite, WC!","A simple way to say ""welcome"" in response to thanks.",Kindly accept my warmest regards for extending the invite.
WC,Who cares,"I missed the meeting, but WC?",Used to express indifference about something.,"Regardless of the missed meeting, its significance seems negligible at present."
WCA,Who cares anyway,"It didn’t go as planned, but WCA.","A more dismissive version of ""who cares,"" often used when something doesn’t matter.","Regardless of the unforeseen results, their significance seems minimal when considering the grand scheme of things."
W/E,Whatever,You don’t agree? W/E.,"A casual or dismissive way of saying ""whatever.""",Your disagreement is noted nonetheless.
W/END,Weekend,I’m planning to relax this W/END.,"A shorthand way to refer to the weekend, often used in informal conversation.","My intention is for a rejuvenating respite over the approaching days of leisure, traditionally referred to as the weekend."
WE,Whatever,"I didn’t like the movie, but WE.","Another way to say ""whatever,"" used in casual speech.","Despite my personal preferences, the film did not appeal to me. (The phrase ""despite my personal preferences"" serves as a more formal and polite alternative to ""whatever"", indicating the speaker's personal dislike for the movie.)"
WEBO,Webopedia,I looked it up on WEBO.,"Refers to the online tech dictionary Webopedia, used for technical definitions.","I delved into a comprehensive, readily accessible digital lexicon to retrieve the sought-after knowledge."
WEEBO,a person obsessed with of Japanese culture,"He’s such a WEEBO, always watching anime.","Refers to someone who is highly passionate about Japanese culture, often in a fanatical way.","This particular person exhibits an uncommon ardor and reverence towards Japanese culture, particularly anime."
WEP,Weapon,What’s your favorite WEP in the game?,"Refers to a weapon, commonly used in gaming contexts.",Inquiring about your preferred tactical instrument of choice within the game context.
WH5,"Who, what, when, where, why",I need the WH5 of the event before I can plan.,A shorthand for the basic information needed in a situation.,"To effectively organize an occasion, it is essential to acquire pertinent details concerning the individuals, elements, timing, location, and motivation pertaining to the event."
WHATEVES,Whatever,"They can do what they want, WHATEVES.","A casual or indifferent way of saying ""whatever.""","Despite their decision, its consequence holds no significance for me."
WIBNI,Wouldn’t it be nice if,WIBNI we could take a vacation right now?,Used to express a wish or hopeful scenario.,"While I am not able to predict the current moment, might it not be delightful to consider planning a vacation at this time?"
WDALYIC,Who died and left you in charge,"You’re acting like the boss, WDALYIC?",A sarcastic way to challenge someone’s authority or assertiveness.,It seems you're taking on an air of authority as though someone who was previously in charge has passed away and granted you leadership.
WDYK,What do you know?,"I just found out the news, WDYK?",Used to ask for someone’s knowledge or opinion on a topic.,Might I seek your wisdom regarding a recent discovery of mine? Could you shed light on its particulars?
WDYT,What do you think?,"I’m considering getting a new phone, WDYT?",A simple way to ask for someone’s opinion.,I would appreciate your thoughts on my contemplation regarding purchasing a new smartphone.
WGACA,What do you think?,"I’m not sure about the plan, WGACA?",Another way to ask for someone’s opinion or input.,I would appreciate your insights on the suggested plan; what are your views on it?
WIIFM,What’s in it for me?,"I’ll help, but WIIFM?",Used to ask about personal benefits or incentives.,"""Might I inquire about the potential advantages or rewards that could be gained by offering assistance?"""
WISP,Winning is so pleasurable,"After that victory, I can say WISP!",A playful phrase expressing the joy of winning.,"Experiencing victory, I can hardly contain my profound sense of fulfillment."
WITP,What is the point?,"I don’t get it, WITP of this task?",Used to ask why something is being done or its purpose.,Struggling to discern the rationale or justification for undertaking this assignment.
WITW,What in the world,WITW is happening over there?,Used to express shock or confusion about something surprising.,"Good heavens, what extraordinary occurrence is transpiring over yonder?"
WIU,Wrap it up,"We’re running out of time, WIU!",A phrase used to tell someone to finish or conclude something quickly.,The time for our discussion draws to a close; kindly wrap up the matter at hand.
WK,Week,I’ve got a busy WK ahead.,"A shorthand way to say ""week,"" often used in text.",The forthcoming days are anticipated to be filled with activity for me.
WKD,Weekend,Can’t wait for the WKD!,A shorthand way of referring to the weekend.,Anticipating the forthcoming days of leisure and relaxation.
WRT,With regard to,"WRT your last email, I have some questions.","A formal way of referring to a previous point, often used in business communication.","In relation to your previous correspondence, I find myself with a few queries."
WL,Whatta loser,"He didn’t even try, WL!",A playful or critical way to describe someone who isn’t succeeding or trying.,"His lack of endeavor was truly disheartening, evoking sentiments akin to encountering an inescapable misfortune."
W/O,Without,I can’t finish this W/O more information.,"A shorthand for ""without,"" commonly used in text or casual writing.",I require further details to proceed without delay in completing this task.
WOA,Work of Art,Her painting is a real WOA.,A compliment used to describe something exceptionally well done or beautiful.,Her painting is nothing short of a masterful creation.
WOKE,"people who are aware of current social issues, and politics","He’s so WOKE, always talking about social justice.","Refers to someone who is highly aware or informed about societal issues, often used in a positive or sometimes sarcastic way.",This person demonstrates an exceptional understanding and active engagement in discourses surrounding modern social justice and political affairs.
WOMBAT,"Waste of money, brains and time",That project was a total WOMBAT.,A humorous or critical way to describe something that’s completely pointless or wasteful.,"The project proved to be an egregious squandering of financial assets, intellectual capital, and valuable time."
WOW,World of Warcraft,I’ve been playing WOW all night!,Refers to the popular online multiplayer game *World of Warcraft*.,I dedicated the entire night to engaging in the immersive virtual universe of World of Warcraft.
WRK,Work,"I’m at WRK right now, can’t talk.","A shorthand for ""work,"" often used in text or messaging.","Regrettably, my current obligations necessitate that I abstain from conversation at present."
WRU,Where are you?,"We’re all waiting for you, WRU?",A simple way to ask someone about their location.,Your eagerness for your impending arrival is palpable. Might I inquire as to where you find yourself presently?
WRU@,Where are you at?,"I’m already here, WRU@?","Another way to ask where someone is, often used in casual conversations.",Inquiry regarding your current location: I am already present at the specified location.
WRUD,What are you doing?,WRUD later tonight?,A quick way to ask someone what they are up to or planning.,Inquiring as to your intentions for this evening?
WTB,Want to buy,"WTB a new gaming console, any recommendations?",Commonly used in online marketplaces or games when looking to buy something.,I am seeking to acquire a contemporary gaming console. Could you perhaps provide some suggestions for high-quality models?
WTF,What the freak?,WTF is going on here?,"An expression of surprise, disbelief, or frustration.",What on earth is transpiring here?
WTFE,What the freak ever,"You didn’t agree? WTFE, I don’t care.","A dismissive way to say ""whatever.""","Your lack of concurrence is duly noted; nonetheless, my apathy persists unfazed."
WTFO,"What the freak?, over",You seriously forgot the meeting? WTFO?,"A stronger or more emphatic version of WTF, often used for emphasis.",This apparent oversight regarding the arranged meeting is utterly astonishing.
WTG,Way to go,You aced the test! WTG!,A congratulatory phrase used to compliment someone on a job well done.,Remarkable accomplishment! Your success in the examination is commendable. Bravo!
WTGP,Want to go private,"We can talk more freely, WTGP?",A phrase used in online chats to suggest moving to a private conversation.,It would be advantageous to continue our discourse in a more confidential setting.
WTH,What the heck?,WTH is happening right now?,"A less explicit version of ""WTF,"" expressing confusion or surprise.","Good heavens, what on earth is occurring at this very instant?"
WTM,Who’s the man?,"I got the promotion, WTM?",A phrase used to boast or celebrate an accomplishment.,Which competitor has demonstrated exceptional performance and thus earned the distinguished title?
WTS,Want to sell? ,I WTS my old gaming gear.,Commonly used in online marketplaces or games when offering something for sale.,"I have gaming equipment for sale, previously owned by me."
WTT,Want to trade?,"I have an extra keyboard, WTT for your headphones?",Used to ask if someone wants to trade goods or services.,I propose a potential exchange of my surplus keyboard for your headphones. Is this proposal of interest to you?
WU,What’s up?,"Hey, WU?",A casual greeting asking how someone is or what they are doing.,Greetings! I was wondering if you might be kind enough to update me on your present state or situation?
WUCIWUG,What you see is what you get,The software’s WUCIWUG interface makes it easy to use.,Refers to something straightforward with no hidden elements.,"The software offers a straightforward user interface, delivering transparency in its operation."
WUF,Where are you from?,Nice to meet you! WUF?,A common question in online chats asking for someone’s origin.,It's a delight to make your acquaintance! Would you kindly share your geographical origin of birth or upbringing?
WUP,What’s up?,"Long time no chat, WUP?","Another variation of ""What’s up?"", often used in casual conversation.","Greetings once more! It seems a while since we last engaged in dialogue. Pray tell, how fares your current state of being?"
WUT,what,WUT did you just say?,"A shorthand way to ask ""what,"" often used in texting or informal chat.",Could you kindly repeat what you have just stated? (Alternatively: Would you be so kind as to clarify your previous statement?)
WUW,What you want?,WUW for dinner tonight?,A casual way to ask what someone wants or prefers.,Inquiries regarding one's dining preference for this evening: Could you please specify your choice?
WUU2,What are you up to?,"Hey, WUU2 this weekend?",A quick way to ask what someone is doing or planning.,"""Good day, might I inquire as to your plans for the upcoming weekend?"""
WUZ,Meaning “was”,WUZ that a good idea?,"A playful shorthand for ""was,"" used in informal text.",Had that been an effective notion? (Question mark added)
WWJD,What would Jesus do?,"In tough situations, ask yourself WWJD.",A phrase used to reflect on how to act morally or compassionately.,"In challenging circumstances, contemplate your conduct as if emulating the actions of Christ."
WWJD,What Would Judd Do?,"Before making a decision, think WWJD.","A playful or alternative use of the acronym, referring to the advice of someone named Judd.","Contemplate an approach that aligns with the wisdom and integrity of Judd, before taking action in comparable circumstances."
WWNC,Will wonders never cease,She finished her project early—WWNC!,Used to express amazement or surprise at something unexpected.,Such is the extraordinary accomplishment indeed – the completion of her project ahead of schedule!
WWYC,Write when you can,"I’ll be waiting for your email, WWYC.",A polite way to tell someone to get in touch when they have time.,Kindly respond when it is convenient for you.
WYCM,Will you call me?,"I’ve got some news, WYCM later?",A request for someone to call when they have the chance.,"""May I request that we arrange a mutually suitable time for our discussion on some matters I wish to share? Should you be inclined, I would greatly appreciate a call from you at your convenience."""
WYD,What are you doing?,WYD this afternoon?,A common way to ask someone about their current or upcoming plans.,"Inquiring about your current activities this afternoon, I was wondering if you could enlighten me?"
WYGAM,When you get a minute,"Could you send me the file, WYGAM?",A polite way to ask someone to do something when they have time.,Could you kindly forward the file at your earliest convenience?
WYHAM,When you have a minute,"Let’s chat about the project, WYHAM.","A similar phrase to WYGAM, used to ask for someone’s attention at their convenience.",Could you kindly find some time to discuss the project at your earliest convenience?
WYLEI,When you least expect it,Opportunities come WYLEI.,A phrase that suggests something unexpected will happen at any moment.,"Unexpectedly, opportunities often present themselves."
WYSIWYG,What you see is what you get,"The job offer is straightforward, WYSIWYG.","Refers to something that is exactly as it appears, with no hidden surprises.",The job offer presented matches exactly the detailed and accurate description provided (True Reflection of What Is Depicted).
WYWH,Wish you were here,"This vacation is amazing, WYWH!",A phrase often used in postcards or messages to express missing someone.,"Dear Sir/Madam,"
X-1-10,Exciting,That rollercoaster was X-1-10!,A playful way to describe something as thrilling or exciting.,The rollercoaster offered an extraordinary level of exhilaration!
X,Kiss,"Love you, X!","Used to represent a kiss in a message, often at the end of a note.","My affection for you is profound and unyielding, expressed through the custom of a tender kiss."
X!,a typical woman,She’s X! Always multitasking.,Used playfully or stereotypically to describe a woman’s behavior.,Her multitasking abilities are remarkably impressive and adept.
XD,really hard laugh,That joke had me XD!,"Represents laughter, often used in gaming or online chats.",The joke provoked a hearty and uproarious guffaw from me.
XD,devilish smile,"I’ve got a plan, XD.",Represents a mischievous or playful grin.,"I present a notion, concealed beneath a mischievous grin."
XME,Excuse Me,"XME, could you move a little?",A polite way to ask for someone’s attention or space.,"Would it be feasible for you to move aside for just a moment, if possible?"
XOXOXO,Hugs & Kisses,"Missing you, XOXOXO!",A common way to express affection at the end of a message.,"Dear [Recipient],"
XLNT,Excellent,The presentation was XLNT!,A shorthand way to describe something as excellent or impressive.,The presentation was of exceptional quality.
XLR8,going faster,Let’s XLR8 and finish this project.,"A stylized way of saying ""accelerate"" or to go faster.",Accelerate our pace and swiftly complete this project.
XPOST,Cross-post,I’ll XPOST this to another group.,"Refers to sharing the same content in multiple places, often used in online forums or social media.",I shall share this content with another pertinent forum.
XYL,Ex-young lady,Ran into my XYL today.,"Refers to a former girlfriend or wife, used in a playful or casual way.",Encountered a former intimate acquaintance of a romantic nature today.
XYZ,Examine your zipper,"Hey, XYZ!",A discreet or playful way of telling someone their zipper is down.,Kindly ascertain that your fastening is securely closed.
Y?,Why?,Y? I don’t understand.,"A shorthand way to ask ""why.""",I am unable to comprehend the rationale behind...
Y,Meaning Yawn,"That movie was boring, Y.",Used to express boredom or sleepiness.,"The film was remarkably uninspiring and devoid of excitement, evoking a sense of weariness."
Y2K,You’re too kind,"Thanks for helping me with the project, Y2K!",A playful way to express gratitude for someone’s kindness.,I am profoundly grateful for your support on the project; it is a most generous gesture that we appreciate deeply.
YA,Your,What’s YA plan for the weekend?,"A shorthand version of ""your,"" commonly used in casual conversation.",The proposed arrangement for the ensuing days is centered around my leisure activities?
YAA,Yet another acronym,This list is full of YAA.,Used humorously to refer to the overuse of acronyms.,1. This compendium encompasses multiple abbreviations.
YABA,Yet another bloody acronym,"Ugh, YABA in this manual!","A more frustrated version of YAA, expressing annoyance with too many acronyms.","Another instance of a abbreviated term appears in this manual, once again."
YARLY,"Ya, really?",You won the lottery? YARLY?,"A playful or sarcastic way of saying ""really?""",Is it genuinely so that you have actually won the lottery?
YAS,Meaning “praise”,"YAS, queen!","Used to express enthusiastic approval or praise, often in pop culture contexts.",Bravo! Such an extraordinary accomplishment.
YBIC,Your brother in Christ,"Take care, YBIC.",Used in religious or Christian communities to refer to fellow believers.,"With all the affection of a shared faith, I extend to you my sincere concern and heartfelt wishes for your well-being."
YBS,You’ll be sorry,"If you skip this, YBS!",A warning that someone may regret their actions.,"Should you choose to forgo this event, remorse shall follow."
YCDBWYCID,You can’t do business when your computer is down,"The system crashed, and YCDBWYCID.",Used to express the frustration of trying to work when technology fails.,Business transactions are currently impossible due to the system's failure.
YCHT,You can have them,Those leftovers? YCHT.,A casual way of offering something to someone.,The remnants are hereby granted to your possession.
YCLIU,You can look it up,"If you don’t believe me, YCLIU.",A challenge or suggestion to verify information.,Kindly verify the authenticity of my assertion by conducting a thorough investigation or seeking expert advice if you harbor doubts.
YCMU,You crack me up,"That joke was hilarious, YCMU!",Used to tell someone they made you laugh.,"The jest proved to be most amusingly entertaining, undeniably enhancing the ambiance with a touch of humor."
YCT,Meaning Your comment to?,I noticed YCT on that post.,A way to ask if someone also commented on a particular thread or post.,"I have observed a query or remark on that posting, might I ask for your clarification?"
YD,Yesterday,I finished the project YD.,"A shorthand for ""yesterday.""","In the immediate past, I completed the project."
YEET,approval or display of energy,"He nailed the jump, YEET!","Used to express excitement, approval, or energy, often in sports or enthusiastic situations.",His exceptional leap merits enthusiastic applause. Indeed!
YF,Wife,I’ll check with my YF before making plans.,A shorthand way to refer to one’s wife.,I shall consult my partner of mutual affection prior to making any decisions.
YG,Young gentleman,The YG was polite and well-dressed.,"Refers to a young man, often used formally.","The person exhibited an impressive level of courteousness and impeccable attire, indicative of a gentleman of distinguished youth."
YGG,You go girl,"You’re killing it at work, YGG!",A supportive phrase used to cheer on a female friend.,"Your exceptional performance at work is truly commendable; keep it up, you're making a significant impact!"
YGTBKM,You’ve got to be kidding me,They canceled the event? YGTBKM!,Used to express disbelief or shock.,"Remarkably unexpected, indeed, is the news about the cancellation of the event."
YGTR,You got that right,"This heat is unbearable, YGTR.",Used to agree emphatically with someone’s statement.,"Indeed, the intensity of the heat is quite overwhelming, to which I concur wholeheartedly."
YHBT,You have been trolled,"Don’t fall for it, YHBT.","Used to inform someone they’ve been tricked or ""trolled"" online.",Kindly be advised: It appears that you may have unwittingly engaged with a deceptive or mischievous act.
YHBW,You have been warned,"If you stay up late, YHBW.",A warning that someone should heed.,"Proceed at your discretion with staying up late, but be mindful that potential consequences such as sleep deprivation may ensue."
YHL,You have lost,"Game over, YHL!",Used to inform someone they’ve lost in a game or competition.,The contest has concluded; your efforts have fallen short.
YIU,"Yes, I understand","Got it, YIU.",A quick way to confirm that you understand something.,I comprehend fully the details you have conveyed.
YKW,You know what,"YKW, I think we should just stay home.",Used to start a statement or suggestion.,The circumstances clearly necessitate our residence confinement.
YKWYCD,You know what you can do,"If you don’t like it, YKWYCD.",A strong or sometimes confrontational suggestion that someone can take action.,"In the event of disagreement or disapproval, kindly consider pursuing alternative courses of action."
YL,Young lady,The YL at the party was very charming.,"Refers to a young woman, often used in formal or polite contexts.",The captivating miss was present at the gathering.
YMMV,Your mileage may vary,"That diet worked for me, but YMMV.",Used to indicate that results may differ from person to person.,The efficacy of the diet can vary significantly among different individuals.
YNK,You never know,"We might win the lottery, YNK!","Used to express uncertainty about future events, with a hint of optimism.",The outcome of winning a lottery remains uncertain; it may very well transpire unexpectedly.
YOLO,You only live once,Let’s take the trip—YOLO!,"A phrase encouraging people to take risks or seize opportunities, as life is short.","Embrace this chance wholeheartedly and embark upon our expedition, bearing in mind that life presents such occasions but singularly."
YR,Your,What’s YR plan for the weekend?,"A shorthand way to say ""your,"" often used in text or online messaging.",What lie before you for the imminent weekend?
YR,Yeah right,You’ll finish in an hour? YR.,A sarcastic way to express disbelief.,"Indeed, your assertion that completion within an hour is feasible appears quite doubtful to me; I would appreciate further clarification regarding your proposed strategy for achieving such a timeline."
YRYOCC,You’re running your own cuckoo clock,You think you can pull that off? YRYOCC.,A playful way to suggest that someone is being unrealistic or eccentric.,"It seems that your proposed method for completing that task may be unconventional and potentially challenging, given your level of competence. However, I am eager to observe if you are indeed running your own clock, so to speak."
YSIC,Your sister in Christ,"Praying for you, YSIC.",Used in religious communities to refer to a female believer.,"With heartfelt goodwill, I extend to you the affectionate sentiments of a bond shared in mutual respect and spiritual camaraderie, my esteemed counterpart."
YSYD,Yeah sure you do,You remember? YSYD.,A sarcastic response to someone claiming they recall or know something.,"I must express some degree of doubt regarding the authenticity of your claims in this matter. [In a more conversational context, it could be: I'm not entirely convinced about your account of having done/remembered this.]"
YT,YouTube,Check out this video on YT!,Refers to the popular video-sharing platform YouTube.,"Peruse the content featured on this platform akin to YouTube, if you please."
YT,You there?,"Haven’t heard from you, YT?",A quick way to ask if someone is present or paying attention.,"""Have we last exchanged messages recently?"" and ""I must acknowledge that I have been unable to receive any recent correspondence from you. Pray, how is your current situation?"""
YTB,You’re the best,"Thanks for all your help, YTB!",A compliment or expression of gratitude.,Your assistance is truly commendable; I can't thank you enough.
YTB,Youth talk back,The YTB session was lively and full of energy.,Refers to discussions or activities where young people voice their opinions.,"The young individual expressively and passionately engaged in the discourse, demonstrating a strong sense of youthful engagement."
YTTL,You take too long,"Hurry up, YTTL!",Used to express impatience with someone who is slow.,"Expedite your progress, as your delay is becoming noticeable."
YTG,You’re the greatest,"You fixed my computer, YTG!",A compliment expressing admiration or gratitude.,"I am profoundly grateful for your invaluable aid in rectifying my computer issues. Your remarkable abilities and dedication shone through during the entire process, and I cannot thank you enough."
YW,You’re welcome,Thanks for the ride! YW!,A polite response to someone’s thanks.,My gratitude for the opportunity to join you on this journey is expressed with utmost pleasure.
YWHNB,"Yes, we have no bananas","We’re out of stock, YWHNB!",A playful phrase meaning something is unavailable.,"Regrettably, our supply of bananas has reached its conclusion; at present, we are unable to fulfill any requests for this commodity."
YWHOL,Yelling “woohoo” out loud,I won the game and was YWHOL!,Describes someone literally or figuratively shouting in excitement.,"Upon securing victory in the game, I let out an exuberant cry of delight!"
YWSYLS,"You win some, you lose some","I didn’t win this time, but YWSYLS.",A way of expressing acceptance of both victories and defeats.,"Although the outcome of this particular endeavor was not favorable, it serves as a momentary obstacle that shall not deter me from continuing my relentless pursuit of success. In essence, I acknowledge the present defeat but remain hopeful for future triumphs."
YYSSW,"Yeah, yeah, sure, sure, whatever",You’re going to finish on time? YYSSW.,A dismissive or sarcastic response to something you don’t fully believe.,"""I assure you that every effort will be made to complete the task within the specified timeline."""
Z,Zero,I scored a Z on that test.,"Refers to the number zero, often used to indicate failure or nothing.",Your performance on that test was absent of any points awarded.
Z,going to bed,"I’m exhausted, time for Z.",A shorthand way to indicate going to sleep.,Prepared for repose due to profound weariness.
Z,Said,That’s what I Z.,Refers to something that was stated or spoken.,"Indeed, that is exactly my intended meaning."
Z%,Zoo,This place is a Z% with all the chaos.,Refers to a chaotic or busy environment.,"The ambiance at this locale is akin to navigating through a bustling zoo, evoking feelings of confusion and disorder."
ZH,Sleeping Hour,"It’s ZH, goodnight!",Refers to the time when someone usually goes to sleep.,"With respect, I bid you a restful night, as the hour for repose has arrived."
ZOMG,Oh My God,"ZOMG, I can’t believe you did that!","An exaggerated or enthusiastic version of ""OMG,"" often used for emphasis.","Good gracious, I find it difficult to comprehend that you carried out such an act!"
ZOT,Zero tolerance,Our school has a ZOT policy for bullying.,"Refers to a strict policy where certain behaviors, such as violence or harassment, are not tolerated under any circumstances.",The school adheres unwaveringly to a policy of absolute intolerance for any form of bullying.
ZUP,What’s up?,"Hey, ZUP with you today?",A casual way to ask how someone is doing or what’s going on.,Greetings! I hope this day finds you well.
ZZZZ,Sleeping,"I was so tired, I went to bed and was out in seconds, ZZZZ.","Represents sleep or someone being asleep, often used humorously.","Overwhelmed by excessive tiredness, I swiftly succumbed to slumber immediately upon my retirement to bed."
