normal,gen_z,Slang
"I'm really tired today, I think I need some rest.","I'm totally drained today, need to catch some Z's.",zonked
"I'm really tired today, I just want to relax at home.","I'm hella drained today, just wanna chill at home.",exhausted
I'm really excited for the concert tonight.,I'm so hype for the concert tonight.,pumped
"I'm really tired today, I think I need some coffee.","I'm so drained today, I gotta get me some caffeine.",burnt out need coffee
I'm really looking forward to the weekend.,"I'm so hyped for the weekend, can't wait to turn up!",pumped (up)
I'm really tired today and just want to relax at home.,I'm mad tired today and just wanna chill at home.,"burnt out, wanna kick it at home"
I'm just hanging out with my friends tonight.,I'm just vibing with the squad tonight.,chilling (with friends)
I'm going to grab some coffee before work.,"I'm tryna hit up some coffee before I clock in, fr.",trying to grab some coffee before I punch in
"Hey, did you see the new movie last night? It was really good.","Yo, peep the new flick last night? It was lit.","Fresh, caught it last night? Awesome, it was fire."
I'm just chilling at home and watching some TV.,"Just vibing at home, Netflix and chillin'.",Chillin'
I'm just going to grab some coffee and then head to class.,I'm just finna get some coffee and then slide to class.,gonnahit
I'm feeling really tired today because I didn't sleep well.,I'm mad tired today 'cause I slept like zero.,exhausted
I'm really tired today but I still have a lot of work to do.,I'm hella tired today but still gotta grind through my tasks.,"exhausted, gotta hustle"
I'm just really tired today and don't want to do anything complicated.,I'm deadass exhausted today and not tryna do anything sus.,deadass (extremely)
I'm really exhausted after a long day at work.,"I'm totally wiped after a long day at work, fr.",exhausted (fr = for real)
"Hey, are you free to hang out later?","Yo, you down to chill later?",You down for hangin' out later?
I'm really excited about the concert tonight.,I'm hyped for the concert tonight.,excited
"Hey, are you coming to the party tonight?","Yo, you sliding to the party tonight?","Are you going to the party tonight, man?"
I'm really tired today because I didn't sleep well.,"I'm so drained today, barely slept tbh.",burned out
I'm really excited about the concert this weekend.,I'm super hyped for the concert this weekend.,pumped
I'm just hanging out with my friends at the mall.,I'm just chillin' with my friends at the mall.,Hangin'
I'm just heading to the store to grab some snacks.,I'm just sliding to the store to cop some snacks.,cruising (to buy) some grub
I'm just going to chill at home and watch some movies.,"I'm just gonna vibing at home, bingeing some flicks.","Chilling (at home), watching movies"
I'm just going to chill at home today.,I'm just vibing at home today.,Chillin' (at home)
"I'm really tired today, I think I need some coffee.","I'm dead tired today, need some coffee to stay woke.","burned out, gotta get caffeine"
I'm really tired today and just want to relax at home.,I'm super drained today and just wanna chill at home.,"burnt out, wanna veg at home"
I'm just really tired today and not feeling up to going out.,I'm lowkey drained today and not tryna pop off outside.,"burnt out, not up for it"
I'm just really tired today because I didn’t sleep well.,I'm hella drained 'cause I didn't catch enough Z's.,exhausted
I'm really tired after a long day at work.,I'm super drained after all that at work today.,burnt out
"Hey, did you see the new movie that just came out?","Yo, did you peep the new flick that dropped?",Heard the fresh movie that came out?
"I'm really tired today, I think I'll just stay home and relax.","I'm super drained today, imma just chill at home and  vibe.","burnt out, chillin' at home and vibing"
I'm really tired today but I have to go to work.,I'm super exhausted today but I gotta hit up work.,burnt out gots to grind
"Hey, how are you doing today?","Yo, what’s good? How you vibing today?","Chillin', how ya doin'?"
I'm just hanging out with my friends at the park.,I'm just vibing with my squad at the park.,"Chillin' with the crew at the park. (Slang term: ""Chillin'"" for relaxing, hanging out)"
I'm really tired today because I didn't sleep well last night.,I'm mad tired today 'cause I didn't catch enough Z's last night.,burned (out)
I'm feeling really tired today because I didn't get enough sleep.,"I'm mad tired today 'cause I didn't sleep enough, fr.",exhausted (fr)
"I'm really tired today, I think I need a coffee.","I'm so beat today, I need a coffee boost.",fried (tired and drained)
"Hey, do you want to grab coffee later?","Yo, wanna toss back a coffee later?",Wanna grab a cuppa joe later?
It's really nice to see you today.,It's mad chill to catch you today.,"Chill (informal, describing a relaxed and enjoyable situation)"
I'm just really tired today but I still have to go to work.,I'm down bad but gotta yeet to work anyway.,"gotcha (as a replacement for ""I'm down bad"")"
"I'm really tired today, I might just stay home and relax.","I'm so exhausted today, lowkey just tryna chill at home.","burned out, kickin' it easy at home."
I'm just really tired today because I didn't get enough sleep.,I'm mad tired today ’cause I didn’t catch enough Z’s.,knackered (UK slang for feeling very tired)
It's really hot outside today.,"Yo, it's mad hot out today.",sweltering
I'm feeling really tired after a long day at work.,"I'm totally drained after a long day at work, fr.",burned out
"It's really hot today, I don't want to go outside.","It's mad hot today, I can't even go outside, fr.",sweltering
I'm feeling really tired today.,I'm hella drained today.,exhausted
I'm really tired today but I have to finish my homework.,I'm so drained today but gotta vibe through this homework.,"burnt out, gotta grind on homework"
I'm really tired today because I stayed up late watching movies.,I'm hella exhausted 'cause I was up all night binge-watching movies.,I'm super tired (from being awake all night watching movies).
I'm really tired because I didn't get enough sleep last night.,I'm dead tired 'cause I caught no Z's last night.,burned (out) from no shuteye last night
"I'm really tired today, I think I'll just relax at home.","I'm totally exhausted today, gonna just chill at my place.","burnt out, chillin' at home"
"I'm really tired today, I just want to relax.","I'm super wiped today, just tryna chill.","burned out, chilling"
I'm feeling really tired today.,"I'm so drained today, fr fr.",burned out (today)
I'm just relaxing at home after a long day.,Chillin' at home after a mad busy day.,Chilling (at home) after a hectic day.
I'm really tired today because I stayed up late last night.,I'm so drained today 'cause I pulled an all-nighter last night.,burned out
"That movie was really good, I enjoyed it a lot.","That flick was fire, I was vibing with it big time.",lit (adjective) - used to describe something as very good or impressive.
"Hey, do you want to grab some coffee later?","Yo, wanna catch some coffee later?",Wanna grab a cuppa joe later?
"Hey, did you see that new movie last night? It was really good.","Yo, did you peep that lit new flick last night? It was fire.",Saw that great new movie last night? It was amazing.
I'm just really tired today and need some coffee.,"I'm mad drained today, lowkey need my caffeine fix.","burnt out, low-key craving caffeine"
I'm totally exhausted after that long day.,"I'm so drained after such a long day, fr fr.","burned out, for real"
I'm just going to hang out with my friends tonight.,I'm just chillin' with my squad tonight.,"Chillin' (with my squad) becomes ""Chillin'"" in the refined version, as it retains the original slang term while adhering to the specified guidelines."
I'm really excited for the concert tonight!,I'm super hyped for the concert tonight!,pumped
I'm just going to chill at home tonight.,I'm just maxing at home tonight.,Chillin' at home tonight
I'm going to grab some coffee. Do you want to come?,"I'm finna get some coffee, yolo? Do you wanna roll?",gonna (get) / yolo / wanna roll
"I'm feeling really tired today, I think I need some coffee.","I'm deadass exhausted today, need that caffeine boost real quick.","burnt out, java needed (slang terms are ""deadass"" and ""java"")"
"I'm really tired today, I think I need a nap.","I'm super drained today, I gotta catch some z's.","burnt out, need sleep"
Let's meet up at the cafe later to study.,"Yo, let's link at the cafe later to grind on some homework.",Let's hang out at the café later to study some assignments. (slang term: Link)
I'm really tired today but I have to finish my homework.,I'm mad exhausted today but gotta grind on my homework.,"burnt out, hustle"
"Hey, did you see the new movie everyone was talking about?","Yo, did u peep the new flick everyone's hyped about?","Heard the buzz 'bout the fresh movie, huh?"
"Hey, I'm just relaxing at home after a long day.","Yo, just chillin' at home after a long one.","Chillin' at home (slang for relaxing) after a long one (slang for a hard day). The original slang terms here are ""chillin'"" and ""long one""."
It's really hot outside today.,"It's mega hot out today, fr fr.",scorching
I'm just going to grab some coffee before work.,Gonna snag some coffee before the grind.,gonna cop (slang for get/buy) a cuppa joe before work (grind can refer to work or a difficult task)
I'm really excited to hang out with my friends this weekend.,I'm super hyped to chill with my crew this weekend.,pumped
I'm really tired after working all day.,I'm dead tired after grinding all day.,beat (exhausted from working hard)
I'm just really tired today and I don't want to go out.,I'm mad sleepy today and I can't be bothered to step out.,exhausted
I'm going out with my friends tonight.,Chillin' with my squad tonight.,Hangin' with crew tonight.
"I'm really tired today, I just want to nap all afternoon.","I'm so drained today, all I wanna do is crash all arvo.","burned out, just wanna nap this afternoon"
"Hey, do you want to hang out this weekend?","Yo, wanna chill this weekend?",Hang out (this weekend)
I'm really tired because I stayed up late last night.,I'm hella drained 'cause I pulled an all-nighter yesterday.,burned out
I'm just really tired today and just want to relax at home.,"I'm super drained today, just tryna chill at home.","burnt out, chilling"
I'm really tired today but I still have to finish my homework.,I'm super drained today but I gotta grind and finish my homework.,"burnt out, hustle"
"I'm really tired today, I think I'll just stay in and relax.","I'm hella tired today, might just chill at home and vibing.","exhausted, chilling"
I'm just really tired today and don't feel like going out.,I'm mad tired today and not tryna dip out.,exhausted_not_feeling_up_to_it
"I'm really tired today, I just want to chill at home.","I'm dead tired today, just wanna veg at home.",burned out
I'm really tired today because I stayed up late studying.,I'm mad tired today 'cause I pulled an all-nighter hitting the books.,burnt out
I'm really tired today after a long week.,"I'm so drained after this crazy week, fr.",burnt out
"I'm really tired today, I might just relax at home.","I'm hella exhausted today, might just chill at home.",utterly exhausted
I'm just going out to grab some coffee with my friends.,"I'm just heading out to vibe with my friends over some coffee, no cap.",chilling (with friends)
I'm just going to relax at home tonight and watch some movies.,"I'm just chillin' at home tonight, binge-watching some flicks.",Chillaxing (at home) / Binging (flicks)
I'm really tired after working all day and just want to chill with some snacks.,"I'm totally wiped after grinding all day, just wanna kick back with some snacks.","exhausted (from grinding), chill (with snacks)"
I'm just relaxing at home and watching some TV.,"I'm chillin' at my place, vibing with some shows.",Chillin' -> Chilling (meaning relaxing)
I'm really tired and just want to relax at home today.,"I'm super exhausted and just wanna chill at home today, fr.","burned out, wanna chill (at home)"
I'm just trying to get through the day without any problems.,I'm just tryna vibing through the day without any drama.,Chillin'
I'm just going to relax and watch a movie tonight.,I'm just chillin' and gonna Netflix and chill tonight.,"Chillin', Netflix, Chill"
I'm just asking if you want to hang out later.,"Yo, you down to chill later or what?",Chillin' (with) later?
I'm just going to relax at home and watch some movies.,"I'm just chillin' at home and streaming some flicks, fr.","Chillaxing (at home) & streaming films, bro."
I'm just going to grab some coffee before class.,"I'm finna snag some coffee before lecture, fr.",gonnabeketcha
I'm just hanging out with my friends at the park today.,"Chillin' with my crew at the park today, no cap.","Hangin' with my peeps at the park today, no lie."
"Hey, are you free to hang out tomorrow?","Yo, you down to chill tomorrow?",Wanna hang out tomorrow?
I'm just going to relax at home and watch some TV tonight.,I'm finna chill at my place and binge some shows tonight.,"gon' chill, watch some shows"
I'm just heading to the store to buy some snacks.,"Gonna slide to the store to grab some snacks, no cap.",Slide (informal for going)
"Hey, do you want to hang out later?","Yo, you tryna chill later?",Wanna hang out later?
"Hey, I just finished my homework and I'm ready to hang out.","Yo, just wrapped my homework and I'm all set to chill.","All good, finished with schoolwork, ready to relax."
"Hey, did you see the new movie last night?","Yo, did you catch that fresh flick yesterday night?",Fresh flick (movie) -> fresh movie
I’m really tired after a long day at work.,I’m so drained after a long grind today.,burnt out
I'm just really tired after a long day at work.,I'm totally drained after a long day at the grind.,burned out
I'm just honestly tired after a long day.,"I'm just vibing out tired after a whole day, no cap.",chilling (tired)
I'm just going to hang out with my friends this weekend.,I'm just chillin' with my crew this weekend.,Chillin' (with slang term omitted)
I'm just going to relax at home and watch some TV.,I'm just chillin' at home and vibing with some Netflix.,"Chillin' > Chilling, Vibing > Vibe"
"Hey, do you want to grab a coffee later?","Yo, wanna catch a coffee later?",Wanna grab a cuppa joe later?
I'm really excited about hanging out with my friends tonight.,I'm so hyped to chill with my peeps tonight!,pumped
I'm just going to hang out with my friends at the park today.,I'm just vibing with my squad at the park today.,Chillin' with crew (slang for squad) at the park today.
"Hey, do you want to go grab some coffee later?","Yo, ya tryna snag some coffee later?",Wanna grab some coffee later?
I'm really tired after studying all night.,I'm hella drained 'cause I pulled an all-nighter.,exhausted (from staying up all night)
I'm going to grab some lunch with my friends later.,I'm chillin' with my crew for some grub later.,Chillin' -> Hangin' (with friends)
"Hey, I just finished my homework and I'm feeling pretty good.","Yo, just crushed my homework and I'm vibing pretty hard.",Nailed it (on homework) and feeling lit up.
"Hey, do you want to hang out tomorrow?","Yo, you down to vibe tomorrow?",Wanna chill tomorrow?
"Hey, are you free to hang out today?","Yo, you free to chill today?","Got any plans for today, homes?"
I'm just really tired and need to rest for a bit.,"I'm so drained, I gotta chill for a sec.","burned out, need a breather"
I'm just chilling at home and watching some videos.,"I'm just vibing at home, binge-watching some vids.","Chillin' at home, watchin' some tapes"
"Hey, do you want to go out for pizza tonight?","Yo, wanna hit up some pizza tonight?",Wanna grab pizza tonight?
I'm just relaxing at home and watching some movies.,"Chillin' at my crib, vibing with some flicks.","Hanging out at home, relaxing with some movies. (Slang terms used are ""chillin'"" and ""flicks"", where ""flicks"" is a colloquial term for films or movies.)"
I'm just going to relax at home and watch some videos.,"I'm just chillin' at home, binge-watching vids, no cap.","Chillaxing (at home), binging videos"
"Hey, are you free to hang out this afternoon?","Yo, you down to chill today?",Down to hang out
I'm really tired today and just want to relax.,"I'm so drained today, just tryna chill and vibe.","burned out, chilling, vibing"
I'm feeling really tired today and just want to chill at home.,"I'm straight-up drained today, just tryna Netflix and veg at home, no cap.","exhausted, chilling (at home), no lie"
"I'm just sitting here, relaxing and listening to some music.","I'm just vibin' here, chillin’ with my tunes.",Chillaxin' (with music)
I'm grabbing a coffee with my friends this afternoon.,"I'm chugging a latte with my squad later, no cap.",Squad up (later)
Let's hang out at the mall this afternoon.,"Yo, let's vibe at the mall later!",Chill (at the mall) later!
"Hey, do you want to hang out later to watch a movie?","Yo, wanna vibe later and catch a flick?","Chill, let's catch a movie later?"
I'm just feeling really tired today.,"I'm totally drained today, no cap.",burned out
"Hey, do you want to grab a quick coffee before the movie?","Yo, wanna grab a quick latte before the flick?",Chillin' grab a caffeine hit b4 movie?
I'm just really tired today because I didn't sleep well.,I'm lowkey exhausted today 'cause I slept like trash.,burned out
Did you see the new movie that just came out?,"Yo, did you peep the new flick that just dropped?",Heard the latest movie come out?
"Hey, do you want to hang out after school?","Yo, wanna chill after class?",Hang out (after class)
I'm really excited to go to the concert tonight.,I'm so hyped for the concert tonight!,excited
I'm just going to chill at home and watch some movies tonight.,I'm just gon' vibe at my place and binge some flicks tonight.,"Chillin' and streaming shows (slang for ""binge watching"") tonight."
I'm just going to chill at home and watch some shows.,"I'm just vibing at home, binge-watching some shows.","Chillin' at home, marathon-watching shows."
I'm really excited for the party tonight.,I'm so hyped for the party tonight!,pumped
I'm really excited to chill with my friends tonight.,I'm soooo hyped to hang with my squad tonight!,pumped
"Hey, do you want to grab something to eat later?","Yo, wanna catch a snack later?","Wanna chill, grab a bite later? (The slang term is ""catch"" used informally to mean ""hang out"" or ""spend time together"".)"
"Hey, did you finish your homework?","Yo, did you peep your homework yet?",You got your assignment checked out yet?
I'm just waiting for my friend to arrive so we can go to the cafe.,"Just vibing, waitin' on my homie to pull up so we can hit the cafe.","Chillin', awaiting buddy's arrival to hang at café."
I'm going to grab some food with my friends later.,"I'mma hit up my friends for some grub later, fr.","gonna grab food from pals later, bro"
I'm just relaxing at home and watching some videos.,I'm just vibing at home and streaming some vids.,chilling (at home) & watching videos
"Hey, are you free this afternoon to hang out?","Yo, you vibing this arvo to chill?","You feeling this afternoon to hang out? (The slang term used here is ""vibing"", which means enjoying oneself or having a good time.)"
I'm going to grab some coffee with my friends today.,I'm finna slurp some coffee with my crew today.,Gonna sip some coffee with the gang today.
"Hey, did you see that new movie last night?","Yo, did you catch that new flick last night?",Heard the latest movie last night?
I'm really tired because I stayed up too late last night.,I'm dead tired 'cause I was up all night scrolling.,burnt out (from excessive scrolling)
I'm just planning to hang out with friends this afternoon.,"OOTD, just vibing with the crew today, no cap.",swag (slang for looking good)
I'm going to grab some coffee before I head to class.,I'm finna sip some coffee before I dip to class.,"'gonna' (for 'I'm gonna') and 'dip' (for 'head', often used colloquially to mean leaving or going)"
I'm just going to relax at home tonight.,"I'm just chillin' at home tonight, no cap.",Chillin' (no cap) --> Chillaxing
I'm just really tired today because I didn't sleep well last night.,I'm so drained today 'cause I barely slept last night.,burned out
"Hey, did you see the new movie everyone’s talking about?","Yo, did you peep that fresh flick everyone’s buzzin' about?",Heard that hot movie everyone's talking about?
"I'm really tired today, so I think I'll just stay in and relax.","I'm hella drained today, so I'm just gonna chill at home and vibing.","exhausted, chilling at home, vibing"
I'm really excited to hang out with my friends tonight.,I'm super hyped to chill with my squad tonight!,pumped
I'm just going to stay home and relax today.,"I'm just chillin' at home today, no cap.","Chillin' (In this context, it means relaxing or spending leisure time without any specific purpose or urgency)"
I'm really tired today because I didn't get enough sleep.,I'm totally drained today 'cause I slept like zero hours.,burned out
I'm just really tired today and want to stay home.,I'm hella beat today and just wanna chill at home.,tired (and) want to relax (at) home
"I'm really tired today, so I think I'll just stay home and relax.","I'm super wiped today, so I'm just vibing at home and chilling.",drained (exhausted)
I'm going to grab some coffee with my friends later.,I'm about to snag some coffee with my squad later.,crew
I'm just hanging out with my friends at the park after school.,"Chillin' with my crew at the park after class, no cap.","Hanging out with my squad at the park post-class, for real."
I was just about to leave the house when I remembered I left my phone inside.,"I was finna dip, then I remembered I left my phone chillin' inside.",about-to-leave
I really like hanging out with my friends after school.,"I’m vibing with my crew after school, fr.",chilling (with friends)
I'm just chilling at home and watching some shows.,"I'm just vibin' at home, binge-watching some shows.","Chillin' at home, binging shows"
I noticed that the new cafe opened downtown yesterday.,"Yo, saw that new chill spot pop up downtown yesterday!",stumbled upon a fresh hangout downtown y'day
I'm honestly really tired after working all day.,"I'm legit dead tired after grindin' all day, fr.",exhausted (after hustling all day)
"I'm really tired today, so I think I'll just relax at home.","I'm super drained today, so I'm just gonna chill at home.",burned out
I'm going to grab some coffee with my friend later.,"I'm finna hit up my homie for some coffee later, fr fr.",gonna
"Hey, I just finished my homework and I'm ready to chill.","Yo, just knocked out my homework and I'm all set to vibe.","Chilled (out) and done with my assignment, ready to vibe."
I'm really tired after the long day at work.,I'm so drained after this long day at the grind.,burned out
I'm just going to grab some coffee before heading to work.,I'm finna sip some java before I dip to work.,"gonna drink coffee before I head to work. (Slang term: ""finna"" which stands for ""fixing to"" or ""about to"")"
I'm just going to grab a quick coffee before work.,"Gonna hit up a quick coffee run before work, fr.","chillin' (out) for a quick caffeine fix b4 wk, fam"
"Hey, do you want to hang out this afternoon?","Yo, wanna kick it today?",Hang out
"I'm just really tired today, so I think I'll stay home and relax.","I'm mad drained today, so I'm just chillin' at home and vibin'.","exhausted, vibing"
"Hey, did you see the new movie everyone is talking about?","Yo, did you peep the new flick everyone's hyped about?",Heard 'bout the fresh movie everybody's excited for?
I'm just going to chill at home and watch some TV tonight.,I'm just gonna vibe at home and binge some shows tonight. They’re gonna be lit!,"Chillin' at home, streaming some series tonight. Gonna be fire!"
"Hey, are you free to hang out tonight?","Yo, you down to chill tonight?",You down to hang out tonight?
I'm going to grab some coffee before heading to class.,I'm about to snag some coffee before I dip to class.,gonnabrewsomecoffee
I'm just so tired after a long day at work.,"I'm straight up drained after a crazy long day at work, no cap.",burned out
"Hey, I think I forgot my homework at home today.","Yo, I totally left my homework at the crib today.","Chillin', forgot my homework at home"
I'm just feeling a little tired after a long day at work.,I'm kinda wiped after a long day at the grind.,beat (exhausted)
I'm just going to chill at home and watch some Netflix.,"I'm just gonna vibing at home and binge some Netflix, no cap.","Chillin' at home, Netflix binge."
I'm really tired because I stayed up late watching videos.,I'm mad tired 'cause I was up all night binge-watching vids.,burnt out (from watching too many videos)
"Hey, do you want to grab dinner tonight?","Yo, you down to hit up some dinner tonight?",Wanna grab dinner tonight?
"Hey, do you want to hang out later and grab some coffee?","Yo, you tryna chill later and get some java?","Wanna hang out later, grab a coffee?"
"Hey, did you see that new movie everyone's talking about?","Yo, did you peep that new flick everyone's hyped about?","Heard about the new movie everyone's excited for? (Slang term: ""Heard"", used instead of ""Have you heard?"")"
"Hey, let's meet up at the cafe later and catch up.","Yo, let's slide to the café later and vibe.zz",Let's hit up the café later and chill.
I'm just going to hang out with my friends this afternoon.,I’m just gonna vibe with my friends later.,Chill (with friends later)
I'm really excited about hanging out with my friends this weekend.,"I'm hyped to chill with my crew this weekend, fr fr!",stoked
I'm really tired after studying all day.,I'm completely 🥱 after grinding all day.,burned out
"Hey, I'm really tired today, so I think I'll just stay home and relax.","Yo, I'm hella drained today, so I'm just gonna chill at home and vibe.","exhausted, chilling at home, vibing"
"Hey, did you see that new movie everyone is talking about?","Yo, did you catch that new flick everyone’s vibing over?",Got that fresh movie everyone's hyped about?
I'm just really tired today and feeling a bit bored.,I'm mad tired today and vibing in boredom.,"burnt out, bored"
"Hey, did you see that new movie yesterday?","Yo, did you catch that fresh flick yesterday?",caught that new movie yesterday
I'm thinking about grabbing some coffee before heading out.,Lowkey tryna snag some coffee before I dip.,lowkey wanting (to get) some coffee before I leave
"Hey, I just finished my homework and I'm ready to hang out with friends.","Yo, justwrapped my homework and I'm totally down to kick it with the squad.","chillin', ready for fun with crew"
I’m just going to chill at home and watch some movies tonight.,I'm just gon' kick it at home and binge some flicks tonight.,Chillin' and streaming shows tonight
"Hey, are you free to hang out this weekend?","Yo, you down to chill this weekend?",Wanna hang out this weekend?
I'm really tired after school today.,I'm mad drained after school today.,burned out
I'm just going to chill at home and watch some movies today.,I'm just gonna vibe at home and binge some flicks today.,"Chillin' at home, watchin' some films today."
I'm just relaxing at home tonight.,"Just chillin' at home tonight, no cap.",Chillin' (slang for relaxing)
I'm really tired after work today.,I'm super beat after grindin' all day.,worn out (after hustling all day)
"Hey, are you free to hang out after school?","Yo, are you down to chill after class?",Chill (informal)
I'm just going to grab some coffee before I head to class.,I'm just gonna snag some coffee before I bounce to class.,grab (coffee) gon' scram (to class)
"Hey, do you want to hang out at the mall this afternoon?","Yo, wanna vibe at the mall later?",Chill (at the mall) later?
I'm just going to grab some coffee before heading to class.,I'm finna snag some coffee before bouncing to class.,gonnabegin grabbing coffee then leavetobeforclass
"Hey, do you want to grab lunch later?","Yo, wanna hit up lunch later?",Wanna grab lunch later?
That movie was really interesting and funny.,That flick was mad funny and cool fr!,"hilarious, awesome"
I'm just trying to relax and have a good time this weekend.,I'm just tryna chill and vibe out this weekend.,Chillin' and vibin'
I'm going to grab some coffee with my friends this afternoon.,"Yo, I'm hitting up the café with my crew later, fr fr.","Chillin', hanging out at café with friends (crew) later, for real."
"Hey, do you want to grab some ice cream later?","Yo, you down to snag some ice cream later?",You wanna grab some ice cream later?
I'm really tired after those long errands today.,I'm hella drained after running all those errands today.,exhausted
I just finished my homework and I’m feeling pretty good about it.,I just bossed my homework and I’m vibing with it.,Crushed (homework) and feeling rad.
"Hey, I just finished my homework and I feel so relieved.","Yo, just knocked out my homework and I’m vibing so hard right now!","crushing it on homework, feelin' lit now"
"Hey, I’ve got to leave early today because I have an appointment.","Yo, I gotta bounce early today 'cause I got an appointment.",Gotta skedaddle early today (slang for leave quickly)
"Wow, I really like that new song you recommended.","Yo, that new song you sent is fire, I’m obsessed!","That song's fire, I'm hooked! (Song is great, I can't stop listening)"
I'm really excited to go to the concert tonight!,I'm totally hyped to hit up the concert tonight! 🔥,pumped
I'm going to grab some coffee after work to relax.,I'm down to sip on some coffee after work to chill.,Chillin' (coffee sipping)
I'm so tired after studying all night.,I'm hella drained after pulling an all-nighter.,I'm utterly exhausted (after working all night).
"Hey, I'm just chilling at home and watching some Netflix.","Hey, I’m just vibing at home and binging some Netflix.",Chilling (at home) & Netflixing
I'm heading to the mall to hang out with my friends.,I'm gonna slide to the mall to chill with my peeps.,hitting up mall with crew
"I'm really tired after studying all day, I just want to relax now.","I'm dead tired after hitin' the books all day, just tryna chill now.","burned out (from studying all day), wanna relax now."
I'm really tired today because I stayed up late watching videos.,I'm super dead today 'cause I pulled an all-nighter binge-watching vids.,burned out
I'm just chilling at home and watching some movies.,"Just vibing at home, Netflix and chillin' all day. ",Chillaxing (at home)
I'm just going to grab some coffee and then head to the mall.,"Yo, I'm just guding some coffee and then hitting up the mall, fr fr.","Chillin', heading to shop at the mall afterwards, for real. (slang term: ""Chillin'"")"
"Hey, I just finished my homework and I'm going to chill for a bit.","Yo, just wrapped my homework and I'm about to vibe for a sec.",Chillin' (after completing homework)
I'm just really tired today and I don't feel like doing anything.,"I'm dead tired today and not tryna do anything, fr.",exhausted AF
"I'm really tired after working all day, I just want to relax now.","I'm mad drained after grinding all day, just tryna chill now.","burnt out, chilling"
I'm just going to relax at home this weekend.,"I'm just vibing at home this weekend, no cap.",Chillin' (at home) this weekend
I'm just going to grab some coffee and then head to work.,"Chill, I'm just finna get some coffee and then slide to work.",Gonna
I'm just tired and want to relax at home tonight.,I'm dead tired and just wanna chill at home tonight.,"burned out, wanna veg at home tonight"
"I'm feeling pretty tired today, so I think I'll just stay home and relax.","I'm lowkey drained today, so I’m just chillin' at home to vibe.","burnt out, chilling"
I'm going to grab some coffee before heading to work.,"Gonna get some coffee before I dip to work, no cap.",dipping (as in leaving)
I'm going to hang out with my friends this afternoon.,"I'm finna chill with my squad later, no cap.",finna (going to)
I'm just trying to finish my homework before dinner.,"I'm just tryna wrap up my homework before dinner, no cap.",just trynna (complete) my homework before dinner (informal way of saying complete)
I'm just going to chill at home and listen to some music.,I'm just gonna vibe at home and crank some tunes.,"chilling, blasting"
I just finished my homework and I'm feeling pretty tired.,Just wrapped my homework and I'm lowkey drained rn.,burned out
I'm just going to relax at home and watch some movies tonight.,"I'm just tryna chill at home and stream some flicks tonight, you feel me?","Chillin', watchin' films (slang for ""streaming movies"")"
"Hey, I saw your message and I’ll reply later.","Yo, saw ur msg, I’ll holler back later.","Chill, catch up later. (Slang term: ""holler"")"
I'm just trying to relax and enjoy my weekend.,I'm just vibing and chillin' through my weekend.,Chillaxing (relaxing and enjoying oneself)
"Hey, let's meet up at the park later.","Yo, let's slide to the park later.","Let's hang out at the park later. (Slang term used: ""slide"" meaning to meet up or go somewhere together)"
I'm just tired after a long day at work.,I'm just drained after a whole day grind.,burned out
"I'm feeling pretty tired today, so I'm just going to relax at home.","I'm hella drained today, so I'm just gonna chill at home.",exhausted
I'm really tired because I didn't sleep well last night.,"I'm so drained, I barely slept last night, fr fr.","burned (out), barely slept (last) night, for real"
"Hey, did you catch the new movie last night?","Yo, did you peep the new flick last night?",Heard the latest movie last night? (Slang term: Peep)
"Hey, do you want to hang out with me this afternoon?","Yo, wanna vibe with me later today?",Wanna chill with me later?
I'm just trying to relax and enjoy my day.,I'm just vibing and catching good vibes today.,Chillin' (good vibes)
I'm just going to chill at home and watch some shows tonight.,I'm just gonna lounges at home and binge some shows tonight.,"Chillin' at home, watching shows tonight. (Slang term: Chillin')"
"Hey, I'm just going to grab some food before I head out.","Yo, I'm finna snag some grub before I bounce.",Gonna grab food and leave
I'm just trying to relax and watch some TV after a long day.,I'm just tryna chill and binge some shows after a long grind.,"Chillin', marathon-watchin'"
I'm just feeling a little tired today.,"I'm straight-up vibin', kinda drained today.",vibing
I'm just going to relax at home and watch some shows.,I'm just chillin' at home and binge-watching some shows.,Chillaxing (at home) & binging
"Hey, I'm just chilling at home and watching some videos.","Yo, I'm just vibing at home and streaming some vids.","Chillin', watchin' tapes at home."
I'm really tired today and don't feel like going out.,I'm totally exhausted today and not tryna dip out.,worn out and ain't ditching
I'm really tired today after staying up late last night.,I'm dead tired today 'cause I pull an all-nighter last night.,beat (exhausted)
"Hey, do you want to hang out at the mall later?","Yo, you tryna slide to the mall later?",You wanna hang out at the mall later?
"I'm really tired today, so I think I'll stay home and relax.","I'm mad wiped today, so I'm just chillin' at home and vibing.",exhausted
I'm just going to chill at home and watch some TV.,I'm just gonna vibe at home and binge some shows.,Chillin' at home and marathoning shows.
"I'm really tired after a long day, but I still want to hang out with my friends.","I'm mad drained after a long day, but I lowkey wanna chill with my crew.","burnt out, vibe (with friends)"
I'm going to grab a coffee before work.,"Hey, I'm 체크in a coffee before hustle kicks in.",gonnabrew
"Hey, I saw your new haircut today, and it looks really cool!","Yo, saw your new do today, and it’s mad sick!","lit (slang for ""great"" or ""impressive"")"
I'm just really tired after a long day.,I'm hella drained after a wild day.,exhausted
"I'm really tired today, so I just want to relax at home.","I'm totally drained today, just tryna chill at home.","exhausted, chilling"
"Hey, did you see that new movie everyone’s talking about?","Yo, did you peep that new flick everyone's vibing about?",Heard the new movie everyone's buzzing over?
"Hey, do you want to grab lunch together today?","Yo, wanna slide out for some lunch today?",Wanna hit up a spot for lunch today?
I'm going to grab some coffee before I head to school.,I'm finna sip some coffee before I bounce to class.,'bout-a sip somethin' (coffee) afore I skedaddle to class
I'm just going to relax and watch some YouTube videos.,"I'm just chillin' and vibin' with some YouTube, no cap.","Chillin', vibin'"
"Hey, have you seen that new movie everyone's talking about?","Yo, have you peeped that new flick everyone’s vibin' on?","Heard the new movie everybody's loving? (Slang terms: ""peeped"", ""vibin'"")"
"Hey, do you want to grab some lunch after school?","Yo, wanna snag some lunch after class?",Wanna grab lunch post-class?
I'm feeling really tired today and just want to relax at home.,"I'm super woke and just wanna chill at my crib today, lowkey exhausted.",chilled (at home) & lowkey tired
I'm just really tired today and think I might stay home.,"I'm mad exhausted today, probably just gonna ghost at home.",burned out
I'm just going to relax and watch some TV tonight.,I'm just vibing at home and binge-watching some shows tonight.,"Chillin' at home, marathon-streaming some series tonight."
I'm just going to grab some lunch before heading to work.,"Pulling a quick snack run before I dip to work, fr fr.","dashing out for a quick bite before I head to work, for real"
I'm really excited about the concert tonight!,I'm totally hyped for the concert tonight!,pumped
I'm really tired today because I stayed up too late last night.,I'm soooo exhausted today ’cause I was up all night last night 😴.,burnt out
"I'm really tired after the long day, so I just want to relax and watch some TV.","I'm totally drained after today, just wanna chill and binge some shows.","burnt out, wanna veg out and watch series"
I was just relaxing at home and watching some TV.,"I was just vibing at home, bingeing some shows, no cap.","Chillin' at home, watching series, no lie."
I'm just relaxing at home and watching some shows.,"Chillin' at home, vibing with some Netflix, no cap.","Chilling (at home), vibing (with some Netflix)"
I'm just going to grab some coffee before we head out.,Gonna snag some coffee real quick before we dip out.,"Gonna grab some coffee quick, then bail. (snag = grab, bail = leave)"
I'm just chilling at home and watching some YouTube.,"I'm just vibing at home and binge-watching some YouTube, no cap.","Chillin' at home, YouTube binge-watchin', no lie."
"Hey, I'm going to grab some coffee later. Do you want to come along?","Yo, I'm about to hit up Starbucks later. Wanna roll through?",Wanna chill at Starbucks later?
I'm really excited about tomorrow's game.,I'm hyped for the game tomorrow!,pumped
"Hey, do you want to hang out tonight?","Yo, wanna vibe tonight?",Chill (together) tonight?
I'm just going to relax at home tonight and watch a movie.,I'm just tryna chill at home tonight and binge a flick.,"chilling, binge-watching"
I was just relaxing at home and watching some videos.,"I was just chillin' at home, vibing with some vids.","chilling, vibing"
I'm just trying to relax and hang out with friends tonight.,I'm just tryna chill and vibe with my crew tonight.,Chillin' and vibin'
"Hey, do you want to grab some coffee after school?","Yo, wanna hit up Starbucks after class?",chill (at) Starbucks (after class)?
"Hey, do you want to hang out at the mall today?","Yo, you down to vibe at the mall today?",Wanna hang out at the mall today?
I'm feeling really tired after that long day at work.,"I'm dead exhausted after that long grind, fr.",drained (exhausted)
I'm just hanging out with my friends at the mall today.,Just vibing with my squad at the mall today.,Chillin' with crew at mall today.
I'm going to meet my friends at the mall later.,"Catching my friends at the mall later, fr fr.","Chillin' at the mall later, fo' sho."
I'm heading out to get some coffee with my friends.,I'm off to grab some java with my squad ☕🔥,hanging with crew (for java)
"Hey, I just finished my homework and I'm gonna relax for a bit.","Yo, just wrapped my homework, finna chill for a sec.",Gonna (relax)
"I'm really tired today, I think I just want to stay home and relax.","I'm mad tired today, just wanna chill at home and vibe out.",burnt out
"Hey, did you see the new movie that came out yesterday?","Yo, did you peep the new flick that dropped yesterday?","Heard about the new movie that came out yesterday? (Slang term: ""peep"")"
I'm going out to grab some coffee with my friends.,I'm bouncing to get some java with my squad.,Chillin' (to) grab coffee with crew
"Hey, are you free to hang out later after school?","Yo, you chillin’ to hang out later after school?",Chillin' (to) Hang (out) Later
I'm going to grab some coffee before class.,"I'm finna snag some java before class, fr.","Gonna grab some coffee before class, fam. (Note: ""finna"" is short for ""fixing to"", and ""fr."" is short for ""for real"")"
"Hey, let's grab some coffee later.","Yo, let's snag some java later, fr.","chillin', let's grab coffee later, bro. (Extracted slang term: ""chillin'"", ""bro"")"
I'm just going to grab some lunch with my friends later.,I'm just finna chill with my squad for some grub later.,gon' hang wit' my crew latah (for food)
I'm probably going to stay home and watch some movies tonight.,"I'm just chillin' at home, binge-watching some flicks tonight.",Chillin' -> Chilling (slang for relaxing or hanging out)
I'm really tired today after staying up all night studying.,I'm hella exhausted today 'cause I pulled an all-nighter studiyng. ,exhausted (hella)
"Hey, I forgot my keys at home this morning.","Bruh, I left my keys at home today, no cap!",bro
"Hey, I just finished my homework and I'm ready to relax.","Yo, just knocked out my homework, now I'm chillin' ✌️.","Crushed homework, chilling. (slang term: crushed)"
"Hey, I saw her at the mall earlier today.","Yo, I peeped her at the mall earlier today.",Spotted her at the mall earlier.
"Hey, do you want to grab some lunch later?","Yo, you down to snag some lunch later?",You up for grabbing some grub later?
"I'm just chilling at home, watching some movies.","I'm just vibing at home, catching some flicks.","Chillin', watchin' movies"
I'm going to grab some coffee with my friend tomorrow.,I'm finna hit up my buddy for some coffee tomorrow.,gonna
"Hey, I just finished my homework and I’m ready to hang out.","Yo, just slapped that homework and I’m out here vibing now.","Crushed homework, now vibing"
I'm really tired today because I didn’t get enough sleep.,I'm totally drained today 'cause I barely slept 😴.,exhausted
"Hey, are we still on for the movie tonight?","Yo, are we still vibing for the movie tonight?",Still feelin' it for the movie tonight?
I'm going to grab a coffee with my friends later.,"I'm finna brew up some coffee with my squad later, fr.",gonnabrew
I'm just seeing what my friends are up to today.,Just vibing to see what my squad's on today.,"Chillin', checkin' in on crew today."
"Hey, I was thinking about going shopping later.","Yo, I’m vibing with the idea of hitting the mall later, fr.","Chillin', let's shop at the mall later, bro."
"I'm feeling really tired today, so I think I'll just stay home and relax.","I'm hella drained today, so I’m just gonna chill at home and vibe.","exhausted, chilling at home, vibing"
I'm just tired from studying all night.,I'm hella exhausted after pulling an all-nighter.,I'm really exhausted (after pulling an all-nighter).
I'm just going to chill at home tonight and watch some Netflix.,"I'm just vibing solo at home tonight, bingeing some Netflix, no cap.","Chillin' solo at home tonight, watchin' Netflix, no lie."
I'm just tired and not in the mood to go out tonight.,I'm sooo drained and not vibing to go out tonight.,"burnt out, ain't feelin' it"
I'm really excited for the concert this weekend!,I'm super hyped for the concert this weekend!,pumped
I'm just going to relax and watch some Netflix tonight.,I’m just vibing and Netflix binging tonight lol.,Chillin' and binge-watching on Netflix tonight.
I'm feeling really tired today after staying up late last night.,I'm totally drained today 'cause I stayed up way too late last night.,burned out
I'm going to grab some snacks and watch a movie tonight.,I'm finna snag some snacks and binge a flick tonight.,gonnagrab somesnacksandwatchamovie tonigh
I'm just hanging out with my friends this afternoon.,I'm just vibing with my crew this arvo.,Chillin' with my squad this afternoon.
I'm just going to relax and watch some videos this afternoon.,I'm just gonna chill and scroll through vids today.,Chillin' and scrollin' vids
I'm just grabbing a quick coffee before heading to work.,I'm just diying with a quick brew before bouncing to work.,chilling (quick drink) -> rushing
I'm really tired after working all day and just want to relax.,"I'm so drained after grinding all day, just tryna chill now.",burnt out / want to chill
I just finished my homework and I'm going to relax for a bit.,Just peaced out from my homework and I'm fin to chillax for a bit.,Bailed (on homework) and feeling relaxed (chillin')
I'm just really tired and want to relax after a long day.,"I'm super drained and just wanna chill after a long day, fr.","burned out, chillin'"
I'm really tired after staying up all night studying.,I'm hella drained 'cause I pulled an all-nighter studying.,exhausted (from staying up all night studying)
"Hey, do you want to grab lunch together later?","Yo, wanna bounce and get some grub later?","Wanna chill and grab some food later? (I used ""chill"" as a replacement for ""bounce,"" which is often used to mean hanging out or going out, and ""grab some food"" is a colloquial way of saying eat.)"
I'm just heading to the store to pick up some snacks.,I'm just vibing to the store to snag some snacks.,Chillin' at the shop for some grub.
"Hey, did you see the new movie yesterday?","Yo, did you peep the new flick yesterday?","Catch that new movie yesterday? (slang: ""peep"" for ""see"")"
I'm really tired today after working all morning.,"I'm hella drained after grindin' all morning, ngl.",exhausted (after hustling all morning)
"Hey, do you want to go grab some coffee after school?","Yo, wanna dip for some coffee after class?",Wanna hit up a coffee shop after class?
I'm going to grab some food with my friends this afternoon.,I'm hitting up grub with my squad later.,hanging out (eating) with friends later
I'm really excited because my favorite band is coming to town this weekend.,I'm super hyped 'cause my fave band is hitting the city this weekend!,excited (about) favorite band playing (this) weekend
"Hey, I just finished my homework and I’m about to relax for a bit.","Yo, just crushed my homework and now I’m chillin’ for a sec.",nailed it (slang for completed something successfully)
I'm going to grab a coffee with my friend later.,"I'm finna get coffee with my homie later, fr.",gonna
I'm just walking to the store to buy some snacks.,I'm just hoofing it to the snack spot to grab some munchies.,boltin' over to the chow joint for grub
I'm just going to grab some coffee and then head to the library.,"I'm just finna get some coffee and bounce to the library, fr.",gonna (go) chill (at) lib (library)
"I'm really tired after a long day, I just want to relax.","I'm so drained after today, just wanna chill and kick back.","burned out, wanna chill n relax"
I'm just going to relax at home and watch some movies today.,I'm just chillin' at home and binge-watching some flicks today.,Chillaxing (at home) & binge-watching movies
I'm going to hang out with my friends at the mall later.,"I'm about to LITty with my crew at the mall later, fr fr.","Gonna party hard with my friends at the mall later, for real."
"Hey, I saw you at the mall yesterday and you looked really cool.","Yo, I peeped you at the mall yesterday and you were fire legit!",You're lit!
"I'm just chilling at home, watching some videos online.","I'm just vibing at home, scrolling through vids online.",Chilling (at home) browsing clips online.
I'm really tired after a long day at school.,"I'm totally drained after a long day at school, fr.",burned out
I'm so tired after working all day.,"I'm totally drained after grindin' all day, fr fr.","burned out from grinding all day, for real"
I'm so tired today after staying up late yesterday.,I'm dead tired today after pulling an all-nighter yesterday.,Zonked
I'm so tired after staying up all night studying.,I'm mad zapped after pulling a midnight cram sesh.,fried
I'm just really tired today and not in the mood to do anything.,"I'm so drained today, not tryna do anything rn.",burnt out no mood
I'm just going to hang out with some friends tonight.,I'm just chillin' with my crew tonight.,Hangin' (with friends)
I'm thinking about going to the mall later to hang out with my friends.,I'm vibing to hit the mall later and kick it with my crew.,"chillin', hangin' out (at the mall) with pals"
I'm really excited to see my friends later today.,I'm super hyped to hang with my crew later! 🔥,pumped
I'm just going to grab some coffee and relax at home.,I'm just finna get some coffee and chill at home.,gonna
I'm feeling really tired today and just want to relax.,I'm dead tired today and just wanna chill out.,"burnt out, wanna chill"
"I'm just sitting at home, relaxing and watching some TV.","I'm chillin' at home, vibing and binge-watching some shows.",Chillaxing (at home)
I'm just really tired today and I don't feel like going out.,"I'm totally wiped today and not tryna step out, fr.",exhausted ain't movin'
I'm just going to grab a coffee and relax for a bit.,I'm just finna sip some java and chillax for a minute.,"Chillin', gonna sip coffee"
"I'm feeling really tired today, so I think I’ll just stay home and relax.","I'm dead tired today, so I’m just gonna chill at home and vibe.","exhausted, chilling at home, vibing"
I can't believe how hot it is today!,"No cap, it's blazing today!",lit (slang for something being great or impressive)
I just bought a new hoodie and I love how cozy it feels.,"Just copped a fresh hoodie and it's mad comfy, no cap!",Fresh hoodie (slang term: cop)
I'm so tired today because I stayed up late watching movies.,"I'm straight-up exhausted 'cause I was binge-watching movies till late, no cap.",burnt out (from binge-watching)
"Hey, I just got back from the store and bought some snacks.","Yo, just hit the store and snatched some snacks, fr fr!","Copped some grub, fo' real!"
I'm just chilling at home watching some TV.,"I'm just vibing solo, binge-watching shows at my place.",Chillin' solo
I'm really tired after class today.,"I'm super drained after school today, fr.",burned out
I'm going to grab lunch with my friends later.,I'm finna grub with my crew later.,gonnagrab (with friends later)
I'm just going to hang out with my friends at the mall today.,I'm just vibing at the mall with my friends today.,Chillin' (at the mall) with friends today.
I'm really happy because I got a new phone yesterday.,I'm vibing 'cause I peeped a fresh new phone yesterday.,"Chillin', scored a new phone yesterdays."
I'm just going to chill at home this weekend.,I'm just gonna vibe at home this weekend.,Chillin' (at home)
"Hey, are you going to the cafe later?","Yo, you hitting up the café later or nah?",you gon' meet at café later or naw?
I'm really tired today and just want to stay in and relax.,"I'm mad tired today, just wanna chill at home and vibe.","burned out, want to kick it at home"
"Hey, I just finished studying for my test and I feel pretty good about it.","Yo, just wrapped my cramming sesh for the test and I’m vibing.","study session (implied slang: ""cramming sesh"")"
"I'm really tired today, so I think I’ll just stay home and relax.","I'm totally dead today, so I'm just gonna chill at home and veg out.",exhausted (slacking off)
I'm really tired after a long day of work.,I'm super drained after a whole day grind.,burnt out
"Hey, do you want to go to the movies tonight?","Yo, wanna hit the movies tonight?",Wanna catch a flick tonight?
"Hey, do you want to grab a snack after school?","Yo, you tryna hit up for snacks after class?",Wanna grab some grub post-class?
Let's grab some coffee and chill at the park.,"Yo, let's get some java and vibey at the park, fr.","chillin', hangout, park"
I'm just trying to relax at home after a long day.,"I'm just vibing at home after a whole day, no cap.",Chilling (at home)
"Hey, do you want to grab some food later?","Yo, wanna hit up some munchies later?","Chill, let's grab some grub later?"
I'm really tired today and just want to stay home.,I'm hella drained today and just wanna vibe at home.,"exhausted, chill"
"Hey, I just finished my homework and I'm really tired.","Yo, just wrapped up my homework and I'm deadass exhausted.",deadass (exhausted)
I'm just going to chill at home and watch some YouTube videos.,I'm just gonna vibe at home and binge some YouTube vids.,"Chillin' at home, YouTube sesh"
I'm going to the grocery store to buy some food.,I'm heading to the store to snag some snacks.,gonnagetcha (some) grub
"Hey, I'm going to grab some coffee before work.","Yo, I'm about to hit up Starbucks before work, fr.",gonna
I'm really tired after working all day today.,"I'm so drained after grinding all day, fr.",burned out (from overworking)
I'm just going to relax and watch some videos tonight.,I'm just gonna chill and scroll through some vids tonight.,Chillin' and scrollin' thru vids tonight.
"I'm really tired, I think I'll just stay home and relax today.","I'm dead tired, lowkey just gonna chill at home today.","burnt out, chilling"
I'm just really tired after studying all day.,"I'm totally drained after grinding all day, fr fr.","burnt out (after hustling all day, for real)"
"Hey, are you going to the party tonight?","Yo, you hitting the party tonight or nah?",Gonna party tonight or not?
I'm so tired after the long day at work.,I'm totally drained after grinding all day at work.,burnt out
I'm just going to relax at home and listen to some music.,"Chillin' at home, vibing to some tunes, no cap.","Chilling (at home), vibing (to music)"
I'm really excited for the weekend to hang out with my friends.,I'm so hyped for the weekend to flex with my squad.,pumped
"Hey, I just finished my homework and I’m ready to chill.","Yo, I just knocked out my homework and I’m all set to vibe.","Cooled down, done with homework, ready to chill"
"Hey, I just saw a really cool video online.","Yo, just peeped a sick vid online!",just caught a rad video online
"Hey, I was just sitting outside and enjoying the nice weather.","Yo, I was chillin' outside and vibing with the good weather.","Chillin', vibin'"
I'm just going for a walk in the park to relax.,I'm just vibing with a walk in the park to chill.,Chillin' (with a walk in the park)
"Hey, are you free to grab coffee later?","Yo, are you down to grab some coffee later?",Chillin' down for a cuppa joe later?
I'm going to the mall to hang out with my friends.,I'm hitting the mall to kick it with my squad.,Hanging (out) with the crew
I'm really tired today because I didn’t sleep well last night.,I'm super wiped today 'cause I didn’t catch enough Z's last night.,totally zonked
I'm just feeling pretty tired today.,I'm vibing kinda exhausted today.,burned out
I'm just trying to relax and watch some videos tonight.,I'm just tryna chill and binge some vids tonight.,"Chillin', watchin' vids"
I'm just relaxing at home and listening to music.,"Chillin' at my pad, vibing out to some tunes.","Hangin', groovin'"
I'm really tired today so I think I want to stay home and relax.,"I'm super drained today, so I might just chill at home and vibe out.",burned out
I'm really excited to go to the new cafe downtown.,"I'm super hyped to hit up the new spot downtown, it's gonna be fire!","excited to check out the new downtown spot, it'll be lit!"
"Hey, do you want to grab a bite to eat later?","Yo, wanna catch some grub later?",Wanna grab a bite later?
I'm just really tired today and feel like staying in bed.,"I'm mad drained today and just wanna click 'snooze' on life, fr.",burned out
I'm just trying to get through the day and stay positive.,I'm just vibing through the day and keeping it chill.,Chillin'
"I'm really tired after a long day, so I'm just going to relax at home.","I'm super wiped from the day, so I'm just chillin' at home.",exhausted (relaxing)
I'm really excited about the concert this weekend!,"OMG, I’m so hyped for the concert this weekend!",pumped
I'm just relaxing at home and watching some Netflix.,"I'm just chillin' at home and binging some Netflix, no cap.","Chillin', Netflixing"
"Hey, I just got back from the mall with my friends.","Yo, just dipped from the mall with my squad, fr fr.","hung out (at the mall) with friends, for real"
I can't believe how busy I am today.,"I'm shook, today's been max hectic.","amazed, day's been chaotic"
I'm really tired today because I didn't get much sleep last night.,"I'm so dead today 'cause I got no sleep last night, fr.",exhausted (fr = for real)
"Hey, I just saw my favorite band perform live last night.","Yo, I just caught my fave band live last night, it was lit!",epic (awesome)
I'm really tired today because I didn't get enough sleep last night.,I'm mad tired today ’cause I didn’t catch enough Z’s last night.,I'm beat today (because I didn't get enough sleep last night) -> beat (fatigued)
I'm just really tired today and don’t feel like going out.,"I’m so drained today, I’m not tryna step out, fr.",burnt out
I'm just going to relax and watch some TikTok videos.,"I'm just gon' chill and binge some TikTok, fr fr.","chilling, tiktoking"
I'm going to hang out with my friends at the park later.,"I'm vibing with my crew at the park later, fr.!",chilling (with my crew) at the park later
I'm just grabbing some coffee before work.,Gonna sip some coffee real quick before vibe at work.,chill (at work)
I'm just really tired today and feel like staying in instead of going out.,"I'm deadass exhausted today, so I'm just chillin' at home instead of hitting the town.",deadbeat
I'm really excited about hanging out with my friends later.,"I'm totally hyped to chill with my friends later, fr fr.",excited
I'm really excited about the new game coming out tomorrow.,"Bro, I’m hyped for the new game dropping tomorrow!",Pumped (for the new game coming tomorrow)
Are you going to the party tonight?,Are you pulling up to the party tonight?,rolling up (to) party tonight
I'm just really tired after working all day.,"I'm evished after grindin' all day, fr fr.","burnt out from working all day, for real"
"Hey, did you see the new movie that just came out yesterday?","Yo, did y'all peep the new flick that Dropped yesterday?",Just caught the fresh movie out yesterday?
I'm just going for a walk to clear my head.,I'm just vibing with a little walk to clear my mind.,chillin' (walking)
"Hey, do you want to grab a quick coffee later?","Yo, wanna snag a quick coffee l8r?",Wanna grab a coffee later (informal)?
I'm just really tired today because I stayed up too late last night.,I'm hella drained today ‘cause I pulled an all-nighter last night.,exhausted (slang)
I'm just really tired from studying all night.,"I'm hella drained after pulling an all-nighter, fr.",exhausted (after all-nighter)
I’m really tired today and just want to relax at home.,"Honestly, I’m super drained today and just wanna chill at home.","burned out, chillin' (at home)"
I'm just going to relax and watch some TV today.,I'm vibing out and binge-watching some shows today.,Chillin' and marathon-watching some series today.
I'm really tired today and I just want to relax at home.,"I'm so drained today, just tryna chill at my crib.","burned out, kicking back at home"
Are you coming to the party tonight?,You pulling up to the party tonight?,you gonna show up at the party tonight?
I'm just pretty tired after a long day at work.,I'm mad drained after a whole day at the grind.,burnt out
I'm just going to hang out with friends this weekend.,I'm just vibing with my friends this weekend.,Chillin' (with friends) this weekend.
"Hey, are you coming to the party this weekend?","Yo, are you hitting up the party this weekend?",gonna party this wknd?
"That movie was really good, I loved it!","That flick was a vibe, I mess with it!",That's lit! (I dig it)
I'm just really tired today and feel like relaxing at home.,"I'm super drained today and just wanna chill at home, fr.","burnt out, chill (at home)"
I'm just really tired today and couldn't sleep well last night.,"I'm mad tired today and bopped out last night, fr.","drained today, lit last night"
I'm just relaxing at home after a busy day.,I'm just vibing at home after a super hectic day.,Chillin' (at home) after a crazy busy day.
I'm really tired today because I didn't get much sleep.,I'm dead tired today 'cause I barely slept lol.,exhausted (tired as hell)
I'm just going to relax at home today.,I'm just chillin' at the crib today.,Chillin' (slang for relaxing or spending time casually)
"Hey, I saw your new video and it was really funny!","Yo, I saw your new vid and it was totally hilarious!",crackup
"Hey, I just finished my homework and I'm going to relax for a bit.","Yo, just knocked out my homework, now I’m vibing and chillin’ for a bit.",Chillaxin'
I'm just really tired after a long day at school.,"I'm so drained after a whole day of classes, fr.",burnt out
I'm so excited to hang out with my friends tonight.,I'm suuuper hyped to chill with my squad tonight.,excited
I'm just really tired today and feeling kind of down.,I'm hella dead tired today and lowkey vibing with the gloom.,"exhausted, chilling (vibing) in gloom"
"Hey, I just want to relax at home today.","Yo, I just wanna chill at my place today.",Chillin' at home (today)
"Hey, do you want to grab coffee after school?","Yo, wanna hit up some coffee after class?",Hang out (for coffee) after class?
I'm feeling pretty tired today because I didn't sleep well.,I'm mad dead tired today 'cause I napped like no cap.,deadtired (extremely exhausted)
"I'm really tired today, so I think I'll just stay home and chill.","I'm hella drained today, so I'm just gonna Netflix and vibes at home.","exhausted, chilling (at home)"
I'm just trying to finish my homework before I go out with friends.,I'm just tryna knock out my homework before I slide with my squad.,"grindin', chillin'"
I'm just going to grab a quick snack before I start studying.,I'm just finna cop a quick snack before I hit the books.,"Gonna grab a quick bite then study. (Slang term: ""Gonna"")"
"Hey, I need to finish my homework before I go out with my friends.","Yo, I gotta grind on my homework before I dip with the crew.",Gotta study my homework before I bolt with the gang.
I'm going to grab a coffee before heading to work.,I'm finna hit up some coffee before I dip to work.,gonnabrewcoffeebeforeIDework
"Hey, I think I might skip the party tonight.","Yo, I might dip the party tonight, fr fr.","Bouncin' tonight, fo' real."
I'm just relaxing at home and watching some YouTube.,"Chillin' at my place, just vibing with some YouTube drama.","Hangin', vibin' on YouTube beef"
I'm really excited for the movie tonight!,I'm totally hyped for the movie tonight!,pumped
"Hey, I just finished my homework and I'm relaxing now.","Yo, just peaced out my homework, now I’m chillin’ like a villain.","Bailed on homework, now vibing like a boss."
"Hey, did you see the new episode of that show last night?","Yo, did you catch the new ep of that show yesterday? 😂",fresh
I'm just going to relax at home this evening.,I'm just vibing at home tonight.,Chilling (at home) tonight
I'm just hanging out with my friends at the coffee shop.,I'm just chillin' with my squad at the coffee spot.,Hanging (with friends) at the cafe
"Hey, I’m really tired today and just want to relax.","Yo, I’m hella drained today and just wanna chill, fr fr.","burned out, want to relax"
I'm going to grab some snacks before the movie starts.,Gonna snag some snacks before the film kicks off.,About to grab some grub before the flick starts.
I'm just relaxing at home and watching a movie.,"I'm chillin' at home, vibing with a flick.","Chillax (at home), vibe (with a flick)"
"Hey, do you want to go to the mall later?","Yo, you tryna hit the mall later?",You wanna hang out at the shopping center later?
I'm just going to chill at home tonight and watch some movies.,I'm just gonna vibe at home tonight and binge some flicks.,"Chillin' at home, watchin' movies"
I'm just really tired today and don't feel like doing anything.,"I'm hella exhausted today and not tryna do anything, fr.",exhausted (feeling very tired)
I'm really tired today because I stayed up all night studying.,I'm totally drained 'cause I pulled an all-nighter hitting the books.,burnt out (from studying all night)
"Hey, I just saw a really cool new movie last night.","Yo, I caught the dopest new flick last night, fr fr.",fresh (movie)
"Hey, I just got done with my homework and I’m feeling pretty good.","Yo, I just finished my homework and I’m vibing hard.",I'm killin' it (slang for doing well) now that I finished my homework and I'm feeling great.
I'm just going to grab a snack before class.,"I'm just gonna peep some snacks before class, fr fr.","chillin' grab somethin' to eat b4 class, fo sho"
"I'm really tired today, so I think I might just stay in and relax.","I'm absolutely drained today, so I’m just gonna chill at home and vibe.","fried, chillin', vibing"
I'm really excited about the upcoming concert this weekend.,I'm so hyped for the concert this weekend!,pumped
I'm just thinking about what to do this weekend.,I'm just vibing about what to do this weekend.,Chillin' (about plans for the weekend)
"Hey, are you free to hang out later today?","Yo, you free to flex later?",Free to chill later?
I'm going to grab some food before the movie starts.,I'm finna snag some grub before the flick drops.,"Gonna grab some food before the movie starts. (Slang terms are ""finna"" and ""grub"")"
I just bought a new pair of sneakers for school.,I just copped fresh kicks for class. 😎,"Got new sneakers for school. (Slang term: ""kicks"")"
I'm really tired after the long day.,I'm totally drained after this long-ass day.,burned-out
"Hey, I think I'm going to grab some coffee before class.","Yo, I might peep some coffee before class, fr.","gonnabrew (coffee) b4 class, aight."
I'm just going to hang out with friends this afternoon.,"I'm just popping off with my friends later, no cap.","Chillin', no cap. (Here, 'popping off' is replaced by 'chillin'. The original phrase implies going out or hanging out casually with friends, and the rewritten version maintains that same casual, relaxed tone.)"
I'm going to the store to buy some snacks.,I'm hitting the store to grab some snacks real quick.,dashing out for a sec (grabbing) some grub
I was really tired after a long day at work.,"I was totally wiped after a long day at work, fr.",drained
I'm just going to relax at home and watch some TV today.,I'm just gonna chill at home and binge some shows today.,"Chillin' at home, catchin' up on shows"
"I'm just really tired today, I think I need some rest.","Lowkey exhausted today, I gotta catch some Z's.","burnt out, need sleep"
I'm exhausted after a long day at work.,I'm totally wiped after a long day grind.,burned out
"Hey, I’m just relaxing at home and watching some shows.","Hey, I’m just vibing at home and binge-watching some stuff.","Chillin' at home, marathon-watching shows."
I'm thinking about grabbing some coffee before heading to class.,"Yo, I'm tryna snag some coffee before I dip to class.","Trying to grab some coffee before bailing for class. (slang term: ""bailing"" replaced with ""dipping"")"
"Hey, I just saw my friend at the mall.","Yo, just peeped my homie at the mall, fr fr!","Just spotted a friend at the mall, for real!"
I'm heading to the cafe to grab some coffee.,"Yo, I’m heading to the café for some brews, no cap!","Heading (to a café) for some 'cuppa joe' (coffee), straight up."
I'm so tired after a long day at work.,"I'm so drained after a mega long shift, fr.",burnt out
"I'm really tired after a long day, so I just want to relax and watch some TV.","I'm totally drained after a long day, just tryna chill and binge some shows.","burned out, chilling, bingeing"
Did you see the new movie last night?,"Yo, peep the new flick last night?",Saw the latest movie last night?
I'm just chilling at home and watching my favorite show.,"I'm just vibing at home, binge-watching my go-to show.","Chillin' at home, marathon-watching favorite series."
I'm planning to chill with my friends this weekend.,"I'm just gonna bloque with my squad this weekend, no cap.",gangup
I'm really excited to go out and hang out with my friends tonight.,I'm super hyped to flex with my squad tonight!,pumped (up)
I'm just going to chill at home this evening.,I'm just vibesing at home tonight.,Chillin' (at home)
I'm just going to hang out with my friends at the mall tonight.,I'm just chillin' with my squad at the mall tonight.,chilling (with friends)
I'm just hanging out with my friends after school.,I'm just vibing with my squad after class.,chilling (with friends)
"Hey, did you watch the new episode of that show last night?","Yo, did you peep the new episode of that show last night?",Saw the latest ep of that series yesterday? (Slang term: Peep)
Let's meet up for coffee tomorrow.,"Yo, hit me up for some coffee tmrw, no cap!","Chill, let's link up for coffee tomorrow, no lie."
"Hey, I just finished my homework and I’m feeling pretty good.","Yo, just peeped my homework done and I’m vibing hard.","Crushed it on homework, feeling lit. (Slang term: ""Crushed it"" for completing something successfully, ""lit"" for having energy or being exciting)"
I'm just going to relax at home after school.,I'm just vibing at home after school.,Chillin' (at home)
I'm just going to grab a coffee before heading to class.,Gonna vibe with some coffee real quick before hitting up class.,Chill (with some coffee) then head to class.
"Hey, do you want to hang out at the park later?","Yo, wanna chill at the park later? 😎",Chill (at the park later)
I'm just taking a quick break before I get back to studying.,Just vibing for a sec before I gotta get back to grinding on homework.,Chillin' (for a moment) then grindin' (on homework)
I'm feeling really tired today after staying up late yesterday.,I'm mad drained today 'cause I stayed up all night yesterday.,burnt out
"Hey, do you want to grab some coffee after work?","Yo, you down to hit up some coffee after work?",Wanna grab a cuppa joe post-work?
"Hey, I was just thinking about grabbing some lunch later.","Yo, I’m lowkey tryna snag some grub later, fr fr.","Lowkey trying to grab some food later, for real."
"Hey, I just got back from the grocery store and I'm exhausted.","Yo, I just hit the grocery run and I'm completely drained!",burned out (from shopping)
"Hey, did you see the new movie everyone's talking about?","Yo, did u peep the new flick everyone's losing their minds over?",buzzing (about) the latest movie everyone's raving over
I'm going to grab a coffee to start my day.,"Gonna sip on some java to kick off my day, fr.","grinding java for a start, bro"
"Hey, I just finished my homework and I'm so tired.","Yo, just wrapped up my homework and I'm so wiped.",Wiped (exhausted)
"Hey, did you finish your homework today?","Yo, did you peep your homework today or what?",Did you cop your homework today?
"Hey, do you want to hang out this evening?","Yo, wanna vibe and chill tonight?",Hang out tonight?
"Hey, I was just thinking about grabbing some coffee later.","Yo, I’m just vibing on the idea of grabbing some java later.","Chillin', might hit up for a cuppa joe later."
I'm just trying to relax and watch some videos after a long day.,I'm just tryna chill and vibe with some vids after a hectic day.,"chilling, vibing"
"Hey, I'm just going to grab a coffee before work.","Yo, I'm just pulling a quick coffee before I bounce to work.",About to grab a swift cuppa and skedaddle to work.
I'm really excited to hang out with my friends tomorrow.,I'm super hyped to chill with my squad tomorrow.,pumped
"Hey, let's meet up later to hang out.","Yo, let's link up later and vibe!",Let's hang out later and chill!
I just finished my homework and I'm feeling really tired.,Just wrapped up my homework and I'm MAD drained.,burnt out
I'm so tired today because I didn't sleep well last night.,I'm so drained today 'cause I caught no z's last night.,burnt out
I'm going to grab some coffee with my friends after work.,"I'm slide into some coffee with my crew after work, no cap!",slidin' with crew at a coffee shop post-work (slang term: slide into)
"Hey, I saw you at the cafe this morning.","Yo, I spotted you at the cafe this morning, fr fr.",For real (fr fr)
I'm really excited for the weekend because I get to hang out with my friends.,I'm hella hyped for the weekend ‘cause I’m gonna chill with my squad.,excited (for the weekend) since hanging out with friends
I'm just going to chill at home and watch some videos.,I'm just gonna vibe at home and scroll some vids.,"Chillin' at home, scrolling thru clips."
"Hey, I'm really tired today after working all morning.","Yo, I'm totally wiped after grinding all morning. ",Fried (exhausted)
I'm just going to hang out with my friends after school.,"I'm just gonna chill with my squad after school, no cap.",Chillin' with the squad
"Hey, do you want to go out and grab some food later?","Yo, wanna hit up some eats later?",Let's grab some grub later?
I'm just going to grab a snack before I start studying.,I'm just finna snack up before I hit the books.,bouta munch
I'm really tired because I stayed up late studying last night.,I'm so drained 'cause I pulled an all-nighter cramming last night.,burnt out
I'm really tired and don't want to go out tonight.,I'm mad drained and not tryna vibe outside tonight.,burnt-out not feelin' lively outside tonight
I'm just going to grab some coffee and chill at the park.,I'm just gonna peep some coffee and vibe at the park.,Chillin' at the park (slang for relaxing)
I'm thinking about grabbing a coffee and then hanging out with some friends.,"I'm contemplating a coffee run and bouncing with my friends afterward, no cap.","chillin', gonna grab some coffee, then ball out with pals (slang terms: chillin', ball out)"
"It's really nice outside today, perfect weather for a walk.","Yo, the weather's mad nice today, perfect for a stroll.",swanky (weather)
I'm meeting my friends at the cafe later today.,"Yo, I'm linking up with my squad at the cafe later, no cap!","Squad-up (at the cafe) later, no lie."
"I'm really tired after a long day, so I just want to relax at home.","I'm totally drained after a long day, just tryna chill at home.",burned out
That new song is really good!,That new bop is straight fire!,Banger (slang for a hit song) is straight fire (slang for something being excellent or great)
I'm just going to relax and watch some videos this evening.,I'm just chillin’ and vibing with some vids tonight.,"Chillin' and vibing (slang for relaxing and enjoying oneself) -> chillin', vibin'"
I'm just going to grab some coffee and then head to the store.,I'm just gonna snag some coffee and then bounce to the store.,gonnabegin grabbing coffee then bolt for store
I can't believe I forgot my phone at home today.,"Bruh, I lowkey left my phone home today, no cap.",lowkey
I'm just trying to relax at home after a busy day.,I'm just tryna chill at the crib after a crazy busy day.,chilling (at home)
"Hey, I need to finish my homework before I hang out with my friends.","Yo, I gotta peep this homework fam before I vibe with my crew.","Gotta check that homework, peeps, before I chill with my crew."
"I'm feeling really tired today, I might just stay home and relax.","I'm hella drained today, might just vibe at home and chill.","exhausted, chillin' at home"
"I'm really tired today, I think I need to rest.","I'm mad drained today, I gotta catch some Z's.","burnt out, need sleep"
"Hey, do you want to hang out later today?","Yo, you tryna vibe later?",Wanna chill later?
I'm going to the store to grab some snacks.,I'm heading to the store to snag some munchies.,hitting up for grub
"Hey, do you want to catch a movie tonight?","Yo, wanna flex and hit up a flick tonight?",Wanna chill at the movies tonight?
I'm really excited about hanging out with my friends tomorrow.,"Yo, I’m super hyped to chill with my crew tomorrow!",pumped
"Hey, did you see how cool that new movie was?","Yo, that new film was such a vibe, did you catch it?","That new film was lit, did you see it?"
I'm going to grab some coffee before I head to work.,I'm about to snag some coffee before I dip to work.,Gonna grab some java before I bolt for work.
"Hey, did you finish your homework yet?","Yo, did you wrap up your homework yet?","You done with homework, bro?"
I'm just trying to relax after a long day at work.,I'm just vibing and chilling after a long grind.,Chillin' after a long grind
"I'm really tired today, I think I'll stay home and relax.","I'm mad drained today, gonna chill at home and vibe.","burnt out, chillin' at home and vibing"
I'm just really tired today and feel like staying in bed all day.,I'm死ass drained today and just wanna stay in bed all day lol,drained (slang for exhausted)
"I'm really tired today, but I still have to go to work.","I'm mad drained today, but I still gotta clock in.",burnt out
"Hey, I just got back from the store and I’m super tired.","Yo, I just dipped from the store and I’m totally wiped, fr.",burned out (slang for exhausted)
I'm really tired today because I woke up early.,I'm deadass exhausted today 'cause I woke up mad early.,burned out
I'm just relaxing at home and watching my favorite show.,"Just chillin' at home, binge-watching my fave show, fr.","Chillin', binge-watching"
"Hey, I forgot my phone at home today.","Yo, I left my phone at home today, fr.","Ain't got my phone today, bro. (Slang term: ain't)"
I'm just really tired today because I stayed up way too late last night.,I'm super drained today 'cause I was up way past my bedtime last night.,burnt out
I just finished my homework and I'm really glad it's over.,"Yo, I just wrapped up my homework and I'm so relieved it's done.","Chillin' (slang for relaxed), done with homework and feelin' (slang for feeling) relief."
"I'm really tired today, so I think I'll just relax and watch some movies.","I'm totally drained today, so I just wanna chill and binge-watch some flicks.","burnt out, want to veg out and marathon films"
I'm just going to chill at home all day.,I'm just gonna vibe at home all day. 🤙,Chillin' (at home) all day
"Hey, do you want to grab coffee after work?","Yo, wanna hit up some coffee after work?",chill (out) let's grab coffee after work?
"Hey, I found a really cool new cafe downtown.","Yo, just dived into this sick new spot downtown, it's fire!",hotspot (slang for a popular or exciting place)
"Hey, have you seen my phone? I can't find it anywhere.","Yo, have you peeped my phone? It's ghosting me, can't find it anywhere lol.",Ghosting (meaning to suddenly stop responding or ignoring someone's communication)
I'm just hanging out with friends at the park.,I'm just vibing with my friends at the park.,chilling (with friends)
"Hey, do you want to go watch a movie tonight?","Yo, you tryna vibe and catch a flick tonight?",Wanna chill and hang out tonight?
"Hey, did you see the new poster in the hallway?","Yo, peep the fresh poster in the hall, did ya spot it?",Spotted that fresh poster
I'm really tired after the long day at school.,I'm absolutely drained after that long school grind.,burnt out
"Hey, did you see the new episode of the show last night?","Yo, did you peep the new ep of the show last night?",Heard about the latest episode of the show last night? (Slang term: Peep)
"Hey, do you want to go get some coffee later?","Yo, wanna hit up some coffee later?",chill (out) let's grab coffee later
"Hey, I thought I might grab a snack before heading out.","Yo, I’m litty and might snag a snack before bouncing.","lit, might grab a bite and then leave"
I'm just going to grab some coffee before heading to school.,I'm just gon' snag some coffee before bouncing to class.,gon' grab (coffee) & scram (to class)
I'm just trying to finish my homework before I go out with my friends.,I'm just tryna wrap up my homework before I dip with my squad.,trying to finish up my homework before I bail with my crew
I'm really tired today and don't want to go to the party.,I'm hella drained today and totally vibing solo — not tryna hit the party.,exhausted & chillin' alone — ain't got time for the party.
I'm going shopping at the mall this afternoon.,"I'm hitting the mall later, fr fr.","Aight, chillin' at the mall l8r (for real)."
I'm tired because I stayed up late last night.,I'm drained 'cause I pulled an all-nighter yesterday.,burned (out)
How are you feeling today?,"Yo, how you vibin' today?","Chillin', how ya doin'?"
"Hey, I’m really tired today because I didn’t sleep well last night.","Yo, I’m so dead today 'cause I didn’t catch enough Z’s last night.",Tired (from lack of sleep)
I'm just gonna grab some coffee before heading to class.,"I'm just finna snag some coffee before bouncing to class, no cap.",gonnaget (grab/snatch)
I think we should grab some coffee later.,"Yo, we should peep some coffee later, fr fr.","Let's hit up some coffee later, for real. (Slang term: ""hit up"")"
I'm just chilling at home watching my favorite show.,"I'm just vibing at home, binge-watching my fave's drip.","Chillin' at home, marathoning fav shows."
"Hey, did you see the new movie that came out last night?","Yo, did ya catch the new flick that dropped last night?",Just saw the fresh movie yesterday?
I'm just relaxing at home and watching some YouTube videos.,"Chillin' at home, vibing with some YouTube stuff.",Chillaxing (at home)
I'm feeling really tired after such a long day.,"I'm deadass drained after this whole day, no cap.",deadbeat (exhausted)
"Hey, I just got back from shopping and found some really cool shoes.","Yo, just hit the mall and scored some sick kicks!",Fresh kicks
"Hey, have you seen the new movie that just came out?","Yo, have you peeped the new flick that just dropped?",Just saw the fresh movie that came out
"I really like your new backpack, it looks great!","Your new backpack's totally vibing, looks sick!","Fresh, lit"
I'm really tired after my long day at work.,I'm hella drained after grindin' all day at work.,totally exhausted (from working all day)
I can't believe how quickly the pizza was delivered!,"No cap, the pizza got here lightning fast!","lit (slang for ""quick"" or ""fast"")"
I'm really tired today after a long day at work.,I'm mad drained after a looong day at the 9 to 5.,burned out
I'm just finishing up my homework before going out with friends.,Just wrapping up my homework before vibing with the squad.,Chilling (with friends) after completing homework.
I'm just really tired today and don't want to do anything.,I'm super drained today and can't be bothered to do anything lol.,burnt out
I'm feeling really tired today after working all day.,"I'm worn out after grinding all day, fr fr.",burnt out (from) hustlin' all day
"Hey, can you help me move this weekend?","Yo, can you give me a hand with moving this weekend? It's gonna be a whole vibe!",Need ya help movin' this weekend! Gonna be lit!
"Hey, can you help me with my homework?","Yo, can you peep my homework real quick?",Catch a glance at my homework quick?
I'm going shopping for groceries later.,Gonna hit the store for some snacks later fam.,Chillin' out to grab grub later (fam = family)
I'm so tired after school today.,"I'm mad drained after school today, no cap.",burned out
I'm thinking about grabbing a coffee before heading to class.,"Yo, I'm vibing with the idea of snagging a coffee before I head to class, fr.","Chillin', let's grab some java before studyin'."
I'm really tired today because I stayed up way too late last night.,"I'm totally drained today ’cause I was up all night yesterday, no cap.",burned out
"I'm really tired today, I just want to relax and watch some movies.","I'm suuuper exhausted today, just tryna chill and binge some movies, fr fr.","burnt out, chilling, binging"
"Hey, I just finished my homework and I'm so relieved.","Yo, I just knocked out my homework and I'm so chill now.",Chillin' (out)
I'm really exhausted after studying all day.,"I'm totally drained after grinding all day, fr.",burned out (from exhaustion)
I'm just chilling at home and listening to some music.,"I'm vibing at home, spinning some tunes. LOL","Chillin' at home, spinnin' tracks."
I'm just really tired today and feeling pretty unmotivated.,I'm super drained today and totally lowkey not feeling it.,"burnt out, meh"
I'm so tired today because I stayed up late studying.,I'm mad drained today 'cause I pulled an all-nighter with my cram sesh.,burned out
"I really like this new song, it’s so good!","This new jam is fire, I’m obsessed!","this new song's dope, i can't get enough!"
"Hey, do you want to grab lunch together?","Yo, wanna hit up lunch together?",chill (together)
I just finished my homework and I feel pretty tired.,"Just wrapped up my homework, and I’m totally drained, no cap.",burned out (from work)
I'm just going to relax and watch some shows today.,"I'm just gonna chill and binge some shows today, no cap.","Chillin', binge-watching"
I'm feeling really tired today because I didn't sleep well last night.,I'm hella drained today 'cause I was up all night grindin' without rest.,exhausted (from grinding all night)
"I'm really tired after working all day, so I just want to relax now.","I'm super drained after grinding all day, just tryna chill now.","burnt out, chilling"
"Hey, do you want to hang out later and watch a movie?","Yo, wanna chill later and catch a flick?","Hang out, watch movie?"
"Hey, I'm really tired today and just want to relax at home.","Yo, I'm dead tired today, just tryna chill at home and veg out.","burnt out, wanna chill at home, veg"
I'm going to the grocery store to buy some snacks.,"I'm_heading to the store to snag some snacks, fr fr.",hitting-up-store-grabbing-some-grub-for-real
I'm just casually hanging out with my friends at the park.,"Just vibing with my squad at the park, no cap.",chilling (with friends) at the park
"I'm really tired today, I think I need some sleep.","I'm mad drained today, lowkey need a nap ASAP.",burned out
I'm really excited about the party tonight!,I'm so hyped for the bash tonight!,pumped (for the party)
"Hey, do you want to hang out today?","Yo, wanna chill today? 💥",lit (slang for cool or exciting)
"Hey, I just got back from the store and I found some awesome snacks!","Yo, just hit the store and snagged some fire snacks! 😎",lit snacks
I'm just going to relax at home and watch some shows tonight.,I'm just finna chill at my place and binge some shows tonight.,"gon' relax, watch some series"
I just finished my homework and I'm feeling pretty good about it.,"Just wrapped up my homework, and I’m vibing with how it turned out.",Chillin' (with confidence)
I'm just going to chill at home today and watch some movies.,"I'm just vibing at home today, binge-watching some flicks.","Chillin' at home, marathoning movies"
I'm just tired after a long day at school.,"I'm totally drained after a long day at school, fr fr.","burned out, fo' sho'"
I'm just really tired today and feeling lazy.,I'm lowkey exhausted today and vibing in chill mode.,"burned out, chilling"
I'm just really tired and don't feel like going out tonight.,"I'm totally drained and not vibing with going out tonight, fr.",burnt out and ain't feelin' it tonight
"Hey, can you help me with my homework later?","Yo, can you spot me on my homework later?",Hype me up on homework later? (chill version)
I just got home from school and I'm really tired.,Just slid back home from school and I'm dead exhausted.,beat (exhausted)
I'm just casually hanging out with my friends after school.,I'm just vibing with my friends after class.,Chillin' (with friends)
"Hey, did you watch the new movie last night?","Yo, did y'all catch the new flick last night?",Heard the fresh movie last night?
"Hey, did you watch that new movie last night?","Yo, peep that new flick last night?",Heard the latest movie last night?
I'm just relaxing at home and binge-watching my favorite series.,"Chillin' at my place, bingeing my fave series, no cap.","Hangin', binging favorite show"
"I'm really tired today, so I think I’ll just relax at home.","I'm super wiped today, so I’m just chillin' at home.",exhausted (chillin' -> chilling)
I'm really tired today after working all day.,"I'm lowkey beat after grinding all day, fr.",burned out (worked hard)
I'm just really tired today because I stayed up late last night.,I'm mad tired today 'cause I lowkey stayed up all night.,burnt out
"Hey, I just finished my homework and I’m so tired.","Yo, I just wrapped my homework and I’m hella whipped.",burned out
I'm just chilling at home and scrolling through my phone.,I'm just vibing at home and scrolling my feed.,"Chillin' at home, scrolling feed."
I'm just really tired today and want to relax at home.,I'm totally🥱 today and just wanna chill at home.,bored
I'm really excited to see my friends this weekend.,I'm super hyped to kick it with my squad this weekend!,pumped
"Hey, do you wanna hang out this weekend?","Yo, you tryna vibe this weekend?",Wanna chill this weekend?
I'm just going to grab some food and relax at home tonight.,"I'm just gonna snag some snacks and chill at home tonight, fr.",gonnablowchill (slang for relaxing at home)
"I'm really tired after the long day, so I think I'll just relax at home.","I'm hella wiped from today, so I'm just gonna chill at home.",exhausted
I'm thinking about going to the park later to relax.,"I'm lowkey tryna hit the park later to chill, fr.",lowkey tryna
I'm just really tired today and want to relax.,I'm totally drained today and just wanna chill.,"zonked, want to vibe"
I'm just hanging out with friends at the park today.,"Yo, just chillin' with my crew at the park today, no cap.",Chillin' (with) crew
"Hey, do you want to grab a coffee after school?","Yo, wanna slide out for some coffee after class?",Wanna hit up a coffee spot after class?
I'm just going to go for a walk in the park to clear my head.,"I'm just finna take a stroll in the park to clear my mind, fr fr.",finna
I'm just going to chill at home all day today.,"I'm just gonna veg out at home all day today, no cap.",Chillin' (at home) all day
I'm just really tired today and I don't want to do anything.,"I'm so drained today, I’m just vibing to chill and do nada.",burnt out
I'm really excited for the new movie tonight.,I'm super pumped for the new flick tonight!,stoked
I'm just going to chill with my friends this afternoon.,"I'm finna vibing with my squad later, no cap.","gonna chill (with) my crew (later), for real"
"Hey, I just finished my homework and I am so tired.","Yo, just copped my homework and I'm deadass drained.","Just grabbed homework, truly exhausted. (slang term: ""deadass"")"
I'm just really tired today after working all morning.,"I'm super drained today after grinding all morning, fr fr.",burned out today (from working hard)
I'm just going to relax and watch some movies tonight.,"Chillin' and vibing with some movies tonight, no cap.","Chilling and vibing (slang for relaxing and enjoying oneself) with movies tonight, no cap."
I'm just taking a walk in the park to clear my mind.,"I'm just vibing through the park to clear my head, no cap.",chilling (informal for relaxing)
I'm really excited about my upcoming trip to the beach.,"I'm sooo hyped for my trip to the beach, it's gonna be lit!",excited
I'm just really tired today and feeling a bit down.,"I'm kinda dead today and mood's kinda off, fr.","bummed out, off"
I'm really excited to see my friends tonight.,I'm super hyped to chill with my squad tonight.,pumped
I'm just chilling at home and watching some Netflix.,"I'm just vibing at home and Netflix-ing, fr fr.","Chillin' at home, Netflixin' for real."
I'm just chillin' at home after a long day.,"I'm just vibing at home after a long day, no cap.",chilling (at home)
"Hey, did you hear about the new music app that just came out?","Yo, did y'all peep the new music app that dropped?",Heard the fresh music app that just came out?
Can you help me with my homework later?,"Yo, can you peep my homework later?",Hit me up on homework later?
"Hey, do you want to grab a coffee today?","Yo, wanna hit up Starbucks today?",Chill at Starbucks today?
"I'm just chillin' at home, watching some TV.","Just vibin' at home, Netflix and chillin'.",Chillin'
"Hey, do you want to hang out at the park this afternoon?","Yo, wanna vibe at the park later?",Chill (at the park later)?
"Hey, want to grab lunch together later?","Yo, wanna catch some lunch later?",Wanna grab lunch l8er?
I'm really tired today because I stayed up late watching shows.,I'm totally exhausted today ’cause I binge-watched all night. ,burnt out (from binge-watching all night)
I'm really tired today and I just want to relax.,"I'm so wiped today, just tryna chill and vibe.","drained, chilling, vibing"
I'm just heading to the grocery store to pick up some stuff.,I'm just dashing to the store to grab some snacks and stuff.,bolting
"I'm feeling really tired today, so I think I'll stay home and relax.","I'm super drained today, so I'm just chillin' at home and vibing out.","exhausted, vibing"
"I'm feeling really tired today, so I might just stay in and relax.","I'm super drained today, so I’m just gonna chill at home and vibing.","burnt out, chilling at home, vibin'"
I'm really tired today because I didn’t get much sleep last night.,I'm totally wiped today ’cause I didn’t catch enough Z’s last night.,exhausted
"Hey, do you want to grab pizza tonight?","Yo, wanna snag some pizza tonight? Let's fucc it up!","Chill, let's grab some pizza and ball out! (Note: ""ball out"" here is a slang term for having a good time or spending extravagantly)"
I’m just chilling at home and watching some videos.,"I’m just vibing at home, scrolling through vids.","chilling (at home), browsing videos"
I'm so tired because I stayed up late last night.,I'm dead tired 'cause I pulled an all-nighter last night.,burned out (slang for exhausted)
I'm just tired today because I didn't get enough sleep.,I'm hella drained today 'cause I didn’t catch enough Z’s.,exhausted
"Hey, I think I'm going to grab some coffee after work.","Yo, I’m finna copped some coffee after shift, fr.",gonna
I'm going to grab some food before I head out.,I'm finna snag some grub before I dip out.,"Gonna grab some food and leave. (Slang terms: ""finna"" (fixin' to), ""grub"" (food))"
"Hey, I just saw a really cool movie last night.","Yo, I peeped a lit flick last night!",Saw an awesome movie last night!
I'm really tired today and just want to stay home and relax.,I'm mad exhausted today and just wanna chill at home LOL.,burnt out (chillin')
I'm really tired today and just want to relax after work.,"I'm hella worn out today and just wanna chill after work, fr.","exhausted, wanna chill (informal)"
"I'm really tired today, I didn't sleep well last night.","I'm super drained today, barely slept a wink last night.",burnt out
I'm just waiting for my friend to arrive so we can go get some food.,Just vibing till my homie pulls up so we can hit up some grub.,"Chillin', waitin' for my buddy to arrive, then let's grab some food."
I'm just going to relax and watch some YouTube videos tonight.,"Chilling and vibing with some vids on YouTube tonight, fr.","Chillin' and vibin', catchin' some vids on Youtube tonight, bro. (extracted slang term: chillin', vibin')"
I'm going to the mall later to hang out with my friends.,"I'm vibing at the mall later with my squad, no cap.","Chillin' (at the mall) w/ squad (later), no lie."
I'm just really tired today and don't feel like hanging out.,I'm mad tired today and not vibing to hang out.,drained ain't feelin' social
I'm just chilling at home watching some shows.,"I'm just vibing at home, binge-watching some stuff.","Chillin' at home, marathoning shows."
"Hey, did you see the new movie that everyone is talking about?","Yo, did you peep that new flick everyone’s lowkey vibing with?",chillin' (with) that new movie everyone's secretly enjoying
I'm going to grab some coffee later with a friend.,"I'm finna get some coffee with my homie later, fr.","gonna, homie"
"Hey, I just finished my homework and I'm feeling pretty good about it.","Yo, just wrapped up my homework and vibe check is high 🆒!",lit (lit means something is cool or exciting)
"Hey, do you want to hang out after school today?","Yo, you tryna chill after class today?",Wanna hang out after class today?
"Hey, do you want to grab a coffee after class?","Yo, wanna snag a coffee after class?",Wanna grab a cuppa joe later?
I'm just going to grab some coffee before I start working.,I’m just finna snag some coffee before I dip into work.,Gonna grab some coffee before I head to work. (Finna is a contraction of fixed to or going to)
"Hey, did you see that new movie everyone was talking about?","Yo, did you peep that new flick everyone's vibing with?","did you catch that fresh movie everyone's enjoying? (slang term: ""fresh"")"
"I'm really tired today, so I think I’ll just stay in and relax.","I'm totally wiped today, so I’m gonna chill at home and vibing.","exhausted, chilling (at home) vibing"
"I'm really tired today, I just want to relax and chill out.","I'm super drained today, just wanna kick back and veg out.",burnt out
I just finished my homework and I'm ready to relax.,"Just knocked out my homework, now I'm chillin' and vibin'.","Grinded through homework, now chillaxing and vibing."
"Hey, want to grab some coffee later?","Yo, down to get some coffee later?",Down for coffee later?
"Hey, I just got back from the store and I'm really tired.","Yo, just hit the store and I'm totally drained rn.",burned out
I'm so tired after studying all day.,I'm deadass exhausted after grinding all day.,burnt out
"Hey, are you busy this weekend?","Yo, you free this weekend or what?",gona?
I'm going to hang out with my friends tomorrow.,"I'm chillin' with my crew tomorrow, no cap.",Chillin' -> Hangin' (with friends)
I'm thinking about grabbing some coffee after work.,"I'm vibing with the idea of catching some coffee after work, fr.","chillin' (with) the thought of grabbing coffee post-work, bro."
"Hey, I just finished my homework and I'm about to relax for a bit.","Yo, just knocked out my homework and about to chillax for a hot sec.",Chillin' for a bit
I'm really tired after staying up late last night.,"I'm hella drained 'cause I stayed up all night, fr fr.",exhausted (really)
I'm really excited to meet up with my friends later.,I'm so hyped to link up with my squad later!,excited to meet up with friends later
I'm just really tired today and need to relax.,I'm mad chillin' today 'cause I'm hella drained and just wanna kick back.,"chilled (out), drained, kicked back"
"I'm just chilling at home, watching some TV.","I'm just vibing at home, Netflix and chillin’.",Chillin'
I think I'm going to skip the party tonight.,"I'm totally ghostin' the party tonight, fr fr.",ghosting
I'm just going to relax at home all day today.,"I'm just chilling at home all day today, no cap.",Chillin' (at home)
I'm just chilling with my friends at the park.,I'm just vibing with my crew at the park.,Chillin' with my peeps at the park.
I can't believe how fun the concert was last night!,"Yo, the concert last night was straight fire!",lit
"I'm really tired today, so I'm just going to relax at home.","I'm totally wiped today, so I'm just gonna chill at home.","exhausted, chilling (at home)"
"Hey, I was just thinking about meeting up later if you're free.","Yo, was just poppin' about linking up later if you're down.","Hit up, gon' meet if cool."
I'm just trying to get some sleep before my exam tomorrow.,I'm just tryna catch some Z's before my test tomorrow.,Trying to snooze (sleep)
I'm just going to grab some coffee and then go for a walk.,I'm just dippin' for some java and then vibing with a walk.,"chillin', grabbin' coffee, strollin'"
I'm going to grab a coffee with my friends this afternoon.,"I'm finna sip some coffee with my squad later, you feel me?",Gonna chill with the crew over some coffee later.
I'm really excited about the concert tomorrow.,I'm super hyped for the concert tomorrow!,pumped
"Hey, I'm just going to grab some coffee before work.","Yo, I'm finna hit up some coffee before my shift, fr.",gonna
"Hey, I really like your new phone, it's awesome!","Yo, your new phone is fire, so sick!",Lit (phone)
I'm really excited for the weekend plans.,"Yo, I’m sooo hyped for the weekend vibes!",Pumped (for the weekend)
I'm just trying to get through today without any problems.,"I'm just vibing through today, no cap, no stress.",Chillin' (no cap)
"Hey, do you want to grab lunch today?","Yo, you tryna slide and grab some food today?",Wanna grab a bite today?
I'm feeling pretty tired today.,"I'm mad vibing with exhaustion today, no cap.",burnt out
"Hey, do you want to hang out with me later?","Yo, wanna dip and vibe with me later?",Wanna chill later?
"Hey, did you see the new movie tonight?","Yo, did you peep the new flick tonight?",Did ya catch the new movie tonight?
I'm so excited for the weekend with my friends.,I'm mega hyped for the weekend with my squad!,stoked
I'm just going to grab a coffee before heading to work.,Gonna snag a coffee real quick before hitting the grind.,About to grab some java quickly before diving in.
I'm just casually relaxing at home and binge-watching a new show.,I'm just chillin' at home and binge-watching some fresh new series.,"Chillaxin' at home, binging fresh series."
I'm just going to relax and watch some videos later.,"I'm just chillin' and vibin' with some vids later, fr.","Chillin' and vibing (slang for relaxing and enjoying oneself) with vids (short for videos). The term ""fr"" is a slang contraction of ""for real"" or ""for sure"", but it doesn't fit grammatically in this context since it's used to emphasize truth. Instead, the speaker expresses their intention to watch videos later."
"Hey, I just finished my last class for the day.","Yo, just wrapped up my last class for the day, fr fr!",Wrapped up (for real) last class today.
I'm just really tired today.,I'm lowkey drained today.,burned out
I'm pretty tired today because I didn't sleep well last night.,I'm low-key exhausted cuz I didn't catch enough Z’s last night.,burnt out
I'm going to grab some coffee and then meet my friends at the park.,I'm finna snag some coffee and then link up with my squad at the park.,gonna grab some coffee then meet up with crew at park
"I'm just relaxing at home, watching some shows.","Chillin' at my place, bingin’ some stuff on Netflix, you feel me?","Chilling, Netflix-bingeing"
I'm going to grab some coffee before heading to the mall.,I'm finna snag some coffee before hitting the mall.,gonnabuy
I'm just chilling at home today.,I'm just vibing solo at home today.,Chillin' solo at home today.
I'm really tired today and just want to nap all afternoon.,I'm hella exhausted today and just wanna crash all arvo.,tired AF (all day)
I'm just really tired after a busy day.,"I'm straight-up drained after a wild day, no cap.",burnt out
"Hey, do you want to grab some food after school?","Yo, wanna hit up some grub after class?",Wanna grab a bite after class?
I'm going to grab a coffee with my friend tomorrow.,I'm finna hit up my homie for a coffee sesh tomorrow.,gonna
I'm planning to just chill at home this weekend.,"I'm just vibing at home all weekend, no cap.",Chillin' (at home) all weekend.
I'm really tired after such a long day at work.,"I'm hella drained after grinding all day, fr.","burned out, exhausted"
"I'm really tired today, but I still need to finish my homework.","I'm dead tired today, but I still gotta grind on my homework.","drained, gotta hustle (on my homework)"
I'm just going to grab some coffee with my friends later.,"I'm just finna sip some java with my squad later, no cap.","gonna chill with crew, sippin' coffee"
I'm just chilling at the park and enjoying the sun.,I'm just vibing at the park and catching the rays.,"Chillin' at the park and soakin' up sun. (Slang terms: 'vibing' -> 'chillin', 'catching the rays' -> 'soakin up sun')"
"Hey, I really like your new shoes!","Yo, those kicks are fire, no cap!","Fire (for ""those kicks"")"
"Hey, I just saw a really cute dog on my walk.","Yo, just peeped the cutest pupper on my walk, fr.","Just spotted a super cute dog on my walk, bro."
"Hey, do you want to grab some pizza later?","Yo, wanna snag some pizza later?",Wanna grab a slice later?
I'm really tired after today's workout.,I'm dead after hittin' that session today.,killed (it) after hitting that session today
"I'm just really tired today, so I'm probably not going to go to the party.","I'm super drained today, so I’m prolly gonna dip on the party.",burnt out (probably bail)
I just bought a new hoodie and it's super comfortable.,Just copped a fresh hoodie and it's mad comfy.,Fresh kicks (on hoodie)
I'm just going to hang out with my friends downtown tonight.,I'm just gonna chill with my crew in the city tonight.,hanging with the squad in the town tonight
"Hey, do you want to meet up later to hang out?","Yo, you tryna link up later to vibe?","Wanna hang out later, chill?"
I'm just going to chill at home during the weekend.,"I'm just gonna hang at my place this weekend, no cap.",Chillin' at home (this weekend)
I'm really tired and just want to relax at home after a long day.,I'm *dead* tired and just wanna chill at my place after a whole day.,"exhausted, want to chill"
I'm just relaxing and watching some TV after a busy day.,I'm just chillin' and vibing with some shows after a hectic day.,Chillin' and vibin'
I'm just trying to relax and watch some TV after a busy day.,I'm just chillin' and binge-watching after a mad busy day.,Chillaxing (slang for relaxing) & marathoning (slang for binge-watching)
I'm feeling really tired today and just want to stay home.,I'm hella exhausted today and just wanna chill at home.,tired as fuck (chill is already a slang term in this context)
"Hey, do you want to hang out at the park today?","Yo, wanna slide to the park today?",Wanna hit the park today?
"Hey, I’m really tired today, I think I’ll just stay home and relax.","Yo, I’m hella drained today, gonna just chill at home and vibe.","burned out, chilling at home, vibing"
"Hey, I just finished my homework and I'm pretty tired now.","Yo, I just wrapped up my homework and I'm totally drained now.",burned out
I'm just here relaxing and listening to some music.,I'm just chillin' and vibin' with some tunes.,Chillaxin'
"Hey, I'm just chilling at home and watching some movies.","Yo, I'm just vibing at home and streaming some flicks.","Chillin' at home, catchin' some movies. (Slang terms: chillin', catching)"
I'm just relaxing and listening to some music at home.,"Just vibing at home with some chill tunes, no cap.","Chillin' at home with some tunes, no lie."
I can't believe how tired I am after a long day at work.,"Bruh, I'm mad wiped after a whole day grind.",whipped
I'm feeling really tired today after staying up all night.,I'm totally drained today after pulling an all-nighter.,burned out
I'm just a little tired today because I stayed up late last night.,I'm mad sleepy today ’cause I pulled an all-nighter last night.,zombied
I'm just relaxing and listening to some music today.,I'm just chillin' and vibing with some tunes today.,Chillaxin'
"I'm really tired today, so I just want to relax and watch some TV.","I'm super drained today, just tryna chill and binge some shows.","burnt out, chilling & binging"
"I'm really tired today, I just want to relax and watch some TV.","I'm hella drained today, just tryna chill and scroll some streams.","exhausted, relaxing, browsing (streaming platforms)"
"Hey, did you see the new song that just dropped?","Yo, have you peeped the new track that just dropped? It's fire!",Heard the latest track? It's lit!
"Hey, I just finished my homework and I'm really tired now.","Yo, I just dashed through my homework and I’m totally drained rn.",burned out
I really enjoyed that movie last night.,"That movie last night was a vibe, fr fr.",lit (affirmative)
I'm just trying to relax after a long day.,"I'm just tryna chill out after a long day, fr.","Chillin', fam"
"Hey, I saw your new haircut yesterday!","Yo, I peeped your fresh cut yesterday!",Copped your fly haircut yesterday!
I'm just really tired today and all I want to do is relax at home.,"I'm totally drained today and just wanna chill at home, fr.","burnt out, chillin'"
"I'm really tired today, so I think I'm just going to chill at home.","I'm so drained today, might just vibe solo and stay in.",burnt out
"Hey, I saw her at the mall yesterday.","Yo, I spotted her at the mall yesterday, fr fr.",A1: For real (fr)
"Hey, are we still meeting up later?","Yo, are we still vibing later?",Still vibin' later?
I'm just going to grab some food before heading to class.,I'm just finna get some munch before peacing to class.,Gonna (grab something to eat) then outta here (leaving) to class.
"I'm just really tired today, so I think I'll stay home and rest.","I'm totally drained today, so I'm just gonna chill at home and nap.",burnt out
I'm really bored today and just want to hang out with my friends.,I'm super bored today and just wanna squad up with my friends.,chillin' and wanna crew up
"Hey, I'm really excited for the concert this weekend!","Yo, I'm mad hyped for the concert this weekend! 🔥",excited
I just finished my homework and I'm about to hang out with my friends.,Just peeped my homework done and about to click up with the crew.,"Already finished homework, about to link up with squad. (Slang terms: ""peeped"" - completed, ""click up"" - meet or hang out with)"
"I'm feeling really tired today, I think I'll just stay at home.","I'm mad tired today, lowkey just gonna chill at home.","drained, kickin' it at home (chillin')"
I'm just going to grab some food and then head to class.,"Gonna snag some grub then slide to class, fr fr.","Chillin' grab food, head to class, fo' real. (Slang terms extracted: ""snag"" for grabbing, ""grub"" for food, and ""slide"" for heading or moving quickly)"
I just got back from hanging out with my friends at the park.,"Just dipped back from chillin' with my crew at the park, fr fr.",hanging (with friends) at the park
I'm going to grab some coffee after work.,"I'm finna snag some coffee after shift, fr.",gonnabegin grabbing coffee afterwards
I'm just going to hang out with my friends before the movie starts.,I'm just gonna chill with my squad before the flick drops.,hanging out with crew b4 movie releases
"Hey, I'm really tired today because I didn't sleep well.","Yo, I'm dead tired today 'cause I got no sleep lol.",exhausted
"Hey, do you want to go out for coffee later?","Yo, wanna swipe for some coffee later?",Wanna grab a cuppa joe later?
"Hey, I was just thinking about how cool that new song is.","Yo, that new track is straight fire, no cap!",lit (track)
"Hey, do you want to grab some coffee today?","Yo, wanna hit up some coffee today?",chillin' at a café (coffee shop) today?
"I'm just chilling at home today, watching some movies.","I'm just vibing at home, binge-watching some flicks.","Chillin' at home, watching some films. (Slang term: Chillin')"
"Hey, I saw your message and I want to hang out later.","Yo, saw your text and I'm down to chill later, fr!","Down to hang out later, for real!"
I'm so tired today because I didn't get enough sleep.,I'm straight-up wiped today 'cause I didn't catch enough z's.,Exhausted
I'm just going to grab some coffee before I start working on my project.,"I'm just finna catch some coffee before I grind on my project, no cap.",finna (about to) \~ catching coffee before grinding on a project
"Hey, I just realized I forgot my keys at home.","Yo, just peeped I left my keys vibing at home lol.",Left keys chillin' at home (slang for 'left keys are unattended at home')
I just got back from shopping and I'm really tired.,"Just hit the mall and I'm completely drained, fr.",burnt out
"Hey, did you see the new movie lately?","Yo, did you catch the new flick recently?","just saw that new movie, eh?"
"Hey, are you free this weekend to hang out?","Yo, you free this weekend to chill?",Got plans Fri-Sun? Free for hangout?
I'm just chilling at home and relaxing after a busy day.,"I'm just vibin' at home, takin' it easy after a hectic day.",Chillin' (at home)
I'm just going to grab some coffee before I head out.,I'm just finna snag some java before I dip.,gonna grab some coffee before I leave
I'm really tired after doing so much work today.,"I'm totally drained after grindin' all day, no cap.",burned out (after hustling all day)
I'm really tired after walking all day.,I'm totally wiped after vibing all day.,drained (after partying/having a good time all day)
I was just hanging out with my friends at the cafe.,"I was just vibin' with my crew at the cafe, fr fr.",Chillin' (with friends)
"Hey, I just got back from the store and grabbed some snacks.","Yo, just hit the store and stacked up on snacks, fr fr!","copped some grub, fo' shizzle!"
I'm just really tired today and feeling a bit lazy.,"Yo, I’m mad drained today and vibing with the chill mode.","exhausted, chilled"
I'm just about to grab dinner with my friends.,"Gonna hit up my friends for some grub, fr fr.","Chillin' with mates for food, fo' real."
"Hey, do you want to go out and grab some ice cream later?","Yo, wanna dip and get some ice cream later?","Wanna chill and grab some ice cream later? (slang: ""wanna"" -> ""want to,"" ""dip"" -> ""go"")"
"Hey, did you finish your homework already?","Yo, did you peep your homework yet or nah?",Peeped (or checked) homework yet?
"Hey, I saw your new outfit and it looks really nice!","Yo, I peeped your new fit and it's totally fire! 🔥",sick (slang for good/impressive)
I'm just really tired today after staying up all night.,I'm totally drained 'cause I pulled an all-nighter.,burned out (from staying up all night)
I'm feeling really tired after a long day at school.,I'm totally beat after acing that long day at school.,wrecked
"Hey, do you want to go for a walk to the park?","Yo, wanna hit up the park for a stroll?",Hang out (at the park)
I'm just gonna hang out with my friends tonight.,I'm just finna chill with my squad tonight.,Chillin' (with friends)
"Hey, I just finished my homework and I'm super tired.","Yo, I just knocked out my homework and I'm dead tired rn.",Crushed it (on homework) and currently drained
I'm really excited to meet my friends later.,I'm super hyped to vibe with my crew later.,pumped (to hang out with my crew later)
"I'm really tired today, so I just want to rest and watch some TV.","I'm hella drained today, just tryna chill and binge some shows.","exhausted, chilling, binging"
I'm just really tired today and feel like I need a coffee.,"I'm hella exhausted today, lowkey need a coffee stat.","utterly exhausted, quietly needing coffee immediately"
I'm just going to grab some coffee and then go shopping.,"Just gonna snag some coffee and hit up the mall, no cap.","Gonna cop some coffee and chill at the mall (slang for ""going to buy"" and ""hang out"")"
"Hey, I just finished my homework and I want to relax now.","Yo, just wrapped my homework, now I’m chillin’ and vibin’.",Chillin' and vibin' (vibing)
I'm just really tired because I didn't get enough sleep last night.,I'm lowkey drained 'cause I didn’t catch enough Z's last night.,"burnout (I'm lowkey = kinda, didn't catch enough Z's = didn't get enough sleep)"
I'm just excited to hang out with my friends today.,I'm so hyped to chill with my squad today.,pumped
"I'm really tired today, I didn't get much sleep last night.","I'm super drained today, barely slept last night lol.",burnt out
"I'm really tired today, so I'm just going to stay home and relax.","I'm drained today, so I'm just vibing at home and chilling.","I'm feeling burned out today, so I'm just relaxing at home. (Slang term used: ""drained"")"
I'm just heading to the grocery store to pick up some food.,I'm just vibing to the store to grab some snacks.,"Chillin', grabbin' grub (slang for food) at the store."
"Hey, I'm really tired today and just want to relax.","Hey, I'm hella drained today and just wanna chill vibe.","exhausted, want to relax"
I can't believe how tired I am after a long day.,"Bruh, I'm so drained after this full-on day, no cap.",burned out
I'm just going to stay home and relax tonight.,"I'm just vibing at home tonight, no cap.",chilling (at home) tonight
I'm really excited to hang out with my friends later.,"I'm mega hyped to chill with my squad later, fr fr!",excited (to hang out with my friends)
I'm just hanging out with friends at the mall today.,Just vibing with the squad at the mall today.,Chillin' with crew at mall today
"Hey, I'm going to grab some coffee. Want to join me?","Yo, I'm about to snag some coffee. You in?",Wanna grab a cuppa?
I'm just going to chill and watch some Netflix tonight.,I'm just gonna vibe and binge some Netflix tonight.,chilling (and netflixing)
I'm going to hang out with my friends at the park this afternoon.,I'm about to chill with the squad at the park later.,Chillin' with the crew at the park later.
"Hey, I'm just going to grab some coffee before heading to school.","Yo, I'm just finna hit up some coffee before I slide to school.","'gonna' (informal for ""going to"") and 'slide' (informal for ""go"")"
"Hey, I really enjoy hanging out with my friends after school.","Yo, I’m vibing with my squad after class, fr.","Chillin' with crew post-class, for real. (Slang terms extracted: ""vibing"", ""squad"", ""fr"")"
"Hey, I just finished my homework and I'm feeling relaxed now.","Yo, just knocked out my homework, now I’m vibing chill.",Chillin'
"Hey, I just got back from the store and I found some really cool sneakers.","Yo, just hit the store and scored some sick kicks!",fresh kicks
I'm really tired after all that studying today.,"I'm totally drained after cramming all day, no cap.",burnt out (after studying intensely)
I'm just chilling at home and binge-watching my favorite show.,"I'm just vibing at home, bingeing my fave show, no cap.","chilling (at home), watching fav show, no lie"
I'm just catching up on some shows today.,"I'm just vibing with some shows today, no cap.","Chillin', no cap (referring to ""vibing"")"
"Hey, do you want to grab coffee with me later?","Yo, wanna tap in for coffee later?",hit up
I'm just going to grab some food and relax at home.,I'm just finna get some grub and kick back at home.,Gonna (slang for going to) + chill/relax (informal term for kicking back)
I'm going to meet my friends at the coffee shop later.,I'm linking up with my crew at the coffee shop later.,Hanging out (with friends) at the coffee shop later.
I just finished my homework and I was wondering if you want to hang out later.,"Just wrapped my homework, and I was lowkey tryna see if you're down to chill later.",lowkey wanna chill later
I'm really happy that I finally finished my homework.,"I'm stoked I finally knocked out my homework, fr fr!",pumped
"Hey, did you finish your homework last night?","Yo, did you ace your homework yesterday or nah?","You good with that homework yesterday, or nope?"
I'm just really tired from a long day at work.,"Honestly, I’m sooo drained after a whole shift at work.",burnt out
That movie was really good tonight.,That flick was fire tonight!,lit (up)
"I'm really tired today, so I think I'll just chill at home.","I'm hella drained today, so I'm just gonna vibe at my crib.","super drained, chilling at home"
"Hey, I'm going to grab some coffee before heading to class.","Yo, I'm about to snag some ☕ before hitting up class.",gonnabrewsomecoffee
Let's hang out after school tomorrow.,"Yo, let's vibe together after school tmrw!",Chill (together) tomorrow after school!
"I'm actually really tired today, so I think I'll just relax at home.","Yo, I'm super drained today, so I'm just gonna chill at home.",burned out
"I'm really tired today, so I think I just want to stay home and relax.","I'm sooo drained today, just tryna chill at home and veg out.","burnt-out, chilling"
"I'm really tired today, so I think I'll just rest at home.","I'm dead tired today, so imma just chill at home.","burnt out, gon'veg at home"
I'm just casually hanging out with my friends at the mall.,"I'm just vibing with my crew at the mall, no cap.","Chillin', no cap."
I really enjoyed hanging out with my friends at the park today.,Had a lit time chillin' with my crew at the park today.,"Had a swell time hanging out with my peeps at the park today. (Slang terms: lit, peeps)"
I'm really excited about the new movie tonight.,I'm hella pumped for the new flick tonight.,hyped
I'm just really tired today and didn't feel like going out.,I'm deadass exhausted today and had zero chill for going out.,"Deadass tired, zero chill"
I'm really tired today after studying all night.,I'm mad tired today ’cause I pulled an all-nighter studying.,burnt out
"Hey, do you want to grab some coffee together later?","Yo, wanna vibe and get some coffee later?",Wanna hang out and grab a cuppa joe later? (Slang term: vibe -> hang out)
I can't believe how busy the city is today.,"Fr, the city is posted today, so hectic!",mad (slang for very busy)
I'm just really tired today and feeling a bit stressed out.,"I'm totally worn out today and vibing with some major stress, fr.","burnt out, stressed"
"Hey, that movie was really good!","Yo, that flick was straight fire!",That movie was lit!
I'm just trying to relax and watch some movies tonight.,I'm just chillin' and binge-watching some flicks tonight.,"Chillaxing, catchin' some films"
I'm just feeling a bit tired today.,I'm kind of vibing with that sleepy energy today.,"chillin' (slang for relaxing) with a sleepy vibe today. (Note that ""vibing"" is already slang and doesn't need rephrasing)"
I'm really excited about the weekend plans with my friends.,I'm super hyped for the weekend squad hangout!,stoked
I'm just going for a walk to clear my mind.,"Yo, I’m just out here vibing on a walk to free my brain, no cap.","Chillin', taking a stroll to clear my head, no lie."
"Hey, do you want to grab lunch after school?","Yo, wanna hit up lunch after classes?",Let's grab some grub post-class?
"Hey, are you coming to the party later?","Yo, ya peepin' the party tonight or what?",Peeping (meaning attending or checking out)
I'm going to grab some food from the cafeteria.,I'm finna hit up the cafeteria for some chow.,boutta
"Hey, I was just thinking about how cool the new game is.","Yo, that new game is straight fire, no cap.",lit (adjective) for something that is extremely good or exciting.
I'm feeling really tired today because I stayed up late watching a Netflix series.,I'm hella drained today 'cause I binge-watched a Netflix series all night.,exhausted (from overdoing it)
I'm just going to grab a snack before I start my homework.,I'm just vibing with a snack before diving into my homework mix.,Chillin' with a snack b4 tackling homework
I'm really excited to go to the new cafe downtown tomorrow.,I'm mega hyped to hit up that new cafe downtown tomorrow!,pumped
"Hey, are you free to hang out tomorrow afternoon?","Yo, you got time to chill tomorrow arvo?",got time tomorrow afternoon?
"Wow, that concert was really fun yesterday!","Yo, that show was straight fire yesterday!",show was lit yesterday
I'm really tired after all that studying.,"I'm completely wiped after all that cram, fr.",fried (exhausted)
I'm going to the mall to hang out with my friends this afternoon.,I'm hitin' up the mall to chill with my crew later.,hanging (with friends) at the mall
I'm just browsing my phone while waiting for my friend.,I'm just vibing on my phone while waiting for my homie.,chilling (on phone)
I'm just going to chill at home and watch some Netflix tonight.,"I'm just finna kick back at home and binge some Netflix tonight, no cap.","Gonna chill at home, watch Netflix"
I'm just really excited about the concert tonight.,I'm mad hyped for the concert tonight!,pumped
"Hey, I just finished my homework and I'm ready to relax now.","Yo, just crushed my homework, now I'm chillin' like a villain.","nailed it, livin' large"
"I'm really tired after working all day, so I think I'll just relax at home.","I'm totally drained after grinding all day, so I'm just gonna chill at home.",burned out
"Hey, I just got back from shopping and found some really cool clothes.","Yo, just hit the mall and scored some dope fits!",Fresh gear!
I'm going to grab some food before I go out with my friends.,I'm about to snag some eats before I dip with the crew.,gonna grab grub and bolt with peeps
"Hey, I’m going to grab some coffee. Do you want anything?","Yo, I’m about to snag some java. You tryna peep a sip?",Gonna cop some coffee. Wanna grab a taste?
I'm just grabbing a coffee before heading to work.,Just vibing with a coffee before I bounce to work. 🚶‍♀️☕,chilling (with a coffee) before I take off for work.
"Hey, do you want to go grab some food later?","Yo, wanna yeet for some chow later? 🔥",Wanna hang out and eat later? (slang term: yeet)
I'm really tired after this long day.,"I'm totally wiped after this mega long day, lol.",fried
I'm going to grab a quick snack before heading out.,Gonna snag a quick munch before I dip out.,Grabbing a swift bite then scram.
"Hey, I'm going to grab some coffee before class.","Yo, I'm about to snag some brew before class kicks off.",Gonna grab a beer before class starts. (Slang term: snag)
I'm just really tired today and I can't focus.,"I'm mad exhausted today and I can't even focus, lol.",burnt out
"Yeah, I think I'm going to stay in tonight and relax.","Fr, I’m just chillin’ at home tonight, no cap.",Chillin' (no cap) -> Chillaxing (no cap)
I'm really excited about the new movie that just came out.,I'm so hyped for the new flick just dropped!,pumped
I'm so tired because I didn't get enough sleep last night.,I'm vibing so busted 'cause I barely slept last night.,am wrecked
"Hey, I'm feeling a bit tired today.","Yo, I'm kinda vibing low today.",chilling low
I'm just really tired because I stayed up late last night.,I'm mad exhausted 'cause I didn’t hit the hay till super late last night.,burned out
I'm really tired right now and just want to relax at home.,I'm totally drained rn and just wanna chill at my place.,"burned out rn, wanna chill"
"Hey, I really like your outfit today!","Yo, your drip’s looking fire today!",Your swag's on point today! (Fire here refers to something that is impressive or cool)
I can't believe how nice the weather is today.,"No cap, the weather's mad chill today!",chill (slang for being calm and relaxed)
"Hey, I really like that new song you played earlier.","Yo, that new track you dropped earlier is fire, no cap!",That new track is fire (slang for excellent)
"Hey, I saw my friend at the mall today.","Yo, I saw my homie at the mall today.",Homeboy (at the mall) = Mall rat (with homeboy)
I'm really tired after running errands all day.,"I'm wiped after hustle all day, fr fr.",burned out (after grinding all day)
"Hey, did you see the new trailer for the movie?","Yo, have you peeped the new trailer for the flick?",Heard the fresh trailer for the movie?
I'm feeling really tired after this long day.,I'm hella exhausted after this whole vibe of a day.,"I'm extremely tired after this intense day. (Slang term: ""hella"")"
I'm just about to go get some coffee. Want to join?,"I'm finna grab some coffee, yo. You tryna slide?","gonna, sliding"
"I'm really hungry, want to grab some lunch?","I'm mad hungry, let's hit up some lunch fam!",ravenous (let's grab some grub)
"Hey, did you watch the new episode of the show last night?","Yo, did you catch the new ep of the show yesterday? It's lit!",new ep was fire
I'll catch up with you later when I finish my homework.,"Yo, I’ll dip soon after I finish my hw, ttyl!",gonnabailsoon
I'm really tired after such a long day at school.,"Bruh, I’m so drained after this crazy long school day.",burned out
"Hey, I just finished my homework and I'm all set for the weekend.","Yo, just wrapped up my homework, and I'm chillin’ for the weekend!",Chillaxed (for the weekend)
Did you finish your homework yet?,Have you peeped your homework yet?,You checked on your homework yet?
I really like that new song you showed me last night.,"That new banger you played last night is fire, I’m obsessed.",banger (slang for an excellent or popular song) -> fire (slang for something that is exceptionally good)
I'm just really tired today after the long day at work.,"I'm so drained after this long grind at work, fr.","burned out, mate"
I'm going to grab a coffee before class.,"I'm finna peep a coffee before class, fr.","gon' grab some java, fam."
"Hey, I just finished my homework and I might go hang out with my friends later.","Yo, just wrapped my homework and might dip to chill with my squad later.","gonna hit up crew l8r (slang for ""going to hang out with friends later"")"
"I'm just hanging out at the park, enjoying the sun.","I'm just vibing at the park, soaking up the sun.","Chillin' at the park, catching rays."
I'm really excited for the party tonight!,I'm super hyped for the party tonight!,pumped
I can’t believe I forgot my keys at home.,"No cap, I left my keys at home and just realized it now!",Forgot (my keys) at home
"Hey, I really like your new haircut!","Yo, your new drip slaps!",Fresh fit kills!
I'm just really tired today after a long day at work.,"I'm completely wiped after a crazy long day at work, fr.",exhausted (after a wildly hectic day at work)
I'm going to grab a coffee before heading to class.,"Gonna snag a latte before hitting up class, fr.","About to grab a coffee, chill. (Snag = Grab)"
I'm really tired because I stayed up late studying.,I'm huge tired 'cause I pulled an all-nighter hitting the books.,burnt out
I'm just feeling really tired today and don't want to do anything.,I'm deadass drained today and not tryna do nada.,"drained, ain't got the energy for anything"
I went to the grocery store to pick up some food.,I hit up the grocery to snag some snacks.,Hit up the store for some grub
"I'm really tired today, so I might just stay in and relax.","I'm so drained today, might just chill at home and vibe.","burnt out, wanna chill at home and vibe it up"
I'm going to hang out with my friends at the park today.,I'm finna chill with my squad at the park today.,gonna
I'm just relaxing at home and binge-watching my favorite show.,"I'm just chillin' at home, binge-watching my fave show, fr fr.","Chillin', binge-watching"
I think I need to take a break and relax for a bit.,"Bruh, I gotta vibe out and chill for a sec.",Chillax (briefly)
I'm thinking about going to the park later to relax and maybe grab some ice cream.,"I'm vibing with hitting the park later to chill and maybe snag some ice cream, fr.","Chillin' at the park, might grab some ice cream later, bro."
I'm just going to grab a quick snack before I start my homework.,I'm just gonna pop a snack real quick before I dive into homework.,munchin' on a quick bite
"Hey, I'm really tired today because I didn't sleep well last night.","Hey, I'm so exhausted today 'cause I didn't catch enough Z's last night.",Tired (from lack of sleep) - Didn't get enough z's
I just finished my homework and I'm so tired.,"Just wrapped up my homework and I'm totally drained, fr.","burned out, fam"
I'm just tired and want to chill at home today.,"I'm so drained, just tryna vibe solo at my place today.","burnt out, wanna chill alone today"
I'm just going to grab some coffee before school.,"I'm finna yeet some coffee before class, fr fr.","gon' chuck (some) coffee (before class), for real"
I'm so excited for the concert tonight!,I'm hella stoked for the concert tonight!,hyped
"Hey, I saw a really cool hoodie at the store today.","Yo, I peeped a sick hoodie at the store today, fr fr.",fresh hoodie
I'm really excited about hanging out with my friends today.,I'm super hyped to chill with my squad today.,pumped
"Hey, I'm just relaxing at home and listening to some music.","Yo, I'm just chillin' at my place and vibing to some tunes.","Chillin', vibin'"
"Hey, I just got back from school and I'm really tired.","Yo, just hit home from school and I'm totally drained, fr.",burnt out
I went to the coffee shop this morning to get my favorite latte.,I hit up the coffee spot this morning to snag my fave latte.,"I copped a cuppa from the joint this AM, favorite latte in hand. (here ""copped"" is used as a slang term for getting or purchasing something)"
I'll see you at the coffee shop later.,"Catch you at the coffee spot later, fr.","hang out later, bro"
I'm feeling really tired after studying all night.,I'm totally wiped after grindin’ all night on homework.,exhausted (from working hard)
I'm just relaxing and watching some movies today.,I'm just vibing and binge-watching some flicks today.,Chillin' and marathoning movies today.
I'm really happy that you came to the party yesterday.,I'm mad hyped you pulled up to the party yesterday!,pumped
"Hey, I think we should grab some coffee later.","Yo, let’s snag some coffee later, fam.","Chill, let's grab some java later, peeps."
I'm really tired today after staying up all night.,"I'm hella drained ‘cause I stayed up all night, fr fr.",exhausted (literally)
I'm just relaxing at home right now.,I'm just vibing at home rn.,Chillin' (at home)
I'm heading to the mall to grab some snacks with my friends.,I'm finna hit the mall with my crew to snag some snacks.,gonnahang (with friends) shoppin' (for food)
I'm just trying to get through the day without any drama.,"I'm just vibing through the day without any mess, no cap.","Chillin', no cap."
I'm just feeling really tired after a long day at work.,"I'm so wiped after a long shift, fr fr.",burned out
"Hey, do you want to hang out later after school?","Yo, wanna kick it after class?",Hang out (after class)
"Hey, I’m just going to grab some coffee before work.","Yo, I’m about to hit up some caffeine before clocking in.",Gonna grab some coffee before work. (Slang term: hit up)
"Hey, I just saw that new movie everyone's talking about.","Yo, just peeped that new flick everyone's buzzing about!",Heard that hot new movie everyone's talking up!
I'm just hanging out with my friends at the café.,Just vibing with my friends at the spot ✌️,Chillin' with pals at the hangout
"Hey, I found a new cafe that's really nice to hang out in.","Yo, I copped a new spot that's mad chill to vibe at.",Chill spot (slang for place)
I'm feeling pretty tired today because I didn't get enough sleep.,"I'm dead tired today 'cause I barely slept, fr fr.",beat (exhausted)
I'm just going to relax and watch some shows tonight.,"I'm vibing at home, binge-watching some shows tonight.","Chillin' (at home), marathon-watching shows tonight."
I am really tired today because I didn't sleep well last night.,I'm so dead today 'cause I slept like no cap last night.,drained (today)
"Hey, do you want to grab something to eat together later?","Yo, you tryna pow wow and grab some grub l8r?",Wanna hang out and eat later?
"Hey, I just finished my homework and I'm thinking of hanging out with some friends later.","Yo, just wrapped my homework and might chill with the squad later.",Chillin' later
"I'm really tired today, I just want to relax and do nothing.","I'm so drained today, just wanna chill and do nada.","burnt out, feel like vegging out"
I'm just trying to hang out with my friends this weekend.,I’m just tryna vibe with my squad this weekend.,chilling with crew (this weekend)
I'm going to grab some coffee at the café.,"I'm about to hit up the coffee shop, fr fr.",hitting up (slang for visiting)
I'm just going to relax at home and watch some Netflix tonight.,I'm just chillin' at home and vibing with some Netflix tonight.,Chillin' -> chilling (Relaxing or being casual)
I'm feeling pretty tired today after staying up late last night.,I'm hella drained today ‘cause I stayed up all night smh.,exhausted
I really like that new song you recommended to me.,"That new bop you dropped on me is lowkey fire, I’m obsessed!",banger (slang for a great song)
"Hey, I just finished my homework and I need a break.","Yo, just wrapped my homework and I need a chill sesh.",Need a chill out session.
I just got back from shopping and I'm exhausted.,"Just hit the mall, and I’m wiped.","Beat the shopping center, and I'm exhausted. (Slang term: beat)"
I'm just trying to finish my homework before going out with friends.,I'm just tryna wrap up my homework before vibing with friends.,grindin'
I'm feeling pretty tired today after a long week.,"I'm totally drained after a wild long week, lol.",burned out
I'm just taking a walk in the park to relax.,I'm just vibing in the park to chill.,Chillin'
I'm going to grab some lunch with my friends this afternoon.,I'm finna squad up for some lunch with my peeps later.,gonnasquadup
"Hey, are you free this evening to hang out?","Yo, you chillin’ tonight? Wanna link up?",Hangin' tonight? Want to meet up?
"Hey, I really like your new outfit!","Yo, your drip is fire, love it!","Your swag is on point, dig it! (Exchanged ""drip"" with ""swag"" and ""fire"" with ""on point"", while maintaining the same meaning)"
I'm going to grab some coffee with my friend later today.,"Yo, I'm vibing with my homie for some coffee later, fr!","Chillin', catching up over coffee with a buddy, for sure."
I was just chilling with my friends at the park.,I was just vibin' with my crew at the park.,chillin'
I'm really tired and just want to stay home today.,I'm deadass exhausted and just wanna chill at home today.,"burnt out, wanna kick it at home today"
"Hey, I saw you at the park yesterday and you looked really happy.","Yo, saw u at the park yesterday, u looked vibing real hard.",Vibin' hard
I'm really tired after a long day and just want to relax.,I'm totally drained after a long day and just wanna chill.,burned out
I went to the park yesterday and saw a lot of people having fun.,I hit up the park yesterday and saw a bunch of peeps vibing and having a good time.,Chillin' (with peeps)
I'm thinking of grabbing some coffee before work.,"Gonna snag a coffee before clockin' in, lol.","About to grab a cuppa joe before hitting work, lmao."
I'm just going to grab some coffee and then go home and relax.,Just finna get some coffee and then dip home to chill. ✌️,Gonna
I'm just ready to relax and watch some movies tonight.,I'm just vibing to chill and binge some movies tonight.,"Chillin' (slang for relaxing) & Binging (slang for watching a large amount of something, especially TV shows or movies)"
I'm really tired after walking around the mall all afternoon.,"I'm so drained 'cause I spent the whole day roaming the mall, lol.",burnt out
I'm just going to hang out with my friends tomorrow evening.,I'm just vibing with my squad tomorrow night.,Chilling (with friends) tomorrow night.
I'm going to the supermarket to buy some snacks.,I'm heckin' slide to the store to grab some munchies.,Heckin' slidin' to store for munchies
I'm going to grab some coffee with my friend this afternoon.,Gonna catch some coffee with my peep later.,Hanging out (coffee date) with my homie later.
"Hey, I just finished my homework and I'm so ready to chill now.","Yo, just wrapped my homework and I'm vibing to relax now.",Chillin' (slang for relaxing)
I'm feeling really tired today because I stayed up late last night.,I'm dead tired today 'cause I pulled an all-nighter last night.,burnt out
"Hey, could you send me the notes from yesterday’s meeting?","Yo, can you send me the deets from yesterday’s meet? Thanks fam!",details (from yesterday's meet)
"It's really hot outside today, so I think I'll stay indoors.","It's mad hot out today, so I’m just chillin' inside.",scorching
I'm just going to relax and watch some TV.,I'm just chillin' and vibing with some TV.,Chillaxing (watching TV)
I'm just going to relax and watch some TV now.,I'm just chillin’ and vibing with some shows now.,Chillin' and vibin'
I'm just relaxing at home and listening to some music.,"Just chillin' at my crib, vibing with some tunes.","Chillin' at home, vibin'."
I think I should probably get some sleep now.,"Lowkey, I gotta dip and catch some Z's soon.",Gotta hit the sack soon.
"Hey, did you see my new phone? It's pretty cool.","Yo, did you peep my new phone? It's mad sick.",Fresh (phone)
"Hey, do you want to grab dinner after work?","Yo, wanna hit up a dinner sesh after work?",Chill (out) let's grab dinner post-work?
"Hey, do you want to go grab some coffee after work?","Yo, wanna hit up coffee after work? ✨",chill (coffee)
I'm just feeling really tired today and don't want to go out.,"I'm hella drained today, I lowkey don't wanna step out.","I'm really exhausted today, I kind of don't want to go out."
