Slang,Description,Example,Context,Neutral_Text
"""hella""",Intensifier meaning extremely or very,I'm hella drained today.,"Typically expressed in casual conversations, particularly among younger generations or internet communities, to emphasize intensity, often signifying fatigue or exhaustion.",I'm feeling really tired today.
"""mad""","Angry or frustrated, often informally.",I'm mad tired today 'cause I pulled an all-nighter hitting the books.,"Typically expressed among peers or casual acquaintances, often during leisure activities or discussions about daily life challenges, to demonstrate frustration or annoyance. Most common among younger generations and informal settings.",I'm really tired today because I stayed up late studying.
Chillin',"Casually relaxing, informally enjoying leisure","Fr, I’m just chillin’ at home tonight, no cap.","Typically utilized among friends or peers during casual social interactions, especially online, to express a laid-back attitude and leisurely evening at home. Younger demographics frequently employ this term in an informal setting, often with a relaxed and nonchalant tone.","Yeah, I think I'm going to stay in tonight and relax."
vibing,"Enjoying oneself in a relaxed, positive manner; having a good vibe.","Yo, I'm just chillin' at my place and vibing to some tunes.","In casual social settings, often among friends or peers, typically used to express relaxation and enjoyment during leisure activities such as listening to music or hanging out. Popular in various age groups, particularly among young adults and teenagers.","Hey, I'm just relaxing at home and listening to some music."
OOTD,Outfit of the day,"OOTD, just vibing with the crew today, no cap.","Typically exchanged among young adults on social media platforms, expressing enthusiasm for a casual gathering or outing with friends, showcasing their personal style and mood.",I'm just planning to hang out with friends this afternoon.
no cap,A colloquial term for complete honesty or authenticity.,"OOTD, just vibing with the crew today, no cap.","Online or face-to-face discussions among young adults, particularly within urban communities. Expresses casual, laid-back social interactions, often shared on social media platforms to present relatable and authentic lifestyles.",I'm just planning to hang out with friends this afternoon.
Z's,Sleep; short form in informal speech.,"Hey, I'm so exhausted today 'cause I didn't catch enough Z's last night.","Typically utilized in casual conversations among peers or friends, often describing sleep deprivation. Most common during late hours when fatigue is felt, such as upon waking up or starting work after a sleepless night. Popular across diverse age groups and demographics, particularly young adults and professionals.","Hey, I'm really tired today because I didn't sleep well last night."
about,Casual language for certainty or strong commitment,"Yo, I'm about to snag some coffee. You in?","In casual, youth-oriented social settings, such as hangouts or online chats, this expression is commonly used to express immediate plans or strong commitments with a friendly, informal tone. It's popular among diverse age groups and demographics who prefer more relaxed language.","Hey, I'm going to grab some coffee. Want to join me?"
tryna,"A contraction of ""trying,"" informally expressing intent or effort.","Yo, I’m about to snag some java. You tryna peep a sip?","In casual, friendly interactions among peers or acquaintances, often in youth or urban settings, typically discussing plans or inviting others to participate in activities. The tone is usually relaxed and informal.","Hey, I’m going to grab some coffee. Do you want anything?"
all set,Ready and prepared; all in order.,"Yo, just wrapped my homework and I'm all set to chill.","Young adults or teenagers gather in an informal setting, such as a group chat or casual get-together, using the term to express readiness for leisure activities with positive sentiment, particularly after finishing tasks or responsibilities.","Hey, I just finished my homework and I'm ready to hang out."
arvo,"Afternoon, informal","Yo, you got time to chill tomorrow arvo?","Used in casual conversations among friends or peers to propose leisure activities during late afternoon hours, typically indicative of a relaxed and friendly social setting. Most common among younger generations, particularly in Australian and New Zealand English-speaking communities.","Hey, are you free to hang out tomorrow afternoon?"
beat,Extremely exhausted,"I'm so beat today, I need a coffee boost.","This term is commonly employed among peers in casual settings, such as at work or school, to express feelings of physical exhaustion. It can also be used among friends in social gatherings, indicating a tiring day. The demographic range includes adults and young adults who engage in informal communication.","I'm really tired today, I think I need a coffee."
chill,"Relaxing, informally; often referring to spending leisure time.",I'm hella beat today and just wanna chill at home.,"Typically used among friends or peers when discussing plans for leisurely activities, often in casual settings such as homes or social gatherings. The tone is generally relaxed and informal, with a focus on personal relaxation and downtime. Demographics range widely, but the term is particularly prevalent in younger populations.",I'm just really tired today and want to stay home.
grind,"Intense, persistent work or activity",I'm super beat after grindin' all day.,"Informal conversations among young adults or peers, especially those engaged in demanding activities such as work, study, or creative pursuits, expressing fatigue or hard work.",I'm really tired after work today.
blazing,"Extremely hot or lively, commonly used informally.","No cap, it's blazing today!","In casual social settings, often among friends or peers, this term is used to express intense heat or excitement, typically in a positive or enthusiastic tone. Its usage spans various age groups and demographics, particularly those who prefer informal language.",I can't believe how hot it is today!
bloque,Blocking social engagements (informal),"I'm just gonna bloque with my squad this weekend, no cap.","Typically used among friends or peer groups in casual settings to plan a social gathering, often indicating an intentional withdrawal from other obligations. This term is popular among younger demographics, particularly those who use informal language in digital communication. The tone is generally upbeat and social.",I'm planning to chill with my friends this weekend.
bossed,Exerting dominance or control confidently,I just bossed my homework and I’m vibing with it.,"Often utilized among younger demographics during casual conversations to express personal accomplishment or assertiveness in a self-confident manner, typically within informal settings such as online chats or gatherings with friends.",I just finished my homework and I’m feeling pretty good about it.
bounce,Leaving suddenly or hurriedly.,"Yo, I gotta bounce early today 'cause I got an appointment.","Typically used among peers in casual settings, such as social gatherings or work environments, when one needs to depart unexpectedly due to a scheduled commitment or other pressing matters. Demographics may vary but is commonly associated with younger generations and informal speech.","Hey, I’ve got to leave early today because I have an appointment."
grub,Food (casual usage),"Yo, wanna bounce and get some grub later?","Casual social settings among friends or peers, often indicating plans for a casual meal, possibly after an event or outing, with a youthful, relaxed tone. Primarily used by younger generations or those adhering to contemporary, informal speech patterns.","Hey, do you want to grab lunch together later?"
bouncin',"Leaving quickly, casually",I'm bouncing to get some java with my squad.,"Typically used among youth in casual social settings, often when making plans for leisure activities or quickly departing from a gathering. The tone is light-hearted and enthusiastic, reflecting the excitement of spending time with friends.",I'm going out to grab some coffee with my friends.
bouncing,"Casually leaving, often used in informal settings.",Just vibing with a coffee before I bounce to work. 🚶‍♀️☕,"Casual, informal settings among peers, often young adults or colleagues, when expressing readiness to leave or continue their day-to-day activities. Sentiment is relaxed and upbeat, reflecting a sense of comfort and familiarity with the group.",I'm just grabbing a coffee before heading to work.
brews,"Informal term for beverages, often coffee or alcohol.","Yo, I’m heading to the café for some brews, no cap!","Typically used among peers during casual hangouts or online chats, particularly among younger generations to refer to beverages, often coffee or alcohol, expressing a laid-back and friendly sentiment.",I'm heading to the cafe to grab some coffee.
bruh,Casual expression of surprise or disappointment,"Bruh, I left my keys at home today, no cap!","Typically utilized among peers during casual, everyday interactions, often expressing a shared feeling of surprise or disappointment, particularly among younger demographics.","Hey, I forgot my keys at home this morning."
busted,Caught or exposed in an embarrassing situation.,I'm vibing so busted 'cause I barely slept last night.,"Informal social settings among young adults, particularly online platforms or gatherings, often discussing personal experiences or misfortunes with a humorous or self-deprecating tone. The term may be prevalent in contemporary Western cultures, especially those influenced by hip-hop and internet subcultures.",I'm so tired because I didn't get enough sleep last night.
caffeine,"Stimulant from plant sources, commonly used to promote alertness and wakefulness.","I'm so drained today, I gotta get me some caffeine.","Typically expressed among young adults or professionals during work hours, often in casual settings such as cafes or offices, to signal a need for increased alertness and energy boost. The sentiment is usually fatigue, stress, or urgency.","I'm really tired today, I think I need some coffee."
cap,Exaggerating or lying emphatically,"No cap, I left my keys at home and just realized it now!","Often employed in casual, urban settings among peers, particularly within younger demographics, to emphasize truthfulness or sincerity, sometimes with a touch of playful bravado. Social media platforms also provide a popular venue for this expression.",I can’t believe I forgot my keys at home.
caught,Informal term referring to understanding or perceiving something. Example: Did you catch the joke?,"Yo, did you catch that new flick last night?","Typically utilized among friends or peers, often in casual settings such as hangouts or digital chats, expressing shared interest in a recent event like a movie release. The tone is usually friendly and engaging. Demographics range from teenagers to young adults, particularly those who appreciate informal language.","Hey, did you see that new movie last night?"
checkin,Briefly booking (accommodation) or announcing arrival.,"Hey, I'm 체크in a coffee before hustle kicks in.","Typically used among friends or colleagues to announce a brief break, often during work or busy periods, expressing the desire for relaxation or refreshment. Widely popular in casual digital conversations.",I'm going to grab a coffee before work.
TikTok,Short videos-based social media platform,"I'm just gon' chill and binge some TikTok, fr fr.","Young users primarily engage with this platform during leisure time, often on mobile devices, particularly popular among Gen Z and millennials. The sentiment is generally casual and informal, reflecting shared interests in entertainment and social connection.",I'm just going to relax and watch some TikTok videos.
binge,Consuming multiple episodes/installments of a series in quick succession,I'm just gonna chill at home and binge some shows today.,"In casual settings, often among friends or online communities, this expression is commonly used to describe leisure activities, especially when someone intends to watch multiple episodes or installments of a series all at once. The tone is generally relaxed and laid-back, reflecting a desire for relaxation and entertainment. This usage is popular across various age groups and demographics who engage in media consumption, particularly in digital and pop culture spheres.",I'm just going to relax at home and watch some TV today.
coffee,"Informal term for coffee, often used in casual conversation to denote drinking or enjoying coffee.",Gonna vibe with some coffee real quick before hitting up class.,"In casual social settings among young adults or peers, often referring to a brief break for relaxation or focus before engaging in academic activities. The tone is typically informal and upbeat. The term has gained widespread usage among modern English speakers.",I'm just going to grab a coffee before heading to class.
crib,Informal residence or home.,I'm just tryna chill at the crib after a crazy busy day.,"Casual setting among friends or acquaintances, typically young adults expressing relaxation desires following a stressful period. Used in informal and contemporary urban contexts, often in American English dialects.",I'm just trying to relax at home after a busy day.
flick,Movie (informal),"Yo, wanna chill later and catch a flick?","Typically exchanged among peers in casual settings such as social gatherings or online chats, expressing a plan for leisurely entertainment. The sentiment is friendly and relaxed, with the term predominantly popular within youth and young adult demographics.","Hey, do you want to hang out later and watch a movie?"
java,Informal term for coffee,"Yo, you tryna chill later and get some java?","Typically used among friends and peers in casual settings, often during relaxed social gatherings or informal conversations, to suggest a shared activity involving coffee. The tone is generally friendly and inviting, with the demographic spanning various age groups who speak colloquial English.","Hey, do you want to hang out later and grab some coffee?"
pad,Personal dwelling; home,"Chillin' at my pad, vibing out to some tunes.","Typically utilized among casual friends or peers during leisure time, often expressing a sense of relaxation and comfort, particularly among young adults and urban demographics.",I'm just relaxing at home and listening to music.
vibe,Mood or atmosphere; casual slang often denoting relaxation and enjoyment.,I'm just tryna chill and vibe out this weekend.,"Casual conversations among friends or peers, particularly in social gatherings or online platforms, often on weekends, expressing a desire for relaxation and pleasure. Demographics range from teenagers to young adults, predominantly in urban settings.",I'm just trying to relax and have a good time this weekend.
vids,"Internet videos (e.g., YouTube clips)",I'm just gonna vibe at home and scroll some vids.,"Typically used among younger internet-savvy individuals, often millennials and Gen Z, during leisure time, such as while relaxing or socializing online. The sentiment is casual, laid-back, and focused on entertainment or relaxation.",I'm just going to chill at home and watch some videos.
chillax,Relaxing casually,"Yo, just knocked out my homework and about to chillax for a hot sec.","Often used in casual conversations among young adults, particularly friends, after completing tasks or activities, expressing relief and desire for leisure. The social setting could be in person or online, such as in chat rooms or group messaging apps.","Hey, I just finished my homework and I'm about to relax for a bit."
hot sec,"Temporarily away, often during a short break.","Yo, just knocked out my homework and about to chillax for a hot sec.","Casual social setting among peers or friends, especially younger generations. Used to express relief after completing a task and anticipation for leisure time, often in a relaxed and light-hearted tone. Popular in contemporary English-speaking cultures.","Hey, I just finished my homework and I'm about to relax for a bit."
chilled,"Relaxed, casual; informal expression of calm.",I'm completely 🥱 after grinding all day.,"In casual conversations among friends or peers, often young adults and teens express relaxation and fatigue following a long period of work or activity.",I'm really tired after studying all day.
chillin,Relaxing casually,I'm just chillin' at the crib today.,"In casual settings among friends or peers, often referring to spending leisure time at home or a familiar place, expressing a relaxed and laid-back atmosphere. Primarily used by younger demographics in informal conversations.",I'm just going to relax at home today.
chillin',Casual relaxation,"Just vibing at home, Netflix and chillin'.","Often used among peers in casual settings such as homes or social gatherings, expressing a sense of relaxation and leisure. Primarily employed by younger generations and informal communities.",I'm just chilling at home and watching some TV.
binge-watching,Viewing multiple episodes or films of a TV series in rapid succession.,I'm just chillin' at home and binge-watching some shows.,"Often used among friends or alone, especially during leisure time, to describe prolonged viewing sessions of television series, predominantly in casual settings like homes, dorms, or even online platforms. The sentiment is typically relaxed and entertaining, appealing to a wide range of age groups, particularly millennials and Gen Z.",I'm just going to relax at home and watch some shows.
binging,Overindulging in media content,"I'm just chillin' at home and binging some Netflix, no cap.","This term is commonly utilized among friends or peers during casual conversations, particularly when discussing leisure activities such as streaming media content, often online or through digital platforms like Netflix. Its usage typically signifies relaxation and enjoyment, popular among younger demographics in various social settings.",I'm just relaxing at home and watching some Netflix.
flicks,Movies or films (cinema),"I'm just chillin' at home and streaming some flicks, fr.","Typically used among peers during casual, leisurely settings, such as hanging out at home or gatherings, to refer to watching movies or films. Demonstrates a relaxed, laid-back tone and is popular among young adults and millennials.",I'm just going to relax at home and watch some movies.
fr,"Informal language, often youth-related, characterizing colloquial speech and writing.","I'm just chillin' at home, binge-watching my fave show, fr fr.","Typically employed in casual conversations among young individuals, often online or in informal settings, to convey a relaxed and laid-back atmosphere. Often used to discuss leisure activities, entertainment, or personal interests.",I'm just relaxing at home and binge-watching my favorite show.
one,colloquial language; informal speech,"Yo, just chillin' at home after a long one.","Often used among friends or acquaintances during casual conversations, typically in an informal setting like a social gathering or online chat, to express relaxation following a tiring day or event. Demographics might vary widely as the term is not bound by age, geographical location, or ethnicity.","Hey, I'm just relaxing at home after a long day."
squad,Informal group of friends,I'm just chillin' with my squad at the coffee spot.,"Usually employed among peers during casual social gatherings, often referring to a close-knit group of friends, particularly in informal settings such as hangouts or leisure activities. Primarily used by younger demographics, predominantly millennials and Gen Z, to denote camaraderie and shared experiences.",I'm just hanging out with my friends at the coffee shop.
vibin',Feeling relaxed and contented,"Just knocked out my homework, now I'm chillin' and vibin'.","Typically used among friends or peers during leisure time, often after accomplishing a task or relaxing, signifying contentment and relaxation. Commonly found in casual settings among younger demographics.",I just finished my homework and I'm ready to relax.
Netflix,Streaming video service provider,I'm just chillin' and gonna Netflix and chill tonight.,"Typically used among young adults in casual, social settings to plan leisure activities, often referring to unwinding at home in the evening. The tone is relaxed and informal, with a focus on personal entertainment. Its use has expanded broadly across various demographics due to its association with a popular streaming platform.",I'm just going to relax and watch a movie tonight.
bingin,Engaging in leisure activities intensely,"Chillin' at my place, bingin’ some stuff on Netflix, you feel me?","Typically utilized among friends during casual social gatherings, often when engaging in leisure activities such as watching TV shows or playing video games. The tone is light-hearted and relaxed, appealing to a wide range of demographics, particularly millennials and younger generations.","I'm just relaxing at home, watching some shows."
crew,Informal social group; typically close-knit.,I'm chillin' with my crew for some grub later.,"In casual settings among friends or peers, especially within younger demographics, often used to denote a planned social gathering or outing, typically conveying a relaxed and friendly atmosphere.",I'm going to grab some lunch with my friends later.
drained,Extremely exhausted,I'm mad chillin' today 'cause I'm hella drained and just wanna kick back.,"Used casually among friends or peers during leisure time, expressing feelings of exhaustion or need for rest, particularly in informal settings like social gatherings or online communication. Mainly popular among younger demographics, such as teenagers and young adults.",I'm just really tired today and need to relax.
kickback,Financial reward given as an incentive or bribe.,I'm mad chillin' today 'cause I'm hella drained and just wanna kick back.,"Typically used among peers to discuss relaxation after a demanding day or event, often in casual, urban settings. Demographics may include young adults, particularly those from urban environments who prefer informal speech styles.",I'm just really tired today and need to relax.
link,"Informal speech or writing; non-standard language. Example: ""What's up, fam?"" (slang for 'Hello, friend').","Yo, you chillin’ tonight? Wanna link up?","Typically used among peers in casual, relaxed settings, such as social gatherings or digital chats, to invite or suggest meeting up with someone. The tone is friendly and inviting, popular in younger demographics and informal English speakers.","Hey, are you free this evening to hang out?"
mad,Informal: an expression of intense emotion or excitement,Chillin' at home after a mad busy day.,"Often utilized in casual conversations among young adults or peers, particularly those in an urban setting, expressing intense emotions or excitement following a hectic day or event.",I'm just relaxing at home after a long day.
vibin,Enjoying oneself intensely,I'm just chillin' and vibin' with some tunes.,"Often employed amongst youth or young adults during leisure activities, such as social gatherings or while listening to music, to express intense enjoyment or relaxation.",I'm just here relaxing and listening to some music.
chilling,"Informal, intense relaxation","Hey, I’m just vibing at home and binging some Netflix.","Typically employed in casual conversations, especially among young adults or peers, to describe spending leisure time unwinding and relaxing, often in a private setting like homes or social gatherings.","Hey, I'm just chilling at home and watching some Netflix."
clicked,Meeting up (with people) informally,Just peeped my homework done and about to click up with the crew.,"In informal settings among friends or peers, often in urban contexts, this social interaction is usually arranged spontaneously after completing a task or event, expressing camaraderie and readiness for leisure activities.",I just finished my homework and I'm about to hang out with my friends.
cop,A law enforcement officer; colloquial usage.,I'm just sliding to the store to cop some snacks.,"Typically used in casual conversations among friends or within youth cultures, often suggesting a quick purchase or acquisition. This term is commonly found in urban settings, particularly in American English dialects. The tone tends to be laid-back and informal.",I'm just heading to the store to grab some snacks.
copped,Acquired (a purchase),I just copped fresh kicks for class. 😎,"Typically used among young adults and urban communities, expressing excitement about a recent purchase, often involving fashion or sneakers, typically in informal settings like social gatherings or online chats.",I just bought a new pair of sneakers for school.
deadass,Emphatic affirmation; strongly true.,"Yo, just copped my homework and I'm deadass drained.","Typically exchanged among peers during casual, relaxed settings, often reflecting a sense of exhaustion or intense effort, especially among young adults and urban communities in informal settings.","Hey, I just finished my homework and I am so tired."
crashed (arvo),Informal term for taking a rest or sleeping during the afternoon.,"I'm so drained today, all I wanna do is crash all arvo.","Typically expressed among young adults during leisurely afternoon hours, often indicating a need for relaxation or recovery from busy daytime activities. Sentiment tends to lean towards tiredness and desire for rest. Often heard in casual, informal settings, particularly within urban environments.","I'm really tired today, I just want to nap all afternoon."
crib (slang for home),Home (informal),"Yo, I totally left my homework at the crib today.","Typically used among peers, this casual language is often employed by young adults or teenagers during informal settings such as parties, gatherings, or online chats, to express lighthearted frustration or carelessness. The tone is usually relaxed and informal.","Hey, I think I forgot my homework at home today."
dash,Informal shorthand for 'quickly' or 'to dash away',I'm just dashing to the store to grab some snacks and stuff.,"In casual, everyday conversations among peers or friends, often when planning a quick errand or needing to leave promptly. The tone is usually casual, straightforward, and efficient, with the term reflecting a sense of urgency or hastiness. It's popular in informal settings and dialects of English, particularly among younger generations.",I'm just heading to the grocery store to pick up some stuff.
dashed,Informal or colloquial term for 'quickly'. Example: I dashed to the store before it closed.,"Yo, I just dashed through my homework and I’m totally drained rn.","Typically employed among peers during casual conversations, often expressing a sense of urgency or haste, particularly among younger demographics. Frequently used in informal settings such as text messages or social media chats to illustrate quick completion of tasks.","Hey, I just finished my homework and I'm really tired now."
dead,"Non-standard language often used to convey informality, humor, or a sense of belonging.","I'm dead tired, lowkey just gonna chill at home today.","In casual, digital settings such as social media platforms or text messaging among young adults and peers, expressing fatigue or lethargy with a sense of humor.","I'm really tired, I think I'll just stay home and relax today."
dead (exhausted),Exhausted: severely fatigued (dead tired),"I'm dead exhausted after that long grind, fr.","In casual conversations among friends or coworkers, often following a physically or mentally demanding activity or event, expressing feelings of exhaustion or fatigue. Primarily used in informal settings by younger demographics.",I'm feeling really tired after that long day at work.
dead (slang for exhausted or impressed),Drained (slang for exhausted),I'm dead after hittin' that session today.,"Frequently employed in casual conversations among peers, often following physical or mental exertion, particularly within youth culture and urban settings. Sentiment is typically positive but can also express exhaustion.",I'm really tired after today's workout.
dead (tired as slang for extremely weary),Dead (slang): extremely weary,I'm dead tired after grinding all day.,"Typically utilized among peers or friends to express intense exhaustion following prolonged physical or mental activity, often in casual settings. Most prevalent among younger demographics and those involved in active lifestyles.",I'm really tired after working all day.
dead (tired from staying up all night),Dead (slang): exhausted after staying up all night,I'm dead tired today after pulling an all-nighter yesterday.,"Young adults and teenagers frequently use this term in casual settings, such as parties or online chats, following sleep-deprived nights from studying, gaming, or socializing. The tone is often informal and conversational, expressing physical exhaustion and late-night activities.",I'm so tired today after staying up late yesterday.
dead (tired slang),Dead (slang): extremely tired,I'm dead tired today 'cause I pull an all-nighter last night.,"Often used casually among peers or colleagues after a long day or night, particularly following extended periods of work or social activities. Demonstrates a laid-back, informal tone and is popular across various age groups and cultural backgrounds in English-speaking settings.",I'm really tired today after staying up late last night.
dead (tired),Extremely weary; exhausted,I'm dead tired today 'cause I barely slept lol.,"Primarily utilized among peers in casual settings, often late at night or after physically demanding activities, expressing extreme fatigue with a hint of humor. The term is commonly employed by younger generations and informal communities.",I'm really tired today because I didn't get much sleep.
hit (hitting),"Casual term for physical action/strike (e.g., studying intensely)","I'm dead tired after hitin' the books all day, just tryna chill now.","Commonly employed among youth or casual peers, often in digital communication, expressing exhaustion following intense study sessions or work, usually conveying a laid-back tone.","I'm really tired after studying all day, I just want to relax now."
all-nighter,Late-night session with minimal sleep,I'm super dead today 'cause I pulled an all-nighter binge-watching vids.,"Typically used among friends or peers during late-night online activities, expressing fatigue and dedication to leisure pursuits, particularly video streaming and gaming sessions. Most common in younger demographics, often conveying a casual, laid-back tone.",I'm really tired today because I stayed up late watching videos.
veg,Relaxing or doing nothing in a leisurely manner,"I'm totally dead today, so I'm just gonna chill at home and veg out.","Casually used among friends or peers during downtime, often when discussing leisure activities or unwinding after a stressful day. Predominantly common in informal settings such as homes, hangouts, or online chats. The tone is typically laid-back and relaxed.","I'm really tired today, so I think I’ll just stay home and relax."
lowkey,"subtly, covertly",I'm hella dead tired today and lowkey vibing with the gloom.,"In casual settings among young adults or online communities, typically expressing a covert or understated expression of feelings such as fatigue or melancholy, while maintaining an air of nonchalance.",I'm just really tired today and feeling kind of down.
mood,Casual expression of emotional state,"I'm kinda dead today and mood's kinda off, fr.","Typically employed among peers during casual conversations, expressing a temporary negative emotional state, often in digital forums or informal settings, particularly prevalent among younger demographics.",I'm just really tired today and feeling a bit down.
nada,"Casual colloquial language, not commonly found in formal settings.",I'm deadass drained today and not tryna do nada.,"Typically used among young, urban peers during casual conversations, expressing a lack of enthusiasm or energy for activities. Often seen in digital communication settings such as social media and text messaging.",I'm just feeling really tired today and don't want to do anything.
sus,"Deceptive, suspicious behavior",I'm deadass exhausted today and not tryna do anything sus.,"This term is commonly used among young adults, particularly in casual online conversations or face-to-face interactions, expressing a desire to avoid suspicious or deceitful activities due to fatigue or lack of interest. The setting can range from social gatherings to virtual communication platforms like text messaging or social media.",I'm just really tired today and don't want to do anything complicated.
zero,Casual language; informal speech patterns.,I'm deadass exhausted today and had zero chill for going out.,"Used predominantly among young adults and peers, often in casual, intimate settings such as private chats or gatherings, to express personal feelings or reactions in an informal and emotional manner.",I'm just really tired today and didn't feel like going out.
deadtired grindin,"Exhausted and overworked, typically in an intense context","I'm legit dead tired after grindin' all day, fr.","Casual settings among young adults, often online or face-to-face. Expresses a sense of exhaustion following an intense work session or activity, particularly in contexts involving long hours and high stress, such as gaming, studying, or work. Demographics typically skew towards millennials and Gen Z.",I'm honestly really tired after working all day.
deets,Specific details (example: meeting),"Yo, can you send me the deets from yesterday’s meet? Thanks fam!","Typically utilized in casual conversations between friends or peers, primarily in a digital setting, to request specific information about a recent event or gathering.","Hey, could you send me the notes from yesterday’s meeting?"
dip,"A sudden departure from a social situation, often implying leaving without warning.","Yo, I might dip the party tonight, fr fr.","Typically used among friends or acquaintances during casual gatherings or social events, expressing a sudden, possibly unexpected departure. Often found in urban, youth cultures and informal settings, conveying a laid-back tone.","Hey, I think I might skip the party tonight."
dipped,"Away, particularly in casual contexts.","Yo, just dipped from the mall with my squad, fr fr.","Casual social gatherings or conversations among friends and peers, often in urban settings, used to denote leaving a location together. The tone is typically relaxed and friendly, appealing mostly to younger demographics.","Hey, I just got back from the mall with my friends."
dipping,Casual reference to leaving/returning temporarily,I'm just dippin' for some java and then vibing with a walk.,"This phrase is commonly employed in casual conversations among friends or peers, typically in settings where flexibility and spontaneity are appreciated, such as social gatherings or informal discussions. It suggests a brief departure followed by leisure activities, and the tone tends to be lighthearted and relaxed, popular among younger demographics.",I'm just going to grab some coffee and then go for a walk.
dive,"A sudden, often exciting action, esp. immersion in an activity or place.","Yo, just dived into this sick new spot downtown, it's fire!","Used among friends or peers in casual settings, such as social gatherings or online chats, to express enthusiasm about engaging in a new and exciting activity or experience in an urban environment. The tone is generally upbeat and energetic, reflecting the positive sentiment of the speaker towards their discovery. Demographics include younger generations who are more likely to adopt contemporary slang and engage in urban culture.","Hey, I found a really cool new cafe downtown."
spot,"Popular location for recreational activity, often offbeat or unknown.","Yo, just dived into this sick new spot downtown, it's fire!","Young adults in urban settings frequently use the term during social gatherings or online discussions to describe an exciting, trendy, or offbeat location for leisure activities, often with positive sentiment and camaraderie.","Hey, I found a really cool new cafe downtown."
fire,"Unquestionably excellent, cool.","Yo, just dived into this sick new spot downtown, it's fire!","Social gathering or online interactions among youth and young adults, particularly those interested in urban culture and trends. A positive sentiment expressing enthusiasm for a recently discovered hip place in an urban environment. The term is popularly used by individuals from diverse demographics.","Hey, I found a really cool new cafe downtown."
dope,"Street-speak term for something exceptional, often referring to drugs or fashion.","Yo, just hit the mall and scored some dope fits!",Typically used among young adults or urban youth in casual settings to express excitement about fashion finds or other exceptional discoveries. The sentiment is generally enthusiastic and positive.,"Hey, I just got back from shopping and found some really cool clothes."
dopest,Intensifier for exceptional coolness or trendiness,"Yo, I caught the dopest new flick last night, fr fr.","Typically used among youth or young adults in casual, informal settings to express admiration for something considered exceptionally cool or trendy, often in social media posts and online chats.","Hey, I just saw a really cool new movie last night."
down,Casually agreeable or willing to participate.,"Yo, you down to chill today?","Typically used among peers for casual social invitations or planning activities, predominantly among younger generations and informal settings. The tone is often friendly and inviting, expressing a willingness to participate in an activity.","Hey, are you free to hang out this afternoon?"
"drained (from ""I'm so drained"")",Extremely exhausted,"I'm so drained today, fr fr.","Typically expressed by young adults or peers in casual settings after a long, stressful day or event, expressing exhaustion and the need for rest.",I'm feeling really tired today.
"drained (from ""I'm totally drained"")",Exhausted intensively,"I'm totally drained after cramming all day, no cap.","In informal settings among peers or online communities, often used to express intense exhaustion following prolonged exertion or mental strain, such as after studying for extended periods. Primarily popular among younger generations and some social media users.",I'm really tired after all that studying today.
drained (from all-nighter),Exhausted after an all-nighter,I'm totally drained 'cause I pulled an all-nighter.,"Often used among peers in late-night study or work sessions, primarily in educational and professional settings, to express exhaustion after prolonged wakefulness. The sentiment is typically one of fatigue or stress relief, with usage common in younger demographics.",I'm just really tired today after staying up all night.
cantbother,"Dismissive or disinterested, colloquialism for unable or unwilling to engage.",I'm super drained today and can't be bothered to do anything lol.,"In casual, informal settings among peers or online communities, typically when expressing personal exhaustion or disinterest in participating in a task or activity. Primarily used by younger generations and those who engage in digital communication.",I'm just really tired today and don't want to do anything.
caught (no) z's,Sleep-deprived (colloquial),I'm so drained today 'cause I caught no z's last night.,"Often utilized in casual conversations among peers or friends, especially late at night or early morning hours, expressing tiredness due to lack of sleep. It's popular among younger generations and has a relaxed, informal tone.",I'm so tired today because I didn't sleep well last night.
streams,"Informal online videos or live broadcasts, often featuring entertainment, games, or personal content.","I'm hella drained today, just tryna chill and scroll some streams.","Online setting (social media platforms, streaming websites), particularly among younger demographics. Often used casually to express leisure activities such as watching videos or live broadcasts for entertainment purposes. Sentiment can range from relaxed and laid-back to enthusiastic, depending on the content being streamed.","I'm really tired today, I just want to relax and watch some TV."
cram,"Studying intensely, often last minute.",I'm mad drained today 'cause I pulled an all-nighter with my cram sesh.,"Informal settings among peers or colleagues, particularly younger generations. Typically used to discuss demanding academic situations or last-minute study sessions, often with a sense of exhaustion or stress. Commonly heard in urban and college environments.",I'm so tired today because I stayed up late studying.
gonna,"Informal future indicator, contracted from ""going to""","I'm super drained today, so I’m prolly gonna dip on the party.","Casual social gatherings or online conversations among younger demographics, expressing a likely intention to avoid or leave an event due to exhaustion or lack of interest.","I'm just really tired today, so I'm probably not going to go to the party."
gotta (grind),Work persistently (homework),I'm super drained today but I gotta grind and finish my homework.,"Typically employed among students or young adults when discussing work-intensive activities, particularly schoolwork. Commonly used during study sessions or group projects to express the necessity for persistent effort, often reflecting a sense of determination and commitment. This term is popular in contemporary casual speech, especially among peers in educational settings.",I'm really tired today but I still have to finish my homework.
grindin,Working diligently or hustling persistently,"I'm hella drained after grindin' all morning, ngl.","Often used among young adults in informal settings, such as online chats or casual gatherings, to express persistence and hard work, particularly when discussing their personal or professional endeavors, usually with a tone of exhaustion or determination.",I'm really tired today after working all morning.
grindin',"Working hard, typically in a job or project.",I'm hella drained after grindin' all day at work.,"Typically used among younger, informal social groups to express exhaustion from intense work or project engagement, often in professional settings.",I'm really tired after my long day at work.
grinding,Intense dancing or party-going,"I'm hella drained after grinding all day, fr.","Young adults and teenagers, particularly those who engage in electronic dance music (EDM) culture, use this term during lively social events such as nightclubs, raves, or house parties to express their energetic participation in dancing for extended periods. The sentiment tends to be enthusiastic and vibrant, reflecting the lively nature of the event and its attendees.",I'm really tired after such a long day at work.
ground,"Informal term for money. Example: I need some cash, mate. Fr. Middle English caisse, from Old French, ultimately from Latin caesura, a division, from caedere to cut.","I'm totally drained after grinding all day, fr.","Typically used among peers or friends in casual settings, often to express exhaustion from prolonged effort, particularly in creative or demanding work environments. Younger demographics tend to use this term more frequently.",I'm really exhausted after studying all day.
hella,"Intensifier, originating from California, emphasizing strong feelings.",I'm hella drained today ‘cause I stayed up all night smh.,"Informal conversations among young adults and teenagers, particularly those from Californian or West Coast communities, often expressing feelings of exhaustion or intense emotions in a casual setting.",I'm feeling pretty tired today after staying up late last night.
imma,"Informal, self-referential contraction of 'I'm about'","I'm super drained today, imma just chill at home and  vibe.","Typically utilized among friends or online peers, expressing immediate plans for relaxation within a casual social setting. Demographics might include younger individuals, particularly those who favor informal, expressive language. Sentiment is often reflective of personal comfort, rest, or self-care.","I'm really tired today, I think I'll just stay home and relax."
long-ass (long in this context is a slang term,An emphatic term for something overly long.,I'm totally drained after this long-ass day.,"Usually employed in casual conversations among peers or friends, particularly when expressing exhaustion or frustration about a lengthy period of time. Most commonly used in contemporary informal settings, with predominant usage among younger generations or those adopting a relaxed communication style.",I'm really tired after the long day.
but it's not commonly recognized as such,"Informal expression intensifying feelings or degrees. Examples include ""hella"" and ""long-ass"".",I'm totally drained after this long-ass day.,"Typically employed among peers during casual conversations or on digital platforms, expressing feelings of exhaustion, particularly after a taxing day. Demographic range varies widely, with increased usage among younger generations and informal communities.",I'm really tired after the long day.
"and the primary slang term in the sentence is ""drained"")",Informal language expressing extreme exhaustion or tiredness.,I'm totally drained after this long-ass day.,"Typically expressed among friends or colleagues, often in casual settings such as at work or social gatherings, to convey intense physical or emotional fatigue after a strenuous or lengthy period of activity, particularly among younger demographics and informal contexts.",I'm really tired after the long day.
mega,"Extremely large, excessive","I'm so drained after a mega long shift, fr.","Commonly used among younger demographics in casual conversations, particularly online, often expressing exhaustion or intensity following a prolonged period of work or activity.",I'm so tired after a long day at work.
not vibing,Not enjoying or finding something enjoyable.,I'm sooo drained and not vibing to go out tonight.,"Often used among friends or peers during casual social gatherings, particularly when discussing plans for night-time activities. It implies a negative sentiment towards the proposed activity due to exhaustion or lack of enthusiasm. Primarily popular among younger demographics, especially those who frequently engage in nightlife.",I'm just tired and not in the mood to go out tonight.
snooze,Briefly escaping temporarily,"I'm mad drained today and just wanna click 'snooze' on life, fr.","This slang term is commonly employed in casual conversations among young adults, particularly when expressing feelings of exhaustion or desire for a temporary break from daily responsibilities, often online or among friends. The sentiment is often playful and relatable, appealing to those experiencing similar stressors.",I'm just really tired today and feel like staying in bed.
solo,"Alone, self-entertaining.","I'm so drained, just tryna vibe solo at my place today.","In informal social settings among young adults and teenagers, often online or in-person, the expression is used to signify taking personal time for relaxation or self-care, typically when one desires solitude due to exhaustion or a need for privacy.",I'm just tired and want to chill at home today.
veg out,"Relaxing idly, usually watching TV or resting.","I'm super drained today, just wanna kick back and veg out.","Typically used among friends or family, often during leisure time at home, expressing a desire for relaxation after a stressful day. Sentiment is casual and relaxing; demographic can range from teens to adults.","I'm really tired today, I just want to relax and chill out."
vibes,A mood or atmosphere; often used in casual conversations.,"I'm hella drained today, so I'm just gonna Netflix and vibes at home.","In casual settings among peers, especially younger generations, often used to describe relaxing or unwinding in informal social activities, such as watching movies at home.","I'm really tired today, so I think I'll just stay home and chill."
wanna,Casual alternative for 'want' to express desire,I'm totally drained today and just wanna chill.,"Typically expressed among peers in casual, laid-back settings, often indicating a desire for relaxation or relief from stress. Mostly used by younger generations, particularly millennials and Gen Z.",I'm just really tired today and want to relax.
wanna (chill),Informal expression indicating desire to relax.,I'm totally drained after a long day and just wanna chill.,"In casual settings among friends or peers, often used when expressing a need for relaxation after a strenuous day or activity, particularly among younger generations.",I'm really tired after a long day and just want to relax.
drip,"stylishly fashionable, trendy","Yo, your new drip slaps!","Typically used among peers in youthful, contemporary settings to express admiration for someone's stylish attire or trendy appearance, often evoking a positive and inclusive sentiment. Demographics range from teens to young adults, particularly in urban environments and social media platforms.","Hey, I really like your new haircut!"
dropped,Colloquial term indicating recent release,"Yo, did you peep the new flick that dropped?","Frequently utilized among youth or casual acquaintances to discuss recent developments, such as movie releases, in a contemporary setting. The sentiment is generally one of excitement or anticipation. It's particularly popular in urban environments and informal English conversations.","Hey, did you see the new movie that just came out?"
dying,"Informal speech, intensifier emphasizing strong feelings",I'm just diying with a quick brew before bouncing to work.,"Typically used among peers in casual social settings or online communication, often indicating an overly enthusiastic response to a minor event or situation. Popular among younger demographics and those who favor informal language.",I'm just grabbing a quick coffee before heading to work.
quick brew,Brewing in haste; informal drink preparation,I'm just diying with a quick brew before bouncing to work.,"In casual social settings, often among young adults and peers, used to describe hastily preparing a drink, typically in informal or relaxed environments such as homes or cafes, usually expressing a laid-back, unpretentious tone.",I'm just grabbing a quick coffee before heading to work.
evished,An expression of exhaustion after prolonged activity,"I'm evished after grindin' all day, fr fr.","Typically expressed among younger generations during social gatherings or online interactions, often following prolonged periods of work or activity, conveying a sense of physical exhaustion. Popular in urban settings and informal circles.",I'm just really tired after working all day.
excited,intensifier emphasizing excitement or enthusiasm,"I'm hella exhausted today and not tryna do anything, fr.","Typically used among peers during casual, relaxed settings, expressing a high level of personal energy or enthusiasm, often in online conversations, particularly within younger demographics.",I'm just really tired today and don't feel like doing anything.
exhausted,Intensified state of exhaustion,"I'm mad exhausted today and I can't even focus, lol.","Typically employed among young adults during casual, digital interactions, such as texting or social media posts, often used to humorously express a state of extreme fatigue, particularly when dealing with mundane tasks.",I'm just really tired today and I can't focus.
binged,Watching multiple episodes of a TV show in rapid succession,I'm totally exhausted today ’cause I binge-watched all night. ,"Typically used among friends or online communities to discuss entertainment choices and personal relaxation times, often displaying a sense of leisure and relaxation. The term is popular across various age groups and cultures, particularly those with access to streaming platforms.",I'm really tired today because I stayed up late watching shows.
gotta,Used as an intensifier to express obligation or necessity in informal speech.,I'm mad exhausted today but gotta grind on my homework.,"Typically used among peers in casual settings such as school or work, expressing a sense of duty and urgency regarding tasks or responsibilities. Often found in the speech of younger generations and informal environments.",I'm really tired today but I have to finish my homework.
studying,Casual language term expressing strong feelings or intensity,I'm hella exhausted today 'cause I pulled an all-nighter studiyng. ,"Typically used among peers, particularly youth and young adults, in casual settings when expressing intense feelings or enthusiasm, such as after long hours of studying or engaging in fun activities.",I'm really tired today after staying up all night studying.
exhuasted,Informal term for extremely tired or exhausted.,I'm mad exhausted 'cause I didn’t hit the hay till super late last night.,"Frequently employed in casual settings, such as amongst friends and family, to express feelings of fatigue or exhaustion following a long day or night. Most commonly heard among younger generations, particularly those who value informal communication.",I'm just really tired because I stayed up late last night.
fam,"Casual term for close acquaintances (friends, peers)","Yo, let’s snag some coffee later, fam.","Often used in casual, relaxed settings among young, urban peers, expressing a sense of camaraderie and familiarity during everyday conversations or plans for leisure activities.","Hey, I think we should grab some coffee later."
finna,About-to (informal usage),I'm finna grub with my crew later.,"Typically used among young adults, especially within casual social groups, often during plans for leisure activities or gatherings. The sentiment is anticipation and readiness for imminent action.",I'm going to grab lunch with my friends later.
java (in this context,Informal term for coffee,I'm just finna snag some java before I dip.,"Typically exchanged among peers in casual settings, such as social gatherings or work environments, often indicating a desire for coffee to energize or relax during leisure or work time. Demographics range from young adults to older generations, with a focus on English speakers from diverse cultural backgrounds.",I'm just going to grab some coffee before I head out.
"""java"" is a common misspelling or shortening of ""coffee""",Informal shortening for coffee,I'm just finna snag some java before I dip.,"This term is often utilized among young adults in casual, friendly settings, such as social gatherings or online chats, to denote the act of quickly obtaining coffee, typically expressing a laid-back, relaxed sentiment. Its usage spans various demographics but is particularly prevalent in urban communities and digital forums.",I'm just going to grab some coffee before I head out.
but in the given sentence it does not function as slang),Informal language used by a particular group; non-standard speech.,I'm just finna snag some java before I dip.,"Often used among friends in a casual setting, such as at a gathering or online chat, to discuss immediate plans or actions, typically conveying an informal and relaxed tone. Demographics vary widely, but it's commonly associated with younger generations and urban communities.",I'm just going to grab some coffee before I head out.
munch,"Eating food, often casually.",I'm just finna get some munch before peacing to class.,"Typically used among young adults, especially in casual or online settings, when discussing plans for a quick meal or snack before departing from a location, such as a home or a social gathering. Tone is often laid-back and conversational.",I'm just going to grab some food before heading to class.
snacks,Casual term for food eaten between meals,I'm finna snag some snacks and binge a flick tonight.,"In casual, relaxed settings among peers, often younger individuals or those adopting contemporary slang, ""snacking"" might refer to consuming food between meals, typically while engaging in leisure activities such as watching movies or playing video games. The sentiment is usually informal and laid-back.",I'm going to grab some snacks and watch a movie tonight.
yo,Casual address; an informal form of greeting or acknowledgement.,"I'm finna grab some coffee, yo. You tryna slide?","Typically exchanged among friends or peers in casual, informal settings such as social gatherings, online chats, or sports events. The tone is playful and friendly, often reflecting a familiarity between the speakers. Primarily used by younger demographics, particularly those who engage in contemporary digital culture.",I'm just about to go get some coffee. Want to join?
slide,A casual term referring to making an advance or attempt to gain someone's affection. Example: You trying to slide on her?,"I'm finna grab some coffee, yo. You tryna slide?","Typically utilized among peers during casual social interactions, often suggesting a playful or flirtatious tone. Popular in urban, youth cultures and informal settings.",I'm just about to go get some coffee. Want to join?
yolo,Living each day as if it's your last.,"I'm finna get some coffee, yolo? Do you wanna roll?","In informal settings among young adults, often during leisure activities or social gatherings, where a sense of spontaneity and excitement is emphasized. Typically used to suggest impulsive decision-making or seizing the moment for enjoyment.",I'm going to grab some coffee. Do you want to come?
sick,Exceptionally cool or impressive,"Yo, your new phone is fire, so sick!","In informal settings among peers, this term is often employed to express admiration or enthusiasm towards something perceived as outstanding or trendy, such as a new gadget, fashion item, or achievement. Primarily popular among younger demographics, it's commonly used in casual conversation.","Hey, I really like your new phone, it's awesome!"
flex,Showing off or boasting about physical prowess or possessions,"Yo, you free to flex later?","In informal social settings among younger demographics, often used to plan a gathering where showing off possessions or abilities is expected, typically with a playful or casual tone.","Hey, are you free to hang out later today?"
fresh,"Vibrant, contemporary, stylish","Yo, did you catch that fresh flick yesterday?","Typically utilized among peers during casual discussions, often referring to recently released films or fashion trends, particularly favored by young, trend-conscious individuals.","Hey, did you see that new movie yesterday?"
buzzin,Extremely popular or highly discussed,"Yo, did you peep that fresh flick everyone’s buzzin' about?","Typically used among peers in casual settings, such as parties or online forums, to express excitement or high interest in a trending topic, often referring to music, movies, or social issues. Primarily favored by the youth and urban communities, with varying levels of formality depending on context.","Hey, did you see the new movie everyone’s talking about?"
fucc,Informal sexual activity,"Yo, wanna snag some pizza tonight? Let's fucc it up!","Typically used among peers in relaxed social settings, expressing a casual and assertive approach towards planning or executing an activity. Demographics may vary but are predominantly young adults and urban dwellers. The tone is conversational and playful.","Hey, do you want to grab pizza tonight?"
ghost,Avoiding social interaction,"I'm mad exhausted today, probably just gonna ghost at home.","Informal social settings among peers, often indicating a desire for solitude or avoidance of social engagements due to fatigue or personal reasons, particularly popular among younger demographics in casual conversations.",I'm just really tired today and think I might stay home.
ghosting,Sudden disappearance from communication without explanation.,"I'm totally ghostin' the party tonight, fr fr.","Often employed in informal conversations among young adults or online communities, typically indicating a withdrawal from social plans without prior notice. The tone is usually playful or casually dismissive, often used when one does not wish to attend an event or engage with others.",I think I'm going to skip the party tonight.
"gon' (contracted form of ""going"")","Informal contraction of ""going,"" often emphasizing immediacy or certainty.",I'm just gon' snag some coffee before bouncing to class.,"In informal social settings among young adults, often used casually to express immediate plans or decisive actions, typically within urban environments or digital communication platforms.",I'm just going to grab some coffee before heading to school.
gon,Leaving soon (informal),I'm just gon' kick it at home and binge some flicks tonight.,"Often used among young, urban individuals in informal settings, such as social gatherings or online chats, to express a plan for immediate leisure activities. The tone is casual and laid-back, with an emphasis on personal relaxation and entertainment.",I’m just going to chill at home and watch some movies tonight.
gotta friends grub,"Informal language, emphasizing camaraderie; meeting up for food with companions.","Gonna hit up my friends for some grub, fr fr.","In casual, youthful settings, often among friends or peers, typically to plan a leisurely meal together, usually during evenings or weekends. The sentiment is relaxed and friendly, indicative of camaraderie and shared enjoyment. Demographically, it's popular among younger generations, particularly those who are comfortable with informal, colloquial language.",I'm just about to grab dinner with my friends.
guiding,"Casual or colloquial speech, often used humorously, for emphasis.","Yo, I'm just guding some coffee and then hitting up the mall, fr fr.","Typically used among friends during casual conversations, often to convey a laid-back or humorous tone, and may be popular among younger demographics in informal social settings.",I'm just going to grab some coffee and then head to the mall.
hitting,Informal social activity or interaction,"Yo, I'm just guding some coffee and then hitting up the mall, fr fr.","Typically used among peers, often young adults or teenagers, in casual settings such as text conversations or face-to-face interactions to plan a social outing or activity. The tone is informal and friendly.",I'm just going to grab some coffee and then head to the mall.
heckin',Intensifier of surprise or excitement.,I'm heckin' slide to the store to grab some munchies.,"Young adults and teenagers, particularly those familiar with online communities and internet slang, often use this term in casual, informal settings such as social media posts or text messages, to express excitement or surprise, often in a humorous or playful context.",I'm going to the supermarket to buy some snacks.
munchies,Snack cravings (informal),I'm heckin' slide to the store to grab some munchies.,"Typically used among friends in casual settings, such as parties or hangouts, often expressing a desire for snacks after leisure activities. The sentiment is usually light-hearted and playful, with the demographic skewing towards younger individuals who are comfortable with informal language.",I'm going to the supermarket to buy some snacks.
hectic,Intense activity or chaos,"Fr, the city is posted today, so hectic!","Typically used among young adults in urban settings, often in casual conversations, to express a sense of overwhelming busyness or chaos, particularly when referring to a bustling city environment.",I can't believe how busy the city is today.
all arvo,Casual term for afternoon,I'm hella exhausted today and just wanna crash all arvo.,"Typically used among young, informal peers in casual settings, expressing a desire for relaxation or rest during the afternoon.",I'm really tired today and just want to nap all afternoon.
hilarious,Informal humor; often used to express extreme amusement or laughter.,"Yo, I saw your new vid and it was totally hilarious!","Typically used among friends or acquaintances, often online, to express shared enjoyment of a humorous video or joke. Demographics can range from teenagers to young adults, particularly those who engage in informal digital communication.","Hey, I saw your new video and it was really funny!"
hit,Casual expression for social encounter,"Yo, wanna hit up lunch later?","Casual conversation among friends or acquaintances, often used to propose plans for leisure activities or meals, typically characterized by a relaxed and friendly atmosphere, particularly prevalent in younger demographics.","Hey, do you want to grab lunch later?"
hit (up),Casual request to socialize or interact,"I'm about to hit up the coffee shop, fr fr.","Typically used among friends or acquaintances in casual settings to arrange a social outing, often indicating an impromptu meeting at a public location like a café. The tone is usually friendly and conversational, popular among younger demographics, particularly in informal online chats and text messages.",I'm going to grab some coffee at the café.
snag,"Obtaining or acquiring swiftly, casually referring to getting something quickly or easily.",I hit up the coffee spot this morning to snag my fave latte.,"In casual, everyday interactions among peers, often young adults or millennials, typically discussing quick and easy acquisitions, such as grabbing a favorite drink from a coffee shop or finding a good parking spot.",I went to the coffee shop this morning to get my favorite latte.
hits,Casual substitute for hang out,"Yo, wanna hit up some eats later?","Typically used among peers to plan casual social gatherings, often relating to leisure activities such as dining or recreation, commonly employed in contemporary, informal settings, especially among younger demographics.","Hey, do you want to go out and grab some food later?"
holler,Expressing interest; calling back (informal),"Yo, saw ur msg, I’ll holler back later.","This slang term is commonly employed within casual, friendly conversations among peers or acquaintances, often in digital communication or informal settings. It implies a forthcoming response, and the user typically exhibits a positive, laid-back tone. The demographic that predominantly uses it tends to be young adults and teenagers.","Hey, I saw your message and I’ll reply later."
homie,Informal term for friend,"Yo, I saw my homie at the mall today.","Typically employed among peers in casual settings such as social gatherings or everyday conversations, signifying a close, friendly relationship. Most commonly used by younger generations and urban communities to denote camaraderie and familiarity.","Hey, I saw my friend at the mall today."
hoofing,"Rapid walking, often casually",I'm just hoofing it to the snack spot to grab some munchies.,"Typically utilized among peers for casual and quick movement, often observed in urban settings, particularly within younger demographics conversing in informal settings such as friendship groups or online communities. The tone is usually lighthearted and straightforward, expressing a sense of urgency or eagerness.",I'm just walking to the store to buy some snacks.
snack spot,Informal place for buying food.,I'm just hoofing it to the snack spot to grab some munchies.,"Typically used among friends or acquaintances during casual outings, often after social events or leisure activities, to indicate a quick stop for food in an informal setting, such as college campuses, sports venues, or city streets. The tone is usually relaxed and friendly, with usage common among young adults and urban populations.",I'm just walking to the store to buy some snacks.
hot,Informal expression intensifying temperature.,"Yo, it's mad hot out today.","Often heard among young, urban demographics in casual settings, such as street conversations or social media exchanges, expressing a sense of excitement or emphasis on high temperatures.",It's really hot outside today.
huge (tired),Exhaustedly fatigued (slang),I'm huge tired 'cause I pulled an all-nighter hitting the books.,"Typically expressed among peers, especially younger demographics, during late-night study sessions or post-work gatherings, conveying a sense of exhaustion and determination.",I'm really tired because I stayed up late studying.
hungrier,Extremely hungry,"I'm mad hungry, let's hit up some lunch fam!","Often utilized among friends or family in casual settings, typically when one is extremely eager for food, such as after an active day or a prolonged period without eating. The tone is usually light-hearted and informal. This term appears to be popular across various age groups and demographics, although it may be more prevalent among younger individuals.","I'm really hungry, want to grab some lunch?"
hype,Exaggerated excitement,I'm hyped for the game tomorrow!,"In casual settings among friends or online communities, this expression is often used to express shared excitement and anticipation towards an upcoming event, such as a sports game, concert, or movie release. The demographic range is wide, but it is particularly popular among young adults and gaming enthusiasts.",I'm really excited about tomorrow's game.
hyped,Extremely excited or enthusiastic.,I'm hyped for the concert tonight.,"In casual social settings, particularly among younger demographics, this term is often used to express excitement and anticipation, such as when planning an upcoming event like a concert. The sentiment is energetic and optimistic.",I'm really excited about the concert tonight.
lit,Extremely exciting or impressive,"I'm sooo hyped for my trip to the beach, it's gonna be lit!","Hangouts among friends or young adults, typically in casual settings such as parties, social gatherings, or online chats. Used to express enthusiasm or excitement about an upcoming event, often associated with youth culture and a positive tone. Most common within certain age demographics (18-35).",I'm really excited about my upcoming trip to the beach.
turned up,High excitement; lively party,"I'm so hyped for the weekend, can't wait to turn up!","Primarily used among young adults and peers during social gatherings or festive occasions, expressing shared excitement and anticipation for lively events.",I'm really looking forward to the weekend.
kick,Informal gathering/socializing,"Yo, wanna kick it today?","Typically utilized among peers for casual socializing, often suggesting a relaxed gathering, especially during leisure time. Most commonly heard within younger demographics, particularly urban communities, expressing a friendly and informal sentiment.","Hey, do you want to hang out this afternoon?"
kicks,Casual term for shoes,"Yo, just hit the mall and scored some sick kicks!","Typically exchanged among youth or casual groups, often in settings like online chat, social media, or informal gatherings. Used to express excitement over acquiring new footwear, usually with a positive and enthusiastic sentiment. Demographics primarily consist of younger generations, particularly those interested in fashion or street culture.","Hey, I just got back from shopping and found some really cool shoes."
knock,Informal term meaning to visit or meet up with someone. Example: I'm gonna knock on his door later.,I'm just tryna knock out my homework before I slide with my squad.,"In casual, youth-oriented social settings, often among peers and friends, this usage denotes an intent to quickly complete a task (homework) before engaging in leisure activities (sliding with the squad).",I'm just trying to finish my homework before I go out with friends.
knocked out,Extremely defeated or unconscious.,"Yo, I just knocked out my homework and I'm dead tired rn.","Often heard among young adults or peers in casual settings when discussing personal accomplishments or challenges, expressing exhaustion or relief following completion of tasks, particularly academic ones.","Hey, I just finished my homework and I'm super tired."
later,Informal future reference,"Yo, wanna snag a quick coffee l8r?","In casual social settings, such as among friends or acquaintances, this expression is often used to suggest a future plan for a meet-up or activity, typically conveying informality and a relaxed atmosphere. The term is popular within younger demographics and is commonly found in urban, informal dialects of English.","Hey, do you want to grab a quick coffee later?"
linkup,Casual arrangement to meet socially,"Yo, you tryna link up later to vibe?","Typically utilized in casual, informal social interactions among young adults and friends, often expressing a desire for leisurely meetups or hangouts. The tone is usually friendly and light-hearted.","Hey, do you want to meet up later to hang out?"
lit (speed),"Illicit stimulant, colloquially abbreviated. Speed is an amphetamine-based drug, commonly associated with accelerated physical and mental processes.","No cap, the pizza got here lightning fast!","Frequently employed among youth subcultures and online communities to exaggerate a swift occurrence or event, often associated with informal settings such as parties or gatherings. A tone of excitement or amazement is commonly attached. Demographics lean towards tech-savvy individuals, aged 16-30.",I can't believe how quickly the pizza was delivered!
snack,Informal food consumed casually,"Yo, I’m litty and might snag a snack before bouncing.","In casual, youthful settings, often during social gatherings or leisure activities, this phrase is commonly used to express the intention of taking a quick bite before leaving. This slang term is popular among a wide demographic, particularly those who engage in informal or hip-hop culture.","Hey, I thought I might grab a snack before heading out."
losin,Excessively enthusiastic (about something),"Yo, did u peep the new flick everyone's losing their minds over?","Used in informal settings among young adults and teenagers, particularly within digital or social media communities, to express excitement about a trending topic or popular event.","Hey, did you see the new movie everyone's talking about?"
lounges,Casual social setting,I'm just gonna lounges at home and binge some shows tonight.,"Typically refers to unwinding, often in a casual setting among young adults or peers, usually in private homes or informal gatherings like friend groups or online communities, expressing relaxation and leisure.",I'm just going to chill at home and watch some shows tonight.
pop off,Argue forcefully or violently.,I'm lowkey drained today and not tryna pop off outside.,"Often utilized among young adults in casual, informal settings, particularly online, to express strong disagreement or the desire to avoid a heated argument, usually in digital discussions or social gatherings.",I'm just really tired today and not feeling up to going out.
cool,"Casual, fashionable, trendy",That flick was mad funny and cool fr!,"Typically utilized among peers in relaxed, casual settings, such as hangouts or digital chats, expressing approval towards a shared enjoyment of media, music, or fashionable trends. Demographic range is wide, but predominantly among younger generations.",That movie was really interesting and funny.
mall,A shopping center; an enclosed complex with multiple stores.,"Yo, you tryna hit the mall later?","Typically used among friends or peers for planning leisure activities, often indicative of a casual, youthful setting and a positive, social tone. The term is commonly utilized by individuals from diverse demographics.","Hey, do you want to go to the mall later?"
mall (slang for shopping center),Shopping center colloquially referred to as 'mall'.,"I'm hitting the mall later, fr fr.","Typically used in casual conversations among young adults or teenagers, often describing a leisure activity planned for the near future. The tone is usually lighthearted and social, taking place in a setting such as a peer group gathering or online chat. This term may be more common in urban areas or regions where modern shopping centers are prevalent.",I'm going shopping at the mall this afternoon.
maxing,Exceeding one's limit (of activity),I'm just maxing at home tonight.,"Typically used among young adults in casual settings, such as social gatherings or online chats, to express taking a break or unwinding after a busy day. The sentiment is usually relaxed and reflective of personal downtime.",I'm just going to chill at home tonight.
nah,Noncommittal response; informally denotes questioning affirmation,"Yo, you hitting up the café later or nah?","Typically utilized among peers in casual, informal settings, such as friends catching up or group discussions, to seek confirmation about plans or decisions. The tone is often friendly and casual, with a focus on young adult demographics, particularly urban environments.","Hey, are you going to the cafe later?"
nice,Informal term expressing approval or admiration,"Yo, the weather's mad nice today, perfect for a stroll.","Typically employed in casual conversations among friends or peers, particularly during leisure activities, expressing appreciation for pleasant environments. Primarily used by younger demographics and informal settings.","It's really nice outside today, perfect weather for a walk."
no (Z's),Sleep deprived (Z's),I'm dead tired 'cause I caught no Z's last night.,"In casual, late-night or early-morning settings among friends and peers, often when discussing lack of sleep or fatigue, particularly within younger demographics or online communities. The tone is typically light-hearted or frustrated.",I'm really tired because I didn't get enough sleep last night.
peaced,"Casually leaving or departing, informal.",Just peaced out from my homework and I'm fin to chillax for a bit.,"Casual settings among youth or young adults, often in online chats or face-to-face informal conversations. Used to express leaving a place or situation with a laidback, nonchalant attitude. Primarily popular among urban and internet cultures.",I just finished my homework and I'm going to relax for a bit.
fin,"Informal departure (shortened from ""I'm finished"")",Just peaced out from my homework and I'm fin to chillax for a bit.,"In casual online conversations or face-to-face interactions among young adults, often expressing a desire to take a break or relax after completing a task. Commonly found in informal settings such as peer groups, social media platforms, or text messages. Tone can range from lighthearted to relief-induced, but may also occasionally carry a touch of sarcasm.",I just finished my homework and I'm going to relax for a bit.
villain,A mischievous or cruel person; a wrongdoer.,"Yo, just peaced out my homework, now I’m chillin’ like a villain.","Typically used among peers in informal settings, often during leisure activities, to boast about defying rules or norms playfully and with a hint of pride or rebellion. Most commonly observed among teenagers and young adults.","Hey, I just finished my homework and I'm relaxing now."
peep,"Unofficial look, often referring to checking out something new. Example: Peep the new album.","Yo, peep the new flick last night?","Typically used among peers during casual conversations, discussing recently viewed movies or other entertainment media, often indicating curiosity and enthusiasm. Demographics vary widely, but predominantly seen in younger generations and informal settings.",Did you see the new movie last night?
peeped,"Aptly appraising, especially a cool or interesting thing.","Yo, just peeped a sick vid online!","In casual online conversations, particularly among younger generations, it's often used to express enthusiasm for discovering something appealing or intriguing, such as a video, song, or meme.","Hey, I just saw a really cool video online."
peepin',Covertly observing/spying,"Yo, ya peepin' the party tonight or what?","Typically utilized among peers discussing social events, often conveying a sense of anticipation or excitement, particularly within urban youth cultures.","Hey, are you coming to the party later?"
peeps,Informal term for people,I hit up the park yesterday and saw a bunch of peeps vibing and having a good time.,"In informal social settings, particularly among younger demographics, this term is often used to casually refer to people while describing group activities or interactions, often associated with a positive and relaxed sentiment.",I went to the park yesterday and saw a lot of people having fun.
poppin,Highly active or exciting,"Yo, was just poppin' about linking up later if you're down.","Typically used among friends or peers during lively social events to express excitement for plans ahead, predominantly within urban and youth demographics in informal settings.","Hey, I was just thinking about meeting up later if you're free."
popping,"Casual, informal expression of excitement or anticipation.","I'm just popping off with my friends later, no cap.","Young adults or teens expressing enthusiasm within a casual social setting, often referring to planned outings or activities with peers, typically on weekends in an informal environment.",I'm just going to hang out with friends this afternoon.
pow wow,Traditional Native American gathering or conference,"Yo, you tryna pow wow and grab some grub l8r?","Typically used in casual conversations among friends or peers, often indicating a get-together for socializing or discussing ideas. Commonly found in informal settings among younger generations, particularly within urban communities.","Hey, do you want to grab something to eat together later?"
pulling,Casual reference to attending or arriving,You pulling up to the party tonight?,"In casual social settings, particularly among younger demographics, this phrase is often used to inquire about someone's planned arrival at an event, such as a party or gathering, typically conveying anticipation and excitement. The tone tends to be upbeat and informal.",Are you coming to the party tonight?
pumped,excited; enthusiastic,I'm super pumped for the new flick tonight!,"In casual social settings among friends or peers, particularly in youth culture and entertainment circles, this term is commonly used to express excitement about upcoming events such as movie screenings or social gatherings. It can be employed by individuals of various age groups and backgrounds who engage informally with popular media and leisure activities.",I'm really excited for the new movie tonight.
pup,Playful term for a dog,"Yo, just peeped the cutest pupper on my walk, fr.","Informal settings among peers, particularly younger demographics, often use this term to express joy or admiration for dogs they encounter, typically in casual conversations such as walks or social media interactions. The tone is usually friendly and lighthearted.","Hey, I just saw a really cute dog on my walk."
quick,"Informal, colloquial language or expression.","Pulling a quick snack run before I dip to work, fr fr.","Casual conversations among young adults or peers, often during leisure time, especially when there's a need for quick, spontaneous actions, such as grabbing a bite before going to work. The use of ""fr fr"" here signifies urgency or efficiency.",I'm just going to grab some lunch before heading to work.
sesh,"Informal gathering, often social","Yo, wanna hit up a dinner sesh after work?","Typically used among peers during leisure time, often suggesting casual social gatherings or events post-work hours. The tone is usually friendly and inviting, appealing to a demographic of young adults and teens in various cultural groups who prioritize informal interaction.","Hey, do you want to grab dinner after work?"
shook,"Startled, amazed, or shocked.","I'm shook, today's been max hectic.","Typically employed among peers or friends, often in casual settings to express intense feelings about challenging or unexpected events, particularly among younger generations and urban communities.",I can't believe how busy I am today.
slapped,"Emphatic expression of action, often playful or aggressive.","Yo, just slapped that homework and I’m out here vibing now.","Frequently employed among young adults in casual, friendly settings to express energetic completion of tasks or challenges, often in digital communication platforms or face-to-face interactions. The tone is typically playful or triumphant, with a preference for informal social circles.","Hey, I just finished my homework and I’m ready to hang out."
sleepy,Extremely drowsy or tired.,I'm mad sleepy today ’cause I pulled an all-nighter last night.,"This term is frequently employed among peers and colleagues in casual settings, often late at night or early mornings, to express extreme tiredness after staying up late or pulling all-nighters. Primarily used by younger demographics in informal conversations, it may also be found in various English dialects worldwide.",I'm just a little tired today because I stayed up late last night.
slid,"Informal, hip vernacular meaning to go or move quickly. Example: He slid out of there without saying goodbye.","Gonna slide to the store to grab some snacks, no cap.","Used in casual conversations among young adults or urban communities, often indicating a quick and cool departure from one place to another, typically referring to a nearby location like a store, park, or gathering spot. The tone is informal and casual with a hint of coolness and confidence.",I'm just heading to the store to buy some snacks.
sliding,"Informal expression indicating an intention to meet up. Example: ""Wanna slide tonight?""","Yo, you sliding to the party tonight?","Informal settings, particularly among youth or friends, often when planning a social event or gathering, such as a party. The tone is usually casual and optimistic, indicative of anticipation for the upcoming event. Demographics may include urban areas, especially among younger populations who favor contemporary slang.","Hey, are you coming to the party tonight?"
snags,Inexpensive items bought quickly,I'm heading to the store to snag some snacks.,"Typically used in casual settings among peers, often referring to impromptu shopping for affordable goods, particularly in social gatherings or leisure activities, especially among younger demographics.",I'm going to the grocery store to buy some food.
soo exhausted,Informal expression of extreme exhaustion.,I'm soooo exhausted today ’cause I was up all night last night 😴.,"Typically used in casual settings among peers or online communities, often after a long day, late-night events, or poor sleep quality, expressing tiredness or fatigue. Demographic varies but predominantly younger individuals and those with relaxed communication styles.",I'm really tired today because I stayed up too late last night.
stacked,Plentiful supply (of something),"Yo, just hit the store and stacked up on snacks, fr fr!","Typically used among peers in casual, contemporary settings to convey an abundance or surplus acquired, such as food or goods. Often found in urban or youth cultures, with a friendly, relaxed sentiment.","Hey, I just got back from the store and grabbed some snacks."
stoked,Extremely excited or enthusiastic.,I'm hella stoked for the concert tonight!,"Frequently used among friends or groups sharing a common interest, particularly in youth culture and sports contexts, to express shared excitement about an upcoming event, such as a party, music festival, or athletic competition. The tone is energetic and upbeat, reflecting collective anticipation and camaraderie.",I'm so excited for the concert tonight!
stroll,"Casual walk, often implying leisure or exploring.","Yo, wanna hit up the park for a stroll?","Often used among friends in a casual setting, such as hanging out or exploring new places, to convey a sense of leisure and camaraderie, primarily among younger demographics.","Hey, do you want to go for a walk to the park?"
swipe,"Casually indicating to swipe on a touchscreen (e.g., to match with someone in an app)","Yo, wanna swipe for some coffee later?","In informal digital settings such as online dating apps or social media platforms, young adults and millennials often engage in playful banter, using phrases like this to express interest in future plans.","Hey, do you want to go out for coffee later?"
tap,Requesting permission to join an activity or outing.,"Yo, wanna tap in for coffee later?","Typically exchanged among friends or acquaintances, often in casual, relaxed settings such as cafes or hangout spots. The tone is usually friendly and inviting, reflecting a desire to join or participate in an activity. This phrase is predominantly used by younger demographics who favor informal language and conversational ease.","Hey, do you want to grab coffee with me later?"
tiered,Intensifying adjective to express extreme degree.,I'm mad tired today 'cause I slept like zero.,"Typically used among peers in casual settings, often online or offline, to intensify feelings of fatigue or exhaustion, particularly when the cause is extreme sleep deprivation. The demographic range spans from teenagers to young adults.",I'm feeling really tired today because I didn't sleep well.
tired,"Overly weary, colloquially expressed","I'm mad tired today 'cause I didn't sleep enough, fr.","Typically expressed among peers in casual settings, often indicating physical or mental fatigue due to lack of rest, particularly in informal or colloquial conversations among younger demographics.",I'm feeling really tired today because I didn't get enough sleep.
tired (slang for extremely weary),Extremely weary (slang),I'm mad tired today ’cause I pulled an all-nighter studying.,"Primarily used among peers in casual settings, often late at night or during discussions about work, school, or social activities when fatigue is prominent due to extended periods of exertion or lack of sleep. Demographics range from students and young professionals to those engaged in intense hobbies or activities.",I'm really tired today after studying all night.
bopped,Overly tired or exhausted after partying intensely.,"I'm mad tired today and bopped out last night, fr.","Young adults, particularly those in urban settings, often discuss their social lives using slang terms such as 'bopped'. This term is typically used during informal, casual conversations to express extreme fatigue following a lively night of partying or entertainment. The usage reflects a relaxed and familiar tone among peers.",I'm just really tired today and couldn't sleep well last night.
bored,Casual term for feeling uninterested or lacking excitement,I'm mad tired today and vibing in boredom.,"Typically expressed among peers during casual conversations, especially when expressing feelings of lethargy or lack of engagement, often found in informal settings such as social gatherings or digital chats, popular among millennials and Generation Z.",I'm just really tired today and feeling a bit bored.
toss,"Casual term for playing a game of chance or skill. Example: Let's toss for rock, paper, scissors.","Yo, wanna toss back a coffee later?","Typically used among peers in casual settings, such as social gatherings or online conversations, for planning future activities with a playful tone, often reflecting youth or informal demographics.","Hey, do you want to grab coffee later?"
YouTube vids,Informal videos on YouTube.,I'm just gonna vibe at home and binge some YouTube vids.,"This term is commonly utilized among digital-native, youth demographics during casual, leisurely conversations, typically referring to unwinding or relaxing in personal spaces while engaging with various videos on YouTube. The tone is often relaxed and informal, reflecting a comfortable online social setting.",I'm just going to chill at home and watch some YouTube videos.
crank,Boosting volume of music,I'm just gonna vibe at home and crank some tunes.,"Young adults or music enthusiasts often use this term in casual, laid-back settings like parties, social gatherings, or while relaxing alone at home, expressing a desire to increase the volume of their music for enjoyment and immersion. The usage is most common among urban, contemporary demographics.",I'm just going to chill at home and listen to some music.
Netflix-ing,"Streaming media content (TV shows, movies) online","I'm just vibing at home and Netflix-ing, fr fr.","Typically used among peers during leisure time, often referring to personal relaxation or entertainment, primarily among millennials and Gen Z.",I'm just chilling at home and watching some Netflix.
faves' (drip),Popular favorites (stylish),"I'm just vibing at home, binge-watching my fave's drip.","Typically employed among youth or young adults in casual social settings such as gatherings, parties, or online platforms to express approval towards popular favorites or trends, often associated with a positive and engaging sentiment.",I'm just chilling at home watching my favorite show.
rays,Sunshine (or sunlight) in colloquial speech.,I'm just vibing at the park and catching the rays.,"Typically used among friends or peers during leisure activities, particularly outdoors, expressing relaxation and enjoying sunny weather. Widely used in casual settings among youth and adults of various demographics.",I'm just chilling at the park and enjoying the sun.
snagging,"Securing unexpectedly, casually dating","Yo, I'm vibing with the idea of snagging a coffee before I head to class, fr.","In casual social settings among friends or peers, particularly within youth and urban communities, this phrase is often used to express spontaneous plans for leisure activities. The tone is generally relaxed and informal.",I'm thinking about grabbing a coffee before heading to class.
what,"Casual language used to convey informality, intensity, or camaraderie.","Yo, you free this weekend or what?","Typically exchanged among friends or acquaintances, often during casual interactions, such as planning social events or discussing leisure activities. The sentiment is generally informal and friendly. It's commonly used by younger generations in various English-speaking demographics.","Hey, are you busy this weekend?"
whipped,"Feeling submissive or controlled, often in romantic relationships.","Yo, I just wrapped my homework and I’m hella whipped.","Young adults, particularly within urban or online communities, often use the term during casual conversations to express feelings of submissiveness or control, especially within romantic relationships, often in a jovial or light-hearted manner.","Hey, I just finished my homework and I’m so tired."
wiped,Extremely exhausted,"Just hit the mall, and I’m wiped.","Typically used in casual conversations among peers or colleagues, often after engaging in physically or mentally demanding activities, such as shopping or work. It expresses a sense of exhaustion or tiredness due to the effort exerted.",I just got back from shopping and I'm exhausted.
kicked,Relaxing comfortably or casually,"I'm totally wiped after grinding all day, just wanna kick back with some snacks.","Typically utilized among peers during leisure time, often expressing a need for rest or relaxation following a busy day. Demographic includes younger adults and casual settings such as homes or social gatherings, conveying a laid-back sentiment.",I'm really tired after working all day and just want to chill with some snacks.
hustle,Achieving through persistent effort and ingenuity.,"I'm wiped after hustle all day, fr fr.","Typically used among young adults in casual settings, often expressing a sense of exhaustion or intense effort following a long workday. Commonly found in urban environments and online platforms.",I'm really tired after running errands all day.
woke,"Aware, especially about social and political issues.","I'm dead tired today, need some coffee to stay woke.","This term is commonly utilized in contemporary, informal conversations among youth and progressive individuals, particularly in social settings like online forums or gatherings focused on activism and awareness about social and political issues. The sentiment often reflects an emphasis on staying informed and engaged in current events.","I'm really tired today, I think I need some coffee."
worn out,Informal speech; exhausted,"I'm worn out after grinding all day, fr fr.","In casual settings among friends or online communities, often young adults express exhaustion or tiredness, typically after a long day or demanding activity. The sentiment is often casual and relaxed, reflecting informal social interactions.",I'm feeling really tired today after working all day.
stressed,Informal language or expression used in place of standard vocabulary.,"I'm totally worn out today and vibing with some major stress, fr.","In casual settings among peers or friends, often in informal text conversations or online forums, to express extreme tiredness or emotional distress. Predominantly used by younger generations, particularly those who are tech-savvy and follow internet slang trends.",I'm just really tired today and feeling a bit stressed out.
wrapped,Casual reference to completing an activity,"Yo, did you wrap up your homework yet?","Typically utilized among peers in casual settings, often online or offline, to discuss tasks or activities completed, conveying a tone of friendly encouragement and camaraderie. Popular among younger demographics, especially those adopting contemporary colloquial language.","Hey, did you finish your homework yet?"
y'all,"Informal plural second person pronoun, common in American English.","Yo, did y'all catch the new flick last night?","In casual social settings among friends or groups, typically used to ask about shared experiences or recent events, particularly in American English communities. Frequently employed with a friendly, inclusive tone, often reflecting a sense of camaraderie and familiarity. Its usage may vary across different age groups and regions.","Hey, did you watch the new movie last night?"
yeet,Casual exclamation indicating enthusiasm or approval.,"Yo, wanna yeet for some chow later? 🔥","In casual, youthful social settings, typically utilized among friends during leisurely conversations or online interactions, frequently expressing excitement about plans or activities.","Hey, do you want to go grab some food later?"
z's,"Sleep (noun): informal abbreviation for ""sleep"", commonly used in expressions of needing rest.","Lowkey exhausted today, I gotta catch some Z's.","Commonly used among friends and peers during casual conversations to express feelings of tiredness or fatigue. The term is popular in informal settings such as homes, workplaces, or social gatherings, especially among younger generations and urban communities. Its colloquial nature conveys a relaxed and familiar sentiment.","I'm just really tired today, I think I need some rest."
z's (Z's stands for sleep),"A common slang term referring to sleep. Example: I'm zonked out, need some z's.","I'm super drained today, I gotta catch some z's.","Typically utilized in informal settings among peers or friends, often indicating a need for rest due to exhaustion or late nights. Most common in younger demographics, particularly those associated with modern or youth cultures. Tone is usually casual and conversational.","I'm really tired today, I think I need a nap."
zapped,intensified exasperation or frustration,I'm mad zapped after pulling a midnight cram sesh.,"Often utilized among young adults or students during late-night study sessions when expressing intense frustration or exasperation due to sleep deprivation, typically in casual settings.",I'm so tired after staying up all night studying.
W,Shorthand for win,"Got the job today, big W!","Typically used in conversations to celebrate success, achievements, or positive outcomes","Landed the job today, big success!"
L,Shorthand for loss/losing,"I forgot my wallet at home, that’s an L.","Often used when referring to a failure or mishap, either personally or generally","Oops, I left my wallet at home, that's a bummer."
L+ratio,Response to a comment or action on the internet that is particularly bad.,Your tweet got 5 likes and 100 replies calling you out. L + ratio.,Popularized on social media platforms to signify that someone not only failed but also had their failure amplified through backlash.,"Your tweet garnered 5 likes but attracted a hundred responses pointing out your mistake, big time."
Dank,excellent or of very high quality,That meme is so dank!,Commonly used in internet slang to refer to memes or humor that are edgy or particularly funny.,That meme's utterly fantastic!
Cheugy,Derogatory term for Millennials. Used when millennials are perceived to be excessively attempting to be trendy or stylish.,"That phrase is so cheugy, no one says that anymore.","Used to refer to things that were once popular but are now considered passé, usually in a millennial vs. Gen Z context.","That's so uncool and outdated, nobody uses that expression anymore."
TFW, That feeling when,TFW you finish a big project and can finally relax,"Often paired with an image or caption to convey an emotion or experience, mostly used in memes.","When you complete a large task, there's that satisfying feeling of relief when you can finally unwind."
Woke, being politically aware,He’s really woke about climate change.,"Originally used in activist circles, it has since been co-opted and sometimes used sarcastically.",He's truly informed and concerned about climate change.
Bop,An excellent song or album.,This new track is a total bop!,"Commonly used in reference to music, especially upbeat songs that are hard to resist dancing to.",This fresh track is a real earworm!
G.O.A.T, The greatest of all time,Michael Jordan is the GOAT of basketball.,Frequently used in sports but has expanded to any field where someone is considered the best.,Michael Jordan is the greatest basketball player of all time.
Smol,"Something that is small, and in most cases exceptionally adorable.","Look at that smol puppy, it’s adorable!","Typically used when describing pets, babies, or anything tiny and endearing.","Check out that tiny, utterly charming pup!"
Fam,"Fam is a shorter word for family, but don't be fooled– it can be used to describe your friends or the way Millennials use ""bro"".","What’s good, fam? Long time no see!",Used in casual conversation to address close friends or acquaintances.,"How's it going, folks? Been a while!"
Glow up,a makeover or transformation from bad to good.,She really had a glow up since high school.,"Mostly used when someone has improved their looks, style, or general confidence.",She's certainly transformed quite a bit since high school.
Stan,Supporting something. Specifically used in some cases to the idolatry support of personalities.,I stan BTS so hard!,"Originally from an Eminem song, it refers to obsessive fans but has since been reclaimed to mean intense admiration.",I'm a die-hard fan of BTS!
Ghosting,common amongst the earlier talking stages of a relationship. Ghosting someone means you start ignoring them or stop texting them back.,"We were talking for weeks, and then she just ghosted me.",Used in online dating or friendships where one party disappears with no warning.,"We chatted for weeks, and then suddenly she disappeared without a trace."
Salty,Used when someone feels jealous,He’s just salty because he lost the game,Often used in competitive environments or when someone is overly upset about a minor issue.,He's feeling a bit sour due to losing the game
Sip tea,Gossiping (spilling the tea),I’m just here to sip tea and watch the drama unfold.,Can be used in gossip situations or when someone is staying out of a conflict but observing it.,I'm just here to chat and see what's going on.
Drip,"Another way of saying swag, drip is a term for a cool or sexy trend or style.",His drip today is on point.,Used in fashion circles to compliment someone’s style or outfit.,His style today is really cool.
Iykyk,"Acronym for ""If you know, you know."" Used to describe inside jokes.",That hidden message in the movie was iconic. IYKYK.,Generally used to reference inside jokes or niche knowledge.,That secret message in the movie was legendary - you had to be there to get it.
Rent free,To be constantly thinking or upset about something.,That song is living rent-free in my head,Commonly used for anything that someone keeps thinking about obsessively.,That tune's been playing on repeat in my mind
Catch these hands,Used to threaten physical combat with someone,"If you keep talking like that, you’re gonna catch these hands.",Used in confrontational or playful situations when someone is threatening physical action.,"You're pushing your luck there, mate. I might just have to teach you a lesson."
Drag,"If you drag someone, you're criticizing or making fun of them",She dragged him for his terrible performance.,Often used in social media when someone is publicly called out or ridiculed.,She really tore into him for that poor showing.
Bussin’,Used to say something is good. Primarily used to describe food,This pizza is bussin’!,"Primarily used to compliment delicious food, but can apply to anything impressive.",This pizza is fabulous!
Snatched,"If someone is looking snatched, they look really good, particularly their outfit",Her makeup was snatched at the event.,Often used in beauty and fashion to indicate someone looks flawless.,Her makeup slayed at the event.
Cancel culture,"a form of shaming the actions or opinions of a public figure, company, or organization",People are saying he’s canceled after those comments.,"A highly debated topic where individuals are held accountable, often through social media boycotts.","Folks are calling him out for those remarks, effectively ending his career or public support."
Ffs,For fuck sake,"FFS, why is this meeting taking so long?","Used informally, especially in text or online communication to show irritation.","Good grief, why is this meeting dragging on?"
e-boy,"similar to emo or goth culture, but they use the internet to express themselves.",He’s such an e-boy with those black nails and chains.,Describes a fashion or online subculture associated with platforms like TikTok and Instagram.,He's clearly embracing the online gothic aesthetic with those black nails and chains.
e-girl,"similar to emo or goth culture, but they use the internet to express themselves.",She’s such an e-girl with her neon eyeliner and platform boots.,"Commonly associated with social media platforms like TikTok, where users embrace a specific style influenced by internet and alternative culture.","She's very much into the digital emo or goth subculture, with her brightly colored eyeliners and elevated boots."
Big yikes,Used to describe something embarrassing.,She wore the same dress as the bride at the wedding? Big yikes.,Used in situations where something is particularly awkward or cringeworthy.,That's quite awkward – she wore the same dress as the bride at the wedding.
Finna,"shortened term for saying ""I'm going to""",I’m finna head out.,"Often used in informal speech to indicate imminent action, popular in certain dialects of English.",About to leave.
High-key,the opposite of being low-key.,I high-key love this song.,Used to express that something is not being hidden or downplayed.,"I really, genuinely love this song."
Simp,"Sycophancy, being overly affectionate in pursuit of a sexual relationship","He buys her gifts every day, he’s such a simp.",Typically used as a derogatory term for someone who tries too hard to impress or please someone they’re attracted to.,"He's quite the fawning admirer, isn't he, constantly showering her with presents."
Camp,Something that is ironically trendy. One might consider Crocs to be of the camp aesthetic.,"That outfit is so camp, it’s amazing.","Often used in fashion, particularly in avant-garde or over-the-top styles that are playful or flamboyant.","That ensemble is incredibly kitschy, it's quite remarkable."
Snack, a person that you find attractive,He showed up to the party looking like a whole snack.,"A compliment used in dating or flirting contexts, implying someone is good-looking and appealing.",He turned up at the party being quite the looker.
Take several seats,"If someone is really getting on your nerves, you might tell them to take several seats.","You’re being way too extra right now, take several seats.",Often used in arguments or when someone is being overly dramatic or intrusive.,"You're making quite a scene at the moment, kindly find another spot to sit."
Sheesh,"To praise someone when they are doing something good. The one being praised is to do the ""ice in my veins"" pose popularized by Basketball player D'Angelo Russell.","Sheesh, that’s a lot of money!","Can be used in response to something impressive or unexpected, especially when exaggerated for effect.","Wow, that's some serious cash!"
Hits different,Something that is better in a peculiar manner,This song hits different at night.,Often used when comparing emotional experiences or moods tied to specific circumstances.,This song feels unique in a special way during the night.
Bet,"Yes, ok, ""it's on.""",You want to meet at 6? Bet.,Used to confirm plans or agreements in a laid-back way.,"Alrighty then, let's meet up at six."
Periodt,Used to add emphasis to something,"That’s the best movie of all time, periodt.","Often used to add emphasis to a statement, signaling that there’s no further debate.","Absolutely, that's hands down the greatest film ever, full stop."
Finesse,Finesse means to trick or manipulate someone or a situation in order to get what you want.,He finessed his way into the VIP section.,"Typically used when someone gets what they want through charm, skill, or slyness.",He managed to sneakily make his way into the VIP area.
I’m weak,"Similar to ""I'm dead"", this is just another term to use when you find something hilarious",That joke had me weak!,"Commonly used when something makes you laugh hard, often exaggerated in digital conversations.",That joke had me cracking up!
Main character,"a phrase used to describe someone who is generally well-liked and charismatic. It can also be used to describe someone when they're making a scene, but not necessarily in a bad way",She’s living her life like she’s the main character in a movie.,Often used in social media to refer to people who seem to be leading an extraordinary or dramatic life.,She's playing her part as if she's the leading lady in a film.
Sis,"A shortened version of ""sister"", this term is typically used to greet a friend, no matter their gender.","Sis, you are killing it in that outfit!",Commonly used among women as a term of camaraderie or affection.,"Hey there, you're rocking that look amazingly!"
Sending me,Another term to use if you find something particularly funny.,That meme is sending me!,"Used in response to something humorous or amusing, often in digital contexts.",That meme is cracking me up!
Gaup,"Money, and lots of it.",I’m trying to stack up this gaup before the weekend.,"Used in casual conversation, particularly among younger people, to refer to money or making money.",I'm aiming to accumulate some serious cash before the weekend.
"This ain’t it, chief",Another way of giving disapproval for something.,"That outfit? This ain’t it, chief.","Often used in social media or casual conversation to reject an idea, style, or trend.","That getup isn't quite right, boss."
Extra,Someone who is out there and enjoys taking things to a new level of flamboyance.,"She brought a whole suitcase for a weekend trip, she’s so extra.",Used to describe behavior that is excessive or unnecessary.,She brought an entire luggage for a weekend getaway; she's quite over-the-top.
Clapback,Swift and witty response to an insult or critique,Her clapback to that troll was savage.,"Often used in social media to describe a sharp retort, usually in the context of online arguments.",Her sharp retort to that troll was biting.
@ me,"Pronounced ""at me."" Used on social media when someone feels attacked by a post.","I’m about to pull up, C me at the club!",Informal and often used in texting or casual conversations to refer to meeting someone.,"I'll be showing up, find me at the club!"
Asl,"Has two definitions. It can be used as a shortened version of ""as hell."" It can also be used as an acronym for age/sex/location.",It’s cold asl outside!,"Used to intensify a statement, typically in casual conversation or texts.","Man, it's freezing out there!"
Bang 30s,To get in a physical altercation with someone.,He was out there bangin’ 30s all night.,"Typically used in contexts involving gangs or street culture, referring to gun violence.",He sure had a fight-filled night.
Based,"Originally meaning ""to be your self and not care about how others view you"", The word is now used to indicate an opinion or something that someone agrees with. It is especially common in political slang and discussions.","He doesn’t care what anyone thinks, he’s so based.","Popularized online, often in political or philosophical discussions, to praise someone for being genuine or sticking to their principles.",He truly doesn't give a hoot about other people's opinions; he's just being genuine.
Beat your face,To apply makeup to the face.,I’m about to beat my face for this event tonight.,Commonly used in beauty and makeup communities to refer to a skillfully applied makeup look.,I'm fixing to put on some makeup for tonight's event.
Big mad,Term used to describe when someone is excessively angry.,He’s big mad because we beat his team last night.,"Used to emphasize how upset someone is, often in a playful or teasing manner.",He's really furious that our team defeated his last night.
Body count,"A euphemism for how many people one has had sex with. Initially referred to specifically sexual intercourse, but was expanded to include all forms of sex.",What’s your body count?,Often used in conversations about sexual experiences or romantic history.,How many people have you been intimate with?
Boujee,A high-class/materialistic person.,We’re going to a boujee restaurant tonight.,Often used to describe someone or something as luxurious or exclusive.,We're dining at an upscale eatery tonight.
Bussy,"""Boy Pussy,"" i.e. a man's anus.",He was joking about his bussy all night.,Usually used humorously or in LGBT+ communities as part of casual or sexual discussions.,He cracked jokes about his rear all night.
Cringe,A response to embarrassment or social awkwardness,That performance was so cringe.,"Often used to describe content, behavior, or situations that cause second-hand embarrassment.",That performance was incredibly awkward.
Ded,"Used to describe something humorous to such an extent as to ""kill you.""",That joke had me ded.,Used online to express that something is so funny it “killed” you from laughter.,That joke was absolutely hilarious.
Facts,The truth,Pizza is the best food ever. Facts.,Used to emphasize agreement or that something is undeniably true.,"Pizza truly is the greatest food out there, don't argue with me on that!"
Glow-up,"A major improvement in one's self, usually an improvement in appearance, confidence, and style. Frequently used in a context relating to puberty.",She had a major glow-up over the summer.,Mostly used to talk about someone’s improvement in looks or self-esteem.,She underwent a significant transformation in appearance during the summer.
I oop,"Used to express shock, embarrassment, and or amusement.",She spilled her drink on her dress and I oop!,"Popularized by meme culture, often used humorously when something unexpected happens.","Whoa, she spilled her drink on her dress, oh my!"
t's giving…,Describes the vibes or connotation of something.,It’s giving 90s nostalgia with that outfit.,Often used in fashion or style discussions to refer to the overall impression or vibe something conveys.,That outfit has a definite '90s throwback feel to it.
Lit,"Colloquially: ""Enlightened"", ""Hot"", ""Fire."" The new hotness; something remarkable, interesting, fun or amusing. Generally positive.",That party was lit!,Common in younger generations to describe a positive experience or event.,That party was fantastic!
Mid,Short for mediocre,"That movie was mid, nothing special.","Often used when discussing entertainment, like music, movies, or games.","That film wasn't anything extraordinary, quite ordinary."
Not you,Used to condemn or poke fun at someone or something.,Not you eating the last slice of pizza!,Used in a teasing or humorous way in informal conversation.,"You didn't have to go and eat the last slice of pizza, did you?"
NPC,Someone who cannot think for themselves and/or has no or little control over their own life. Someone that is ready to agree with popular opinion unquestioningly and always believes what they are told. Gullible,"She’s acting like such an NPC, just going with the flow.",Used to describe people who seem to follow a script or act predictably without any autonomy.,"She's behaving so mindlessly obedient, following the crowd blindly."
OK boomer,Derogatory term directed towards Baby Boomers. Used as a response when boomers are deemed to be out of touch with younger generations,You don’t understand memes? OK boomer.,Used by younger generations to respond to outdated opinions or criticism from older people.,"You're clueless about memes? Alright, generation X or Y then."
On god,"Short for ""I swear to god."" Means that a person's statement is frank.","I’m telling you, that was the best movie I’ve ever seen, on god!",Used to emphasize that what someone is saying is absolutely true or serious. Often said in moments of intensity or when trying to convince others of your sincerity.,"I'm seriously telling you, that was the best movie I've ever seen - I swear to goodness!"
Ratio,"When an internet post has a comparable number of comments/replies to ""likes"", which is usually indicative of a poor reception.","That tweet got ratio’d so bad, more people replied than liked it.","Common on Twitter, indicating that a post was unpopular or disagreed with.","That tweet received a lot of criticism, with more comments than likes."
Rizz,One's courtship/seduction skills,"He’s got so much rizz, everyone likes him.",Mostly used in discussions about dating and flirting.,His charm is irresistible; it wins over everyone.
Sksksk,Used to convey happiness/laughter,I spilled my drink sksksk.,"Often associated with VSCO girl culture, it’s used in casual, playful conversation.","Oh, I've accidentally spilled my drink! Ha ha!"
Slaps,Used to refer to something (typically music) that is perceived to be good.,This new track slaps!,Mostly used when talking about music or experiences that are enjoyable and energetic.,This new track rocks!
Sus,Short for suspect/suspicious.,Why’s he acting so sus all of a sudden?,"Became widely popular due to the game Among Us, often used to describe behavior that seems off.",Why's he suddenly looking shifty and suspicious?
Slay,To do something well.,She’s slaying in that outfit tonight!,"Often used to praise someone’s appearance, performance, or confidence.",She's absolutely nailing it with that outfit tonight!
Tea,Gossiping (spilling the tea),"Spill the tea, I need to know what happened!",Common in social media and casual conversation when discussing secrets or gossip.,"Dish the dirt, please fill me in on what went down!"
Understood the assignment,To understand what was supposed to be done; to do something well,"That outfit is fire, she really understood the assignment.","Often used to praise someone for excelling at a task, particularly when it comes to fashion or performance.",She aced that outfit's style brief for sure.
Valid,Understandable,Those sneakers are valid!,Typically used as an endorsement or to confirm something is acceptable or impressive.,Those sneakers make sense!
Vibe Check,To check one's personality or attitude,Vibe check: Are you good?,Often used in casual settings to gauge how someone is feeling or what the general atmosphere is.,How's your mood today?
Vibing,describes a generic positive feeling that someone has about something,We were just vibing to some music all night.,"Used to describe a relaxed, enjoyable state of mind or atmosphere.",We had a great time grooving to some tunes all evening.
Wig,"To do something so well as to ""make one's wig fly off.""","That performance was amazing, wig!","Popular in stan culture, especially on social media, to react to something shocking or exciting.","Man, that performance was off the charts incredible!"
Word,"Slang for ""okay.""",Let’s meet at 7. Word,A laid-back affirmation used in casual conversations.,"Sounds good, let's hook up at 7 then. Cheers!"
Af,As fuck,I’m tired af after that workout.,Commonly used in digital communication to stress intensity.,I'm knackered to bits after that workout.
Big brain,When you have done something silly making you feel like your own brain shrinks as you regret all of your life,"He solved that puzzle in seconds, big brain moves.",Often used humorously to praise someone’s intelligence or creativity.,"Dang, he figured out that puzzle in mere seconds, quite clever of him!"
Chad,Used to describe your typical alpha male,"He’s such a Chad, always winning at everything.","Mostly used online to refer to hyper-masculine or alpha male behavior, sometimes sarcastically.","He's always triumphant, never losing at anything."
Clapped,To be completely and utterly destroyed.,"That car is clapped, it’s falling apart.",Used casually to describe something as worn-out or unattractive.,"That car's a complete write-off, it's on its last legs."
Clown,People who are completely unintelligent.,I waited all day for him to text me back. I’m such a clown.,Commonly used in situations where someone feels embarrassed or tricked.,"I waited all day for his message, feeling like an absolute fool."
Cringy,anything that’s embarrassing or try-hard,"That old tweet was so cringy, I can’t believe I posted that.",Often used to describe social faux pas or embarrassing moments.,"Man, that old tweet was embarrassingly lame – I can't believe I shared it."
fomo,Fear of missing out,I have major FOMO after seeing everyone’s vacation pics.,"Often used to describe the feeling of missing out on something exciting, especially in social media contexts.",I'm really kicking myself for missing out on those vacation pictures!
Fr,For real,You’re moving to LA? Fr?,Common in digital conversations to confirm or emphasize sincerity.,Are you actually moving to LA?
I can’t even,an expression commonly used when someone is feeling either so overjoyed or exasperated that they can’t even find the right words; depending on the context.,Ion even care what they think.,Often used in casual or informal conversations.,I don't care at all about their opinion.
Ion,I don’t,"This meme is too much, I can’t even!",Popular in social media culture to express being speechless or amused.,This meme is too much for me to handle!
IRL,In Real Life,Let’s meet IRL next week.,Commonly used in online spaces to differentiate between virtual and real-life interactions.,Let's hook up in person next week.
Karen,A stereotype for women who behave extremely unreasonably and childish – especially towards service staff or people of colour – and tend to invoke their racial privilege,"That woman asked to speak to the manager, total Karen move.","Widely used in social media to describe someone acting entitled or rude, typically in public situations.","That lady demanded to talk to the supervisor, very entitled behavior."
Low key,Secretly,I’m low key excited about the new movie.,Used to express a feeling or action that is kept relatively quiet or understated.,I'm sort of secretly excited about the new movie.
Mom,It just means to admire or look up to someone so much that you jokingly want to be adopted by them or have them as your second parent,Beyoncé is such a mom.,Often used in stan culture to refer to female celebrities or figures who inspire admiration.,Beyoncé is just so inspiring that I wish she were my role model!
Dad,It just means to admire or look up to someone so much that you jokingly want to be adopted by them or have them as your second parent,Keanu Reeves is my dad.,Used in a playful manner to express admiration for men who are respected or seen as role models.,I absolutely adore Keanu Reeves and would be thrilled to have him as a second father figure.
NGL,Not Gonna Lie,"NGL, that was a tough workout.",Frequently used in conversations to preface honesty or a blunt opinion.,"To be honest, that was quite a challenging workout."
Pick me girl,"Pick me girls are the type of girls who claim that they are nothing like other girls, in order to get attention from guys (also see ‘simping’ below). It’s a derogatory term.","She’s such a pick me girl, always saying she’s not like other girls.",Often used in a critical way to call out behavior aimed at seeking validation.,"She's such a self-proclaimed exceptional woman, constantly emphasizing her differences from ordinary females."
Boomer,"Short for ‘baby boomer’, referring to older folks born 1946 to 1964 – but mostly used to clap back at pretty much anyone who’s older and not so in-the-know.","My boss is such a boomer, doesn’t even know how to use Zoom.",Often used humorously or critically to highlight generational differences.,"My boss is really out of touch, can't figure out how to use Zoom."
Sleeping on,"When you ""sleep on"" something, you overlook or underestimate it","You’re sleeping on this new album, it’s so good.",Often used to draw attention to something underrated.,You're really overlooking that new album; it's fantastic.
Shade,Diss. Also: throwing shade; being shady.,She was throwing shade at my outfit.,"Commonly used in discussions of gossip or social conflict, particularly when the insult is indirect.",She was subtly criticizing my clothing choice.
Shook,Surprised or shocked.,I was shook when I found out the news.,Often used to describe being emotionally or mentally impacted by something unexpected.,Flabbergasted is how I felt when I learned about the news.
Smh,"Shake my head’. Another one for texting, smh usually signifies exasperation",You forgot your homework again? Smh.,Common in texting or social media to signal mild frustration or disappointment.,"Goodness, you left your homework again?"
TBH,short for “to be honest” and is usually used when making a comment or a joke (best to stick to texts with this one too).,"TBH, I didn’t enjoy the party last night.",Often used to preface a blunt opinion or honest confession.,"To be honest, I didn't have a good time at the party last night."
Thirsty,"Stands for desperate, usually for attention","He’s been texting me nonstop, he’s so thirsty.",Often used to describe behavior that appears desperate for attention or validation.,"He's constantly messaging me, he's quite desperate for attention."
Thirst trap,"a social media post intended to, uh, entice viewers and get attention.",She posted a total thirst trap on Instagram.,"Common in social media, where people post images to garner likes or comments based on physical appearance.",She shared an irresistible attention-grabber on Instagram.
Yas,A very enthusiastic and celebratory way of saying yes!,Yas queen! You’re slaying that outfit!,"Popular in LGBTQ+ and online cultures to express excitement, approval, or support.","Absolutely, girl! You're rocking that look!"
Yeet,The Gen Z version of YOLO (you only live once). Usually exclaimed (pretty loudly) when doing something risky or throwing an item very hard (most of the time for absolutely no reason at all and with absolutely no aim).,He yeeted the ball across the yard.,"Often used in a playful, exaggerated manner, especially in meme culture.",He flung the ball recklessly across the yard!
ick,used to express disgust at something unpleasant or offensive.,"He talks with his mouth full, that gave me the ick.",Frequently used in dating scenarios to describe a moment that turns someone off.,Talking with a mouthful leaves me feeling rather disgusted.
naur,"means no or know. It functions as a more dramatic way of saying ""no"" or ""know,"" and sounds like ""no"" with an Australian accent. ","Naur, why did you do that?","Often used humorously in memes or texts, exaggerating the word for comedic effect.",Why on earth did you do that?
Say less,"A shortened version of ""say no more.""","Want to grab dinner? Say less, I’m there.",Used to quickly agree with a suggestion or plan.,Ready for dinner? Count me in.
Unserious," a more fun way of saying something or someone is ridiculous, or that it can't be taken seriously.",You’re being so unserious about this important issue.,Used to point out lack of gravity or responsibility in someone’s actions.,"You're really not taking this seriously enough, it's quite a significant matter."
Gagged,"To be “gagged” is to be shocked, amazed, et cetera.",I was gagged when I saw her outfit!,Frequently used in drag and LGBTQ+ culture to express astonishment or awe.,I was utterly astonished by her attire!
Ate,"If you “ate” something, it means you executed it extremely well. ","She ate that performance, no crumbs left.","Popular in stan culture, especially in discussions about performances, fashion, or style.",Nailed it! Not a trace left behind.
Poggers,an expression that conveys excitement,You won the game? Poggers!,Popular in gaming and streaming culture to celebrate exciting moments.,"Wow, you won the game! Fantastic!"
Heather,"any lovely person who seems like they’re the main character, evoking as much admiration as jealousy","She’s such a Heather, everyone loves her.",Used to describe someone who is effortlessly perfect and adored by others.,"She's absolutely captivating, everyone adores her."
Wth,What the hell,You like pizza? I’m with it.,Often used to quickly express agreement or solidarity in casual conversation.,Are you fond of pizza? I'm totally on board with that.
Flex,"Used to describe someone showing off, gloating, or parading around.",He’s flexing his new car all over social media.,"Common in contexts where someone is showing off something impressive, often in a boastful way.",He's flaunting his new car everywhere on social media.
Gucci,"term born out of the popularity of the high-end fashion brand. These days, it means that something is good ","Everything is Gucci, don’t worry.",Used casually to express that things are going well or to describe something stylish.,"Everything's all good, don't fret."
Hot girl summer,"Hands down one of the biggest slang terms to hit pop culture in the summer of 2019, hot girl summer is about women having a good time and being unapologetic about who they are",I’m ready for hot girl summer this year!,"Popularized by Megan Thee Stallion, it’s used to promote independence and fun.","I'm all set for a fabulous, carefree summer this year!"
Sturdy,"used to describe someone's dance moves. It's usually used in the phrase ""get sturdy"", which means that someone is performing a specific type of dance in which they move their legs, spin, and hop.",He’s so sturdy on the dance floor!,"Commonly used in urban slang to describe confidence and strength, especially in physical performance.",He really knows how to throw down some moves on the dance floor!
Skill issue,used to blame someone for their own loss.,You can’t beat the level? Sounds like a skill issue.,Frequently used in gaming communities to tease someone for struggling.,"Struggling with that level, huh? Seems more like a talent problem to me."
TNTL,Trying not to laugh,That meme is TNTL-worthy!,"Often used in humorous contexts to signal a challenge not to laugh, commonly seen in social media videos.",That meme's nearly uncontrollable!
G2G,Got to go,"Sorry, G2G! Talk later!",Frequently used in text messaging or online chats to quickly exit a conversation.,"Alrighty then, gotta scram. Chat soon!"
YNK,You never know,"I might move abroad one day, YNK.",Commonly used in conversations about future possibilities or unknown outcomes.,You never really know when I might move abroad.
CSL,Can’t stop laughing,"That joke was hilarious, CSL!",Common in texting or online conversations to emphasize uncontrollable laughter.,That joke had me cracking up!
GMTA,Great minds think alike,You bought the same shoes as me? GMTA!,Typically used in friendly conversations to acknowledge a shared thought or action.,Bought the same shoes as you? Perfect sync!
IMO,In my opinion,"IMO, that movie wasn’t that great.","Used to soften a statement, making it clear that it’s subjective.","In my opinion, that movie wasn't fantastic."
IMOH,In my humble opinion,"IMOH, this is the best pizza place in town.",Commonly used in online discussions to share a polite or humble opinion.,"In my humble opinion, this is the top-notch pizza spot in town."
JK,Just kidding,"You’re fired! JK, I could never fire you.",Frequently used in casual conversations or texts to clarify humor.,"You're fired... just kidding, there's no way I could actually fire you."
Bae,"Short for “baby."" Often a pet name for a crush or significant other.  ",I’m spending the weekend with my bae.,Often used to refer to a romantic partner or someone you deeply care about.,Spending the weekend with my dear one.
SSDD,"Some stuff, different day",How’s it going? SSDD.,Commonly used in conversations to express boredom or lack of excitement.,What's up? More of the same today.
WYWH,Wish you were here,"The beach is amazing, WYWH!",Often sent from vacation spots or during fun events.,"What a stunning beach, I wish you were here!"
Benching,"Just like in sports, benching someone in dating means putting them to the side to date other people.",I think he’s benching me—he texts but never makes plans.,Often used in modern dating to describe a lack of serious intent.,He seems to be keeping me on standby - he messages regularly but never proposes any dates.
Breadcumbing,When someone leads you on by flirting and making you feel special but without any intention to actually commit to a relationship.,"She’s breadcrumbing him, always texting but never wanting to meet.",Describes inconsistent romantic or flirtatious communication.,"She continually texts him, yet consistently avoids meeting up."
Cuffing,"""Cuffing"" simply means to get into a relationship.","Everyone’s cuffing this fall, it’s relationship season.",Often refers to the “cuffing season” when people seek partners to get through the winter.,"Everyone's getting into relationships this fall, it's the time for coupling up."
DTR,Define the relationship,"We need to DTR soon, I need to know where we stand.",Used in dating to clarify whether a relationship is serious or casual.,Let's clarify our situation soon; I need to understand where things are headed between us.
Gaslighting,"refers to a form of psychological manipulation in which a significant other makes you feel crazy or wrong, even when unjustified","He keeps telling me I’m overreacting, but I think he’s gaslighting me.",Often used to describe psychological manipulation in relationships or discussions.,"He consistently makes me feel like I'm exaggerating, and I believe he might be deceiving me psychologically."
ILY,I love you,"Goodnight, ILY!",Frequently used in texting to express affection quickly.,"Goodnight, my dear, I truly care for you."
Pink flags,"Based on the idea of red flags, pink flags are on step down. They aren’t huge warning signals that something is wrong, but they can hint that this relationship isn’t super healthy","She’s always late—kind of a pink flag, but not a dealbreaker.","Used to describe subtle warning signs in relationships, but not as serious as red flags.","She's often running late - a potential sign that things aren't perfectly smooth in this relationship, yet it's not necessarily a reason to end it."
Smash,means to have casual sex,"They hooked up last night, definitely a smash.",Often used in casual conversations about intimate encounters.,"They had a one-night stand last night, absolutely a success."
Situationship,Describes two people who are not officially dating but who have feelings for each other,"We’ve been hanging out a lot, but it’s just a situationship.","Used to describe unclear or undefined relationships, where it’s not official but there are feelings involved.","We've been spending a lot of time together, but it's more like we're in a complicated non-relationship right now."
Zaddy,"Refers to an attractive, well-dressed man. Often, it’s an older man","Look at him in that suit, total zaddy vibes.","Typically used to describe a stylish, mature man with swagger.","Check out that man in his suit, exuding charisma and being quite dapper."
Zombie-ing,"This happens after someone ghosts you, and then decides to start talking to you again like nothing ever happened.","He ghosted me months ago, and now he’s zombie-ing by texting me again.",Often used in modern dating to describe inconsistent behavior.,"He stopped talking to me several months back, and now he's reached out again as if nothing happened."
AFK,Away From Keyboard,"I’ll be AFK for 10 minutes, need to take a break.",Used in online gaming or chats to signal that you’re stepping away.,"I'm stepping away for a moment, back in 10 minutes."
ASAP,As Soon As Possible,I need that report ASAP!,Commonly used in professional and casual contexts to indicate urgency.,I need that report immediately!
ATK,At The Keyboard,"I’m ATK, ready for the meeting.",Mostly used in online communities to signal availability.,I'm online and raring to go for the meeting.
ATM,At The Moment,"I’m busy atm, can we talk later?",Commonly used in texting and online chats to describe current activity.,"I'm swamped right now, but let's chat later?"
A3,"Anytime, Anywhere, Anyplace","Let’s meet up, I’m A3.",Used to express flexibility or enthusiasm.,Let's hook up whenever and wherever works best for you.
BAK,Back At Keyboard,"I’m BAK, what did I miss?",Often used in online gaming or work settings.,"I'm back online, what happened while I was away?"
BBL,Be Back Later,"I’m stepping out, BBL.",Common in texting and online conversations when someone needs to leave temporarily.,I'll be back in a bit.
BBS,Be Back Soon,"Grabbing a snack, BBS.",Used for brief absences in conversations.,"Heading out for a quick bite, back shortly."
BFN,Bye For Now,"Got to run, BFN!",Often used when ending a conversation with the expectation of reconnecting later.,"Got to go, take care for now!"
B4N,Bye For Now,That troll got a BAN from the server.,Common in online communities to remove disruptive individuals.,"Until next time, that troublemaker has been kicked off the server."
BRB,Be Right Back,"Need to grab my phone, BRB.”",Used in texting or online chats for short breaks.,"I need to get my phone for a moment, just a sec."
BRT,Be Right There,"Just parking, BRT!",Commonly used to communicate proximity in physical meetups or digital collaborations.,"Almost there, just parking!"
BTW,By The Way,"BTW, I’ll be late to the party.",Common in both casual and professional conversations to introduce new information.,"By the way, I'll arrive late at the party."
B4,Before,I need to finish this B4 I go out.,Frequently used in texts and informal writing to save time.,I gotta wrap this up before I head out.
CU,See You,"It was fun hanging out, CU later!",Frequently used in online chats or texts as a casual farewell.,"It was fun spending time together, talk soon!"
CUL8R,See You Later,"Got to go, CUL8R!",Common in texting or online messaging.,"Alright then, see you later!"
CYA,See You,CYA tomorrow!,Frequently used in informal conversations.,I'll catch up with you tomorrow!
FAQ,Frequently Asked Questions,Check the FAQ before you ask questions.,Used in customer service or informational contexts to provide answers to common queries.,"Have a peek at the Frequently Asked Questions first, if you don't mind."
FC,Fingers Crossed,"I applied for the job, FC!",Commonly used in texting to wish for a positive outcome.,Here's my attempt at rephrasing the sentence while preserving its emotional tone and purpose:
FWIW,For What It's Worth,"FWIW, I think you should go for it.",Often used to share advice or opinions that may be helpful but aren’t guaranteed to be important.,"Just my two cents, but I believe you should give it a try."
FYI,For Your Information,"FYI, the meeting has been moved to 3 PM.",Common in professional and casual communication to relay updates or reminders.,"Just a heads up, the meeting's been shifted to 3 PM."
GAL,Get A Life,You’re still talking about that? GAL!,Often used in a dismissive or sarcastic tone.,"Still chatting about that, mate? It's time to move on!"
GG,Good Game,"That was a tough match, GG!",Frequently used in gaming culture to acknowledge a well-played game.,"That was quite a challenging game, well played!"
GN,Good Night,"It’s late, GN!",Commonly used in texting or online chats when saying goodbye before bed.,"It's getting pretty late, take care!"
GR8,Great!,That party was GR8!,Frequently used in texting to express enthusiasm or satisfaction.,That party was fantastic!
G9,Genius,"I’m signing off, G9!","Similar to “GN,” used in casual text conversations.","I'm outie, brainiac!"
IC,I See,"IC, that makes sense now.",Common in online chats or texts to indicate comprehension.,"Got it, all clear now."
ICQ,I Seek you (also a chat program),Keep this number ICO any emergencies,Often used in formal or practical contexts for preparedness.,Maintain this contact for any urgent matters
ILU,ILU: I Love You,"You mean so much to me, ILU!",Common in texting between close friends or partners.,"You really mean a lot to me, I love you."
IMHO,In My Honest/Humble Opinion,"IMHO, the sequel was better than the original.","Used to share an opinion with an added layer of humility, often used in discussions.","In all honesty, I believe the sequel surpassed the original."
IOW,In Other Words,"IOW, we need to finish the project by Friday.",A way to rephrase or clarify a statement in simpler terms.,We basically have to complete the project by Friday.
KISS,"Keep It Simple, Stupid",Let’s just KISS this idea and avoid overcomplicating it.,A reminder to keep things simple and straightforward.,Let's keep things straightforward with this concept; no need for unnecessary complexity.
LDR,Long Distance Relationship,We’ve been in an LDR for two years now.,Refers to a romantic relationship where the partners are geographically far apart.,We've been keeping a long-distance connection going for two years.
LMAO,Laugh My A.. Off,That meme had me LMAO!,Used in online conversations to express loud laughter.,That meme had me rolling with laughter!
LOL,Laughing Out Loud,"I just spilled coffee all over my desk, LOL.","A common expression of amusement, often used lightly.",I just spilled coffee all over my desk – chuckle!
LTNS,Long Time No See,LTNS! How have you been?,A casual way to greet someone you haven’t seen in a while.,"Hey there! Long time, no talk. What's been happening with you?"
L8R,Later,"Gotta run, see you L8R!",A shorthand way of saying “later” in informal texts or conversations.,"Alrighty, I'll be off for now. Talk soon!"
MTE,My Thoughts Exactly,That was so unnecessary! MTE.,Used to express agreement with someone else’s statement.,"That was entirely unwarranted, I completely agree."
M8,Mate,"How’s it going, M8?","A casual way to refer to a friend, commonly used in British slang.","Hi there, mate? How's things?"
NRN,No Reply Necessary,"I texted him last night, but I got NR.",Used when someone doesn’t respond to a message or communication.,"I texted him last night, but he didn't respond."
OIC,Oh I See,"OIC, that makes sense now.",A quick way to indicate understanding in a conversation.,"Got it, that's clear now."
PITA,Pain In The Ass,Dealing with this paperwork is such a PITA.,Used to describe something annoying or frustrating.,Managing this paperwork is really a hassle.
PRT,Party,Are you going to the PRT tonight?,A shorthand way to refer to a party in casual conversations.,Heading out for a party tonight?
PRW,Parents Are Watching,"I can’t talk right now, PRW.",Used to warn someone that their parents are nearby and to avoid certain conversations.,"Gotta mute the TV for a minute, folks are home."
QPSA?,Que Pasa?,"For more info, check QPSA7 in the FAQ.",Refers to directing someone to a specific answer in a FAQ or help section.,"For more details, see ""What's Up?"" section in the FAQ."
ROFL,Rolling On The Floor Laughing,That video had me ROFL!,Used to express extreme amusement or laughter.,That video left me in stitches!
ROFLOL,Rolling On The Floor Laughing Out Loud,"I tripped and spilled my drink, ROFLOL!","An exaggerated version of “ROFL,” combining both phrases to emphasize laughter.","I tripped and spilled my drink, I'm practically rolling with laughter!"
ROTFLMAO,Rolling On The Floor Laughing My Ass Off,"The prank was so funny, I was ROFLMAO.",A combination of “ROFL” and “LMAO” to show intense laughter.,The joke had me in stitches!
SK8,Skate,Let’s go Sk8 at the park this weekend.,"A shorthand way of saying “skate,” used in skateboarding or rollerblading circles.","Let's hit the skate park this weekend, mate!"
STATS,Your sex and age,I need those sales STATS by the end of the day.,A quick way to request statistics or data.,I need to know your sales figures by the end of the day.
ASL,"Age, Sex, Location",What’s your ASL?,"Often used in online chats to get to know someone’s basic information, though less common today.","What's your age, gender, and location?"
THX,Thank You,THX for helping me out!,A quick way to say “thanks” in casual conversations or texts.,Thanks a bunch for your help!
TTFN,Ta-Ta For Now!,"I’m heading out, TTFN!",A playful way of saying goodbye temporarily.,"I'm off now, take care!"
TTYL,Talk To You Later,"I’ve got to go, TTYL!",Commonly used to end a conversation with the promise of continuing later.,"Alright, I'll catch you later!"
U,You,How are U doing today?,"A shorthand way to say “you,” frequently used in casual texting.",How's it going with you today?
U2,You Too,Have a great day! U2!,A shorthand reply meaning “you too.”,"You too, have a great day!"
U4E,Yours For Ever,"I’ll always be there for you, U4E.",Often used in romantic or deep friendship contexts to express long-lasting loyalty.,"I'll be here for you, forever and a day."
WB,Welcome Back,WB! How was your trip?,Used to greet someone who has returned after being away.,Hi there! Great to have you back. How did your journey go?
WTF,What The Fuck,WTF happened here?,"Used to express shock, confusion, or disbelief, often in a strong or informal tone.",What on earth happened here?
WTG,Way To Go!,You aced the exam? WTG!,A phrase used to congratulate or praise someone for their achievement or success. Commonly used in informal settings to show approval.,Well done on passing that exam!
WUF,Where Are You From?,WUF? You sound like you’re from the UK.,A casual way to ask someone where they’re from.,"Hey, I'm sensing a British vibe in your accent, are you from the UK by any chance?"
7K,Sick:-D Laugher,That move was 7K!,A play on the word “sick” to describe something cool or impressive.,"Wow, that move was amazing!"
TFW , That feeling when. TFW internet slang often goes in a caption to an image.,TFW you finish a tough project and can finally relax.,"Used to describe a relatable feeling or moment, often paired with an image or meme.","When you complete a challenging project, that's the moment to unwind."
MFW , My face when,MRW I see the weather forecast for the weekend.,"Used to describe how someone reacts in a specific situation, often seen in memes or social media posts.",Seeing the weekend's weather forecast... that face!
MRW , My reaction when,MFW someone eats my leftovers without asking.,"Similar to MRW, used to describe someone’s facial reaction to an event or situation.",My reaction when someone helps themselves to my leftovers without asking.
IFYP , I feel your pain,"It’s been a long week. IFY, man.",Used to show empathy or understanding of someone’s situation.,"Man, I really feel for you - this week must've been tough on you."
LOL , Laughing out loud,"She just tripped over her own feet, LOL.","A lighthearted way to express laughter, frequently used in texts or social media.","She just fell flat on her face, cracking up!"
TNTL , Trying not to laugh,"This video is hilarious, but TNTL!",Often used in funny challenges or posts where viewers are encouraged not to laugh.,"This video's seriously funny, but I'm struggling not to laugh!"
JK , Just kidding,You’re in trouble…JK!,Clarifies that a previous statement was a joke or not meant to be taken seriously.,You're in trouble...just kidding around!
IDC , I don't care,"You can pick the movie, IDC.",Used to indicate indifference or lack of preference in a casual conversation.,"It's all good by me, whatever movie you choose."
ILY , I love you,"Goodnight, ILY!","A common way to express love or affection, often used in close relationships.","Goodnight, I love you!"
IMU , I miss you,"Haven’t seen you in a while, MU!",A casual expression used to tell someone you miss them.,"It's been a while since I saw you, missing you."
ADIH , Another day in hell,"Work was brutal today, ADIH.",Used to express frustration or exhaustion after a difficult day.,Work was a real nightmare today. Another day of misery.
ZZZ ," Sleeping, bored, tired","I’m exhausted, time for bed. ZZZ.","Represents sleep or tiredness, often used in informal conversations to say someone is going to sleep.","Man, I'm beat, think I'll hit the hay now. Nighty night."
WYWH , Wish you were here,"This beach is so beautiful, WYWH!",Often used when someone is at a fun or scenic location and wishes someone else was with them.,What a stunning beach this is! I really wish you were here to see it.
TIME , Tears in my eyes,"That movie was so emotional, I have TIME right now.",Used to express when something is so touching or emotional that it brings tears to your eyes.,That movie really got to me; I'm tearing up right now.
BAE , Before anyone else,Spending the day with BAE at the beach.,"Used to refer to someone very special, often a romantic partner, who comes before anyone else.",Spending the day with my special someone at the beach.
FIMH , Forever in my heart,"Even though you’re far away, you’re FIMH.",Used to express deep emotional connection or love for someone who will always have a place in your heart.,"You'll always be close to my heart, even if you're miles apart."
BSAAW , Big smile and a wink,"You did great today, BSAAW!",Often used to send a playful or friendly message with a smile and a wink.,"You nailed it today, with a grin and a twinkle in your eye!"
BWL , Bursting with laughter,That stand-up comedy had me BWL!,Used when something is so funny that it makes you laugh uncontrollably.,That stand-up comedy left me rolling in laughter!
LMAO , Laughing my ass off,That joke had me LMAO all day!,A very casual and exaggerated way to express intense laughter.,That joke had me rolling with laughter all day!
BFF, Best friends forever,Can’t wait to hang out with my BFF this weekend!,"Refers to someone who is a very close friend, often with the promise of lifelong friendship.",I can't wait to spend time with my closest friend this weekend!
CSL , Can't stop laughing,"That video was so funny, I’m CSL!",Used when something is so hilarious that you literally cannot stop laughing.,That video had me rolling with laughter!
?,I don’t understand what you mean,You said what? ?,A quick way to ask for clarification when someone doesn’t understand something.,What did you just say? I'm confused.
?4U,I have a question for you,"Hey, ?4U: Do you know what time the meeting is?",Used to indicate that you have a question for someone in a casual way.,"Hey there, got a question for ya: What's the time of our meeting?"
;S,GeHmm? What did you say?,"Sorry, ;S, can you repeat that?",A way to express confusion or request someone to clarify or repeat what they just said.,"Pardon me, could you please repeat that?"
^^,read message,"Got it, ^^","Indicates that a message has been read and acknowledged, often used in online chats.","Understood, read the message."
<3,sideways heart,I really appreciate you <3.,A simple and common way to express love or affection in digital communication.,I truly value you very much.
</3,broken heart,"They broke up last night, </3","Used to express heartbreak or sadness, particularly in romantic contexts.","They split up last night, it's a bummer."
<3333,a bigger heart,I love you soooo much! <3333,An exaggerated way of expressing deep love or affection.,I adore you to the absolute maximum degree!!!
@TEOTD,At the end of the day,"It was a tough project, but @TEOTD, it was worth it.",Used to summarize or conclude a point by stating the final outcome or main point.,"In the end, it was a pretty challenging job, but it was all worth it."
0.02,My two cents worth,Here’s my 0.02 on the situation: We should wait.,"Used to offer a personal opinion, often humbly or casually.",Here's what I think about the situation: Let's hold off for a bit.
"1TG, 2TG",Meaning number of items needed for win,I’ve got 1TG before I finish this project!,Used in games or tasks to indicate how many things are needed to win or complete a goal.,Got one more item to win before I wrap up this project!
1UP,Meaning extra life,Got a 1UP in the game! Extra chance!,"Refers to gaining an extra life in a video game, but also used metaphorically to mean getting another chance in life.",Scored an additional life in the game! Another shot at it!
121,One-to-one,Let’s have a 121 meeting to go over the details.,"Used in business or personal discussions to indicate a private, one-on-one conversation.",Let's set up a one-on-one chat to discuss the finer points.
1337,"Leet, meaning ‘elite’","He’s so 1337 at coding, it’s impressive!","Used to describe someone as highly skilled or elite, often in gaming or technology communities.","His coding skills are top-notch, truly awe-inspiring!"
143,I love you,"You’re my world, 143.","A numerical way to say “I love you,” based on the number of letters in each word.","You're my entire universe, I love you."
1432,I love you too,"1432, can’t wait to see you.","A response to “143,” meaning “I love you too.”","Understood, I love you too. Can't wait to see you."
14AA41,"One for all, and all for one","We’re a team, 14AA41!","Refers to mutual support and unity, often used in group or team settings.","Together, we've got this team!"
182,I hate you,"You ate my last slice of pizza, 182!",A numerical way of expressing frustration or annoyance.,"Man, you just had to take my last slice of pizza, didn't you?"
19,Zero hand ,"Got a 19, no help at all.",Refers to a situation where someone received no assistance or support.,Got absolutely zilch assistance.
10M,Ten man ,We’ve got a 10M team working on this project.,"Refers to a group of ten people, often used in business or team settings.",We've got a full squad tackling this project.
10X,Thanks,"You’ve been a big help, 10X!",A shorthand way of saying “thanks.”,Thanks so much for your assistance!
10Q,Thank you,10Q for your feedback on the report,"A numerical shorthand for “thank you,” often used in casual digital communication.",Much appreciated for your thoughts on the report.
1CE,Once,"I’ve only been there 1CE, but I loved it.","A shorthand way of saying “once,” used to refer to a single occasion.","I've only been there once, but I absolutely loved it."
1DR,I wonder,1DR what the weather will be like tomorrow.,A way to express curiosity or wonder about something.,Wondering about the weather forecast for tomorrow.
1NAM,One in a million,"You’re amazing, truly 1NAM!","A phrase used to describe someone as unique or special, one in a million.","You're exceptionally remarkable, absolutely one in a million!"
2,to,I’m heading 2 the store.,"Simply a shorthand for “to,” often used in texting.",Heading to the store.
20,location,What’s the 20 for the party tonight?,"Refers to the location of an event or place, often used in casual conversations.",Where's the venue for tonight's party?
2B,To be,The answer seems 2B clear now.,"A shorthand for “to be,” used in various contexts when explaining something.",Seems like it's getting clear now.
2EZ,Too easy,That exam was 2EZ!,Used to describe something as very simple or easy to accomplish.,That exam was a breeze!
2G2BT,Too good to be true,That deal sounds 2G2BT.,Used when something seems too perfect or suspiciously good.,That deal appears way too good to pass up.
2M2H,Too much too handle,All this work is 2M2H right now.,Refers to something that is overwhelming or difficult to manage.,This workload's overwhelming at the moment.
2MI,Too much information,"You’re sharing way too much, 2MI!", Used when someone shares overly personal or unnecessary details.,"You're oversharing, buddy!"
2MOR,Tomorrow,Let’s finish this 2MOR.,"A shorthand way of saying “tomorrow,” commonly used in texting.","We'll wrap up tomorrow, alright?"
2MORO,Tomorrow,See you 2MORO at the meeting.,"Another shorthand for “tomorrow,” often used in informal communication.",Catch ya tomorrow at the meeting.
2N8,Tonight,Are you coming to the concert 2N8?,"A shorthand way of saying “tonight,” often used in digital communication.","Heading out to the concert tonight, are you joining?"
2NTE,Tonight,I’m free 2NTE if you want to hang out.,"Another common shorthand for “tonight,” often used in texts.",I'm available tonight if you fancy hanging out.
411,information,Can you give me the 411 on what happened?,"A term used to ask for information, similar to “what’s the scoop?”",What's the lowdown on what went down?
404,I don’t know,"When it comes to math, I’m totally 404.","Refers to not knowing something, similar to the “404 error” in the internet world.","When it comes to math, I'm completely clueless."
420,Lets get high,You coming to the 420 party this weekend?,Refers to cannabis culture and is commonly used to signify smoking or celebrating marijuana.,Are you planning to attend the smoke session this weekend?
459,I love you ,"You’re everything to me, 459",A numerical shorthand for “I love you.”,"You mean the world to me, darling"
4AO,For adults only,That movie is rated 4AO.,Used to indicate that something is intended only for adult audiences.,That film's for grown-ups only.
4COL,For crying out loud,"I told you to clean your room, 4COL!","An expression of frustration or exasperation, often used to emphasize impatience.",I seriously told you to clean your room already!
4EAE,Forever and ever,You’ll be in my heart 4EAE.,Used to express eternal affection or love for someone.,You'll always hold a special place in my heart.
4EVA,Forever,Friends 4EVA!,"A shorthand for 'forever,' often used to emphasize long-lasting relationships or promises.","Friends, forever and always!"
4NR,Foreigner,"He’s from Europe, total 4NR.",Used to refer to someone from a different country.,"He's completely foreign, hailing from Europe."
4SALE,For sale,I’m putting my old car 4SALE.,A common abbreviation used in ads or messages when something is available for purchase.,I'm selling my used car.
^5,High-five,"We nailed that presentation, ^5!","A way to signify giving someone a high-five, often to celebrate success.","Nailed it on the presentation, give me a pat on the back!"
511,Too much information,"That’s a bit too personal, 511!","Similar to 'TMI,' used when someone shares too much personal or unnecessary information.",That's a tad too much TMI there!
555,"Sobbing, crying","That movie made me cry, 555.",Commonly used in Thai internet culture to represent laughing or crying (as '5' sounds like 'ha').,That movie really had me bawling my eyes out.
55555,Crying your eyes out,"I lost my keys again, 55555!",Used to represent an exaggerated level of sadness or tears.,"Oh man, I've lost my keys again, bawling my eyes out!"
6Y,Sexy,You’re looking 6Y in that outfit!,A playful way of calling someone attractive or sexy.,You look fiercely attractive in that attire!
81,Hells Angels,Saw a bunch of 81 members at the rally.,"Refers to the Hells Angels Motorcycle Club, using the numbers 8 and 1 for 'H' and 'A.'",Spotted a crowd of Hells Angels members at the gathering.
831,I love you,"You mean the world to me, 831.","A numerical way to say 'I love you,' based on the number of letters in each word.",You genuinely mean a lot to me.
86,Over,We need to 86 that project; it’s not working.,Often used in restaurants or business settings to mean something is canceled or finished.,We gotta scrap that project; it's a lost cause.
88,Bye-bye ,"I’ve got to go, 88!","A shorthand way of saying 'bye-bye,' used in casual conversations.","Alright, I gotta scram now!"
9,Parent is watching,"Can’t talk right now, 9.","Used to warn that a parent is nearby, often in teenage conversations.","Can't chat now, mom's around."
*s*,smile,"That was sweet of you, *s*.",Used to indicate smiling or happiness in digital conversations.,"That was really nice of you, grinning at you."
*w*,wink,I’ll see you later *w*.,"Used to convey a playful wink, often indicating humor or a secret understanding.","I'll catch up with you later, give you a quick wink."
AA,Alcoholics Anonymous,He’s been attending AA meetings for a year now.,Refers to the organization that helps people struggling with alcohol addiction.,He's been going to Alcoholics Anonymous meetings for a year now.
AAF,As a matter of fact,"AAF, I did finish the report yesterday.","Used to clarify or emphasize a point, similar to saying 'actually.'","Indeed, I did complete the report yesterday."
AAK,Asleep at keyboard,"Sorry for the late response, I was AAK last night.",Used to explain that someone fell asleep while using their computer or phone.,"Apologies for the delayed reply, I nodded off at my keyboard last night."
AAMOF,As a matter of fact,"AAMOF, I was just about to call you.",Used to introduce a fact or clarification in a conversation.,"As it turns out, I was actually planning on giving you a ring."
AAMOI,As a matter of interest,"AAMOI, do you know when the meeting starts?",Used to ask for information out of curiosity or interest.,"Just curious, what time does the meeting begin?"
AAP,Always a pleasure,Thanks for your help! AAP!,A polite way of saying it’s always a pleasure to interact or assist someone.,Thanks so much for your assistance! Always a delight working with you!
AAR,At any rate,"AAR, we should meet next week to discuss this.","Used to change the subject or conclude a conversation, similar to 'anyway.'","Alright then, let's set up a meeting for next week to chat about this."
AAS,Alive and smiling,"Despite everything, I’m still AAS!",Used to express that someone is doing well and staying positive despite challenges.,"In spite of it all, I'm still kickin' it!"
AASHTA,"As always, Sheldon has the answer","You’re right again, AASHTA!",A playful reference to a know-it-all or someone who always has the right answer.,"You're spot on once more, Sheldon never fails to impress!"
AATK,Always at the keyboard,She’s been AATK all night working on that project.,Refers to someone who is constantly at their computer or working on something.,She's been glued to her keyboard all night with that project.
AAYF,"As always, your friend","Take care, AAYF, until next time!","A friendly way to sign off a message, showing loyalty or friendship.","Take it easy, old friend, see you later!"
ABBR,Meaning abbreviation,LOL is an ABBR for ‘laugh out loud’.,Used to explain the shortened form of a word or phrase.,LOL stands for 'laugh out loud'.
ABC,Already been chewed,"These ideas are ABC, let’s come up with something original.",Refers to something that’s already been done or overused.,Those thoughts have been exhausted already; let's think of something fresh instead.
ABD,Already been done,"Don’t worry about the task, it’s ABD.",Used to let someone know that a task or project has already been completed.,"Never mind that task, it's taken care of already."
ABT,About,I’m ABT to leave for the meeting.,A shorthand way of saying 'about' in casual texts or messages.,I'm just about to head out for the meeting.
ABT2,About to,I’m ABT2 finish my assignment.,"A shortened version of 'about to,' often used in texting to indicate that something is about to happen.",I'm almost done with my assignment.
ABTA,Good-bye,"It was nice seeing you, ABTA!",Used as a casual way to say goodbye.,"It was cool catching up with you, take care!"
ABU,All bugged up,My computer is ABU after that update.,Refers to a device or system being full of glitches or errors.,My computer's acting up since that update.
AC,Acceptable content,"The report you sent looks good, AC.",Used to describe something that meets the necessary standards or is acceptable.,"The report you sent looks cool, it's all good."
ACC,Anyone can come,"The party is open to everyone, ACC.",Used in invitations or announcements to let others know that anyone is welcome.,Everyone's welcome at the party!
ACD,ALT CONTROL DELETE,"When your computer freezes, just ACD.",Refers to the keyboard command to restart a computer when it’s unresponsive.,"Whenever your computer gets stuck, force a restart instead."
ACDNT,Accident,"Had a minor ACDNT on the way home, but I’m okay.","A shorthand for 'accident,' used in quick or urgent messages.","Ran into a small mishap on my way back, but luckily, I'm alright."
ACE, marijuana cigarette,Let’s roll an ACE for the weekend.,"Slang for a marijuana joint, often used in casual conversations about cannabis.",Let's make a joint for the weekend.
ACK,Acknowledge,Can you ACK that you received the package?,A formal or informal request for someone to acknowledge receiving something.,"Did you receive the package? If so, let me know please."
ACPT,Accept,Did you ACPT the terms of the contract?,A shorthand way of asking if someone has agreed to or accepted something.,Did you agree to the terms of the contract?
ACQSTN,Acquisition,The company’s latest ACQSTN was a huge success.,"Refers to the act of acquiring something, often used in business contexts.",The firm's newest acquisition turned out to be a massive win!
ADAD,"Another day, another dollar","Work was tough today, but ADAD.","Used to express the monotony of daily work life, implying another day of hard work for income.","Work was tough today, but it's just another day earning a buck."
ADBB,"All done, bye-bye","Finished the project, ADBB!",A playful way to indicate that something is completed and to say goodbye.,"Task completed, take care!"
ADD,Address,Can you send me your ADD for the invitation?,Used as a shorthand for 'address' in casual communication.,Could you shoot over the address for the invite?
ADDY,Address,What’s your ADDY for the party?,"Another informal way of saying 'address,' often used in digital conversations.",Where's your address for the party at?
ADIH,Another day in hell,"That meeting was rough, ADIH.",Used to express frustration or exhaustion after a difficult day.,"Man, that meeting was tough as nails today."
ADIP,Another day in paradise,"Spent the day at the beach, ADIP!",A sarcastic or genuine way to describe a perfect or enjoyable day.,"Had a great time at the beach today, another day in bliss!"
ADMIN,Administrator,You’ll need to talk to the ADMIN to get access.,"Refers to someone in charge of managing systems, especially in technical or web-based contexts.",You'll have to chat with the admin to secure access.
ADMINR,Administrator,She’s the ADMINR for this forum.,"Another version of 'administrator,' indicating someone who oversees or manages something.",She's the administrator for this discussion board.
ADN,Any day now,The package should arrive ADN.,Used to indicate that something is expected to happen soon.,"Any minute now, the package should show up."
ADR,Address,I sent the package to your ADR.,"Another shorthand for 'address,' frequently used in written communication.",I sent the package to your delivery address.
AE,Area effect,The spell has an AE that affects multiple enemies.,"Commonly used in gaming, referring to an attack or ability that affects a large area.",The spell influences a wide range of foes.
AEAP,As early as possible,We need that report AEAP!,A polite yet urgent way to ask for something to be done quickly.,Could you please get that report as soon as you can?
AF,April Fools,"Got you good with that prank, AF!",Used to refer to the playful tradition of pulling pranks on April 1st.,"Nailed it with that prank, classic April Fool's joke!"
AFC,Away from computer,"Be right back, AFC for a bit.","Similar to AFK, used to indicate that someone is stepping away from their computer temporarily.","I'll be offline for a moment, away from the computer."
AFAIAA,As far as I am aware,"AFAIAA, the meeting is still on schedule.",Used to clarify or provide information based on one’s current knowledge.,"According to what I'm aware of, the meeting is still as planned."
AFAIC,As far as I am concerned,"AFAIC, we’re good to go.",Used to express someone’s personal stance or opinion on a matter.,"As far as I'm concerned, we're all set."
AFAIK,As far as I know,"AFAIK, they haven’t made a decision yet.","Used to provide information based on the speaker’s knowledge, often with the implication that more details might exist.","As far as I'm aware, they haven't decided anything yet."
AFAIUI,As far as I understand it,"AFAIUI, the project is almost finished.","Used to share understanding or interpretation of a situation, indicating possible uncertainty.","From what I gather, the project is nearly done."
AFAP,As far as possible,"Finish the task AFAP, it’s a priority.",A polite way to request someone to complete something as soon as they can.,Please complete the task as quickly as feasible; it's quite important.
AFFA,"Angels Forever, Forever Angels",He had an AFFA tattoo on his arm.,A motto of loyalty used by members of the Hells Angels motorcycle club.,"He bore a tattoo of 'Angels Ever, Ever Angels' on his arm."
AFJ,April Fool’s joke,"That wasn’t serious, just an AFJ!",Used to indicate that something was said as a prank or joke on April Fools’ Day.,That was merely a prank!
AFZ,Acronym Free Zone,"No need for abbreviations, this is an AFZ.",Used in a playful or formal context to indicate that acronyms or abbreviations shouldn’t be used in a conversation or setting.,No need to use acronyms here; it's a plain English zone.
AFPOE,A fresh pair of eyes,I need AFPOE to review this document.,Refers to asking someone who hasn’t seen the project or work to give new feedback or perspective.,A new perspective would be great for checking over this document.
AGI,agility,He’s got max AGI stats in the game.,Commonly used in role-playing games to describe someone’s speed or dexterity.,He's got top-notch nimbleness in the game.
AH,At home,"I’m AH, just relaxing today.",A simple shorthand for letting others know you’re at home.,"I'm chilling at home today, just taking it easy."
AIAMU,And I am a money’s uncle,You’re saying you finished that in 5 minutes? AIAMU!,A humorous way to express disbelief or skepticism about a claim.,"You're telling me it took just five minutes to complete that? By George, I say that's impressive!"
AIGHT,Alright,"I’ll see you tomorrow, AIGHT?","A casual, slang version of 'alright,' often used in informal conversations.","Sure thing, I'll catch up with you tomorrow."
AIR,As I remember,"AIR, the deadline was next week.",Used to indicate that someone is recalling information from memory.,"As I recall, the deadline was set for next week."
AISB,As it should be,"Everything is going smoothly, AISB.",Used to express satisfaction that things are happening the way they are expected to.,"Everything's running just fine, as expected."
AISI,As I see it,"AISI, we should approach this problem differently.",Used to present someone’s personal perspective on an issue or situation.,"In my opinion, let's tackle this issue from a different angle."
AITR,Adult in the room,I need to be the AITR and handle this responsibly.,Refers to someone taking on a mature or responsible role in a situation.,I've got to step up and act like a mature adult in charge here.
AKA,Also known as,He’s AKA the best coder in the company.,Used to introduce an alternative name or alias for a person or concept.,He's also known as the top-notch coder in the company.
ALCON,All concerned,Please send this memo to ALCON.,Used in formal communication to address all people involved or concerned with a particular matter.,Please circulate this memo to everyone concerned.
ALOL,Actually laughing out loud,"That was so funny, ALOL!","A more literal version of 'LOL,' indicating that someone is genuinely laughing out loud.",That was absolutely hilarious! Laughing out loud!
AMA,Ask me anything (Reddit),Doing an AMA session on Reddit later!,"Popular on Reddit, 'AMA' invites others to ask any question, often used by celebrities or experts.",I'll be doing a Q&A session on Reddit later!
AMAP,As much as possible,Please work AMAP on this project today.,Used to request someone to do as much work or make as much progress as possible within a time frame.,Please try to squeeze in as much time as you can on this project today.
AMBW,All my best wishes,"Congrats on your promotion, AMBW!","A polite and warm way to wish someone the best, often used in closing messages.","Congratulations on your promotion, all my best wishes to you!"
AML,All my love,"Miss you, AML!","Used to send affection or love to someone, often in personal messages or letters.","I really miss you, lots of love!"
AMOF,As a matter of fact,"AMOF, I was planning to call you today.",Used to introduce a fact or clarify a point in a conversation.,"Indeed, I had been intending to give you a ring today."
A/N,Author’s note,A/N: I’ll update the next chapter soon.,"Used in written works, particularly online stories or fanfiction, to indicate a note from the author.",Heads up! New chapter coming soon.
AO,Anarchy Online,I’ve been playing AO all weekend.,"Refers to the MMORPG *Anarchy Online*, commonly used in gaming communities.",I've been stuck in Anarchy Online all weekend.
AOC,Available on cell,I’m AOC if you need to reach me.,A way to let others know that you’re available via phone or cell.,You can hit me up anytime if needed.
AOE,Area of effect,The mage cast an AOE spell on the enemies.,"Common in gaming, referring to abilities or spells that affect a large area or multiple targets.",The mage launched a wide-reaching spell at the opponents.
AOM,Age of majority,"She just turned 18, officially at the AOM.",Refers to the legal age at which a person is considered an adult.,"She's finally eighteen, now legally grown-up."
AOTA,All of the above,When it comes to reasons I’m tired: AOTA.,Used to indicate that all listed options are applicable.,Everything that's been exhausting me? You got it.
AOYP,Angel on your pillow,"Goodnight, sleep tight, AOYP.","A sweet or affectionate way to wish someone peaceful sleep, often used in personal messages.","Goodnight, sleep peacefully, my dear."
APAC,All praise and credit,APAC to the entire team for the hard work!,A way to express gratitude or give recognition to someone or a group.,Kudos to the whole team for your hard work!
APP,Application,I need to install this APP for work.,"Refers to a software application, commonly used in tech-related discussions.",Gotta get that software installed for work.
AQAP,As quick or quiet as possible,We need to finish this AQAP!,Urgency in completing a task swiftly or discreetly.,Let's knock this out swiftly then!
ARC,Archive,I'll ARC these old files.,Refers to archiving or storing documents or data.,I'll save/store these old files.
ARE,Acronym rich environment,Working in tech means being in an ARE.,"Describes an environment where many acronyms are used, often in professional or technical fields.",Working in tech is like being in a verbal shorthand world.
ARG,Argument,Had a huge ARG with my friend last night.,Refers to a dispute or disagreement between people.,We had a massive disagreement with my buddy last night.
ASIG,And so it goes,"The plan didn’t work, ASIG.",Used to express acceptance of an outcome or situation.,"Well, the plan didn't pan out, mate."
A/S/L,Age/sex/location,"Hey, A/S/L?",Used in online chatrooms to ask someone’s basic details.,"Hey there, what's your age, gender, and where are you from?"
ASLA,Age/sex/location/availability,Can you give me your ASLA?,"Expanded version of ASL to include availability, often in personal or dating chats.","Could you tell me your age, gender, location, and current status?"
AT,At your terminal,I'll be AT in 5 minutes.,Indicates being physically present at a workstation or computer terminal.,I'll log in in 5 minutes.
ATB,All the best,"Good luck with your exams, ATB!","A closing remark in communication, wishing well to the other person.",Best of luck with your exams!
ATEOTD,At the end of the day,"ATEOTD, we just want the project to succeed.",Summarizes a final thought or conclusion.,"Regardless, our aim is for this project to be a success."
ATSITS,All the stars in the sky,I love you more than ATSITS.,A poetic or romantic phrase expressing deep affection.,I adore you beyond measure.
ATSL,Along the same line,"ATSL, we should consider other options.",Used in conversations where a similar point or idea is being discussed.,Let's think along similar lines and explore alternative possibilities.
AWC,After awhile crocodile,See you later! AWC!,A playful or casual way to say goodbye.,"Alright then, talk to you later! Cheers!"
AWESO,Awesome,That party was AWESO!,"A short form of 'awesome,' often used to express excitement or satisfaction.",That party was truly fantastic!
AWOL,Away without leaving,He’s been AWOL for a few days now.,Refers to someone being absent without explanation.,He hasn't shown up for a couple of days.
AYDY,Are you done yet?,"I’m waiting, AYDY?",Asking someone if they have completed a task.,Are you finished up yet?
AYBABTU,All your base are belong to us,"That meme is classic, AYBABTU!","A popular internet meme, originating from a mistranslation in a video game.","This meme never gets old, it's still ours!"
AYEC,At your earliest convenience,Please send me the document AYEC.,A polite way to ask someone to respond or act when they can.,Could you please forward that document at your earliest opportunity?
AYOR,At your own risk,"You can go ahead, but AYOR!",Used to warn someone about the potential risks of an action.,Proceed at your own peril!
AYSOS,Are you stupid or something?,"Why would you do that, AYSOS?",An insulting or rhetorical question questioning someone’s intelligence.,What on earth possessed you to do that?
AYS,Are you serious?,AYS? I can’t believe it!,Expresses disbelief or surprise.,"Can't bloody believe it, mate!"
AYT,Are you there?,AYT? Haven’t heard from you.,Asking for confirmation if someone is present in an online or chat setting.,Hey there! I hope this message finds you well. It's been a while since we last connected. How's it going?
AYTMTB,And you’re telling me this because,AYTMTB? What’s the point?,A sarcastic way of asking someone why they are sharing information.,And you're telling me this for what purpose?
AYV,Are you vertical?,AYV? Time to get up!,Playfully asking someone if they are awake or standing.,Up and at 'em! Time to rise and shine!
AYW,As you were,"It’s all good now, AYW.","A way to tell someone to continue what they were doing, often used after an interruption.","Everything's cool now, carry on then."
AZN,Asian,"He’s AZN, right?","A shorthand way to refer to someone’s ethnicity, specifically Asian.","Is he of Asian descent, mate?"
B,Back,I’ll be B in a sec.,"Informal way of saying 'back,' indicating a return.",I'll step away for a moment.
B&,Banned,He got B& from the forum.,Refers to being banned from a website or online community.,He was kicked off the forum.
B2B,Business-to-business,Our company focuses on B2B sales.,Refers to commerce transactions between businesses.,Our business primarily deals in corporate transactions.
B2C,Business-to-consumer,We need to boost our B2C strategy.,Refers to transactions between businesses and individual consumers.,Let's beef up our consumer-focused business approach.
B2W,Back to work,"Break’s over, B2W.",Used when returning to work after a break.,Time to get back at it then!
B8,Bait ,"Don’t take the B8, it’s a trap!",Refers to something used to lure or provoke someone.,Steer clear of that setup – it's a ruse!
B9,Boss is watching,"Quiet, B9!",Warning others that a supervisor or authority figure is present.,"Keep it down, management's around."
B/F,Boyfriend,My B/F is meeting me later.,Refers to a romantic partner who is male.,My boyfriend is meeting me later.
B/G,Background,Give me the B/G on that.,Asking for background information or context.,Fill me in on the details of that situation.
BAG,Busting a gut,I was BAG laughing at that joke!,"Refers to laughing very hard, typically at something humorous.",I was absolutely cracking up over that joke!
BA,Bad *a*,That move was BA!,Complimenting something or someone as tough or impressive.,That move was seriously cool!
BAE,Before anyone else,You’re my BAE.,"Refers to someone special, typically a romantic partner.",You're always my priority.
BAFO,Best and final offer,"This is my BAFO, take it or leave it.",Used in negotiations to present the last offer with no further discussions.,"Here's your revised sentence: ""This is my last word on this matter; let me know if you accept it."""
BAM,Below average mentality,That was such a BAM move.,Insulting someone for making a foolish or unintelligent decision.,That was a rather unintelligent move.
BAMF,Bad ass mother fucker,He handled that like a BAMF!,Complimenting someone for being tough or impressive.,He dealt with that remarkably well!
BAO,Be aware of,BAO of the changes in the schedule.,Used to warn or inform someone of something they should notice or consider.,Keep a close eye on the modifications in the schedule.
BAS,Big ‘butt’ smile,He had a BAS after hearing the good news.,"Describes someone smiling widely, often in a lighthearted way.",He sported a broad grin following the good news.
BASIC,Meaning anything mainstream,Her outfit is so BASIC.,Used to criticize someone or something for being overly mainstream or unoriginal.,Her attire is so ordinary.
BASOR,Breathing a sigh of relief,"Finally finished the project, BASOR!",Expresses relief after completing a task or when something goes well.,"Phew, finally done with the project!"
BAU,Business as usual,"After the meeting, it was BAU.",Indicates that things have returned to normal or routine activities.,"Post the meeting, things went back to normal."
BAY,Back at ya,Good luck! BAY!,A casual way to return a compliment or greeting.,"Alright then, take care and I'll get back to you!"
BB,Be back,"I’m stepping out, BB in 10.",Tells someone you’ll return soon.,"I'll be gone for a bit, back in ten minutes."
BBC,Big bad challenge,This new project is a BBC.,Refers to a particularly difficult or daunting task.,This new project is quite a tough nut to crack.
BBIAB,Be back in a bit,"Gotta run, BBIAB!","A temporary goodbye, indicating that you'll return shortly.","I've gotta jet, but will catch up soon!"
BBIAF,Be back in a few,"I’m heading to the store, BBIAF.",A quick way to let someone know you'll return in a few minutes.,"Heading out to the store, be back shortly."
BBIAM,Be back in a minute,"Hold on, BBIAM.",Indicates a very short absence.,"Just a sec, I'll be right back."
BBIAS,Be back in a sec,"Let me grab some water, BBIAS.","Used for an even quicker departure, usually a few seconds.","Just a moment, I'll be right back."
BBN,"Bye, bye now","Time for me to head out, BBN!","A casual way to say goodbye, often at the end of a conversation.","Alright then, it's time for me to scram. Cheers!"
BBQ,Barbeque,We’re having a BBQ this weekend!,"Refers to a social event where food, especially grilled, is served.",We're grilling out this weekend!
BBT,Be back tomorrow,"Work’s done for today, BBT.",Indicates you won’t be returning until the next day.,"All set for today, see you tomorrow."
BC,Because,I’m late BC traffic was crazy.,"A shorthand for 'because,' used to explain a reason.",I'm late due to the insane traffic.
B/C,Because,I’m leaving early B/C I have an appointment.,"Another shorthand for 'because,' often used in text or chat.",I'm dashing off early as I've got an appointment.
BCNU,Be seeing you,"It was nice catching up, BCNU!","A casual way to say goodbye, with the expectation of seeing the person again soon.","It was great chatting again, take care!"
BCOS,Because,I’m heading home early BCOS I’m tired.,"An informal version of 'because,' used to explain something.",I'm bailing early 'cause I'm knackered.
BCO,Big crush on,I think I have a BCO that new guy.,Indicates romantic interest in someone.,I've got quite a strong liking for the new guy.
BCOY,Big crush on you,I didn’t know you had a BCOY!,Directly expressing that someone has romantic feelings for another person.,I didn't realize I had feelings for you that deep!
BD,Big deal,"It’s not that hard, no BD.",Downplays something that others might find challenging or significant.,"Not a biggie, no problemo."
BDAY,Birthday,My BDAY is next week!,Refers to someone’s birthday.,My birthday's coming up next week!
B-DAY,Birthday,Happy B-DAY!,"Another way to refer to a birthday, often in text.",Happy Birthday!
BDN,Big darn number,That’s a BDN to solve!,"Refers to a very large or complicated number, often in financial or mathematical discussions.",That's quite a challenge to tackle!
BEG,Big evil grin,He looked at me with a BEG after pulling the prank.,Describes someone smirking mischievously or evilly.,He flashed a wicked grin at me after playing the trick.
BELF,Blood Elf,My main character in WoW is a BELF.,Refers to the Blood Elf race in the video game *World of Warcraft*.,My main World of Warcraft character is a Blood Elf.
BF,Boyfriend,I’m meeting my BF for dinner.,Refers to a romantic partner who is male.,I'm having dinner with my boyfriend tonight.
BFAW,Best friend at work,He’s my BFAW; we have lunch together every day.,Refers to a close friend at the workplace.,He's my closest work buddy; we share lunch together daily.
BF2,Battlefield 2,I’m playing BF2 tonight.,Refers to the popular video game *Battlefield 2*.,I'm firing up Battlefield 2 tonight.
BFFL,Best friends for life,We’ve been BFFL since high school.,"Similar to BFF, emphasizes the idea of a lifelong friendship.",We've been the best of friends ever since our high school days.
BFFLNMW,"Best friends for life, no matter what","Even though we’re miles apart, we’re BFFLNMW.",Strongly emphasizes an unbreakable friendship regardless of circumstances.,"No matter how far apart we are, our friendship remains rock solid."
BFD,Big freaking deal,"It’s not that hard, no BFD.",Can either play down or exaggerate the significance of something.,"It's not a huge challenge, no biggie."
BFG,Big freaking grin,She gave me a BFG when I told her the news.,"Describes a large, joyful smile.",She flashed an enormous grin at me upon hearing the news.
BFFN,Best friend for now,"We’re not as close anymore, just BFFN.",Refers to a temporary or less permanent friendship.,"We're still pals, but more like best friends for now."
BG,Big grin,He walked in with a BG after winning the game.,"Describes someone smiling widely, usually from happiness.",He sauntered in sporting a wide grin after securing the win.
BGWM,Be gentle with me,"It’s my first time here, BGWM!",A playful request for someone to treat you with care or patience.,"Hey, I'm new here, so could you please be easy on me?"
BHL8,Be home late,"Running late, BHL8 tonight.",Used to inform someone that you’ll be getting home later than expected.,"Running a bit behind tonight, I'll be home later."
BIB,Boss is back,"Gotta go, BIB.","A quick warning that the boss has returned, often in workplace chat.","Got to scram, he's returned."
BIBO,"Beer in, beer out","Had too many beers last night, you know how it is, BIBO!",Refers humorously to the cyclical effects of drinking beer.,"Had a bit too much beer last night, know what I mean? Cheers to that!"
BIC,Butt in chair,It’s time to get BIC and finish this report.,Refers to sitting down and getting focused on work.,Time to sit down and knock out that report.
BIF,Before I forget,"BIF, don’t forget the meeting at 3!",Used to quickly mention something before it slips the person’s mind.,"Hey, just a heads up, don't forget the meeting at 3!"
BIH,Burn in hell,"I’m so mad at him, he can BIH.",Used in extreme anger to wish harm or suffering on someone.,I'm really angry with him; may he suffer greatly!
BIL,Brother in law,I’m hanging out with my BIL this weekend.,Refers to a person’s brother-in-law.,I'll be spending time with my brother-in-law this weekend.
BIO,I’m going to the bathroom,"BRB, BIO.",A casual way to let someone know you’re stepping away to use the restroom.,"Be right back, off to the restroom."
BION,Believe it or not,"BION, I actually won the lottery!",Used to express surprise or disbelief in a statement.,"Incredible, but true – I actually won the lottery!"
BIOYA,Blow it out your ass,"I don’t care what you think, BIOYA.",A rude or dismissive response when someone is frustrated or angry.,"Couldn't give a fig about your opinion, mate."
BIOYN,Blow it out your nose,"You’re being ridiculous, BIOYN.",A less harsh but still dismissive insult.,"You're acting foolishly, clear it out of your system."
BIS,Best in slot,That new sword is BIS for my character.,Used in gaming to refer to the best possible item or gear for a specific role or class.,That new sword's top-notch for my character.
BISFLATM,Unverified,The news about the merger is BISFLATM for now.,Indicates something that hasn’t been confirmed or is uncertain.,"The scoop on the merger's still unconfirmed, as of now."
BITMT,But in the meantime,"We’re waiting for the results, BITMT, let’s finish the other tasks.",Used to transition between actions or tasks while waiting.,"Alrighty then, we're hanging out here for the outcomes. In the meantime, let's wrap up those remaining tasks!"
BL,Belly laugh,That joke gave me a BL!,Describes a hearty and genuine laugh.,That joke had me cracking up good!
BLNT,Better luck next time,"Didn’t win the game, BLNT!",A light-hearted way to console someone after a loss or failure.,"Oops, guess we didn't get the victory this time around. Better luck next time!"
Bloke,Discord,I’m chatting with some blokes on Discord.,Refers to people (often friends or acquaintances) in Discord or another chat group.,I'm having a chat with a few folks on Discord.
BM,Bite me,"If you don’t like it, BM!","A dismissive or defiant response, often in arguments.","If you don't like it, tough luck!"
BME,Based on my experience,"BME, that’s not how it usually works.",Used to introduce a statement based on personal experience.,"From my experience, that's not typically how things go."
BM&Y,Between me and you,"BM&Y, I think she’s going to quit soon.",A way to share confidential information privately.,"Just between us, I think she's about to resign soon."
BOB,Back off buddy,"That’s my seat, BOB!","Tells someone to back off or give space, often in a playful or annoyed manner.","Back off, that's my spot!"
BN,Bad news,Got some BN about the project.,Refers to receiving or sharing bad or unfortunate information.,Found out some trouble with the project.
BOE,bind on equip,I just found a BOE item in the dungeon.,"Used in gaming, specifically MMOs, to describe an item that becomes bound to a character once equipped.",I just snagged an equippable item from the dungeon.
BOHICA,Bend over here it comes again,Another round of layoffs? BOHICA.,Used humorously or cynically when facing a repeated negative experience.,Here we go again with another round of layoffs... Prepare yourself for impact.
BOL,Best of luck,BOL on your new job!,A wish for good fortune or success.,Good luck on your new job!
BOM,Because of mine,"I’m late BOM, I had a meeting.",Used to explain something that happened because of a personal issue.,"I'm running late, because of a meeting."
BOLO,Be on the look out,BOLO for the new shipment tomorrow.,"A request to keep an eye out for something, often used in law enforcement or general caution.",Keep an eye out for the incoming shipment tomorrow.
BOOMS,Bored out of my skull,This meeting is making me BOOMS.,"Describes extreme boredom, typically in a tedious situation.",This meeting's driving me up the wall.
BOP,bind on pickup,"This sword is BOP, so I have to decide if I want it.",Used in gaming when an item becomes bound to the character as soon as it’s picked up.,"This sword is a grab-and-go deal, so I gotta think about whether I should snag it."
BOSMKL,Bending over smacking my knee laughing,That video had me BOSMKL!,"Describes uncontrollable laughter, similar to ROFL.",That video had me rolling with laughter!
BOT,Back on topic,"Okay, BOT, what’s the next agenda item?",Used in meetings or conversations to refocus on the main subject after a diversion.,"Alrighty then, what's the topic we should be discussing next?"
BMS,"Broke my scale, used when rating someone","You’re so gorgeous, you BMS!","A compliment used when someone is off-the-charts amazing, especially in attractiveness.","You're absolutely stunning, you knock 'em dead!"
BOYF,Boyfriend,My BOYF is meeting me for dinner.,Refers to someone’s male romantic partner.,My boyfriend's having dinner with me.
BPLM,Big person little mind,"He’s all talk, just a BPLM.",A derogatory term for someone who is physically imposing but lacks intellect or common sense.,"He's all hot air, got a big body and a small mind."
BR,Best regards,"Looking forward to the meeting, BR.",A formal or semi-formal way to close an email or message.,"Eager for our meeting, kind regards."
BRBB,Be right back bitch,"Hold on, BRBB!","A casual and sometimes playful way of telling someone you’ll be back shortly, with a bit of attitude.","Alrighty, I'll be back in a sec!"
BRNC,"Be right back, nature calls","Need a quick break, BRNC.",A humorous way to say you’re stepping away to use the restroom.,"I'll be right back, excuse me for a moment."
BRD,Bored,I’m so BRD at work today.,Expresses boredom or disinterest.,"Man, I'm really feeling bored at work today."
BRH,Be right here,I’ll BRH if you need anything.,Used to assure someone you’ll be present or available.,I'm here if you need me.
BSF,But seriously folks,"BSF, let’s get back to the point.",Used to transition from a joke or lighthearted moment back to seriousness.,"Alright, let's get down to business now."
BSOD,Blue screen of death,My computer just hit me with the BSOD!,"Refers to the blue screen error in Windows, indicating a critical system failure.",My PC just gave me a fatal error!
BSTS,Better safe than sorry,"I’m bringing an extra charger, BSTS.",A cautious approach to avoid potential problems.,Got an extra charger just in case.
BT,Bite this,"If you don’t like my idea, BT.","A defiant or dismissive response, similar to 'bite me'.","If you're not fond of my idea, tough luck."
BTA,But then again,"It seems like a good idea, BTA, it might not work out.",Used to express a reconsideration or alternate view.,"Seems like a solid plan, doesn't it? But then again, things might not go as planned."
BTDT,"Been there, done that","Oh, another road trip? BTDT.",Indicates that someone has already experienced something and is possibly uninterested in doing it again.,"Already been on a road trip like that, haven't I?"
BTYCL,Meaning ‘Bootycall’,I got a BTYCL last night.,"Refers to a late-night request for a casual, often intimate, encounter.",Had a casual visit overnight.
BUBU,The most beautiful of women,"She's absolutely stunning, a real BUBU.",Used as a compliment to describe an exceptionally beautiful woman.,She's simply breathtakingly beautiful.
BURN,Used to reference an insult,That was a sick BURN during the debate!,"Refers to a clever or harsh insult, often used humorously.","Man, that was a sharp jab during the debate!"
Buff,changed and is now stronger,The mage class got a Buff in the new update.,Used in gaming to describe a character or item that has been improved or made stronger.,The mage class has been given an enhancement in the latest update.
BWL,Bursting with laughter,That joke had me BWL!,"Indicates extreme laughter, similar to 'LOL' but more intense.",That joke left me in stitches!
BYOB,Bring your own beer,"We’re having a party this weekend, BYOB!",Commonly used for parties where guests are expected to bring their own drinks.,"We've got a shindig coming up this weekend, feel free to bring some brews along!"
BYOC,Bring your own computer,"The LAN party is BYOC, so don’t forget your setup!","Refers to events, often gaming-related, where participants need to bring their own computers.",Don't forget to bring your own computer for the LAN party!
BYOD,Bring your own device,"Our company is BYOD, so you can use your own laptop.",Often used in workplaces or events where attendees bring their own tech devices.,Feel free to bring your personal laptop here at our workplace!
BYOH,Bat you on the head,"If you mess up again, I’ll BYOH!","A playful threat, often used in a light-hearted manner.","If you mess up again, I'll give you a friendly reminder!"
BYOP,paintball,We’re going to the BYOP field this weekend.,Refers to a paintball event or venue where participants bring their own gear.,Let's hit the paintball field this weekend!
BYTM,Better you than me,"That meeting sounds rough, BYTM!",Used humorously to express relief that someone else is facing a tough situation instead of you.,"That meeting seems tough on you, I'd rather be in your shoes!"
C&G,Chuckle & grin,That joke made me C&G.,"Indicates mild amusement, typically a small laugh or smile.",That joke had me grinning ear to ear.
C4N,Ciao for now,"I’ve got to run, C4N!","A casual way of saying goodbye, implying that you’ll see the person again soon.","Gotta scram, see ya later!"
CAD,Control + Alt + Delete,"My computer froze, time for a CAD.",Refers to using the Ctrl+Alt+Delete command on a computer to restart or manage tasks.,Time to restart my computer.
Cakeday,Birthday,Happy Cakeday! Hope you have a great one!,"A fun way to refer to someone’s birthday, often used on social media.",Happy Birthday! Have a fantastic day!
CAM,Camera,Turn on your CAM for the meeting.,"Refers to a camera, usually in the context of video calls or photography.","Fire up the camera for the meeting, please."
CB,Coffee break,"I’m heading out for a CB, anyone joining?",A short break during work or study to grab coffee.,"Heading out for a short break, anyone care to tag along?"
CD9,parents are around,"I can’t talk right now, CD9.",Used in online chats or texting to discreetly tell someone that parents are nearby.,"Gotta mute this call, folks are listening in."
CFS,Care for secret?,CFS? I have some juicy gossip.,Asking someone if they want to hear confidential or secretive information.,Got a secret to share? I've got some interesting news for you.
CFY,Calling for you,"Hey, CFY! Need your help with something.",Used to grab someone’s attention when they are needed.,"Hey, you're needed here for something. Could use your assistance!"
CHK,Check,Can you CHK if the report is ready?,A simple request to verify or review something.,Have you looked to see if the report is done yet?
CIAO,Good-bye,"Heading out now, CIAO!","A friendly way to say goodbye, often used in casual conversations.","Alright then, see you later!"
CICO,"Coffee in, coffee out","Too much caffeine, CICO time!",Humorously refers to needing to use the restroom after drinking coffee.,"Got a bit too juiced up on coffee, time for some decaf!"
CID,Crying in disgrace,"After that presentation, I’m CID.",Expresses feeling of shame or embarrassment.,"Man, after that presentation, I'm feeling pretty embarrassed."
CLAB,Crying like a baby,I was CLAB during that sad movie.,Describes someone being very emotional or crying intensely.,I was blubbering like a baby during that sad movie.
CLD,Could,I CLD help you with that later.,"A shorthand way of saying 'could,' often in texts or informal messages.","Sure thing, I can lend a hand with that later."
CLK,Click,Just CLK here to sign up.,"Refers to pressing or selecting a button or link, typically online.",Just tap here to register.
CM,Call me,"I need to talk, CM when you’re free.",A request for someone to call on the phone.,Let's chat when it suits you best.
CMAP,Cover my ass partner,Can you be my CMAP during the meeting?,A trusted person who helps or supports someone in a tricky situation.,"Could you back me up during the meeting, please?"
CMB,Call me back,"Missed your call, CMB when you can.",A request for someone to return a phone call.,"Missed your call, give me a shout when you're free."
CMGR,Community manager,She’s the CMGR for our online forum.,Refers to someone who manages online communities or social media.,She manages our online community forum.
CMIIW,Correct me if I’m wrong,"CMIIW, but isn’t the meeting tomorrow?",Used when someone is unsure about a statement and wants confirmation.,Just wanting to check - isn't the meeting scheduled for tomorrow?
CMON,Come on,"CMON, you can’t be serious!",A phrase used to express disbelief or to encourage someone.,"Hurry up, you can't be genuine about this!"
CNP,Continued in next post,"This story is too long, CNP!",Used in forums or blogs to indicate that the rest of the message will follow in the next post.,"This tale's too lengthy, to be continued!"
COB,Close of business,We need the report by COB today.,Refers to the end of the workday or business hours.,The report should be submitted by end of day today.
COH,City of Heroes,I’m logging into COH tonight.,"Refers to the video game *City of Heroes*, an online multiplayer role-playing game.",I'm heading to the virtual superhero world tonight.
COS,Because,I’m staying in COS it’s raining.,"A shorthand way of saying 'because,' often used in casual conversations or texting.",I'll stick around because it's pouring.
C/P,Cross post,I’ll C/P this to the other forum too.,"Refers to sharing or posting the same message in multiple places, typically online.",I'll post this on the other forum as well.
CP,Chat post,I’ll respond to your CP later.,Refers to a message or post in a chat or online discussion.,I'll get back to your chat post later.
CR8,Create,I’m trying to CR8 a new design.,"A shorthand way of saying 'create,' often used in text or digital communication.",I'm working on creating a fresh design.
Cray,crazy,That concert was totally Cray!,"Refers to something wild, exciting, or extreme, usually in a positive or amazed tone.",That concert was absolutely bonkers!
CRE8,Create,I’m going to CRE8 a new logo.,"Another version of shorthand for 'create,' used in text or design discussions.",I'm gonna design a fresh new logo.
CRA CRA,crazy,That party was CRA CRA!,An exaggerated way of saying something was very wild or chaotic.,That party was insane!
CRAFT,Can’t remember a freaking thing,"I’ve been studying all night, but now I CRAFT!",Used humorously to express forgetfulness or brain fog.,"Despite studying all night, I've utterly forgotten everything now."
CRB,Come right back,"I just need to grab something, CRB.",A promise to return quickly after leaving for a short time.,"I'll just be a minute, right back."
CRBT,Crying really big tears,That movie had me CRBT at the end.,Describes being very emotional or crying a lot.,That movie left me in tears at the end.
CRIT,critical hit,I landed a CRIT on the boss!,"A term from gaming, referring to a particularly powerful or successful attack.",Nailed a deadly strike against the boss!
CRZ,Crazy,That rollercoaster was CRZ!,"Used to describe something wild, intense, or extreme, often in a fun or exciting way.",That rollercoaster was utterly mad!
CRS,Can’t remember stuff,"I’ve got CRS lately, where did I put my keys?",A humorous way to describe forgetfulness or memory lapses.,"I've been having a brain fog recently, where on earth did I leave my keys?"
CSG,"Chuckle, snicker, grin",That meme got a CSG out of me.,Describes a mild reaction to something amusing or funny.,That meme had me chuckling.
CSS,Counter-Strike Source,I’m going to hop on CSS tonight for some games.,Refers to the popular multiplayer first-person shooter game *Counter-Strike: Source*.,I'll play some Counter-Strike Source this evening.
CT,Can’t talk,"CT now, call you later.",Used to quickly inform someone that you are unable to talk at the moment.,"Gotta step away for a bit, will reach out soon."
CTC,Care to chat?,"Hey, CTC for a bit?",A casual invitation to chat or have a conversation.,"Hey, fancy a quick chat?"
CTHU,Cracking the heck up,That video had me CTHU!,"Describes laughing really hard at something, similar to LOL but stronger.",That video left me in stitches!
CTN,Can’t talk now,"CTN, I’m in a meeting.",Used to let someone know you’re currently unavailable for a conversation.,"Not able to chat at the moment, I'm in a meeting."
CTO,Check this out,"CTO, you have to see this!",A way to direct someone's attention to something interesting or important.,"Check this out, you gotta see it!"
CU2,See you,"Take care, CU2 soon!","Similar to CU, used to bid farewell.","Take care then, see you soon!"
CUA,See you around,"Alright, CUA!","A casual goodbye, implying you’ll see the person again at some point.","All right, let's catch up later then!"
CUL,See you later,"Gotta go, CUL!",A brief and informal way of saying 'see you later.',"Alright, talk to you later!"
CULA,See you later alligator,"Heading out, CULA!",A playful or lighthearted way of saying goodbye.,"Alrighty then, take care!"
CUMID,See you in my dreams,"Goodnight, CUMID!","A sweet or flirty way to say goodbye, especially before bedtime.","Goodnight, dream on!"
CURLO,See you around like a donut,"I’ll CURLO, don’t be a stranger!","A fun, playful version of 'see you around,' adding humor with the donut reference.","See you around, don't be a no-show!"
CWD,Comment when done,Check out the doc and CWD.,A request for someone to leave feedback or a comment after completing something.,"Review the document first, then comment when you're done."
CWOT,Complete waste of time,That meeting was a total CWOT.,Used to express frustration when something feels pointless or unproductive.,That meeting was utterly pointless.
CWYL,Chat with you later,"I’m logging off, CWYL!","A casual goodbye, indicating you’ll talk to the person again later.","Talking to you soon, take care!"
CX,Correction,"Oops, CX: the meeting is tomorrow.",Used to make a correction or clarification in a conversation or post.,"Whoops, my mistake! The meeting is actually tomorrow."
CYAL8R,See you later,"Got to go, CYAL8R!","A creative abbreviation for 'see you later,' commonly used in texting.","Alright then, see you later!"
CYE,Check your e-mail,"I sent you the details, CYE!",A prompt for someone to check their inbox for new information.,"Check your inbox, mate!"
CYEP,Close your eyes partner,"It’s a surprise, CYEP!",A playful or teasing phrase often used to create anticipation for a surprise.,"Shh, it's a surprise!"
CYO,See you online,I’ll CYO for the game later.,"Used to indicate that you’ll see someone in an online setting, often in gaming or chat.",I'll chat online for the game later.
D2,fingers,I’ll give you a D2 when I’m ready.,"Refers to a quick gesture or signal, possibly peace or victory fingers.",I'll show you my hands when I'm ready.
D46?,Down for sex?,Are you D46?,A casual or slangy way of asking if someone is interested in an intimate encounter.,Up for it tonight?
DA,the,Let’s head to DA movies.,"A shortened or informal way of saying 'the,' used in casual speech or typing.",Let's head to the movies.
DAE,Does anyone else?,DAE feel like today’s been really long?,"Used to pose a question to a group, often to see if others share the same feeling or experience.",Does anyone else find today particularly lengthy?
DAFUQ,What the *Freak*?,DAFUQ just happened there?,"A strong expression of confusion or disbelief, usually about something surprising or shocking.",What in the world just happened there?
DAM,Don’t annoy me,"I’m busy, DAM!",A direct way to tell someone not to bother or irritate you.,"I've got a lot going on right now, can we chat later?"
DAoC,Dark Age of Camelot,I’m playing DAoC this weekend.,Refers to the online multiplayer role-playing game *Dark Age of Camelot*.,I'll be playing Dark Age of Camelot this weekend.
DBAU,Doing business as usual,"Even with the changes, we’re DBAU here.","Indicates that things are continuing as normal, despite any outside circumstances.","Regardless of the updates, we're carrying on as before around here."
DBEYR,Don’t believe everything you read,"Be careful online, DBEYR.","A reminder to be skeptical about the accuracy of information, especially on the internet.","Watch out on the internet, take things with a grain of salt."
DC,Disconnect,I got DC’d from the server!,"Refers to losing connection, typically in online games or chats.","Oops, I seem to have been kicked off the server!"
DD,Dear daughter,My DD is starting school this year.,A term of affection used to refer to one’s daughter.,My dear one is beginning her studies this year.
DDG,Drop dead gorgeous,She looked absolutely DDG in that dress.,A compliment used to describe someone who is extremely attractive.,She was stunningly beautiful in that dress.
DEEZ NUTZ,A phrase used in online chat to annoy or frustrate those involved in the conversation.,"You walked right into that one, DEEZ NUTZ!",A popular internet phrase used humorously to troll or provoke someone.,"You fell for it hook, line, and sinker, matey!"
DEGT,Dear daughter,My DEGT loves playing soccer.,"Another affectionate term for one’s daughter, similar to 'DD.'",My dear daughter enjoys playing soccer.
DERP,stupid,"I forgot my keys again, DERP.","Used to describe a silly or foolish mistake, often self-deprecating.","Blimey, I've forgotten my keys once more, clueless me."
DF,Don’t even go there,"I’m not talking about that, DF!",A warning to avoid a sensitive or controversial topic.,"Not touching that topic, mate!"
DFL,Dead freaking last ,"I finished the race DFL, but at least I finished!",A humorous way to admit coming in last place in a competition or event.,"I came in last place in that race, but still managed to cross the finish line!"
DGA,Don’t go anywhere,"I’ll be right back, DGA!",A request for someone to stay put while you leave briefly.,"I'll just be a sec, stick around please."
DGAF,Don’t give a freak,He DGAF about what people think.,Expresses apathy or indifference toward something or someone’s opinion.,Couldn't care less about what others think.
DGT,Don’t go there,"We’re not talking about that, DGT.",A way to stop someone from discussing a sensitive or unwanted topic.,"Let's leave that alone, mate."
DGTG,"Don’t go there, girlfriend","You did not just say that, DGTG!",A sassy or emphatic way to tell someone to avoid a specific subject or behavior.,"That's a step too far, mate! Keep it moving."
DGYF,"Dang, girl you fine","Saw you at the party last night, DGYF!",A compliment typically used to express admiration for a woman's appearance.,"Wow, I saw you at the party last night and you looked stunning!"
DH,Dear husband,My DH is cooking dinner tonight.,Refers to one’s husband in a loving or affectionate way.,My husband's preparing dinner tonight.
DHU,support,Thanks for the DHU during the tough times.,Expressing appreciation for someone’s emotional or practical support.,Thank you so much for being there with me through the hard times.
DIIK,Darned if I know,What’s the answer to this problem? DIIK.,Used to express uncertainty or lack of knowledge.,"Gosh darn it, I haven't the foggiest idea about that problem."
DIKU,Do I know you?,"Hey, DIKU? You look familiar.",A way of asking someone if they’ve met before or if they are acquainted.,"Hey, do I recognize you from somewhere? You seem somewhat familiar."
DILLIGAF,Do I look like I give a freak?,"You can complain all you want, but DILLIGAF.","A sarcastic or dismissive response, indicating indifference.","You can whine and moan all you like, but frankly, I don't care."
DILLIGAS,Do I look like I give a sugar?,You think that bothers me? DILLIGAS.,"A more polite version of DILLIGAF, showing disinterest or lack of concern.",You reckon that's an issue for me? Not a bit of it.
DIS,Did I say?,DIS I wouldn’t help you? Think again.,"A defensive or rhetorical response, used when someone is being questioned.",Didn't I just say I wouldn't assist you? Think twice.
DITYID,Did I tell you I’m distressed?,DITYID about how stressful work has been?,Used to express frustration or to vent about a difficult situation.,"Feeling pretty overwhelmed with work lately, haven't I?"
DIY,Do it yourself,"If you want it done right, just DIY.",Encourages someone to handle a task on their own instead of relying on others.,"If you're aiming for perfection, take care of it yourself."
DKDC,"Don’t know, don’t care",What’s happening in the news today? DKDC.,"Apathy or indifference about a situation, showing that the person neither knows nor cares.",I couldn't care less about what's happening in the news today.
DKP,Dragon kill points,I earned a ton of DKP during the raid.,"Refers to points accumulated in online role-playing games, typically in raids or group events.",I bagged loads of dragon points during the raid.
D/L,Download,I’m waiting for the new game to D/L.,"Refers to downloading files or software, often used in tech or gaming contexts.","I'm just hanging out, waiting to grab that fresh new game."
DL,Download,The file is taking forever to DL.,A shorthand version of 'download.',The file's taking ages to download.
DLBBB,Don’t let the bed bugs bite,Goodnight! DLBBB!,"A playful way to say goodnight, wishing someone peaceful sleep.",Good night! Sleep tight and don't worry about pesky critters.
DLTBBB,Don’t let the bed bugs bite,"Sleep well, DLTBBB!","Similar to DLBBB, used to wish someone a good night.","Sleep tight, don't worry 'bout a thing!"
DM,Doesn’t matter,It DM whether we go now or later.,"Used to show indifference, implying that the outcome is unimportant.",It doesn't make much difference if we go now or later.
DMNO,Dude Man No Offense,"DMNO, but that was a weird thing to say.","Used to soften a potentially offensive or blunt statement, similar to saying 'no offense.'","Buddy, I've got to say, that was quite an unusual comment."
DMY,Don’t mess yourself,"That movie wasn’t scary at all, DMY!",A playful way to tell someone not to overreact or be too scared.,"That film wasn't even remotely terrifying, take care!"
DN,Down,I’m DN to hang out later.,A casual way of saying you’re interested or willing to do something.,I'm not really up for hanging out later.
DNC,I do not understand,What did you mean by that? DNC.,Used when someone is confused or doesn’t comprehend something.,What on earth do you mean by that? I'm clueless.
DNR,Dinner,Let’s grab DNR tonight.,"A shorthand for 'dinner,' often used in casual text conversations.",Let's get dinner tonight.
DNT,Don’t,DNT forget to bring the tickets!,"A shortened version of 'don’t,' typically used in texting or casual chats.","Don't forget those tickets, okay?"
d00d,Dude,"What’s up, d00d?","A playful or slang version of 'dude,' often used in gaming or online culture.",Hey there! How's it going?
DOE,Daughter of Eve,"She’s a true DOE, always kind and caring.","Refers to a woman, often used with a biblical or spiritual connotation.",She's truly an embodiment of compassionate womanhood.
DORBS,Adorable,That puppy is so DORBS!,A cutesy way of saying something is adorable or very cute.,"Oh my goodness, that puppy is absolutely charming!"
DOT,Damage over time,I applied a DOT spell during the boss fight.,"A gaming term, referring to a status effect that causes damage to a target over a period of time.",I casted a sustained-damage curse during the boss battle.
Downvote,Voting negatively,"My comment got a downvote, guess it wasn’t popular.",Used on online platforms like Reddit to express disapproval or disagreement by voting a comment or post down.,"My comment didn't seem to resonate, looks like it wasn't well-liked."
DPS,Damage per second,I’m playing a DPS role in the raid.,A gaming term referring to how much damage a character can deal in one second.,I'm handling the damage output in the raid.
DQMOT,Don’t quote me on this,"I think the meeting is tomorrow, but DQMOT.",A disclaimer used when someone isn’t sure about the accuracy of their statement.,"I believe the meeting is scheduled for tomorrow, but take that with a grain of salt."
DR,Didn’t read,"DR, what’s the summary?",Used to indicate that someone didn’t read a long message or article and wants a summary.,"Didn't catch the summary, could you fill me in?"
DS,Dear  son,My DS is coming home from college this weekend.,A term of affection for one’s son.,My dear son is returning from college this weekend.
DTRT,Do the right thing,"Even if it’s hard, always DTRT.",Encourages someone to act ethically or make the best decision.,"No matter how tough, always do what's right."
DTS,Don’t think so,Are you coming to the party? DTS.,A casual way of expressing doubt or saying no.,Aren't you coming to the party? Not really.
DTTD,Don’t touch that dial,"We’ll be right back, DTTD!","Used to ask someone not to leave or change something, typically in broadcasting or TV contexts.","Just a sec, hang tight!"
DUPE,Duplicate,I accidentally made a DUPE of the file.,"Refers to creating a duplicate or copy of something, often used in tech or gaming.",I goofed and created a duplicate of the file.
DUR,Do you remember?,DUR that trip we took last year?,A shorthand way of asking if someone recalls something from the past.,"Hey, do you recall that trip from last year?"
DV8,Deviate,Let’s not DV8 from the original plan.,Refers to moving away from or changing the intended course or plan.,"Let's stick to the original scheme, alright?"
DW,Dear  wife,My DW planned a surprise for my birthday.,A term of affection for one’s wife.,My wife arranged a surprise for my birthday.
DWF,Divorced white female,She’s listed as a DWF in the profile.,Refers to a person’s status in online dating or social profiles.,"She's a divorced woman, according to her profile."
DWM,Divorced white male,He’s a DWM looking for a new start.,"Similar to DWF, describes a man’s relationship status on dating platforms.",This fellow is a divorced white man seeking fresh beginnings.
DXNRY,Dictionary,I had to check the DXNRY to figure out what that word meant.,"A shorthand for dictionary, used in casual writing or texts.",Had to look up that word in the dictionary to understand its meaning.
DYNWUTB,Do you know what you are talking about?,"You keep saying that, but DYNWUTB?","A sarcastic or questioning remark, asking if the other person truly understands what they are saying.",Are you just talking without knowing what you're talking about?
DYFI,Did you find it?,"You were looking for your keys, DYFI?",A question asking if someone has found something they were searching for.,Did you manage to find your keys?
DYFM,"Dude, you fascinate me","The way you explain things, DYFM!","A compliment, often used humorously or sincerely to express admiration for someone’s personality or knowledge.","Man, you really know how to make things clear!"
DYJHIW,Don’t you just hate it when…?,DYJHIW you lose your keys right when you need them?,Used to start a relatable complaint or frustration.,"Ugh, isn't it frustrating when you misplace your keys exactly when you need them?"
DYOR,Do your own research,"Before you invest, make sure to DYOR.","Encouraging someone to independently verify information, often used in finance or cryptocurrency discussions.","Before you invest, be sure to look things up yourself."
E,Ecstasy,She was at the club on E last night.,"Refers to the drug Ecstasy, often used in conversations about parties or nightlife.",She was on molly at the club last night.
E1,Everyone,E1 needs to be ready by 5 PM.,A shorthand way to refer to 'everyone' in a group.,Everyone should be prepared by 5 PM.
E123,"Easy as one, two, three","Don’t worry about it, it’s E123!",Used to describe something simple or straightforward.,"No need to stress, it's a breeze!"
E2EG,Ear to ear grin,"After hearing the good news, I had an E2EG.","Describes a wide, happy smile.","After learning the great news, I couldn't help but flash a broad smile from ear to ear."
EAK,Eating at keyboard,"I’ll reply in a bit, I’m EAK right now.",Used when someone is multitasking by eating while at their computer.,"I'll get back to you soon, I'm currently munching at my keyboard."
EBKAC,Error between keyboard and chair,"It’s not a tech issue, just an EBKAC!",A humorous way of blaming a problem on the user rather than the computer.,"It's not a technical problem, it's user error!"
ED,Erase display,I accidentally hit ED and lost my work.,"Refers to clearing or erasing a screen or display, often in tech contexts.","Oops, I inadvertently wiped out my work on the screen."
EF4T,Effort,That took a lot of EF4T to complete.,"Shorthand for 'effort,' used to describe something that required a lot of work or energy.","Man, that took some real effort to finish."
EG,Evil grin,He gave me an EG after pulling that prank.,Describes a mischievous or playful smile.,He flashed a mischievous smirk at me after playing that trick.
EI,Eat it,"I told him he’d fail, and he totally had to EI.",A way to tell someone they need to accept failure or defeat.,"I warned him that he'd flunk, but he surely did bomb instead."
EIP,Editing in progress,"The blog post is still EIP, I’ll send it when it’s ready.",Indicates that a document or content is still being edited or revised.,"The blog post is still a work in progress, I'll shoot it over once it's done."
ELI5,Explain like I’m 5,Can you ELI5 how blockchain works?,"A request for a simplified explanation of a complex topic, as if explaining it to a 5-year-old.",Could you please explain to me in simple terms how a blockchain functions?
EM,E-mail,I’ll send you the details via EM.,"A shorthand for 'email,' used in digital communications.",I'll shoot you an email with the details.
EMA,E-mail address ,What’s your EMA so I can send the files?,Refers to someone’s email address.,Could you shoot me an email address for sending over the files?
EMBAR,Embarassing,That mistake was so EMBAR!,A shorthand way to say 'embarrassing.',"Oh man, that mistake was super cringe-worthy!"
EMFBI,Excuse me for butting in,"EMFBI, but I think you’re mistaken about that.",A polite way to interrupt or join a conversation.,"Excuse me for interjecting here, but I believe there might be a misunderstanding on your part."
EMSG,E-mail message,I sent you an EMSG this morning.,Refers to an email message sent to someone.,I shot you a message via email this morning.
ENUF,Enough,"That’s ENUF, let’s move on.","A shorthand for 'enough,' indicating that something has reached a limit.","Alright, that's more than enough. Let's proceed."
EOD,End of day,Please submit the report by EOD.,Refers to the end of the workday or business hours.,Submit the report by the end of today.
EOL,End of lecture,"That’s all for today, EOL.","Signals the end of a talk, lecture, or presentation.","Alright then, that's a wrap for today!"
EOM,End of message,"Meeting moved to 3 PM, EOM.","Indicates the message contains all necessary information, with no further text needed.","Meeting rescheduled for 3 PM, that's all folks!"
EOS,End of show,We’ll talk after EOS.,"Used to refer to the conclusion of a show, performance, or event.",Let's connect post-performance.
EOT,End of transmission,"I’ve sent all the data, EOT.",A formal way to indicate that communication or a data transfer is complete.,"That's it, all data dispatched!"
EQ,EverQuest,I used to play EQ all the time.,Refers to the popular online multiplayer game *EverQuest*.,"Back in the day, I was a regular on EverQuest."
ERP,Erotic Role-Play,He’s into ERP in online games.,"Refers to role-playing scenarios with an erotic or sexual theme, often in gaming or virtual environments.",He enjoys simulating romantic scenarios within online gaming environments.
ERS2,are you ,ERS2? I can’t believe that happened!,Used to express disbelief or surprise.,What's going on there? Can't believe that just happened!
ES,Erase screen,I accidentally hit ES and lost all my work.,"Refers to clearing a screen or display, typically in tech or software environments.","Oops, I accidentally wiped out everything on screen, all my work gone!"
ESAD,die,"I was so mad, I told him to ESAD.","A harsh or extreme way to tell someone off, implying they should 'die' or disappear.","I was really upset, so I told him to kick the bucket."
ETA,Estimated time of arrival,What’s your ETA? The meeting starts soon.,Used to ask when someone or something will arrive.,When do you plan to arrive for the meeting? It's starting shortly.
EVA,Ever,That was the best movie EVA!,A casual or exaggerated way to say 'ever.',That was the best movie EVER!
EVO,Evolution,The EVO of technology is fascinating.,"Refers to the process of change or development, especially in science or technology.",The advancement of technology is captivating.
EWG,teasing,He was EWG me about my new haircut.,Refers to playful or light-hearted teasing.,He was giving me a hard time about my new haircut.
EWI,Emailing while intoxicated,"I sent an embarrassing email last night, totally EWI.","Refers to sending emails while under the influence of alcohol, often with regrettable results.","Sent a rather mortifying email last night, completely drunk-emailing."
EXTRA,Meaning over the top,"Her outfit was so EXTRA, but I loved it!",Used to describe someone or something that is overly dramatic or excessive in a fun way.,"Her outfit was incredibly lavish, yet I adored it!"
EYC,"Excitable, yet calm","She handled the news EYC, excited but not overwhelmed.",Describes someone who is both enthusiastic and composed.,She took the news with a mix of enthusiasm and calm composure.
EZ,Easy,"That task was EZ, no problem!",A simple way of saying something was easy or effortless.,"That task was a breeze, no trouble at all!"
EZY,Easy,The instructions were super EZY to follow.,"Another shorthand for 'easy,' typically used in text or casual conversation.",Following the instructions was a breeze.
F,Meaning female,The gamer I met was an F.,"Shorthand for female, often used in profiles or chat rooms.",The gamer I encountered was a lady.
F2F,Face to face,Let’s meet F2F to discuss the details.,Refers to an in-person meeting rather than online or over the phone.,Let's meet in person to talk about it all.
F2P,Free to play ,"That new game is F2P, so everyone can try it.",Refers to games or content that are free to access but may offer in-game purchases.,"That fresh game doesn't cost a dime to play, so anyone can give it a shot!"
F4F,Follow for follow,I’ll F4F if you’re interested!,A phrase used on social media to suggest mutual following between users.,I'll follow you back if you'd like!
FAAK,Falling asleep at keyboard,I’ve been working for hours and I’m FAAK right now.,"Describes extreme tiredness, typically from long hours of working at a computer.",Been slogging away for ages and I'm zonked out now.
FAB,Fabulous,You look absolutely FAB tonight!,A compliment to describe something or someone as fantastic or stylish.,You look incredibly fabulous tonight!
Facepalm,embarrassment or frustration,"I forgot my wallet at home, facepalm.","Used to express embarrassment or frustration, often accompanied by the physical gesture of putting one’s hand to their forehead.","Oh no, I left my wallet at home, that's just typical!"
FAF,Funny as freak,That video was FAF!,"Used to describe something as extremely funny, often in a casual or playful tone.",That video was remarkably amusing!
FAM,friends,"What’s up, FAM? Let’s hang out this weekend.","A slang term for close friends or family, used to show affection or camaraderie.","Hey there, buddies! How's it going? Let's grab some time together this weekend."
FAY,Freak all you,"I’m done with this nonsense, FAY!","A dismissive or angry way of telling someone off, usually in response to frustration.",I've had enough of this crap!
FB,Facebook,Add me on FB!,Refers to the social media platform Facebook.,Let's connect on Facebook!
FBB,Facebook buddy,"She’s my FBB, we met through a group.",Refers to someone who is a friend on Facebook.,She's my Facebook buddy; we connected through a group.
FBC,Facebook chat,I’ll FBC you later about the event.,Refers to chatting with someone through Facebook’s messaging feature.,I'll message you on Facebook later regarding the event.
FBF,Flashback Friday,"Here’s a pic from my trip last year, #FBF.","Used on social media to post old photos or memories, typically on Fridays.",Here's an old photo from last year's trip! #ThrowbackThursday
FBFR,FaceBook friend,"He’s just an FBFR, we don’t talk much.","Similar to FBF, indicating a casual acquaintance on Facebook.",He's only a Facebook friend; we don't chat much.
FBM,Fine by me,"If you want to skip the movie, FBM.",A casual way of saying you are okay with a decision or suggestion.,That's cool if you'd rather not watch the movie with me.
FBO,Facebook official,We’re finally FBO—changed our relationship status!,Used to describe when a relationship becomes official on Facebook.,We've officially updated our relationship status on Facebook now.
FBOW,For better or worse,"We’re in this together, FBOW.","Refers to accepting a situation, whether it turns out good or bad.","No matter what happens, we're in it together, come rain or shine."
FC’INGO,For crying out loud,"FC’INGO, just tell me the answer already!",An expression of frustration or impatience.,"Good grief, just give me the answer already!"
FCOL,For crying out loud,"FCOL, why is this taking so long?","Similar to FC'INGO, used to express annoyance or frustration.","Good grief, why is this taking so long?"
Feelsbadman,feel negative.,"Lost the game, feelsbadman.","Used to express sadness or disappointment, often in a humorous or meme context.","Darn it, I lost the game. Feeling down."
Feelsbatman,to the extreme,"Got rejected for the third time, feelsbatman.","A more intense version of 'feelsbadman,' used to express deeper negative emotions.","Man, I got rejected for the third time - it's really hitting hard."
Feelsgoodman,to feel positive.,"Just finished my project early, feelsgoodman.","Used to express satisfaction or happiness, often in a playful or meme-based context.","Completed my project ahead of time, really feels great!"
FEITCTAJ,Freak them if they can’t take a joke,"If they didn’t like my joke, FEITCTAJ.",A defiant or humorous way of saying you don’t care if others are offended by your humor.,Laugh it off if they couldn't handle my humor.
FF,Follow Friday,Shoutout to my favorite accounts for #FF!,"A social media trend where users recommend people to follow, typically on Fridays.",Give a shout out to my top picks for Mention Monday!
FFA,Free for all,"It’s an FFA in the chat, anything goes!","Refers to a situation where there are no rules or restrictions, often used in gaming or discussions.",Anything goes wild in this chat!
FFS,For freak sakes,"FFS, can we please get this done?","An expression of frustration or exasperation, similar to 'for goodness' sake.'","Good grief, can we please wrap this up?"
FICCL,Frankly I couldn’t care a less,"You can complain all you want, FICCL.",Used to express indifference or lack of concern.,"Frankly, I don't give a fig about your complaints."
FIF,Freak I’m funny,"Just made the best joke, FIF!",A playful way to brag about being funny or making a clever remark.,"Man, I just cracked a brilliant joke there!"
FIIK,Freaked if I know,How does this work? FIIK!,Used to express confusion or lack of knowledge about something.,How on earth does this thing work?!
FIIOOH,"Forget it, I’m out of here","This meeting is going nowhere, FIIOOH.",A casual way of saying you’re leaving or giving up on a situation.,"This meeting's a waste of time, I'm outta here."
FIL,Father in law,My FIL is visiting this weekend.,Refers to someone’s father-in-law.,My father-in-law is coming over this weekend.
FIMH,Forever in my heart,"You’ll always be FIMH, no matter what.",A sentimental way of expressing deep affection for someone.,"You'll forever hold a special place in my heart, no matter what transpires."
Finsta,A second Instagram account where someone can post things that they’re too afraid to post on their main account.,"She posted it on her finsta, not her main account.",Refers to a secondary Instagram account where someone posts more personal or private content.,She shared it on her secondary Instagram profile instead of the primary one.
FISH,"First in, still here","Been working all day, FISH.",Used to indicate that someone has been present or working from the start of an event and is still there.,"Been grinding all day, still here."
FITB,Fill in the blank,"The answer is easy, just FITB.",A prompt for someone to complete a sentence or provide missing information.,"The answer's a breeze, just fill it in."
FML,Freak My Life,"Spilled coffee all over my laptop, FML.",Used to express frustration or exasperation about something unfortunate that has happened.,Just spilled coffee on my laptop; this is frustrating!
FOMC,Falling off my chair,That joke had me FOMC!,"Describes extreme laughter, similar to 'LOL' but more intense.",That joke left me speechless/breathless!
FOMO,Fear of missing out,"I have such FOMO, everyone’s going to that concert except me.",Refers to the feeling of anxiety or regret over missing an event or experience.,I'm really anxious about missing out on that concert since everyone else is going and I'm not.
FOAD,Freak off and die,"He really made me mad, I just wanted to tell him FOAD.","A harsh or aggressive way to tell someone off, expressing anger or frustration.","He seriously pissed me off, I just felt like telling him to shove it."
FOAF,Friend of a friend,I heard about the party from a FOAF.,"Refers to someone who is not a direct friend, but is connected through mutual friends.",I got wind of that party from an acquaintance of mine.
FOMCL,Falling off my chair laughing,That prank had me FOMCL!,An exaggerated way of saying something was incredibly funny.,That prank left me rolling on the floor in laughter!
FRT,For real though,"That test was tough, FRT.","Used to emphasize seriousness or sincerity, often following a joke or lighthearted comment.","That test was seriously challenging, for real."
FTBOMH,From the bottom of my heart,"Thank you, FTBOMH, for everything you’ve done.",Used to express deep gratitude or sincerity.,"Thanks a bunch, from the depths of my heart, for everything you've accomplished."
FTFY,Fixed that for you,"You said the movie was bad, but I FTFY—it’s great!","A playful or sarcastic way of correcting someone’s statement, often used humorously.",Actually fixed that for you – it's fantastic!
FTL,For the loss,"We missed the bus, FTL!","Used to describe a negative outcome or failure, often as a counterpart to 'FTW' (for the win).","Oops, we totally blew that one, man!"
FTW,For the win,"Got the last slice of pizza, FTW!",Used to express success or triumph in a situation.,"Scored the last slice of pizza, success!"
FU,Freak you,"You messed up my plans, FU!",A harsh or angry way to express frustration or anger towards someone.,"Man, you really screwed up my plans. Bad move!"
FUBAR,Fouled up beyond all recognition,That project is completely FUBAR now.,Describes a situation that is irreversibly messed up or chaotic.,The project's in a total mess now.
FUBB,Fouled up beyond belief,This project is completely FUBB.,"Used to describe a situation that has gone terribly wrong, worse than expected.",This project's a complete mess.
FUD,Face up deal ,Let’s FUD and see who wins.,"Used in card games, indicating that the cards are dealt face up so everyone can see.","Alright, let's square off and find out who comes out on top."
FUTAB,"Feet up, take a break","I’m exhausted, time to FUTAB.",Refers to relaxing or taking a break after a long task.,"I'm beat, let's take a break for now."
FW,Forward,I’ll FW you the email.,"Refers to forwarding something, typically an email or message.",I'll send you the email.
FWB,Friend with benefits,"They’re not dating, just FWB.",Refers to a relationship where two people are friends but also have a casual sexual relationship without commitment.,They're not in a relationship; it's more of a casual friends-with-benefits situation.
FWM,Fine with me,"If you want to stay in tonight, FWM.",A casual way of expressing agreement or acceptance.,That's cool if you want to stay in tonight.
FWP,First world problems,"My phone’s battery died, FWP.",Refers to trivial problems or complaints that are seen as minor in comparison to more serious global issues.,"My mobile's battery conked out, no big deal."
FYE,"Fire, something that is cool",That new song is FYE!,"Slang for something that is awesome or impressive, often used in pop culture.","Man, that new song is awesome!"
FYEO,For your eyes only,This document is FYEO.,Indicates that the information is confidential and intended only for the recipient.,This document is strictly confidential.
FYA,For your amusement,"Here’s a funny meme, FYA!",Used when sharing something intended to entertain or amuse someone.,Check out this amusing meme for your entertainment!
G,Grin,That joke made me G.,"Indicates a smile or grin, often in response to something funny or amusing.",That joke had me grinning ear to ear.
G+,Google+,I added you on G+.,Refers to the social networking service Google+ (now defunct).,I've added you on Google Plus.
G/F,Girlfriend,My G/F is meeting me after work.,"Refers to someone’s romantic partner, specifically a girlfriend.",My girlfriend's meeting me after work.
G2CU,Good to see you,"It’s been so long, G2CU!",A casual way to express happiness in seeing someone after a while.,Hey there! Long time no see!
G2GICYAL8ER,Got to go I’ll see you later,"Can’t stay long, G2GICYAL8ER!",A playful or quick way to say goodbye and promise to reconnect later.,"Gotta scoot off now, see ya later!"
G2R,Got to run,"Sorry, G2R! I’ll text you later.",Another way of saying you need to leave quickly.,"My apologies, gotta scoot now! I'll drop you a line soon."
G2TU,Got to tell you,"G2TU, I passed the exam!",Used to introduce something important or exciting that needs to be shared.,"Wow, I actually aced that test!"
G4C,Going for coffee,"I’m G4C, want to join?",A simple invitation to go out for coffee.,Fancy grabbing a coffee with me?
GA,Go ahead,"If you’re ready, GA with the presentation.",A way of giving someone permission to proceed.,"Alrighty, let's proceed with the presentation then."
GAC,Get a clue,"You’re completely wrong, GAC.",Used to tell someone they are missing something obvious.,"You're totally off base, mate."
GAFC,Get a freaking clue,"Before you criticize, GAFC!","A more intense version of ""GAC,"" used when someone is being particularly oblivious.","Before you criticize, take a moment to think it through!"
GANK,Meaning a player ambush or unfair player kill,I got ganked while questing.,A gaming term used to describe being ambushed or unfairly killed by another player.,Ambushed during my questing session.
GAS,Got a second?,"Hey, GAS? I need some help.",A polite way to ask if someone has a moment to talk or assist with something.,"Hey, do you have a moment to spare? I could use some assistance."
GB,Goodbye,"I’ve got to head out, GB!",A quick and informal way to say farewell.,"Gotta scoot now, take care!"
GBTW,Get back to work,"Break’s over, time to GBTW.",A phrase used to encourage or remind someone to return to their tasks.,"Alright, let's get back to the grind now!"
GBU,God bless you,"Thanks for your help, GBU.",A religious or heartfelt expression of gratitude or blessing.,"Thank you so much for your assistance, blessings to you."
GD,Good,That meal was really GD!,A simple way to express that something was enjoyable or satisfactory.,That meal was truly excellent!
GDR,"Grinning, ducking, and running","Just teasing, GDR!","A playful way to indicate that a joke or lighthearted comment was made, and the person is now avoiding any backlash.","Just messing around, you!"
GD/R,"Grinning, ducking, and running","That was a bold statement, GD/R!","Similar to GDR, used when someone is playfully dodging consequences for a comment.","That was a real cheeky remark, grinning and darting off, mate!"
GFI,Go for it,"If you think it’s a good idea, GFI!",A way to encourage someone to take action or proceed with something.,"Sure thing, let's move ahead with that plan!"
GF,Girl friend,I’m going out with my GF tonight.,Refers to someone’s female romantic partner.,I'm heading out with my girlfriend tonight.
GFN,Gone for now,"He’s GFN, but he’ll be back soon.","Indicates a temporary absence, with the expectation of returning later.","He's taken a brief break, but he'll return shortly."
GGA,"Good game, all","Thanks for playing, GGA!",Used at the end of a group game or activity to acknowledge everyone’s participation.,"Thanks for the game, well played!"
GGE1,"Good game, everyone","That was fun, GGE1!","Similar to GGA, thanking all participants for a good game.","That was a blast, everyone!"
GGU2,"Good game, you too","GGU2, that was close!","A response to someone saying ""good game,"" acknowledging their efforts.","That was a close one, good game to you too!"
GGMSOT,Gotta get me some of that,"That dessert looks amazing, GGMSOT!",Used to express a desire for something appealing or desirable.,"Wow, that dessert looks fantastic, I've got to try some of it!"
GGOH,Gotta Get Outa Here,"This party is getting boring, GGOH.",A casual way of saying you need to leave or escape a situation.,"This party's getting dull, it's time to bail out."
GGP,Got to go pee,"BRB, GGP!",A lighthearted or casual way to excuse oneself for a bathroom break.,"Be right back, I need to use the restroom!"
GH,Good hand,"That was a GH, I thought I had you beat.",Used in card games to compliment someone on a well-played hand.,"That was quite good, I thought I had you beaten."
GIAR,Give it a rest,"You’ve been complaining all day, GIAR!",A way to tell someone to stop talking about something or to calm down.,"You've been whining all day, cut it out already!"
GIC,Gift in crib,I left a GIC for the baby shower.,"Refers to leaving a gift in a crib, often related to baby showers or newborns.",I brought a present as a gift for the baby shower.
GIGO,"Garbage in, garbage out","If the data is wrong, the results will be too—GIGO.","Refers to the idea that bad input leads to bad output, often used in programming or data analysis.","If you've got bad input, you can expect poor output!"
GIRL,Guy in real life,"That character looks like a girl, but he’s actually a GIRL.",Refers to a male player who plays as a female character in online games or virtual worlds.,"That guy seems like a woman, but he's really a man."
GJ,Good job,"You completed the task, GJ!",Used to congratulate someone for doing something well.,Well done on completing the task!
GL,Good luck,GL on your test tomorrow!,A common phrase used to wish someone good fortune in an upcoming task or event.,All the best for your test tomorrow!
GL2U,Good luck to you,GL2U in the competition!,A more personalized way to wish someone luck.,Best of luck to you in the competition!
GLA,Good luck all,"GLA in the tournament, everyone!",A way to wish good luck to a group of people.,Best of luck to all in the tournament!
GL/HF,"Good luck, have fun",GL/HF before the match!,Commonly used in gaming to wish everyone a good game and enjoyable experience.,All the best and have a great game!
GLE,Good luck everyone,"GLE, let’s make this a great event!",Another variation of wishing a group of people good luck.,Here's wishing everyone luck for a fantastic event ahead!
GLE1,Good luck everyone,"It’s a big day, GLE1!",Used to wish luck to all participants in an event or challenge.,"Alrighty then, here's your day buddy! Let's make it count!"
GLNG,Good luck next game,"Tough match, GLNG!","Used to wish someone luck in their next game, typically after a loss.","Tough one, good luck in your next game!"
GMBA,Giggling my butt off,That joke had me GMBA!,A playful way to express that something was extremely funny.,That joke cracked me up good and proper!
GMV,Got my vote,Your idea GMV for sure.,Expresses support for someone’s suggestion or plan.,"Your idea has my full support, indeed."
GNA,Good night all,"It’s been fun, GNA everyone!",Used to say goodnight to a group of people.,"It's been a blast, everybody! Good night."
GNE1,Good night everyone,"GNE1, sleep well!",A way to say goodnight to all participants in a chat or gathering.,"Goodnight everyone, sleep tight!"
GNIGHT,Good night,"I’m logging off, GNIGHT!",Another variation of saying goodnight.,"Alrighty then, goodnight!"
GNITE,Good night,"Time to sleep, GNITE!",A casual way to wish someone goodnight.,"Time to hit the sack, good night!"
GNSD,"Good night, sweet dreams","GNSD, talk to you tomorrow!","A more affectionate way of saying goodnight, wishing sweet dreams.","Sleep well, will talk tomorrow!"
GOAT,Greatest of all Times,That player is the GOAT of basketball!,Refers to someone who is considered the best in their field or sport.,That player is the best basketball player ever!
GOI,Get over it,"It happened a week ago, GOI already.",Tells someone to stop dwelling on something and move on.,"Alright, it's been a week already, time to move on."
GOL,Giggling out loud,"That was hilarious, GOL!",Used to express that something made you giggle or laugh out loud.,"That was absolutely hilarious, I couldn't help but laugh out loud!"
GOMB,Get off my back,"I’ve already done it, GOMB!",A phrase used to tell someone to stop criticizing or pressuring you.,"Alright, I've taken care of it. Stop bothering me now!"
GPOY,Gratuitous picture of yourself,"Here’s my beach selfie, GPOY!","Used on social media when sharing a photo of yourself, often humorously.","Here's a picture of me at the beach, selfie time!"
GRATZ,Congratulations,"You got the promotion, GRATZ!",Used to congratulate someone on an achievement.,"Bravo, you snagged that promotion!"
GRL,Girl,She’s a GRL I met online.,"Refers to a girl, often used in online communities.",She's an interesting girl I met online.
GRWG,Get right with God,You need to GRWG after that mistake.,A religious or moral reminder to make amends or correct your actions.,You oughta mend your ways with God after that blunder.
GR&D,"Grinning, running and ducking","I know you’re mad, but GR&D!","A playful way to indicate that a joke or comment might get a negative reaction, so the person is “running and ducking” to avoid consequences.","You're clearly annoyed, but can't help but chuckle and dodge!"
GS,Good shot,"Nice play, GS!",A compliment given in sports or gaming for a well-executed shot or action.,Well done on that one!
GT,Good try,"We didn’t win, but GT!",Used to acknowledge someone’s effort even if they didn’t succeed.,"Well played, even though we lost."
GTFO,Get the *freak* out,"That’s ridiculous, GTFO!",A strong way of telling someone to leave or expressing disbelief.,That's absolutely absurd! Get out of here!
GTFOH,Get the *freak* outta here,You really believe that? GTFOH!,"Used to express surprise or disbelief, similar to GTFO but with added emphasis.","You truly think that's true? Goodness gracious, leave here!"
GTG,Got to go,"I’m late for my meeting, GTG.",A quick way of saying you need to leave or end a conversation.,"Sorry, gotta dash. Meeting to catch!"
GTM,Giggling to myself,That comment had me GTM.,Describes quietly laughing or giggling without making a scene.,That comment left me chuckling.
GTRM,Going to read mail,"Be right back, GTRM.",Used when someone is stepping away to check their emails.,"I'll be back momentarily, checking my emails."
GTSY,Great to see you,"It’s been a while, GTSY!",A friendly way of expressing happiness at seeing someone after a long time.,Long time no see!
GUCCI,Good,Everything’s GUCCI here.,"Slang for saying something is going well or is good, often used in trendy or casual speech.",All's good here.
GUD,Good,That meal was GUD!,A shorthand way of saying something was good.,That meal was cracking good!
GWHTLC,Glad we had this little chat,"Thanks for clearing that up, GWHTLC.","A polite way to end a conversation, especially after discussing something important.","Thanks a bunch for clarifying that, we're all good now!"
H,Hug,Sending you a big H!,A simple way to show affection by virtually sending a hug.,Sending you a big virtual hug!
H8,Hate,I H8 waking up early.,A shorthand way of expressing dislike or hatred for something.,I really dislike getting up early.
H8TTU,Hate to be you,You have to work late? H8TTU.,A playful or sarcastic way of expressing relief that you’re not in someone else’s unfortunate situation.,"Bummer you've got to work late, mate."
HAG1,Have a good one,"Talk to you later, HAG1!",A casual farewell wishing someone well.,"See you later, take care!"
HAK,Hug and kiss,Sending lots of HAK to you!,"A way to express affection, typically used with close friends or loved ones.",Sending you tons of warm greetings and affection!
HALP,Help,"I can’t figure this out, HALP!",A playful or exaggerated way of asking for help.,"Can't seem to crack this, could use some assistance!"
HAU,How about you?,"I’m doing fine, HAU?",A casual way to ask someone how they’re doing or what they think.,How are you doing? (I'm good)
H&K,Hugs & kisses,"Miss you, H&K!","A way to express affection, often used in messages to close friends or family.","Sending you lots of love and warm regards, my friend."
H2CUS,Hope to see you soon,"I had a great time today, H2CUS!",A friendly way to express looking forward to seeing someone again soon.,"Had a swell time today, looking forward to seeing you soon!"
HAGN,Have a good night,"It’s getting late, HAGN!",A simple way to wish someone a pleasant night.,"Alright, it's time to call it a night!"
HAGO,Have a good one,"Talk to you tomorrow, HAGO!","A casual goodbye, wishing the other person well.","Talk to you tomorrow, take care and have a great day!"
HAND,Have a nice day,"Thanks for your help, HAND!",A polite farewell wishing someone a nice day.,"Thanks so much for your assistance, enjoy the rest of your day!"
HAWT,Have a wonderful day,Take care and HAWT!,Used to wish someone an excellent day.,Take good care and have a splendid day!
HB,Hurry back,"I’ll be waiting, HB!",Used when someone leaves briefly and you want them to return quickly.,I'll keep the spot warm for you!
HBD,Happy birthday,HBD! Hope you have a great day!,A common way to wish someone a happy birthday.,Happy Birthday! I hope it's a splendid day for you!
H-BDAY,Happy Birthday,"Wishing you all the best, H-BDAY!","Another abbreviation used to say ""Happy Birthday.""",Sending you heaps of well-wishes on your birthday!
HBU,How about you?,"I’m doing fine, HBU?",A way to ask someone how they are or what their opinion is.,How are you holding up?
HF,Have fun,Going to the concert tonight? HF!,A quick and cheerful way to wish someone an enjoyable time.,"Enjoying yourself at the concert tonight, then? Cheers!"
HFAC,Holy flipping animal crackers,"You got the job? HFAC, that’s amazing!",A playful and exaggerated expression of surprise or excitement.,"Wow, you landed the job? That's fantastic!"
H-FDAY,Happy Father’s Day,"Sending love to all the dads, H-FDAY!",A message to wish someone a happy Father’s Day.,Wishing happiness and love to all fathers on this Father's Day!
HHIS,Head hanging in shame,"I forgot to reply to your message, HHIS.",Used to express embarrassment or guilt.,"Oops, I totally forgot to get back to you on that message, feeling quite sheepish about it."
HIFW,How I felt when,HIFW I found out we had a surprise test!,Used to introduce a reaction or feeling about a situation.,"Man, I sure wasn't expecting that surprise test!"
HL,Half Life ,I’ve been playing HL all day.,Refers to the popular video game *Half Life*.,Spent the whole day gaming Half Life.
HLA,Hola,HLA! How’s it going?,"A casual way to greet someone, derived from the Spanish word ""Hola"" (Hello).",Hey there! What's up?
H-MDAY,Happy Mother’s Day,Wishing all the moms out there an H-MDAY!,A message to wish someone a happy Mother’s Day.,Wishing all mothers a Happy Mother's Day!
HMU,Hit me up,"I’ll be free later, HMU if you want to hang out.","A way of telling someone to contact you, usually for a casual chat or meeting.",Shoot me a message later if you fancy catching up.
HNL,Hole nother level,This party is on a HNL!,Used to describe something that is exceptional or far beyond the usual.,This party just went next level!
HOAS,Hold on a second,"HOAS, I’ll check the schedule.",Used to ask someone to wait briefly.,"Just a sec, let me check the schedule."
HP,Hit points,"I need to heal, my HP is low.",Refers to a player’s health or life in video games.,"I gotta heal up, I'm running low on health."
HRU,How are you?,"Hey, HRU? Haven’t heard from you in a while.",A casual way to ask someone how they are doing.,Hey there! Long time no chat. How's it going with you lately?
HTH,Hope this helps,"Here’s the link to the article, HTH!",A friendly way of offering assistance or information.,"Check out this article's link, I hope it proves useful!"
HUB,Head up butt,"He has no clue what he’s doing, his HUB is so far up!",A humorous way to describe someone who is clueless or unaware.,"He's utterly clueless about what he's doing, he's got his head completely in the clouds!"
HUYA,Head up your butt,"Stop messing around, get your HUYA and focus!","Similar to HUB, used when someone is being unaware or not paying attention.","Get serious, stop daydreaming, and pay attention!"
HV,Have,I’ll HV it done by tomorrow.,"A shorthand way to say ""have"" in texts or informal messages.","Got it, will have it done by tomorrow."
HVH,Heroic Violet Hold,"We’re running HVH tonight, want to join?",Refers to a specific dungeon in the game *World of Warcraft*.,"Are we doing that brave, epic raid tonight? Fancy tagging along?"
HW,Homework,"I can’t come out tonight, I’ve got too much HW.",Refers to schoolwork or assignments that need to be completed.,"I can't make it tonight, I've got a lot of assignments."
HYFR,"Hell yeah, Freaking right!",Did you see that game? HYFR!,A strong affirmation or enthusiastic agreement.,Did you catch that match? Absolutely!
I2,I too ,I2 was thinking the same thing!,"A quick way to agree with someone, indicating shared thoughts.","Me too, I was thinking along the same lines!"
IA8,I already ate,"Thanks for the invite, but IA8.",Used to let someone know you’ve already eaten and aren’t hungry.,"Appreciate the invite, but I've already eaten."
IAAA,I am an accountant,"You need tax advice? IAAA, I can help.",Used to indicate that the speaker is a professional accountant.,"Need some tax advice? Well, as a certified accountant, consider it done!"
IAAD,I am a doctor,"IAAD, let me know if you need any medical advice.",Refers to someone identifying themselves as a doctor.,Hey there! Medical doctor here. Feel free to hit me up for any health advice.
IAAL,I am a lawyer,"Need legal advice? IAAL, happy to help.",Used when someone is identifying as a lawyer.,"Need some legal assistance? Well then, being a lawyer and all, I'd be more than happy to lend a hand!"
IAC,In any case,"I don’t have the answer right now, but IAC, we should follow up tomorrow.","Used to transition or clarify a point, meaning ""regardless of other factors.""","No worries, we'll figure it out as we go along, but in any case let's connect tomorrow."
IAE,In any event,"IAE, we should still be prepared.",A way to introduce an alternative or backup plan.,"Regardless, let's stay ready."
IANAC,I am not a crook,"Trust me, IANAC!","A humorous way to deny guilt or wrongdoing, often said in jest.","Trust me, I'm absolutely honest here!"
IANAL,I am not a lawyer,"I don’t know the law on this, IANAL.",Used when giving an opinion but making it clear that the speaker is not a legal professional.,"I'm just a layman here, not a legal expert."
IAO,I am out ,"This discussion is going nowhere, IAO.",A casual way of saying you’re leaving or exiting a situation.,"This conversation isn't getting anywhere, got to go."
IB,I’m back,Missed anything while I was gone? IB!,Used to announce your return after being away for a short time.,Didn't catch up on things when I was away? Here I am!
ICAM,I couldn’t agree more,"That’s exactly how I feel, ICAM!","A strong affirmation, showing full agreement with someone’s statement.",Totally on the same page with you there!
ICBW,It could be worse,"It’s not great, but ICBW.","A phrase used to offer perspective, suggesting that the situation could be more difficult or unfortunate.","Things aren't fantastic, but they could definitely be worse."
ICEDI,I can’t even discuss it,"The meeting was a disaster, ICEDI.","Used to express frustration or disbelief, indicating the speaker doesn’t want to talk about it further.","Man, that meeting was a total bust."
ICFILWU,I could fall in love with you,"You’re amazing, ICFILWU!",A romantic phrase used to express strong affection or admiration for someone.,You're truly special; I might just fall in love with you.
ICYMI,In case you missed it ,"ICYMI, the new season starts next week.","A way to catch someone up on information they may have missed, often used in social media posts.","In case you weren't aware, the new season begins next week."
IDBI,I don’t believe it,You won the lottery? IDBI!,Used to express disbelief or surprise at something shocking or unexpected.,You won the lottery? Incredible!
IDC,I don’t care,"You can pick the movie, IDC.",Used to express indifference or lack of preference.,"It's all good by me, whatever movie you choose."
IDGAF,I don’t give a freak,"Say what you want, IDGAF.","A strong way of saying that you don’t care about something, often in a dismissive tone.","Frankly, I couldn't care less about what you have to say."
IDK,I don’t know,"IDK where he went, maybe check upstairs.",A simple way to express uncertainty or lack of knowledge.,"I'm not sure where he ended up, perhaps you could look upstairs?"
IDTS,I don’t think so,Will it rain today? IDTS.,Used to express doubt or disagreement.,Won't it rain today? Not a chance.
IDUNNO,I don’t know,IDUNNO what happened to my keys.,A casual and informal way of saying “I don’t know.”,I'm not sure where my keys are.
IFYP,I feel your pain,"That traffic was awful, IFYP.",Used to empathize with someone’s situation or frustration.,"Man, that traffic was tough on you."
IG,Instagram,Follow me on IG for updates!,Refers to the social media platform Instagram.,Follow me on Instagram for updates!
IG2R,I got to run,"Sorry, IG2R, I’m late for a meeting.",A quick way to say you need to leave immediately.,"Gotta scram, buddy. I'm running late for a meeting."
IGHT,I got high tonight,"I’m feeling relaxed, IGHT.","Used to indicate that someone has consumed drugs, typically marijuana.","Feeling pretty chill tonight, thanks to some high times."
IGN,I’ve got nothing,"What’s your plan? IGN, honestly.",Used when someone has no ideas or suggestions to offer.,"What's your plan? Nothing much, to be honest."
IGP,I got to go pee,"Hold on, IGP real quick.",A casual or humorous way to excuse oneself to use the restroom.,"Hang on, I need to use the restroom for a moment."
IHNI,I have no idea,IHNI where that came from.,Used to express complete uncertainty or confusion.,Where on earth did that come from?
IIRC,If I remember correctly,"IIRC, the meeting is at 2 PM.",Used to recall something with slight uncertainty.,"As far as I recall, the meeting is at 2 PM."
IIIO,"Intel inside, idiot outside","He’s great with computers, but IIIO sometimes!",A humorous or sarcastic way to describe someone who may be smart in one area but lacking common sense.,"He's tech-savvy alright, but brainless at times!"
IK,I know,"IK, that movie was amazing!",A quick way to acknowledge agreement or shared knowledge.,"Oh, that film was fantastic!"
IKR,"I know, right?","That new cafe is so good, IKR?",Used to express strong agreement or to emphasize a shared opinion.,"That new cafe is fantastic, isn't it?"
ILBL8,I’ll be late,"ILBL8, traffic is terrible.",Used to notify someone that you will not arrive on time.,I'm running behind due to heavy traffic.
ILUM,I love you man,"Thanks for everything, ILUM!",A casual way to express love or appreciation to a close friend.,"Thanks a lot, mate! You're truly great!"
ILYSM,I love you so much,"ILYSM, you’re the best!","Used to express deep affection for someone, often romantically.","You're absolutely amazing, I really love you so much!"
IM,Instant message,Just IM me when you’re ready.,Refers to sending a quick message through a chat platform.,Shoot me a message whenever you're prepared.
IMAO,In my arrogant opinion,"IMAO, that movie was overrated.",A humorous or self-aware way to share a strong opinion.,"Frankly speaking, that film was excessively hyped up."
ImL, I love you,"I got your message, ImL!","A shorter variation of ""I love you,"" often used in texts.","Got your message, I truly care for you."
IMNSHO,In my not so humble opinion,"IMNSHO, we should have left earlier.",A playful way to share an opinion while acknowledging it’s not modest.,"Frankly speaking, I think we should've left earlier."
IMS,I am sorry,"IMS, I didn’t mean to offend you.","A brief apology, used to express regret.","Gosh darn it, I didn't mean to upset you."
IMSB,I am so bored,"There’s nothing to do, IMSB.",Used to express boredom or lack of activity.,"Man, I've got nothing to do, I'm bored out of my mind."
IMTM,I am the man,"I finished all my tasks early, IMTM!",A confident or playful way of saying you feel accomplished.,"Crushed it with my tasks, I'm on top of the world!"
IMU,I miss u (you),"Haven’t seen you in a while, IMU.","Used to express that you miss someone, often in texts or messages.","It's been a while since I last saw you, I surely do miss you."
INAL,I’m not a lawyer,"INAL, but I think you should get legal advice.",Used to clarify that the speaker is not providing professional legal advice.,"Not being a lawyer myself, I'd strongly advise you to consult with one."
INC,incoming,"Heads up, INC message!",A quick way to warn someone that something is about to happen or arrive.,Here you go:
Inspoo,Inspiration,Looking at art galleries for some inspoo.,"A playful or shortened way of saying ""inspiration.""",Checking out art galleries for some fresh creative ideas.
INV,Invite,Send me an INV to the game.,"Used to request or offer an invitation, often in gaming or social events.",Shoot over a invite for the game my way.
IOMH,In over my head,"I took on too many projects, IOMH.",Used when someone feels overwhelmed or unable to handle a situation.,I've bitten off more than I can chew with all these projects.
IRMC,I rest my case,"That’s exactly what I was saying, IRMC!","Used to conclude an argument or discussion, implying that the point has been proven.",Gotcha! Exactly as I was saying. Case closed.
ISLY,I still love you,"We had a fight, but ISLY.",A way of expressing continued affection despite disagreements.,"Despite our argument, I still care for you deeply."
ISO,In search of,"ISO a new job, any leads?","Used when looking for something, typically in online classifieds or posts.","Looking for a new job, got any tips?"
ITAM,"It’s The Accounting, Man ",Why is this so complicated? ITAM!,A phrase often used humorously by accountants to explain difficult or frustrating processes.,"Why's it gotta be so intricate? It's just Accounting, mate!"
ITT,In This Thread,ITT: People share their favorite books.,Refers to the topic or content being discussed in an online forum thread.,"Here in this thread, folks are sharing their favorite books."
ITYK,I thought you knew,ITYK that the meeting was rescheduled.,Used when someone assumed another person was already aware of something.,Did you already know that the meeting got rescheduled?
IUSS,If you say so,"I’m not sure, but IUSS.",A passive or noncommittal way of agreeing with someone.,"I'm not too certain, but you could be right."
IWALU,I will always love you,"No matter what happens, IWALU.",A strong expression of enduring love.,"Regardless of whatever may come, my love for you remains constant."
IWAWO,I want a way out,"This job is too stressful, IWAWO.",Used when someone feels trapped or wants to escape a situation.,"Man, this job's pressure is too much, I need a break."
IWIAM,Idiot wrapped in a moron,"That decision was ridiculous, he’s an IWIAM.",A humorous or sarcastic insult implying someone has made a very foolish mistake.,"That decision was utterly idiotic, he's a total buffoon."
IWSN,I want sex now,"She texted me, IWSN!",A direct and casual way of expressing a desire for intimacy.,"She texted me, ""Wanting some action right now!"""
IYKWIM,If you know what I mean,"That conversation got a little awkward, IYKWIM.	","Used to suggest a hidden or implied meaning, often with a humorous or suggestive tone.","That convo got a bit uncomfortable, you feel me?"
IYO,In your opinion,"IYO, what’s the best way to learn coding?",Used to ask someone for their personal opinion on a topic.  ,What do you think is the best way to learn coding?
IYQ,I like you,"IYQ, you’re always so thoughtful.",A playful or casual way to express affection or admiration.  ,"You're always so thoughtful, I really appreciate that about you."
IYSS,If you say so,"I don’t think it’s going to work, but IYSS.",Used when you reluctantly agree with someone or are skeptical.  ,"Alright, I don't quite see how it's going to pan out, but if you're certain, then let's go ahead."
j00,You,What are j00 up to today?,"A stylized version of ""you,"" often used in online gaming or chat forums.  ",What's up with you today?
j00r,Your,Is that j00r car outside?,"A stylized version of ""your,"" commonly used in internet slang.  ",That your car outside?
JAC,Just a second,"JAC, I’ll be right back.",Used to ask for a brief moment before responding.  ,"One sec, I'll be back shortly."
JAM,Just a minute,"Hold on, JAM while I finish this.",A quick request for a short pause.  ,"Hang on for a sec, I'll just wrap up this bit."
JAS,Just a second,"JAS, let me grab my phone.","A short pause, similar to ""JAC.""  ","Just a moment, I'm reaching for my phone."
JC (J/C),Just checking,"JC, did you send that email?",Used to verify or confirm information.  ,"Hey, have you sent the email yet?"
JDI,Just do it,"You’ve been hesitating too long, JDI!",A phrase encouraging someone to take action without overthinking.  ,Time to stop dawdling and take action already!
JELLY,jealous,You went to the concert? I’m so JELLY!,A playful way to express envy or jealousy.  ,"Man, I wish I'd gone to that concert with you!"
JFF,Just for fun,"I took the quiz JFF, it’s not serious.",Indicates that something is being done casually or for entertainment.  ,"I just did that quiz for fun, it's no big deal."
JFGI,Just freaking Google it,"I don’t know the answer, JFGI!",A slightly frustrated suggestion for someone to search for information themselves online.  ,"Here's a possible rephrased sentence that retains the original intent and sentiment while avoiding slang: ""Just look it up online, will you?"""
JIC,Just in case,"Take an umbrella, JIC it rains.",Used when preparing for a potential situation or outcome.  ,"Grab an umbrella, just in case it might rain."
JJ (J/J),Just joking,"I didn’t mean it, JJ!",A quick way to clarify that you’re only joking.  ,I was just kidding!
JJA,Just joking around,"Don’t take it seriously, I’m JJA.",A casual way to indicate that a comment was made in jest.  ,"I'm just messing around, don't worry too much."
JK (J/K),Just kidding,I’m moving to Mars… JK!,A common phrase used to indicate that what was said was a joke or not serious.  ,I'm just pulling your leg about going to Mars.
JLMK,Just let me know,"If you’re free tomorrow, JLMK.",A polite way of asking someone to inform you when they have an update.  ,Shoot me a message if you're available tomorrow.
JMO,Just my opinion,"JMO, but I think the first movie was better.",A way to express your thoughts while acknowledging it’s just a personal viewpoint.  ,"Just sharing my thoughts here, but I believe the initial film was superior."
JP,Just playing,"I wasn’t being serious, JP!",Used to clarify that a previous comment was made in fun or as a joke.  ,I was just kidding around!
JT (J/T),Just teasing,"Don’t get mad, I’m JT!",A playful way to let someone know you’re joking or teasing them.  ,"Don't take it seriously, I was just joking around!"
JTLYK,Just to let you know,"JTLYK, the meeting’s been moved to 3 PM.","Used to inform someone of something, often in a polite or casual way.  ","Heads up, the meeting's been shifted to 3 PM."
JV,Joint venture,We’re starting a JV with another company.,Refers to a business partnership or collaborative project.  ,We're teaming up with another firm on a new project.
JW,Just wondering,JW if you were still planning to come tonight?,Used to ask a casual or non-urgent question.  ,Are you still thinking of dropping by tonight?
K,Okay,"I’ll see you later, K?","A shorthand way of saying ""okay,"" often used in texting.  ","See you later, cool?"
KK,"Knock, knock","KK, anyone home?","A playful way to check if someone is available or paying attention, often in chat.  ",Hey there! Is anybody around?
K8T,Katie,K8T is coming to the party tonight.,"A playful or phonetic way of spelling the name ""Katie.""  ",Katy will be at the party tonight.
k/b,Keyboard,"I need a new k/b, mine is broken.","A shorthand way of referring to a keyboard, often used in tech or gaming.  ","My keyboard's busted, need a new one."
KB,Keyboard,My KB stopped working.,"Another shorthand for keyboard, used in informal conversations.  ",The keyboard isn't responding.
KDFU,Cracking K ,That joke had me KDFU!,"A playful way to express that something was really funny, making you laugh hard.  ","Man, that joke cracked me up!"
KEWL,Cool,That new game is KEWL!,"A stylized version of ""cool,"" often used in casual or playful contexts.  ",That new game is really cool!
KEYA,I will key you later,"I’m busy now, but KEYA when I’m free.",A way to tell someone you will message them later.  ,"I'm swamped at the moment, but let's catch up later."
KEYME,Key me when you get in,KEYME once you arrive at the hotel.,A phrase asking someone to send a message upon their arrival.  ,Let me know when you reach the hotel.
KFY,Kiss for you,Goodnight! KFY!,"A sweet or affectionate message, often used between close friends or partners.  ","Goodnight, give you a kiss!"
KIA,Know it all,"He’s such a KIA, always correcting people.","Refers to someone who acts as if they know everything, often in an annoying way.  ","He's just an expert at correcting others, isn't he?"
KIR,Keep it real,"No matter what happens, just KIR.",A phrase encouraging someone to stay genuine or authentic.  ,"Whatever goes down, keep it authentic."
KIT,Keep in touch,"It was great seeing you, KIT!",A way of telling someone to stay in contact after parting ways.  ,"It was nice meeting up with you, let's stay connected!"
KMA,Kiss my ass,"If they don’t like it, they can KMA.",A rude or defiant response when someone doesn’t care about others' opinions.  ,"If they don't like it, they can go jump in a lake."
KMK,Kiss my keister,Don’t like my opinion? KMK!,"A playful or slightly less rude version of ""Kiss my ass.""  ","Not a fan of my viewpoint? Well then, take it up with me!"
KMS,Killing myself,"I have so much homework, KMS.",A hyperbolic or humorous expression used to convey extreme frustration or stress.  ,"I have way too much homework, it's driving me insane."
KMT,Kiss my tushie,"You don’t agree? Well, KMT.","A very lighthearted and playful version of ""Kiss my ass.""  ","You don't see it that way, huh? Well, change your mind then!"
KOC,Kiss on cheek,I gave her a KOC when we said goodbye.,Refers to a friendly or affectionate kiss on the cheek.  ,I gave her a peck on the cheek when we parted ways.
KOL,Key opinion leader,He’s a KOL in the tech industry.,Refers to someone who is highly influential in a particular field.  ,He's an influential voice in the tech sector.
Koreaboo,Someone obsessed with Korean culture,"She’s a total Koreaboo, always watching K-dramas.","Refers to someone who is overly fascinated with Korean culture, often in a positive or humorous sense.  ","This person is utterly fixated on Korean culture, constantly tuning into K-dramas."
KOS,Kid over shoulder,"KOS right now, I’ll text you later.","Used to indicate that a child is nearby, often as a warning to avoid inappropriate language.  ","Kid's tagging along at the moment, I'll hit you up later."
KOW,Knock on wood,"I haven’t been sick all year, KOW!",Used to avoid bad luck after mentioning something positive or fortunate.  ,"Touch wood, I haven't been sick all year!"
KOTC,Kiss on the cheek,We said goodbye with a KOTC.,Refers to a friendly or affectionate kiss on the cheek.  ,We gave each other a friendly peck on the cheek as we parted ways.
KOTD,Kicks of the day,"Check out my new sneakers, KOTD!","Refers to the shoes someone is wearing, often shared on social media.  ",Check out these fresh kicks!
KOTL,Kiss on the lips,We had our first KOTL last night.,Refers to a romantic kiss on the lips.  ,We shared our first kiss last night.
KNIM,Know what I mean?,"It’s been a tough day, KNIM?",Used to check if the listener understands or agrees with what’s being said.  ,"Had a rough day, get it?"
KNOW,knowledge,He’s got a lot of KNOW about computers.,Refers to someone’s expertise or understanding of a subject.  ,He's really clued up on computers.
KPC,Keeping parents clueless,"We stayed out late, KPC!",Refers to keeping information or activities hidden from parents.  ,We kept parents in the dark about our late night!
KS,Kill then steal,That player just KS’d me in the game!,Used in gaming when someone kills an enemy and then takes the loot or rewards.  ,That player straight up backstabbed me in the game!
KSC,"Kind of, sort of chuckle","That joke was funny, KSC.","Used to indicate mild amusement, like a small laugh.  ",That joke was kinda chuckle-worthy.
KT,Katie,I’m hanging out with KT tonight.,"A short or playful spelling of the name ""Katie.""  ",I'm spending time with Katie tonight.
KUTGW,Keep up the good work,"Your presentation was awesome, KUTGW!",A way of encouraging someone to continue doing a good job.  ,"You did an amazing job with that presentation, keep it up!"
KYS,Kill yourself,"That was such a bad move, KYS!","A harsh and offensive phrase, typically used inappropriately online.  ","That was absolutely atrocious, you should give up."
L2G,Like to go?,L2G for a coffee?,Used to ask someone if they would like to go somewhere.  ,Fancy grabbing a coffee?
L2K,Like to come,"We’re heading out to dinner, L2K?",Used to invite someone to join an event or outing.  ,"Heading out for dinner, fancy joining us?"
L2P,Learn to play,"You keep dying early, L2P!",A phrase used in gaming to suggest someone needs to improve their skills.  ,"You're kicking the bucket too soon, learn as you go!"
l33t,"Leet, meaning ‘elite’",His coding skills are so l33t.,"Refers to someone being highly skilled, often in gaming or technology.  ",His programming skills are top-notch.
L4L,Like for like ,Follow me for a L4L!,A social media term used when someone offers to like or follow someone in return for the same action.  ,Follow me for a reciprocal follow!
L8RG8R,"Later, gator","Gotta run, L8RG8R!","A playful way to say goodbye, often used in friendly conversations.  ","Alright, I'll be off then, catch you later!"
LAB,Life is a bitch,"This week has been so stressful, LAB.",Used to express frustration about life’s difficulties.  ,"Man, this week's been a real tough nut to crack!"
LBAY,Laughing back at you,"That was a good one, LBAY!","A playful response to something funny, showing mutual amusement.  ","Gotcha, that was well played!"
LBS,"Laughing, but serious","You need to stop doing that, LBS.","Indicates that while something might seem humorous, the speaker is serious about the underlying message.  ","You've got to lay off that, with a smirk hidden within."
LBVS,"Laughing, but very serious","I’m laughing, but LBVS, you need to fix that.",Similar to LBS but with more emphasis on the seriousness.  ,"I'm chuckling a bit here, but this is quite serious - you need to address it."
LD,"Later, dude","It’s been fun, LD!","A casual way to say goodbye, usually to a male friend.  ","Alrighty then, see you later!"
LDO,"Like, duh obviously","We’re going to the concert, LDO!",Used to point out something that should be obvious to the listener.  ,"Heading to the concert, obviously!"
LEMENO,Let me know,LEMENO if you’re free this weekend.,A casual way of asking someone to inform you about something.  ,"Sure thing, just let me know if you're free this weekend."
LERK,Leaving easy reach of keyboard,"I’ll be LERK for a bit, need to grab lunch.",Used to indicate that someone will be away from their computer for a while.  ,I'm taking a break for a while; gotta get some grub.
LFD,Left for day,"The boss has LFD, we’ll continue tomorrow.",Refers to someone who has left work or an activity for the rest of the day.  ,"The boss is gone for today, we'll pick up again tomorrow."
LFG,Looking for group,I’m LFG for tonight’s raid.,A term used in online games when searching for other players to form a group.  ,I'm looking for a group for tonight's raid.
LFM,Looking for more,"We need more players for the dungeon, LFM.",A gaming term used when recruiting additional players for a group or activity.  ,Need some extra players for the dungeon? Let's find more!
LGH,Lets get high,"It’s Friday night, LGH.",Refers to the desire to use drugs or get intoxicated.  ,"Let's have some fun tonight, shall we?"
LH6,Lets have sex,"We’ve been flirting all night, LH6?",A direct and casual invitation for intimacy.  ,Ready for some action tonight?
LHSX,Lets have sex,She texted me LHSX after the party.,Another way to suggest engaging in sexual activity.  ,"She texted me, proposing we spend an intimate night together, following the party."
LHM,Lord help me,"This project is driving me crazy, LHM.","An expression of frustration or exasperation, asking for divine assistance.  ","This project is really getting on my nerves, goodness gracious."
LHO,Laughing head off,That story had me LHO!,"A phrase used to express extreme laughter, similar to ""LOL"" but more intense.  ",That story had me roaring with laughter!
LI,LinkedIn,I just updated my LI profile.,Refers to the professional networking site LinkedIn.  ,Just spruced up my LinkedIn profile.
LIC,Like I care,You don’t like my opinion? LIC!,A dismissive response indicating indifference.  ,"Frankly, your opinion doesn't matter much to me."
LIK,Meaning liquor,We need some LIK for the party.,Refers to alcoholic beverages in a casual or slangy way.  ,We need some booze for the party.
LIMT,Laugh in my tummy,"That joke was so cute, LIMT!","Used to describe a warm, lighthearted laugh or amusement.  ","That joke was so adorably funny, it tickled my funny bone!"
LIT,really good or something fun and exciting,The concert last night was LIT!,"Describes something that was very exciting, fun, or impressive.  ",The concert last night was off the charts amazing!
LLGB,"Love, later, God bless","I’ve got to go now, LLGB.","A heartfelt goodbye, often used in a spiritual or affectionate way.  ","Alright then, take care and goodbye for now!"
LLS,Laughing like silly,That meme had me LLS!,"Describes uncontrollable laughter, usually over something particularly funny.  ",That meme left me giggling like a fool!
LMBO,Laughing my butt off,"I couldn’t stop laughing, LMBO!","A milder version of LMAO, used to express laughter.  ",I was rolling on the floor laughing!
LMFAO,Laughing my freaking ass off,That prank had me LMFAO!,An even stronger expression of laughter than LMAO.  ,That prank left me in fits of laughter!
LMIRL,Lets meet in real life,"We’ve been chatting for weeks, LMIRL sometime?",Used to suggest meeting someone face-to-face after interacting online.,Shall we grab some time to actually meet after chatting for so long?
LMK,Let me know,LMK if you need help with your project.,A polite way of asking someone to provide updates or inform you about something.  ,Let me know if you need assistance with your project.
LMMFAO,Laughing out loud,That joke had me LMMFAO!,"A stronger version of LMAO, indicating uncontrollable laughter.  ",That joke had me ROFLing loudly!
LMNK,Leave my name out,"I don’t want to get involved, so LMNK.",A way of telling someone to exclude you from a situation or conversation.  ,"I'd rather keep my distance, so let's not mention me."
LMS,Like my status,LMS if you’re ready for the weekend!,Commonly used on social media to ask people to like a status post.  ,"Looking forward to the weekend, are you?"
LNT,Meaning lost in translation,"That joke didn’t make sense, it was LNT.",Refers to something that doesn’t translate well or is misunderstood.  ,"The joke didn't quite hit the mark, it was a bit lost in translation."
LOA,List of acronyms,Here’s an LOA for the project terms.,"A reference to a list of commonly used acronyms, often for clarity in communication.  ",Here's a list of acronyms for the project terms.
LOLH,Laughing out loud hysterically,That meme has me LOLH!,Indicates an even more intense level of laughter than LOL.  ,That meme has me rolling with laughter!
LOLO,Lots of love,Sending you LOLO from across the miles.,"A message of affection or support, typically used in close relationships.  ",Sending you heaps of love from afar.
LOLWTF,Laughing out loud ,"That situation was so bizarre, I’m LOLWTF!","Expresses extreme surprise and laughter, often in response to something unexpected.  ","What a peculiar situation, I'm cracking up in disbelief!"
LOTI,Laughing on the inside,"That was mildly funny, but I’m just LOTI.","Used when something is amusing, but you’re not physically laughing.  ","That was somewhat amusing, but I'm really chuckling on the quiet."
LOTR,Lord of The Rings ,I just rewatched LOTR last weekend.,Refers to the popular *Lord of The Rings* book or movie series.  ,I recently watched The Lord of the Rings films over the weekend.
LQTM,Laughing quietly to myself,"That was pretty funny, I’m LQTM over here.","Describes chuckling or laughing softly, usually in a subtle way.  ","That was quite amusing, chuckling quietly to myself."
LSHMBH,Laugh so hard my belly hurts,That stand-up comedian had me LSHMBH!,"Indicates extreme laughter, to the point where it causes physical discomfort.  ",That stand-up comedian left me rolling with laughter!
LSV,"Language, sex and violence",This movie is rated for LSV.,"Refers to content warnings in media for mature audiences due to language, sexual content, or violence.  ","This film carries a warning for explicit language, sexual content, and violence."
LTD,Living the dream,"I just got a promotion, LTD!","Used to express contentment or success in life, sometimes sarcastically.  ","I just scored that promotion, living the dream!"
LTLWDLS,Let’s twist like we did last summer,"Can’t wait for the party, LTLWDLS!","A playful reference to dancing or having fun, often nostalgic.  ","Looking forward to the party, ready for another wild one like last summer!"
LTOD,Laptop of death,"My old laptop keeps crashing, it’s an LTOD!",Refers to an old or malfunctioning laptop that causes frustration.  ,"That darned computer of mine just keeps freezing up, it's like a dead weight now!"
LTS,Laughing to self,I read your message and started LTS.,Indicates that something was amusing enough to laugh quietly alone.  ,I read your message and had a chuckle to myself.
LULT,Love you long time,"Thanks for always being there, LULT!","A phrase expressing enduring affection, often used playfully.  ","Thanks so much for always being there, buddy!"
LULZ,"Meaning joke, or for laughs",I joined the prank for the LULZ.,Refers to doing something purely for fun or as a joke.  ,I hopped in on the joke for some good laughs.
LVM,Left voice mail,"I LVM, call me back when you can.",Used to inform someone that you left them a voicemail.  ,"Left a voice message, give me a ring when convenient."
LWOS,Laughing without smiling,"That was so dry, I’m LWOS over here.",Refers to finding something funny but not showing it outwardly.  ,"That was so dry, I'm chuckling quietly here."
LY,Love ya,"Goodnight, LY!","A casual way of saying ""I love you,"" often used with friends or family.  ","Goodnight, Take Care!"
LYLAS,Love you like a sis,"You’re the best, LYLAS!","Used to express strong affection between close female friends, like sisters.  ","You're absolutely fantastic, I love you like a sister!"
LYLC,Love you like crazy,"You’re amazing, LYLC!",An exaggerated way to show affection or love for someone.  ,"You're truly incredible, I love you dearly!"
LYSM,Love you so much,"I miss you, LYSM!","Used to express deep love or affection, often to a close friend or partner.  ",I truly miss you a lot!
M$,Microsoft,I just installed the latest update from M$.,"Refers to the tech company Microsoft, often used in tech-related discussions.  ",Just set up the newest Microsoft update.
MB,Mamma’s boy,"He’s always calling his mom for advice, such an MB.",Refers to someone who is overly dependent on or attached to their mother.  ,"He's excessively reliant on his mother for guidance, quite the momma's pet."
MBS,Mom behind shoulder,"I can’t talk about that right now, MBS.","A warning that someone’s mom is nearby, often used to indicate a need for discretion.  ","I can't discuss that just yet, dear."
MC,Merry Christmas,Wishing you all a MC and a Happy New Year!,"A holiday greeting, often used in December.  ",Wishing you all a Merry Christmas and a Happy New Year!
MDIAC,My Dad is a cop,"MDIAC, so I know a lot about law enforcement.","Used to let someone know that the speaker’s father is a police officer, often as a disclaimer or warning.  ","My old man's a cop, so I'm pretty well-versed in law enforcement matters."
MEGO,My eyes glaze over,"Whenever they talk about quantum physics, MEGO.",Describes becoming bored or overwhelmed by a complex or dull subject.  ,"Whenever they discuss quantum physics, my mind drifts off."
MEH,shrugging shoulders,"That movie was MEH, nothing special.",Expresses indifference or lack of enthusiasm about something.  ,"That film was just alright, nothing extraordinary."
MEHH,sighing,"It’s been a long day, MEHH.",A sound or expression of weariness or resignation.  ,"Man, what a drag of a day, ughh."
MEZ,mesmerize,"That performance was MEZ, I couldn’t look away.",Used to describe something captivating or enchanting.  ,That performance absolutely captivated me; I just couldn't tear my eyes away.
MFI,Mad for it,I’m MFI for the new season of the show!,Used to express intense excitement or enthusiasm about something.  ,I'm absolutely thrilled about the new season of the show!
MFW,My face when,MFW I found out the concert was canceled.,"Used to describe a facial reaction to a specific event or news, often accompanied by a meme.  ",Finding out the concert was canceled left me quite disappointed.
MGB,May God bless,"Hope everything goes well, MGB.",A heartfelt or spiritual way to wish someone well.  ,"I hope everything works out for you, my friend."
MGMT,Management,I’ll check with MGMT before making a decision.,Refers to the management team or leadership in an organization.  ,I'll run it by the higher-ups before moving forward.
MHOTY,My hat off to you,"You did an amazing job, MHOTY!",A phrase used to show respect or admiration for someone’s accomplishment.  ,"You absolutely nailed it, you're brilliant!"
MIRL,Me in real life,"This meme is so relatable, it’s MIRL.",Refers to something that represents the speaker’s real-life experience or personality.  ,"This meme is incredibly relatable, it's just like me in real life."
MISS.3,3-year old daughter,"I’m with MISS.3, we’re going to the park.",A way of referring to one’s 3-year-old daughter in online conversations or posts.,"I'm with my three-year-old, we're heading to the park."
MKAY,"Mmm, okay”","That’s your plan? MKAY, sounds good.",A playful or slightly sarcastic way of agreeing with someone.,Got it. Sounds alright to me.
MLM,give the middle finger,"He was being so rude, so I gave him the MLM.",Used to describe the action of giving someone the middle finger as a rude gesture.  ,"He was being such a jerk, so I flipped him off."
MM,Sister ,Hanging out with my MM this weekend.,"A shorthand way to refer to a sister, often in casual or affectionate conversation.  ",Spending time with my sister this weekend.
MMK,Meaning okay?,You’re coming over later? MMK?,"A casual way of confirming something, often with a slight tone of questioning.  ",You're swinging by later alright?
MNC,Mother nature calls,"Sorry, MNC—I’ll be right back.",A polite or humorous way of saying someone needs to use the restroom.  ,"Excuse me, I need to use the restroom – I'll be back shortly."
MNSG,message in Spanish,"I just received an MNSG, can you help translate?",Used to indicate that a message has been sent or received in Spanish.  ,"I've just gotten a message in Spanish, could you help me translate it?"
MOD,Moderator,The MOD had to step in and calm things down.,"Refers to someone who moderates discussions or content in forums, chatrooms, or games.  ",The Admin intervened to cool things off.
MORF,Male or female?,You didn’t mention—MORF?,"A question used to ask someone’s gender, often in online chat or forums.  ",Did you forget to specify if it's male or female?
MOMBOY,Mamma’s boy,"He’s such a MOMBOY, always calling his mom for advice.",A slang term for someone who is overly attached or dependent on their mother.  ,He's always seeking guidance from his mom like a typical mama's boy.
MOO,My own opinion,"In MOO, that’s not the best approach.",Used to indicate that what is being said is the speaker’s personal opinion.  ,"That's not really my style, you know?"
MOOS,Member of the opposite sex,Are you bringing a MOOS to the party?,"Refers to a person of the opposite gender, often in casual or humorous conversation.  ",Got a lady coming to the party with you?
MOS,Mother over shoulder,"Can’t talk about that right now, MOS.","A warning that someone’s mother is nearby, so the conversation should be appropriate.  ","Can't chat about it at the moment, mom over shoulder."
MOSS,Member of same sex,We’ve got a MOSS joining our team.,Refers to someone of the same gender in casual conversation.  ,We've just added another male colleague to our team.
MP,Mana points ,"I’m out of MP, need to recharge.",Used in gaming to refer to the points that allow a character to use magic or special abilities.  ,"I've run out of energy, need to replenish."
MR.3,3-year old son,Spending the afternoon with MR.3 at the park.,A way of referring to one’s 3-year-old son in online discussions or posts.,Spending the afternoon with my three-year-old at the park.
MRT,Modified ReTweet,I made an MRT of that tweet with my own comment.,Refers to retweeting something on Twitter with slight modifications or added comments.  ,I gave that tweet a little twist with my personal remark.
MRW,My reaction when,MRW I found out the concert was canceled.,"Used to describe one’s reaction to a situation, often accompanied by a meme or image.  ","Oh man, when I learned the concert got cancelled!"
MSG,Message,I’ll send you an MSG later with the details.,"Refers to sending someone a message, often in the context of texting or social media.  ",I'll shoot you a message with the deets later.
MTF,More to follow,"I’ll send the first draft now, MTF on updates.",Used to indicate that more information or content is coming.  ,"Here you go, I've sent the first draft now, keep an eye out for updates."
MTFBWU,May the force be with you,Good luck on your test! MTFBWU!,A phrase from *Star Wars* used to wish someone good luck or success.  ,All the best for your test! May you find success and determination.
MU,Miss you,"It’s been so long since we hung out, MU!",A short way of expressing that you miss someone.  ,"Man, it's been way too long since we caught up, I really miss hanging out with you."
MUAH,Multiple unsuccessful attempts at humor,I tried making a joke but it was MUAH.,Used humorously to acknowledge failed attempts at being funny.  ,"Attempted some humor, but it bombed."
MUSM,Miss you so much,"Haven’t seen you in ages, MUSM!","A stronger version of ""miss you,"" expressing deep feelings of missing someone.  ","Man, it's been ages since I last saw you. Really miss you a lot!"
MWAH,kiss,"Goodnight, MWAH!",A playful or affectionate way to send a kiss in a message.  ,"Goodnight, love!"
MYO,Mind your own business,"That’s personal, MYO!",A blunt way of telling someone to stay out of your affairs.  ,Keep your nose out of it!
MYOB,Mind your own business,"I’ll handle it myself, MYOB.","Similar to MYO, used to tell someone to stay out of your concerns.  ","Keep out of it, concern yourself elsewhere."
n00b,Newbie,"Don’t worry, everyone’s a n00b at first.","Refers to someone who is new or inexperienced, especially in gaming.  ","Everyone starts off as a beginner, so don't stress it."
N1,Nice one,"You really aced that presentation, N1!",Used to compliment someone for a job well done.  ,"Bloody hell, you nailed that presentation, mate!"
N2M,Nothing too much,What’s up with you? N2M over here.,A casual way to say that not much is happening.  ,How's it going with you? Nothing much happening on my end.
NADT,Not a darn thing,What’s new? NADT.,Another way to say that nothing is going on or nothing has changed.  ,What's up? Nothing much happening here.
NALOPKT,Not a lot of people know that,"This plant is rare, NALOPKT!",Used to share interesting or obscure information.  ,"Few people actually know about this plant, you know!"
NANA,"Not now, no need","I was going to call, but NANA—it’s handled.",Used to indicate that something isn’t necessary at the moment.  ,"I was about to ring you up, but I've got it under control."
NBD,No big deal,"I fixed the problem, NBD.",Used to downplay the significance of something.  ,"Not a biggie, it's all good now."
NBFAB,No bad for a beginner,"You’re doing great for your first try, NBFAB!",A way to compliment someone who is new at something but performing well.  ,You're off to a fantastic start for a beginner!
NC,Nice crib ,"I love your new place, NC!",A compliment on someone’s house or living space.  ,"Man, your new pad is sweet!"
ND,Nice double,"You hit two home runs, ND!","Used in sports, especially baseball or tennis, to compliment a well-played double.  ","Man, you've smashed two homers there!"
NE,Any,Do you have NE idea what time the show starts?,"A shorthand way of saying ""any,"" often used in casual text or chat.  ",Got no clue about the start time for the show?
NE1,Anyone,Is NE1 coming to the game tonight?,"A shorthand way of saying ""anyone,"" often used in text or online communication.  ",Anyone coming to the game tonight?
NERF,Changed and is now weaker,They NERFed my favorite character in the game!,A gaming term used when a character or weapon has been weakened in an update or patch.  ,They toned down my preferred character in the game!
NFM,None for me ,"I’ll pass on dessert, NFM.",Used to indicate that you don’t want something being offered.  ,"I'll skip dessert, thanks."
NFS,Need for Speed,I’m addicted to playing NFS.,Refers to the popular racing video game *Need for Speed*.  ,"I can't get enough of racing games, especially Need for Speed."
NFW,No *freaking* way,You got tickets to the concert? NFW!,Used to express disbelief or surprise.  ,"You're joking, right? I don't believe you have tickets for the concert!"
NFWS,Not for work safe,"Be careful with that link, it’s NFWS.","A variation of NFW, indicating that something is not safe to view in a work environment.  ",Proceed cautiously with that link; it's inappropriate for professional environments.
NH,Nice hand ,"You played that perfectly, NH!",Used in card games to compliment someone’s well-played hand.  ,"That was flawlessly executed, well done!"
NIFOC,Naked in front of computer,"I’m home alone, NIFOC right now.",A playful or humorous way to describe being undressed while using the computer.  ,"I'm at home all by myself, stripped down in front of this screen."
NIGI,Now I get it,"Oh, I misunderstood earlier, NIGI now.",Used to indicate understanding after something is explained or clarified.,"Gotcha, I see what you mean now."
NIMBY,Not in my back yard,"They’re proposing a new building, but it’s a total NIMBY situation.",Refers to someone opposing developments or changes near their home while accepting them elsewhere.  ,"People are suggesting a new construction, yet there's a strong resistance to it."
NIROK,Not in reach of keyboard,"BRB, NIROK for a few minutes.",Used to let someone know that you’re temporarily away from your computer.  ,"Be right back, away from keyboard for a bit."
NLT,No later than,Please send the report NLT Friday.,A deadline indicator meaning something needs to be done by a certain time.  ,Please get me that report latest by Friday.
NM,Nothing much,"What’s up? NM, just hanging out.",A casual way to say that nothing significant is happening.  ,"Hey there! Not much happening here, just relaxing."
NMH,Not much here,"How’s it going? NMH, just relaxing.",A casual way to say that nothing significant is happening where you are.  ,"What's up? Nothing much really, just chilling out."
NMJC,"Nothing much, just chilling",What are you up to tonight? NMJC.,A relaxed way to say that you’re not doing anything important.  ,What's happening tonight? Just hanging out.
NMU,"Not much, you?",Hey! What’s going on? NMU?,"Used to respond to someone asking what’s happening, then asking the same question back.  ",Hey there! What's been happening with you? Not much on your end?
NO1,No one,I told NO1 about the surprise.,"A shorthand way to say ""no one,"" often used in texts or chat.  ",I didn't tell anyone about the surprise.
NOOB,someone who is bad at online games,"That player kept dying, total NOOB.","Refers to a new or unskilled player, especially in online gaming.  ",That player sure is a beginner at this game.
NOWL,knowledge,He’s got some serious NOWL about computers.,Refers to expertise or understanding in a particular subject.  ,He's really clued up when it comes to computers.
NOYB,None of your business,What’s going on with you? NOYB!,A blunt way to tell someone to stay out of your personal matters.  ,Mind your own beeswax!
NP,No problem,Thanks for your help! NP!,A casual way to say that something wasn’t an issue or that you’re happy to assist.  ,Thanks a bunch for your assistance! Not at all.
NQT,Newly qualified teacher,She’s doing great as an NQT!,Refers to someone who has recently qualified as a teacher.  ,She's doing fantastic as a freshly minted teacher!
NR,Nice roll,"You got double sixes, NR!",A compliment used in dice games when someone gets a good result.  ,"Wow, you rolled two sixes, that's a great roll!"
NS,Nice score,"You got 100 points, NS!",A compliment for getting a high or impressive score.  ,"Wow, you scored 100 points, that's impressive!"
NSA,No strings attached,"I’m not looking for anything serious, just NSA.",Refers to a relationship or interaction without emotional commitment or expectations.  ,I'm not after something long-term; I'm good with no commitments.
NSFL,Not safe for life,"That video is NSFL, don’t watch it!",A warning that content is so disturbing that it might not be suitable for anyone.  ,"That video is incredibly disturbing, it's best not to watch it."
NSFW,Not safe for work,"That image is NSFW, don’t open it at the office!",Used to indicate that content is inappropriate to view in a professional or public setting.  ,"Be cautious about that picture; it's inappropriate for a work setting, so avoid opening it in the office."
NSISR,Not sure if spelled right,"I think it’s ‘accommodate,’ NSISR.",Used when unsure about the correct spelling of a word.  ,"Think it might be 'accommodate,' but I'm not entirely certain."
NT,Nice try,"You didn’t win, but NT!","A polite way of acknowledging someone’s effort, even if they didn’t succeed.  ","Not quite, but well done!"
NTHING,Nothing,"What’s up? NTHING, just relaxing.",A casual way to say that nothing is happening.  ,"Hey there! Nothing much, just chilling out."
NTS,Note to self,NTS: Remember to send the email tomorrow.,Used to remind oneself of something important.  ,Reminder: Send that email tomorrow.
NVM,Never mind,"Forget what I said, NVM.",A way to retract a statement or indicate that something is no longer relevant.  ,"Disregard that, never mind it."
NVR,Never,I’d NVR do that!,"A shorthand way of saying ""never,"" often used for emphasis.  ",I'd never do that!
NW,No way,You won the lottery? NW!,Used to express surprise or disbelief.  ,"That's incredible! Not a chance, mate!"
NWO,No way out,This situation feels like there’s NWO.,Refers to a situation that feels like it has no solution or escape.  ,This scenario seems hopeless.
O4U,Only for you,I saved the last slice O4U!,A sweet or affectionate way to indicate that something is exclusively for someone.  ,I held the final slice for you!
O,Opponent ,We’re facing a tough O in the next round.,Used to refer to the opposing player or team in a game or competition.  ,We've got a tough competitor to deal with in the upcoming round.
OA,Online auctions,I got a great deal through OA.,"Refers to websites where items are bought and sold via auction, such as eBay.  ",Found an amazing bargain via online auctions.
OATUS,On a totally unrelated subject,"OATUS, did you see the game last night?",Used to introduce a completely unrelated topic in conversation.  ,"Moving on to a different topic here, did you catch that game last night?"
OB,Oh baby,"That was an amazing shot, OB!","An expression of excitement or admiration, often in a playful or affectionate tone.  ","Wow, what a fantastic shot!"
OBV,Obviously,"OBV, I was going to say yes!",A casual or sarcastic way to point out that something is clear or should be obvious.  ,"Of course, that's exactly what I was planning to do!"
OFC,Of course,OFC I’ll be there tomorrow.,"A shorthand way of saying ""of course,"" often used in text or chat.  ","Absolutely, I'll be there tomorrow."
OG,Original gangster,He’s the OG of street style.,"Refers to someone who is original or highly respected in their field, often used as a compliment.  ",He's a pioneer in street fashion.
OGIM,"Oh God, it’s Monday","The weekend went by so fast, OGIM.",A humorous way to express the dread of starting a new workweek.  ,"Man, the weekend flew by, it's feeling like a long Monday already."
OH,Overheard,OH at the coffee shop: ‘I can’t believe they canceled the meeting!’,Used to share something funny or interesting that was overheard in conversation.  ,"Heard at the coffee shop: ""Can't believe they called off the meeting!"""
OHHEMMGEE,Oh My God,"OHHEMMGEE, that’s so cute!","A playful and exaggerated way to say ""Oh My God.""  ","Good grief, that's adorable!"
OI,Operator indisposed,"I’ll call you back later, OI right now.",Used to indicate that someone is unavailable or busy at the moment.  ,"I'll get back to you later, Sorry for now."
OIB,"Oh, I’m back","OIB, what did I miss?",A quick way to announce that you’ve returned to a conversation after being away.  ,"Hey, been away! What's been happening?"
OJ,Only joking,You’re really mad? OJ!,A way to clarify that a previous statement was made in jest.  ,Are you seriously upset? Just kidding!
OL,Old lady,Going to visit my OL this weekend.,A casual or affectionate way to refer to one’s wife or girlfriend.,Visiting an older relative this weekend.
OLL,Online love,I met someone through OLL!,Refers to a romantic relationship or feelings that develop online.  ,Met someone online!
OM,Old man,I’m going fishing with my OM this weekend.,A casual or affectionate term for one’s father.  ,I'm going fishing with the old guy this weekend.
OMAA,"Oh, my aching butt","After sitting all day, OMAA!",Used humorously to express discomfort from sitting too long.  ,"Gosh, my backside is sore after all this sitting!"
OMDB,Over my dead body,You want to change my weekend plans? OMDB!,A strong expression of refusal or resistance.  ,You're suggesting a change in my weekend plans? Absolutely not!
OMFG,Oh my freaking God,"OMFG, that’s incredible!","A more intense version of ""OMG"" to express shock or amazement.  ","Holy cow, that's amazing!"
OMG,Oh my God,"OMG, I can’t believe it!","Commonly used to express surprise, excitement, or disbelief.  ","Good heavens, I can't believe it!"
OMGYG2BK,"Oh my God, you got to be kidding","OMGYG2BK, that’s the best news ever!","Used to express surprise or disbelief, often in a humorous way.  ",That's absolutely fantastic news you're sharing!
OMGYS,Oh my gosh you suck,You missed the shot? OMGYS!,A playful or teasing way to express frustration with someone’s actions.  ,"Man, you really whiffed that shot!"
OMS,On my soul,"OMS, that’s the truth!",Used to emphasize the truthfulness or sincerity of a statement.  ,"By all that's genuine, that's the honest truth!"
OMW,On my way,"Just finished up, OMW now.",Used to let someone know that you are heading to meet them.  ,"Just wrapped up, heading over now."
ONL,Online,I’ll be ONL tonight if you want to chat.,Refers to being connected to the internet or available for online interaction.  ,I'll be online tonight if you wanna talk.
OO,Over and out,"Finished for the day, OO!","A phrase used to indicate that communication is ending, often in radio conversations.  ","All right then, signing off for today!"
OOC,Out of character,That comment was totally OOC for him.,"Refers to someone acting in a way that’s unusual for them, often used in role-playing games.  ",That remark wasn't typical of him at all.
OOH,Out of here,"It’s late, I’m OOH!",A casual way to say you are leaving or exiting a place.  ,"Time's getting on, gotta scram!"
OOMF,One of my followers,OOMF just liked my tweet.,Refers to a follower on social media.  ,One of the people following me gave a thumbs up to my tweet.
OOTO,Out of the office,"I’m OOTO until Monday, so I’ll reply then.",Used in business or professional settings to let others know you’re unavailable.  ,"Away from my desk until Monday, will get back to you then."
OP,On phone,"Can’t talk right now, I’m OP.",Used to indicate that someone is on the phone and unable to chat.  ,"Can't chat now, I'm on my phone."
ORLY,Oh really?,You finished the project already? ORLY?,A sarcastic or surprised response to something unexpected.  ,Did you actually finish the project already? Incredible!
OS,Operating system,I’m updating my OS tonight.,"Refers to the software that runs on a computer or device, like Windows or macOS.  ",I'll be updating my operating system tonight.
OT,Off topic ,"This might be OT, but did you see the game last night?",Used to indicate that a comment is unrelated to the current discussion.  ,"Hey, just wanted to ask if you caught the game last night - not exactly related to our topic though."
OTB,Off to bed,"It’s late, OTB for me.",Used to say that someone is going to sleep.  ,"Time to hit the sack, I'm off."
OTFL,On the floor laughing,That joke had me OTFL!,"A stronger version of LOL, indicating extreme laughter.  ",That joke left me rolling on the floor in laughter!
OTL,Out to lunch,"I’m OTL, back in an hour.",Refers to someone being away for a lunch break.  ,"I've stepped out for a bit, I'll be back in an hour."
OTOH,On the other hand,"It’s expensive, but OTOH, it’s a great investment.",Used to introduce an alternative viewpoint or consideration.  ,"It's costly, however, it's quite a solid investment."
OTP,On the phone,"Can’t talk, I’m OTP right now.",Used to indicate that someone is currently on a phone call.  ,I'm currently on the phone.
OTT,Over the top,"That party was so OTT, but fun!",Refers to something that is excessive or exaggerated.  ,That party was excessively extravagant yet enjoyable!
OTTOMH,Off the top of my head,"OTTOMH, I’d say it’s about five miles.",Used when giving an estimate or answer without checking the facts.  ,"Offhand, I'd estimate it's approximately five miles."
OTW,Off to work,"Got to go, OTW now!",Used to say that someone is heading to work.  ,"Heading out, off to work now!"
OVA,Over,That match is OVA!,"A shortened version of ""over,"" often used to indicate that something is finished.  ",That match is done and dusted!
OYO,On your own,"I can’t make it, you’re OYO this time.",Used to tell someone they’ll have to handle something by themselves.  ,"Gotcha, you're on your own this time."
P,Partner,I’m going to dinner with my P tonight.,A shorthand way to refer to a romantic or business partner.  ,I'm heading out for dinner with my significant other tonight.
P2P,Parent to parent,It’s nice to have a P2P discussion about school events.,Used in parenting communities to describe conversations between parents.  ,It's great to chat like parents about upcoming school activities.
P911,Parents coming into room alert,"Can’t talk now, P911!","A warning that someone’s parents are approaching, used to indicate the need to change the topic.  ","Gotta wrap up, parents are around!"
PAP,Post a picture,PAP of your new car!,"A request to share a photo, usually in social media conversations.  ",Show me a photo of your new car!
PAT,patrol,We’re on PAT duty tonight.,"Refers to someone being assigned to patrol a specific area, often in military or police contexts.  ",We've got patrol duty tonight.
PAW,Parents are watching,"Can’t discuss that right now, PAW.",Used to warn someone that a parent is nearby and monitoring the conversation.  ,"Can't chat about that now, folks might overhear."
PBOOK,Phonebook,I found your number in the PBOOK.,Refers to a contact list or directory on a phone or online.  ,I dug up your number from the phonebook.
PC,Player character ,My PC is a wizard in the game.,Refers to the character controlled by a player in a role-playing game.  ,My character in the game is quite the sorcerer.
PCM,Please call me,"If you’re free later, PCM.","A request for someone to call you, often used in texts or messages.  ","If you've got some time later on, give me a call."
PDA,Personal display of affection,They were showing too much PDA at the park.,"Refers to public displays of affection, such as kissing or hugging in public.  ",They were displaying an excessive amount of public affection in the park.
PDH,Pretty darn happy,Got the job! I’m PDH right now!,Used to express excitement or satisfaction.  ,Nailed it! I'm feeling absolutely terrific at the moment!
PDS,Please don’t shoot,"I’m unarmed, PDS!",Used humorously or literally to ask for mercy in a dangerous or competitive situation.  ,"I'm not carrying a weapon, please be careful!"
PDQ,Pretty darn quick,I’ll be there PDQ!,A playful way to say that something will happen quickly.  ,I'll get there swiftly!
PEEPS,People,Hanging out with my PEEPS this weekend.,Refers to friends or close acquaintances.  ,Chilling with the folks this weekend.
PFT,Pretty *freaking* tight,Your new car is PFT!,Used to describe something that’s really cool or impressive.  ,That's one sharp ride you've got there!
PIC,Picture,Send me a PIC of your new puppy!,A shorthand way of asking for or referring to a picture.  ,Send me a photo of your new puppy!
PIP,laughing hard,That joke had me PIP!,Describes laughing so hard that it’s uncontrollable.  ,That joke really cracked me up!
PIR,Parents in room,"PIR, can’t talk about that right now.","A warning that parents are nearby, so the conversation should be appropriate.  ",Got parents around? Can't discuss it at the moment.
PISS,Put in some sugar,Can you PISS in my coffee?,A playful or informal way to ask someone to add sugar to a drink.  ,Could you sweeten up my coffee for me?
PKMN,Pokemon,I caught a rare PKMN today!,Refers to the popular video game and media franchise Pokémon.  ,I snagged a rare pocket monster today!
PL8,Plate,I just got a new PL8 for my car.,"Refers to a license plate, often used in the context of vehicles.  ",Just acquired a fresh dinner plate for my vehicle.
PLD,Played,That was a well-PLD match!,A compliment for someone’s skill in a game or performance.  ,That was a well-played match!
PLMK,Please let me know,PLMK if you’re free tomorrow.,A polite way to ask someone to inform you or update you about something.  ,"Hey, are you available tomorrow?"
PLS,Please,"Can you send me the report, PLS?","A shorthand version of ""please,"" commonly used in text messaging or online chat.  ",Could you please send me the report?
PLU,People like us,This event is perfect for PLU!,Used to describe people who share similar interests or backgrounds.  ,This event fits right in with folks like us!
PLZ,Please,PLZ send me the details ASAP.,"Another shorthand way of saying ""please,"" often used in informal conversations.  ",Could you please send me the details right away?
PLZTLME,Please tell me,PLZTLME what happened at the meeting!,Used when asking for more information about something.  ,"Hey, could you fill me in on what happened during the meeting?"
PM,Private Message,I’ll PM you the details.,Refers to sending a private message in online chats or forums.  ,I'll shoot you a private message with the details.
PMFI,Pardon me for interrupting,"PMFI, but I think we need to revise this.",A polite way to excuse oneself for interrupting a conversation.  ,"Excuse me for a moment, but I believe there's a need for some revisions here."
PMFJI,Pardon me for jumping in,"PMFJI, but I have a suggestion.","Similar to PMFI, used to politely join a conversation.  ","Excuse me for interjecting, but I've got an idea."
PMSL,Pee myself laughing,That story had me PMSL!,An exaggerated way to describe something extremely funny.  ,That story left me in stitches!
POAHF,Put on a happy face,You’re having a tough day? POAHF!,A phrase used to encourage someone to stay positive despite difficulties.  ,"Cheer up, even if today's been rough!"
POIDH,it didn’t happen,"If there’s no photo, POIDH!","Used humorously to suggest that unless there’s proof, it didn’t happen.  ","If there's no picture, it didn't happen, then!"
POS,Parent over shoulder,"POS, talk later.","A warning that a parent is nearby, often used to indicate the need to change the topic.  ","Parent watching over me, let's chat another time."
POT,potion,I need to use a POT to heal.,"Refers to potions in video games, usually to restore health or magic.  ",Gotta brew a potion for healing.
POTD,Photo of the day,Check out my POTD on Instagram!,Refers to a daily highlight photo posted on social media.  ,Take a peek at today's photo I posted on Instagram!
POV,Point of view,"From my POV, this makes the most sense.",Refers to someone’s perspective or opinion on a situation.  ,"To me, it seems like this is the best option."
PPL,People,A lot of PPL showed up to the event.,"A shorthand way of saying ""people,"" commonly used in texting and online chat.  ",Quite a few individuals turned out for the event.
PPU,Pending pick-up,The package is PPU.,Refers to something that is ready and waiting to be picked up.  ,The package's status is still pending.
PRESH,Precious,Your baby is so PRESH!,A cute or affectionate way to describe something as precious or adorable.  ,Your kid is just adorable!
PROBS,Probably,I’ll PROBS be there by 7.,"A shorthand way of saying ""probably,"" often used in casual conversation.  ",I'll likely be there by 7.
PROLLY,Probably,I’ll PROLLY skip the meeting.,"A casual, slang variation of ""probably.""  ",I might just miss the meeting.
PROGGY,computer program,I’m running a new PROGGY on my laptop.,Refers to a computer program or software.  ,I've got a fresh piece of software running on my laptop.
PRON,pornography,"Be careful, that site’s full of PRON.","Refers to adult content or pornography, often used in a humorous or discreet manner.  ","Watch out, that site's filled with explicit content."
PSA,Public Service Announcement,Just a PSA: Don’t forget to hydrate!,Used to share important or helpful information with others.  ,A friendly reminder: Keep yourself hydrated!
PSOS,Parent standing over shoulder,"Let’s change the topic, PSOS.",A warning that a parent is closely observing the conversation.  ,"Alright, let's talk about something else now, mom or dad lurking behind me."
PSP,Playstation Portable,I’ve been playing on my PSP all day.,Refers to the handheld gaming console made by Sony.  ,Been gaming on my handheld PlayStation all day long.
PST,Please send tell,"Looking for a group, PST.",Used in online gaming to request someone send a message or reply.  ,"I'm searching for a group, let me know if you find one."
PTFO,Pass the freak out,"I was so exhausted, I just PTFO last night.",A slang term for falling asleep or passing out due to exhaustion.  ,"Man, I was absolutely knackered last night; I could barely keep my eyes open."
PTIYPASI,Put that in your pipe and smoke it,"Well, we won the game, PTIYPASI!",A phrase used to assertively tell someone to accept or acknowledge a statement or outcome.  ,"Alright then, we actually nailed it in that match!"
PTL,Praise the Lord,"PTL, we made it home safely!",A religious phrase expressing gratitude or relief.  ,"Thank goodness, we're home safe and sound!"
PTMM,Please tell me more,"That sounds interesting, PTMM!",A polite way of asking for more information.  ,"That sounds intriguing, could you tell me more?"
PTO,Paid time off,I’m using some PTO to take a vacation.,"Refers to paid time off from work, where employees are still paid during their absence.  ",I'll be taking some time off work for a holiday.
PUG,Pick up group,I joined a PUG for the dungeon.,Refers to a group of players formed spontaneously in online games.  ,I teamed up with a group to tackle the dungeon.
PVE,Player vs enemy,I prefer PVE content over PVP.,Refers to a game mode where players fight against computer-controlled enemies.  ,I'd rather play against enemies than other players.
PVP,Player versus player,Let’s try some PVP battles tonight!,Refers to a game mode where players compete against each other directly.  ,Let's have player-versus-player fights tonight!
PWN,own,I totally PWNed that game last night!,"Refers to dominating or defeating someone, often used in gaming.  ",I completely dominated that game last night!
PXT,Please explain that,"I didn’t understand your point, PXT.",A request for further clarification or explanation.  ,Could you clarify your point for me?
PU,That stinks!,What’s that smell? PU!,"Used to express disgust, especially at an unpleasant odor or situation.  ",Yuck! That's rank!
PUKS,Pick up kids,"I’ll be late, need to PUKS.","Refers to the task of picking up children, often from school or activities.  ","I'm running behind, gotta fetch the kids."
PYT,Pretty young thing,She’s such a PYT!,"A compliment, often used to describe an attractive young person.  ",She's really quite charming!
PZ,Peace,"Got to go, PZ!","A casual way of saying goodbye, derived from ""peace.""  ","Alright then, take care!"
PZA,Pizza,Let’s order some PZA for dinner.,"Refers to pizza, often used in text or casual conversation.  ",How about we grab a pizza for dinner tonight?
Q,Queue,I’ve been waiting in the Q for 30 minutes.,"Refers to a line or waiting list, often used in the context of games or events.  ","I've been hanging around here for half an hour, seems like I'm still up in line."
Q4U,I have a question for you,"Hey, Q4U—what’s the plan for tonight?","A shorthand way of saying ""I have a question for you.""  ","Hey, what's the game plan for tonight?"
QC,Quality control,We need to run a QC check on the product.,"Refers to ensuring the quality of goods or services, often in a business or manufacturing context.  ",Let's double-check the quality of this product.
QFE,Question for everyone,QFE: What’s everyone’s favorite movie?,"Used to ask a question directed at a group of people, often in online forums or chats.  ","Alrighty, what's everyone's top pick for a favored film?"
QFI,Quoted for idiocy,"That statement is ridiculous, QFI!",Used humorously or sarcastically to highlight a foolish or nonsensical comment.  ,That remark is utterly ludicrous!
QFT,Quoted for truth,"What they said was spot on, QFT.",Used to emphasize agreement with a truthful or insightful comment.  ,Exactly what they said! Couldn't agree more.
QIK,Quick,Let’s grab a QIK coffee before the meeting.,"A shorthand way to say ""quick,"" often used in informal situations.  ",How about we pop in for a quick coffee break before the meeting?
QL,Quit laughing,"Come on, QL! I’m being serious.","Used to tell someone to stop laughing, often in a playful context.  ","Hey now, knock it off! I'm dead serious here."
QOTD,Quote of the day,‘Be yourself; everyone else is already taken’—QOTD.,Refers to a daily quote that is often shared for inspiration or humor.  ,"""Be yourself – nobody else can pull it off quite like you!"""
Q_Q,crying eyes,"I lost my keys, Q_Q.","Used to represent sadness or frustration, mimicking crying eyes.  ","Oh no, I've lost my keys, feels like shedding tears."
QQ,Quick question,"Hey, QQ: What time does the event start?",A shorthand for asking a brief or simple question.  ,"Hey, Got a quick query here: What time does the event start?"
QSL,Reply,"I sent the message, still waiting for a QSL.","Refers to a response or reply, often used in radio communication.  ","I sent the message, yet to receive a reply."
QSO,Conversation,I had a great QSO with him about technology.,"Refers to a conversation, typically in radio communication or technical contexts.  ",We had an excellent chat about tech with him.
QT,Cutie,"Look at that dog, such a QT!",A term of endearment used to describe someone or something cute.  ,What an adorable dog you've got there!
QTPI,Cutie pie,My niece is an absolute QTPI!,"A more playful or affectionate version of ""QT,"" often used for children or pets.  ",My niece is utterly adorable!
R,are,R you coming to the party tonight?,"A shorthand way of saying ""are"" in casual text or online communication.  ",Are you going to the party tonight?
R8,Rate ,R8 my outfit from 1 to 10!,"A request for someone to give a rating, often used in social media or gaming.  ",How would you score my outfit on a scale of 1 to 10?
RBAY,Right back at you,You’re awesome! RBAY!,Used to reciprocate a compliment or positive statement.  ,You're fantastic! Right back at ya!
RFN,Right freaking now,We need to leave RFN!,"A strong or urgent way to say ""right now.""  ",Gotta scram now!
RGR,"I agree, I understand","RGR, I’ll meet you there.","A way to confirm understanding or agreement, often used in military or technical settings.  ","Got it, I'll meet up with you there."
RHIP,Rank has its privileges,I got the best seat—RHIP!,Used humorously to suggest that higher rank or status comes with special benefits.  ,I've snagged the prime spot – perks of being in charge!
RIP,Rest in peace,"RIP, we’ll miss you.",A respectful message when someone has passed away.  ,"Farewell, you will be greatly missed."
RL,Real life,"I can’t play tonight, got RL stuff to do.",Refers to offline activities or responsibilities outside of the digital world.  ,Got some real-world matters to attend to tonight.
RLY,Really,RLY? That’s amazing!,"A shorthand version of ""really,"" often used to express surprise or disbelief.  ","Indeed, that's quite remarkable!"
RME,Rolling my eyes,"He’s late again, RME.","Used to express frustration or disbelief, as if physically rolling one’s eyes.  ","He's late again, for the love of..."
RMLB,Read my lips baby,"RMLB, I’m not going to change my mind.",A dramatic way to emphasize a point or statement.  ,"Listen carefully, my mind is set and won't be altered."
RMMM,Read my mail man,You need more details? RMMM!,"A humorous or casual way to say ""check your messages.""  ",Need more specifics? Check your email then!
ROFLCOPTER,Rolling on floor laughing and spinning around,"That video was so funny, ROFLCOPTER!","A more exaggerated version of ROFL, suggesting uncontrollable laughter.  ",That video had me laughing so hard I could barely catch my breath!
ROFLMAO,"Rolling on the floor, laughing my butt off","I couldn’t stop laughing, ROFLMAO!","An even stronger version of ROFL, indicating extreme laughter.  ","I was absolutely cracking up, laughing uncontrollably!"
ROTFL,Rolling on the floor laughing,That meme had me ROTFL!,"Similar to ROFL, used to describe something extremely funny.  ",That meme had me in stitches!
ROTFLUTS,Rolling on the floor laughing unable to speak,"The prank was so good, ROTFLUTS!",A humorous way to express that something is so funny you can’t even talk.  ,That prank had me absolutely cracking up!
RS,Runescape,I’ve been playing RS all weekend.,Refers to the online multiplayer game *Runescape*.  ,Spent my entire weekend on Runescape.
RSN,Real soon now,I’ll finish the report RSN.,"Used to indicate that something will happen soon, though sometimes said with a hint of sarcasm.  ",I'll get the report done shortly.
RT,Roger that,"I’ll be there at 5, RT.","A phrase used to acknowledge a message or command, often in military or technical settings.  ","Got it, I'll be there at 5."
RTBS,Reason to be single,"After that drama, I’ve got a new RTBS.",A humorous or serious reason for staying single.  ,"After that episode, I've found myself more inclined to enjoy being single."
RTFM,Read the freaking manual,"You’re doing it wrong, RTFM!",Used humorously or sarcastically to suggest someone check the instructions.  ,"Here you go wrong, please consult the instructions!"
RTFQ,Read the freaking question,"You missed the point, RTFQ!",A way to remind someone to pay attention to what was asked.  ,"Alright, you didn't quite catch what I meant. Check the question again!"
RTHX,Thanks for the RT ,RTHX for sharing my post!,A quick way to thank someone for retweeting or sharing content.  ,Thanks a bunch for retweeting my post!
RTMS,"Read the manual, stupid","Before you ask, RTMS!","A more direct or harsh version of RTFM, telling someone to check the instructions.  ","Before asking, kindly check the manual first."
RTNTN,Retention,We need to focus on customer RTNTN.,"Refers to efforts to keep or retain customers, often used in business settings.",Let's zero in on keeping our customers on board.
RTRCTV,Retroactive,The pay raise will be RTRCTV to last month.,Refers to something that is applied to a previous period of time.  ,The pay rise is backdated to last month.
RTRMT,Retirement ,She’s planning for RTRMT in a few years.,Refers to leaving the workforce and ceasing full-time work.  ,She's got retirement on her mind in a couple of years.
RTSM,Read the stupid manual,You’re still confused? RTSM!,"A more direct or frustrated version of ""Read the manual.""  ",Still clueless? Check out the instructions then!
RTWFQ,Read the whole *freaking* question,"You missed the point, RTWFQ!",A reminder to fully understand the question before answering.  ,"You completely missed what I'm getting at, read the whole question carefully!"
RU,Are you?,RU coming to the party tonight?,"A shorthand way of asking ""are you"" in text or chat.  ",You coming to the party tonight?
RUMOF,Are you male or female?,"Before we start the game, RUMOF?","A direct question asking someone’s gender, often used in online forums or games.  ","Alrighty then, you ready to play the game? Boy or girl first?"
RUT,Are you there?,"I’ve been texting you, RUT?",A quick way to check if someone is present or available.  ,"Hey, have we been messaging?"
RUOK,Are you okay?,"You seem upset, RUOK?",A caring inquiry to check on someone’s well-being.  ,"Hey, you look a bit down, everything alright?"
RX,Regards,"I’ll see you soon, RX.","A way of sending regards or best wishes, often used in email closings.  ","See you soon, take care!"
RW,Real world,Got to get back to RW responsibilities.,Refers to life outside of the digital or virtual space.  ,Need to get back to real-life duties.
RYB,Read your Bible,Feeling down? RYB for inspiration.,A religious suggestion for someone to turn to the Bible for guidance.  ,Needing a pick-me-up? Read your Bible for some inspiration.
RYO,Roll your own,I prefer RYO cigarettes.,Refers to making your own cigarettes or something handmade.  ,I go for homemade cigarettes.
RYS,Read your screen,"The instructions are clear, RYS!",A reminder to pay attention to what is already written on the screen.  ,"Check it out, make sure you've got everything down!"
S2R,Send to receive,"S2R your address, and I’ll mail it.",Used when exchanging contact information or other details.  ,Send me your address so I can mail it to you.
S2S,Sorry to say,"S2S, but the event has been canceled.",A way to express regret or apologize for bad news.  ,I'm sorry to tell you that the event has been called off.
S4L,Spam for life,"If you sign up for that site, you’ll get S4L.",Refers to a situation where someone may receive endless spam emails or messages.  ,You'll have a lifetime of spam if you join that website!
SAL,Such a laugh,That story was SAL!,Used to describe something that was very funny.  ,That story was absolutely hilarious!
SAT,Sorry about that,"I didn’t mean to be late, SAT!",A quick apology for a minor mistake or inconvenience.  ,"Oops, I'm sorry for being late!"
SAVAGE,shockingly careless expression,"His comment was SAVAGE, but true.","Describes something said or done with brutal honesty, often in a shocking or careless way.  ","His remark was brutally honest, yet accurate."
SB,Snap back,I’ll SB when I get your message.,Refers to replying to someone’s Snap on Snapchat.  ,I'll hit you back as soon as I read your message.
SBIA,standing back in amazement,That performance had me SBIA!,Used to describe being in awe or impressed by something.  ,"Man, that performance left me absolutely speechless!"
SBT,Sorry about that,"I didn’t mean to miss the call, SBT.",A quick way to apologize for a mistake.  ,My apologies for missing your call.
SC,Stay cool,"It’s getting hot out, SC!",A way to tell someone to remain calm or relaxed.  ,"It's heating up there, take it easy!"
SD,Sweet dreams,"Goodnight, SD!",A kind way to wish someone a restful sleep.  ,"Sleep tight, have pleasant dreams!"
SDMB,"Sweet dreams, my baby","Tucking you in, SDMB.","A very affectionate way to say goodnight, often used for a child or loved one.  ","Goodnight, my darling. Sweet dreams."
SENPAI,someone older than you,SENPAI noticed me!,"A term from Japanese culture referring to someone who is older or more experienced, often used in anime or fan communities.  ",Elder observed me!
SEO,Search engine optimization,We need to improve our SEO for better website traffic.,Refers to strategies to improve a website’s visibility in search engine results.  ,Let's boost our site's visibility in search engines for more web visitors.
SETE,Smiling Ear-to-Ear,"When I saw the surprise, I was SETE!",Describes someone who is extremely happy and smiling broadly.  ,"When I saw the surprise, I couldn't help but grin from ear to ear!"
SELFIE,A photo that is taken of oneself,Just took a SELFIE at the beach!,"Refers to a picture someone takes of themselves, usually shared on social media.  ",Just snapped a photo of myself at the beach!
SFAIK,So far as I know,"SFAIK, the meeting is still on for tomorrow.",Used to express that something is true to the best of one’s knowledge.  ,"As far as I'm aware, the meeting is still scheduled for tomorrow."
SH,Same here,"You’re tired? SH, I’m exhausted too.",A way to agree with someone or share the same sentiment.  ,"You're beat? Me too, I'm drained as well."
SH^,Shut up,"That’s so funny, SH^!","Used in a playful or joking manner to tell someone to stop talking, often in surprise or disbelief.  ","That's positively hilarious, would you please keep quiet?"
SHID,Slapping head in disgust,"I forgot my keys again, SHID!",A humorous way to express frustration with oneself.  ,"Darn it, I forgot my keys again!"
SHIP,wishing two people were in a relationship,I totally SHIP those two characters!,"A term used by fans to express a desire for two people, often fictional, to be romantically involved.  ",I'd love to see those two characters together!
SICNR,"Sorry, I could not resist","I had to make the joke, SICNR.",Used when someone makes a comment or joke they couldn’t hold back.  ,I couldn't help myself from making the joke.
SIG2R,"Sorry, I got to run","I’m late, SIG2R!",A quick way to say you need to leave or end a conversation.  ,"Gotta scoot, running behind!"
SIHTH,Stupidity is hard to take,"After that decision, SIHTH.",Used humorously to express frustration with someone’s foolish actions.  ,That decision was beyond frustrating.
SIMYC,Sorry I missed your call,"SIMYC, I was in a meeting.",A polite way to apologize for not answering someone’s phone call.  ,"My apologies, I was in a meeting when you called."
SIR,Strike it rich,"One day, I’ll SIR with this idea!",Refers to becoming wealthy or successful.  ,"One day, I'm gonna strike it big with this idea!"
SIS,Snickering in silence,"That joke was so bad, I’m SIS.",Used to describe laughing quietly or to oneself.  ,"That joke was so terrible, I'm practically bursting into quiet laughter."
SIT,Stay in touch,"It was great catching up, SIT!",A reminder to keep in contact with someone after parting ways.  ,"It was awesome chatting again, let's keep in touch!"
SITD,Still in the dark,I’m SITD about the details of the project.,Used to describe being uninformed or unaware of something.  ,I'm still clueless about the specifics of the project.
SJW,Social justice warrior,"She’s always advocating for causes, total SJW.","Refers to someone who actively promotes social justice issues, often used sarcastically.  ","She's always championing causes, total activist."
SK8NG,Skating,I’ve been SK8NG since I was a kid.,"Refers to the activity of skating, whether it’s ice skating, rollerblading, or skateboarding.",I've been skating since I was a kiddo.
SK8R,Skater,He’s a total SK8R with all the tricks.,Refers to someone who skateboards or is involved in the skating culture.  ,He's really into skateboarding and knows plenty of cool moves.
SK8RBOI,Skater Boy,I used to have a crush on a SK8RBOI.,"A playful term for a boy who skateboards, popularized by the Avril Lavigne song.  ",I once had a thing for a skateboarder dude.
SLAP,Sounds like a plan,Let’s meet at 7 for dinner? SLAP!,Used to agree with or confirm a suggestion or plan.  ,"Sounds good to meet up for dinner at 7, all right?"
SM,Social media,I spend way too much time on SM.,"Refers to platforms like Facebook, Instagram, Twitter, etc.  ",Spend way too much time on social media.
SMAZED,Smoky haze,The sky was SMAZED after the fireworks.,"Describes a smoky or hazy atmosphere, often caused by smoke.  ",The sky was smoky and hazy following the fireworks.
SMEXI,sexy Mexican,"He’s SMEXI, isn’t he?",A playful or flirtatious way to describe a Mexican person as attractive.  ,"He's quite attractive, isn't he?"
SMH,Shaking my head,"He forgot his homework again, SMH.","Used to express disappointment, frustration, or disbelief.  ","Sigh, he forgot his homework again."
SMHID,Scratching my head in disbelief,The logic in that statement has me SMHID.,Used when something is confusing or doesn’t make sense.  ,That logic leaves me baffled.
SNAFU,Situation normal all fouled up,The meeting turned into a SNAFU.,Used to describe a situation that is chaotic but typical.  ,The gathering became quite a mess.
SNERT,Snot nosed egotistical rude teenager,That SNERT really needs to learn some manners.,A derogatory term for a teenager who behaves rudely or arrogantly.  ,That impolite teenager certainly lacks decorum.
SNR,Streaks and Recents ,I’ve got so many SNRs to reply to on Snapchat.,Refers to streaks and recent conversations on Snapchat.  ,Got a ton of recent chats on Snapchat that need my attention.
SO,Significant other,I’m going out with my SO tonight.,Refers to a person’s romantic partner.  ,I'm heading out with my partner tonight.
SOAB,Son of a bitch,That SOAB cut me off in traffic!,An insult or expression of anger toward someone.  ,"Blimey, that driver rudely cut me off in traffic!"
S’OK,It is okay,"Don’t worry about being late, S’OK.","A casual way to say ""it’s okay"" or ""no problem.""  ","No worries, it's all good that you're late."
SOL,Sooner or later,"SOL, you’ll get used to it.",Used to suggest that something will happen eventually.  ,"Eventually, you'll grow accustomed to it."
SOMY,Sick of me yet?,"I’ve texted you three times today, SOMY?",A playful way of asking if someone is tired of hearing from you.  ,Have I bothered you by texting you thrice today?
SorG,Straight or Gay?,"Just wondering, SorG?",A question used to ask someone about their sexual orientation.  ,"Curious, straight or gay?"
SOS,Meaning help,"SOS, I’m lost in the city!",A call for help or assistance.  ,Need some help! I'm lost in the city.
SOT,Short of time,"Can’t chat long, I’m SOT today.",Indicates that someone is pressed for time or in a hurry.  ,"Gotta dip soon, time's a tickin' today."
SOTMG,"Short of time, must go","SOTMG, I’ll talk to you later.",A quick way to say that someone is out of time and has to leave.  ,"Gotta scoot, catch up with you soon."
SOWM,Someone with me,"Can’t talk now, SOWM.","Used to explain that someone is with you, often as a reason to keep a conversation brief.  ","Gotta run, someone's with me."
SPK,Speak ,"SPK your mind, I’m listening.",A prompt for someone to share their thoughts or start speaking.  ,"Speak your mind, I'm all ears."
SRSLY,Seriously,"SRSLY, I can’t believe he said that.","A shorthand way to say ""seriously,"" often used to express disbelief or surprise.  ","Good heavens, I can't bloody well believe he said that!"
SPST,"Same place, same time",Let’s meet SPST next week.,Refers to meeting again at the same location and time as before.  ,Let's hook up at the usual spot next week.
SPTO,Spoke to,I SPTO her about the event.,Used to indicate that someone had a conversation with another person.  ,I talked to her about the event.
SQ,Square,"He’s so SQ, always following the rules.",A term used to describe someone who is conventional or not adventurous.  ,He's such a stickler for the rules.
SRY,Sorry,SRY I missed your call.,A quick way to apologize in text or chat.  ,My apologies for missing your call.
SS,So sorry,SS for being late!,"An even more apologetic version of ""sorry.""  ","Oh dear, I'm really sorry for being late!"
SSIF,So stupid it’s funny,"That movie was SSIF, I couldn’t stop laughing.",Used to describe something that’s ridiculous but still amusing.  ,"That film was absolutely laughable, I couldn't stop chuckling."
SSINF,So stupid it’s not funny,"His argument was SSINF, I couldn’t even respond.",Refers to something that’s beyond stupid to the point of frustration.  ,"His argument was ridiculously dumb, leaving me speechless."
ST&D,Stop texting and drive,You better ST&D before you get into trouble!,"A warning to someone texting while driving, encouraging safety.  ",Watch out and put down that phone while driving to avoid getting into trouble!
STFU,Shut the freak up,"I couldn’t believe what he was saying, STFU!",A blunt or rude way to tell someone to stop talking.  ,I can't believe what he's saying – could you please keep quiet?
STR8,Straight,"I’m STR8, not interested.",Refers to someone’s heterosexual orientation.  ,"I'm straight up, not interested."
STW,Search the Web,"If you don’t know, just STW.",A suggestion to look something up online.  ,"If you're clueless, do a quick Google search instead!"
SU,Shut up,"SU, I can’t believe you said that!","A casual or playful way of telling someone to stop talking, often used in surprise or disbelief.  ",Could you please keep quiet for a moment? I find what you just said quite surprising.
SUITM,See you in the morning,Goodnight! SUITM.,"A way to say goodbye, indicating you’ll see someone the next day.  ",Goodnight! Talk to you tomorrow.
SUL,See you later,"Heading out now, SUL!","A casual way of saying goodbye, often used in texting or chat.  ","Alrighty then, see you later!"
SUP,What’s up?,SUP? Haven’t heard from you in a while.,A casual greeting used to ask how someone is doing.  ,Hey there! It's been a bit since we last talked. How have you been?
SUTH,So use(d) to haters,"They’re talking again, but I’m SUTH.",Used to express being unfazed by criticism or negativity.  ,I'm beyond listening to them now.
SUX,it sucks,That traffic SUX!,Used to express dissatisfaction or frustration with something unpleasant.  ,That traffic is a real pain!
SUYF,Shut up you fool,"That’s not true, SUYF!",A playful or harsh way to tell someone they’re being foolish.  ,"That's not right, you're wronging me!"
SWAG,free stuff and giveaways from tech tradeshows,I got so much SWAG at the conference!,Refers to free promotional items given out at events or trade shows.  ,"Man, I scored a ton of free goodies at the conference!"
SWAK,Sealed with a kiss,"I sent you a letter, SWAK.","Used to sign off letters or messages with affection, especially romantic ones.  ",I've mailed you a letter with a kiss included.
SWALK,Sealed with a loving kiss,The letter had SWALK written on the envelope.,"A more affectionate version of SWAK, often used in love letters.  ",The envelope bore a seal of affectionate kissing on it.
SWAT,Scientific wild butt guess,"I didn’t have time to check the facts, so I made a SWAT.",A playful way to describe a rough or educated guess.,I was pressed for time and had to take an educated guess instead.
SWL,Screaming with laughter,That joke had me SWL!,Used to describe something that’s so funny it makes you laugh out loud.  ,That joke left me in stitches!
SWMBO,wife ,SWMBO says I need to mow the lawn.,"Playfully refers to one’s wife as ""She Who Must Be Obeyed.""  ",The lady at home wants me to cut the grass.
SYL,See you later,"Got to run, SYL!","A casual way to say goodbye, implying you’ll see the person again later.  ","Got to go, take care then!"
SYS,See you soon,"I’ll be over in a bit, SYS!","A friendly way to say goodbye, suggesting a short time apart.  ","I'll be there shortly, see you soon!"
SYY,Shut your yapper,"You don’t know what you’re talking about, SYY!",A humorous or stern way to tell someone to stop talking.  ,Stop spouting nonsense!
T+,Think positive,"We’ll get through this, just T+!",A motivational phrase encouraging someone to stay positive.  ,Let's make it happen; stay optimistic!
T4BU,Thanks for being you,"You’re the best, T4BU!",A sweet message of appreciation for someone being themselves.  ,"You're truly amazing, just being you!"
T:)T,Think happy thoughts,Having a rough day? T:)T!,A positive reminder to focus on good things.  ,Got yourself in a bit of a pickle today? Keep smiling!
TA,Thanks a lot,TA for all your help today!,"A casual way to say ""thanks a lot.""  ",Thanks a bunch for all your assistance today!
TAFN,That’s all for now,"Got to sign off, TAFN!",Used to indicate that a conversation or update is ending for the time being.  ,See you later then!
TAM,Tomorro a.m.,Let’s meet TAM for breakfast.,Refers to something happening in the morning of the next day.  ,Let's hook up for breakfast tomorrow morning.
TANK,really strong,That character is such a TANK!,Used in gaming to describe a character who can take a lot of damage.  ,That character is a real powerhouse!
TANKED,owned,I totally TANKED that boss in the game.,Refers to dominating or defeating someone or something.  ,Managed to utterly dominate that boss during the game.
TANKING,owning,Our team was TANKING the competition!,Refers to overpowering or defeating others in a game or competition.  ,Our team was crushing the competition!
TARFU,Things Are Really fouled Up.,The project is TARFU right now.,A humorous or sarcastic way to describe a chaotic or problematic situation.  ,The project's in a mess at the moment.
TAU,Thinking about you,"Just wanted to say hi, TAU.",A sweet or affectionate message to show someone they’re on your mind.  ,Just thought I'd check in and say hello!
TAUMUALU,Thinking about you miss you always love you,"Hope you’re doing well, TAUMUALU.",An affectionate message often used in long-distance relationships.  ,"Wishing you're okay, always thinking of you and missing you."
TBAG,Process of disgracing a corpse,He got TBAGGED after losing in the game.,A gaming term referring to a taunting or disrespectful action performed over a defeated opponent.  ,He was disgraced post his defeat in the game.
TBBH,To be brutally honest,"TBBH, I didn’t like the movie.",Used when giving a frank or blunt opinion.  ,"Frankly speaking, I didn't enjoy the movie."
TBC,To be continued,"The series finale was such a cliffhanger, TBC.",Indicates that something will resume or continue at a later time.  ,"The series finale left us hanging, to be picked up another time!"
TBD,To be determined,The meeting time is TBD.,Refers to something that hasn’t been decided or confirmed yet.  ,The meeting time hasn't been decided yet.
TBL,Text back later,"I’m busy now, TBL when you can.",A request for someone to reply later.  ,"I'm swamped at the moment, let's catch up later."
TBT,Throwback Thursday ,"Here’s a photo from high school, TBT!",A popular social media trend where users share old photos or memories on Thursdays.  ,Here's a throwback picture from high school!
TC,Take care,"Goodbye, TC!",A polite way to say goodbye while wishing someone well.  ,"Take good care, then!"
TCB,Take care of business,I’ve got to TCB before the deadline.,Refers to handling responsibilities or tasks.  ,Gotta handle things before the deadline.
TCOY,Take care of yourself,Stay safe and TCOY.,A way to remind someone to prioritize their well-being.  ,Take good care of yourself and stay safe.
TD,Tower defense ,I love playing TD games.,Refers to a gaming genre where players defend a base or structure against waves of enemies.  ,I really enjoy playing tower defense games.
TD2M,Talk dirty to me,He sent me a flirty message saying TD2M.,A playful or flirtatious request for provocative conversation.  ,"He flirtatiously messaged me, ""Talk to me in an intimate way."""
TDTM,Talk dirty to me,She jokingly said TDTM during the chat.,Another variation of requesting flirtatious or suggestive conversation.  ,She playfully suggested getting a little steamy during our conversation.
TEA,Meaning gossip,"Spill the TEA, I want to hear all the details!",Refers to gossip or sharing juicy information.  ,"Let's chat it out, I'm all ears for every single detail!"
TFF,Too freaking funny,That video was TFF!,Used to describe something that is extremely funny.  ,That video was hilarious!
TFS,Thanks for sharing,"That article was really helpful, TFS!",A polite way to thank someone for sharing information or content.  ,"Great, that article was truly insightful, cheers!"
TFTF,Thanks for the follow ,TFTF! Looking forward to your posts.,A message to thank someone for following on social media.  ,Thanks for following! Can't wait to see what you post next.
TFTI,Thanks for the invitation,"TFTI, but I can’t make it to the party.",A way to acknowledge and thank someone for inviting you to something.  ,"Thanks for inviting me, but I won't be able to attend the party."
TFTT,Thanks for this tweet,"This is a great tip, TFTT!",A message to thank someone for a useful or entertaining tweet.  ,Thanks for this top-notch tip!
TG,Thank goodness,TG it stopped raining just in time!,A phrase used to express relief.  ,"Phew, thank goodness it stopped raining on time!"
TGIF,Thank God it’s Friday,"Finally, the weekend is here! TGIF!",A celebratory phrase used at the end of the workweek.  ,"At last, it's the weekend at last! Cheers to that!"
THNQ,Thank you ,THNQ for helping me with my project!,"A playful or stylized way of saying ""thank you.""  ",Appreciate your help with my project!
THNX,Thanks,THNX for the advice!,"A shorthand way of saying ""thanks.""  ",Appreciate your advice!
THOT,That were over there,Look at that THOT at the party.,"A slang term used to refer to someone, often a woman, in a derogatory or flirtatious manner.  ",Check out that woman acting up at the party.
THT,Think happy thoughts,"Feeling stressed? THT, it’ll get better.","A reminder to focus on positive things, often used to encourage someone.  ","Got yourself feeling tense? Just think positively, things'll work out fine."
TIA,Thanks in advance,TIA for any suggestions you can give!,Used when thanking someone ahead of time for their help or response.  ,Much appreciated if you could share any thoughts or ideas you might have!
TIAD,Tomorrow is another day,"Don’t stress, TIAD!",A reminder that there’s always another chance or opportunity.  ,"Don't worry, tomorrow will sort itself out!"
TIC,Tongue-in-cheek,"My comment was TIC, don’t take it too seriously.",Used to indicate that something was said in a joking or sarcastic manner.  ,My comment was intended to be humorous; please don't overthink it.
TIL,Today I learned,TIL that honey never spoils!,Used to share a fact or piece of knowledge that someone has recently learned.  ,Learned today that honey doesn't spoil!
TILIS,Tell it like it is,I appreciate that you always TILIS.,A phrase used to compliment someone for being straightforward or honest.  ,You're always straight-up honest with me.
TIR,Teacher in room,"Can’t talk about it now, TIR.","A warning that a teacher is present, often used in a classroom setting.  ","Can't discuss that right now, teacher."
TLK2UL8R,Talk to you later,"I’ve got to go, TLK2UL8R!","A playful or casual way to say goodbye, implying that the conversation will continue later.","Alright then, catch you later!"
TL,Too long,"The article was TL, couldn’t finish it.",Used to describe something that is too lengthy to be fully read or considered.,The article was overly lengthy; didn't manage to read it through.
TL;DR,Too long; didn’t read,Here’s the summary of the report: TL;DR.,A phrase used to summarize lengthy content for someone who didn’t read the entire thing.,"Here's the gist of the report: Too much to read, I missed it."
TM,Trust me,"TM, this movie is worth watching!",Used to assure someone about the truth or validity of a statement.,You can definitely trust me on this one – that film is well worth checking out!
TMA,Take my advice,"TMA, don’t invest in that stock.",Used to offer advice or a suggestion to someone.,"Heed my advice, stay away from that stock investment."
TMB,Text me back,"Let me know what time works for you, TMB!",A request for someone to reply via text message.,Could you let me know when would be convenient for you to chat? Please respond.
TMI,Too much information,"Whoa, that’s TMI about your weekend!","Used when someone shares more details than necessary, often about personal matters.","Woah, sharing too much details about your weekend, mate!"
TMOT,Trust me on this,"You’ll love that restaurant, TMOT!",A phrase used to convince someone of the reliability of a suggestion.,"You'll definitely dig that restaurant, my word of honor!"
TMTH,Too much to handle,This workload is TMTH today.,Refers to something overwhelming or difficult to manage.,This workload is just too much today.
TMYL,Tell me your location,"I’m heading out now, TMYL so I can meet you.",A request for someone to provide their current location.,"I'm leaving now, so give me your location to meet up."
TMWFI,Take my word for it,"TMWFI, that movie is amazing.",A phrase used to assure someone that they should trust what you’re saying.,"Trust me on this, that movie is fantastic."
TNSTAAFL,There’s no such thing as a free lunch,You think that’s a free offer? TNSTAAFL.,"A saying that implies everything has a cost, even if it seems free.","Ain't nothing for free, you know that right?"
TNT,Til next time,"It’s been fun, TNT!",A way of saying goodbye until the next meeting or conversation.,See you later then!
TOJ,Tears of joy,"When I saw the surprise, I had TOJ!",Used to describe feeling so happy that it brings tears.,"When I beheld the surprise, it brought me genuine joy."
TOS,Terms of service,Make sure you read the TOS before signing up.,Refers to the legal agreement for using a service or product.,Be sure to give the terms and conditions a good read before you sign up.
TOTES,Totally,I’m totes excited for the trip!,"A playful or casual way of saying ""totally,"" often used in informal conversations.",I'm absolutely thrilled about the trip!
TOU,Thinking of you,"Just wanted to say hi, TOU.",A sweet or thoughtful message to let someone know they’re on your mind.,"Hey there! Just dropping a quick hello, thinking of you."
TOY,Thinking of you,"Hope you’re doing well, TOY!","Another way of expressing that you’re thinking about someone, similar to TOU.","Hey, hope you're doing great!"
TPM,Tomorrow p.m.,Let’s meet TPM for coffee.,Refers to something happening in the afternoon or evening of the next day.,How about we catch up this evening for a cuppa?
TPTB,The powers that be,We’ll have to wait for approval from TPTB.,Refers to people in authority or those who make important decisions.,We'll need to get the okay from those in charge.
TQ,Te quiero / I love you ,Just wanted to say TQ!,"A Spanish term meaning ""I love you,"" used in affectionate messages.",Just wanted to tell you I care for you.
TSH,Tripping so hard,That movie had me TSH!,Used to describe an intense or surreal experience.,That movie totally blew my mind!
TSNF,That’s so not fair,You got the last slice? TSNF!,A playful way of expressing that something isn’t fair.,"Dang it, you got the last slice? That's really unfair!"
TSTB,"The sooner, the better","Let’s finish this project, TSTB!","Used to express urgency, implying that something should be done as soon as possible.",Let's wrap up this project ASAP!
TT,Trending topic,That hashtag is the latest TT on Twitter.,Refers to a popular or trending subject on social media platforms.,That hashtag is the hottest topic trending on Twitter right now.
TTLY,Totally,I TTLY agree with you on that!,"A more casual or playful way of saying ""totally,"" often used for emphasis.",I completely agree with you on that!
TTTT,These things take time,"Don’t worry, TTTT—it’ll get better.",A reminder that some things require patience and time to resolve or improve.,"Chill out, things will work out eventually."
TTUL,Talk to you later,"I’ve got to run, TTUL!","A friendly way of saying goodbye, implying the conversation will continue later.","Gotta scoot, catch you later!"
TU,Thank you,TU for all your help today!,A shorthand way to express gratitude.,Cheers for all the assistance today!
TUI,Turning you in,"You’ve been caught, I’m TUI!",Used humorously or seriously to tell someone that you’re going to report them to an authority.,"Gotcha, I'm gonna rat you out!"
TURNT,"Meaning excitement, turned up",The party was TURNT last night!,"Describes a highly energetic or exciting situation, often used to describe parties.",The party really went off last night!
TWSS,That’s what she said,"The comment was too funny not to say, TWSS!",A humorous phrase used to add innuendo to a previous statement.,That remark was so hilarious I couldn't help but make a double entendre!
TTG,Time to go,"It’s getting late, TTG!",Used to indicate that it’s time to leave or finish something.,"Alright, it's time to wrap up now!"
TTYAFN,Talk to you awhile from now,"I’m going offline, TTYAFN.",Used to say goodbye with the understanding that you won’t be talking for a while.,"I'll be signing off for a bit, talk to you later."
TTYS,Talk to you soon,"Let’s catch up later, TTYS!","A way to say goodbye, indicating that the conversation will continue soon.",Let's chat again soon!
TY,Thank you,TY for the gift!,A shorthand way of expressing thanks.,Thanks a lot for the gift!
TYFC,Thank you for charity ,"TYFC, your donation means a lot!",A message used to thank someone for their charitable contribution.,Thank you so much for your generous contribution! It truly makes a difference.
TYFYC,Thank you for your comment,"TYFYC, I appreciate your feedback.",A polite way to acknowledge someone’s comment or feedback.,"Thanks for your comment, I value your input."
TYS,Told you so,"I said it would rain, TYS!",A playful or teasing way to remind someone that you were right about something.,"I told you it would rain, and here we are!"
TYT,Take your time,"No rush, TYT!",A polite way to tell someone they don’t need to hurry.,"No worries, take your time!"
TYSO,Thank you so much,TYSO for all your hard work!,A heartfelt way to express deep gratitude.,Many thanks for all your efforts!
TYAFY,Thank you and *freak* you,"You helped, but made it harder, TYAFY!",A playful or sarcastic way to express both thanks and frustration.,"Appreciated your help, yet made it a pain, cheers!"
TYVM,Thank you very much,TYVM for the lovely gift!,A more formal or heartfelt way to express thanks.,Many thanks for that delightful present!
TX,Thanks,TX for the quick reply!,"A shorthand way of saying ""thanks.""",Thanks a lot for the swift response!
^URS,Up yours,You think I’m wrong? ^URS!,"A rude or playful retort to someone’s statement, meaning ""up yours.""","Think you've got me wrong? Well, stick that in your pipe and smoke it!"
UCMU,You crack me up,"That joke was hilarious, UCMU!",Used to tell someone that they’re funny or made you laugh.,That joke had me in stitches!
UDI,Unidentified drinking injury,"Woke up with a bruise, total UDI from last night.","Refers to an injury someone gets while intoxicated, with no memory of how it happened.","Awoke this morning with a mystery bump, definitely an unidentified drinking incident relic from yesterday."
UDM,U (You) da (the) man,"You fixed the issue, UDM!",A playful or complimentary way to tell someone they did a great job.,"Man, you really sorted that out! Nicely done!"
UDS,Ugly domestic scene,"Things got heated last night, total UDS.",Refers to a conflict or argument within a household.,"Matters escalated quite a bit last night, it was quite an unpleasant domestic incident."
UFB,Un *freaking* believable,That result was UFB!,Used to express extreme disbelief or amazement.,That outcome was incredibly impressive!
UFN,Until further notice,The meeting is postponed UFN.,Refers to something being put on hold until new information is available.,Meeting's on hold for now.
UFWM,You *freaking* with me?,You just won the lottery? UFWM?,Used to express surprise or disbelief in a playful or serious way.,Did you really win the lottery? What's going on here?
UGTBK,You’ve got to be kidding,They canceled the event? UGTBK!,Used to express disbelief or frustration about surprising news.,Are they seriously cancelling the event?! Unbelievable!
UHGTBSM,You have got to be shitting me!,You got that for free? UHGTBSM!,A more vulgar way of expressing extreme disbelief.,That can't be true! Incredulous!
UKTR,You know that’s right,Best food in town? UKTR!,Used to agree emphatically with someone’s statement.,"That's some of the best grub in town, for sure!"
UL,Upload,I’ll UL the files to the server.,Refers to uploading data or files to the internet or a server.,I'll send the files up to the server.
U-L,You will,U-L love this new song!,A prediction or assurance that someone will enjoy something.,You're really going to love this new song!
UNA,Use no acronyms,Please UNA in the report.,"A request to avoid using acronyms, often in formal writing.","Kindly avoid using any abbreviations in the report, please."
UN4TUN8,Unfortunate,That accident was really UN4TUN8.,A stylized way to say something was unfortunate or unlucky.,"Man, that accident was quite unfortunate."
UNBLEFBLE,Unbelievable,That game was UNBLEFBLE!,Used to express astonishment or disbelief.,That game was absolutely incredible!
UNCRTN,Uncertain,The results are still UNCRTN.,Refers to a lack of clarity or certainty about something.,Things are still up in the air regarding the results.
UNPC,not politically correct,"That joke was funny, but definitely UNPC.",Describes something that may be considered offensive or insensitive by modern standards.,"That joke was pretty humorous, yet undeniably insensitive."
UOK,You ok?,"You seem upset, UOK?",A quick way to ask if someone is feeling alright.,Are you feeling alright there?
UR,You are ,UR the best!,"A shorthand way to say ""you are,"" commonly used in text messaging.",You are truly fantastic!
UR2YS4ME,You are too wise for me,"You solved that puzzle so quickly, UR2YS4ME!",A compliment acknowledging someone’s intelligence or cleverness.,"You're smarter than I give you credit for, that's impressive!"
URA*,You are a star,"Thanks for helping with the project, URA*!",A way to compliment or thank someone for their efforts.,"Thanks so much for assisting with the project, you're a gem!"
URH,You are hot ,URH in that outfit!,A flirtatious way to compliment someone’s appearance.,You look great in that outfit!
URSKTM,You are so kind to me,"Thanks for the gift, URSKTM!",A warm way to express gratitude for someone’s kindness.,Thanks so much for the gift – you're incredibly kind!
URTM,You are the man,"You nailed that presentation, URTM!",A compliment given to someone who has done something impressive.,"Nailed it on that presentation, you're a star!"
URW,You are welcome,Thanks for your help! URW!,A shorthand way of responding to someone’s thanks.,Thank you so much for your assistance! My pleasure!
USBCA,Until something better comes along,I’ll keep this job USBCA.,Refers to doing something temporarily until a better opportunity arises.,I'll stick with this job for now.
USU,Usually,I USU work from home on Fridays.,"A shorthand way of saying ""usually,"" indicating a regular occurrence.",I typically work from home on Fridays.
UT,Unreal Tournament,I’ve been playing UT all weekend!,Refers to the popular first-person shooter video game *Unreal Tournament*.,I've been tearing it up in Unreal Tournament all weekend!
UT2L,You take too long,"Hurry up, UT2L!",Used to express impatience with someone who is taking too long.,"C'mon, take a hint and speed it up already!"
UTM,You tell me,What’s the best option? UTM.,A way to ask for someone’s opinion or perspective.,What's the best choice here? I'm clueless.
UV,Unpleasant visual,That outfit was a total UV!,Refers to something that is visually unappealing or unpleasant.,That getup was absolutely hideous!
UW,You’re welcome,Thanks for helping me! UW!,A casual way of responding to someone’s thanks.,My thanks for your help! No problem at all.
UX,User experience,We need to improve the UX of this website.,"Refers to the overall experience of a user when interacting with a product, particularly in tech and design.",Let's work on enhancing the user experience for this site.
V,Very,That’s V impressive!,"A shorthand way of saying ""very,"" often used in casual communication.",That's incredibly impressive!
VAT,Value added tax,The total cost includes VAT.,Refers to the tax added to goods or services in certain countries.,The total price includes tax.
VBL,Visible bra line,You can totally see her VBL in that top.,Refers to the visible outline of a bra under clothing.,Her bra line is quite visible in that top.
VBS,Very big smile,I saw the surprise and had a VBS!,Used to describe someone smiling broadly.,I saw the surprise and couldn't help but grin broadly!
VC,Voice chat,Let’s hop on VC to discuss the project.,"Refers to using voice communication, often in gaming or online meetings.",Let's jump onto a call to talk about the project.
VEG,Very evil grin,He made a VEG when he pulled the prank.,"A mischievous or playful smile, often indicating someone is up to no good.",He flashed an impish grin as he played the trick.
VFF,Very freaking funny,That meme was VFF!,Used to describe something that’s extremely funny.,That meme was incredibly hilarious!
VFM,Value for money,This laptop is great VFM.,Refers to getting good quality or performance for the price paid.,This laptop offers a fantastic deal for its price.
VGC,Very good condition,This phone is secondhand but in VGC.,Describes something that is used but still in excellent condition.,This secondhand phone's in great shape.
VGG,Very good game,"That was a tough match, but VGG!",Used in gaming to compliment the overall quality of the game.,"That was a challenging game, but brilliantly played!"
VGH,Very good hand,You played a VGH in that round.,Refers to a well-played hand in card games.,You absolutely nailed that round.
VIP,Very important person,He’s got VIP access to the event.,Refers to someone who has special status or privileges.,He has exclusive entry to the event.
VM,Voice mail,I left you a VM about the meeting.,Refers to a recorded message left when someone can’t answer the phone.,I've got a message for you regarding the meeting.
VN,Very nice,That dress looks VN on you!,A compliment used to describe something that is pleasant or appealing.,That dress suits you really well!
VNH,Very nice hand ,You won the game with a VNH.,A compliment used in card games to recognize a well-played hand.,You played an outstanding game there.
VoIP,Voice over Internet Protocol,We use VoIP for all our office calls.,Refers to making voice calls over the internet rather than through traditional phone lines.,"For all our office chats, we employ internet phone service."
VRY,Very,I’m VRY excited for the weekend!,"A shorthand version of ""very,"" often used in texting or online communication.",I'm really excited for the weekend!
VSC,Very soft chuckle,That comment made me VSC.,"Describes a light or subtle laugh, often in response to something mildly amusing.",That remark had me chuckling quite gently.
VSF,Very sad face,"I missed the event, VSF.",Used to express disappointment or sadness.,"Man, I'm really bummed out that I missed the event."
VWD,Very well done,Your presentation was VWD!,A compliment to someone who has done something exceptionally well.,That presentation knocked it out of the park!
VWP,Very well played,"You outsmarted me in that game, VWP!",Used to compliment someone for playing well in a game or competitive situation.,"You really got me there, well played!"
W@,What?,W@ did you just say?,"A shorthand way to ask ""what,"" typically used in texting or online chat.","Really now, what was that you said?"
W/,With,I’m going to the movies W/ my friends.,"A shorthand version of ""with,"" often used in text or informal writing.",I'm hitting the movies with my pals.
W/B,Welcome back,"You’ve been gone for a while, W/B!",A friendly way to greet someone who has returned after being away.,"Hey there, it's great to have you back!"
W3,WWW ,Check out the latest updates on W3!,"Refers to the World Wide Web, often used in tech contexts.",Check out the latest updates on the web!
W8,Wait,"W8, I need to check something first.","A shorthand for ""wait,"" used in quick messages or chats.","Hang on a sec, let me just double-check something real quick."
WAH,Working at home,"I’m WAH today, so I’ll be online later.","Refers to someone working from home, often used in professional settings.","Working from home today, so I'll hop online a bit later."
WAJ,What a jerk,"He cut me off in traffic, WAJ!",Used to describe someone behaving rudely or inconsiderately.,"Blimey, he just rudely pushed past me on the road!"
WAM,Wait a minute,"WAM, I need to grab my keys.",A casual way to ask someone to pause or wait briefly.,"Just a sec, I have to get my keys."
WAN2,Want to,WAN2 grab lunch later?,"A shorthand way to say ""want to,"" commonly used in text messages.",Fancy catching up for lunch later?
WAN2TLK,Want to talk,"Feeling bored, WAN2TLK?",A quick way to ask someone if they want to have a conversation.,"Hey there, feeling a bit idle and fancy a chat?"
WAREZ,pirated software,"Be careful downloading WAREZ, it could be risky.",Refers to illegal copies of software that are often distributed online.,Watch out when you're grabbing unauthorized software – it might land you in trouble.
WAS,Wait a second,"WAS, I need to check my calendar.",A casual way to ask someone to wait for a brief moment.,"Hold on a sec, let me just check my schedule."
WAT,What,WAT are you talking about?,"A shorthand way of saying ""what,"" often used in informal conversations.",What on earth are you talking about?
WAWA,Where are we at?,"We’ve been driving for hours, WAWA?",A way to ask for an update on progress or location.,"Hey, we've been on the road for quite a while now, right?"
WAYF,Where are you from?,Nice to meet you! WAYF?,A common question in online chats to ask about someone’s origin or hometown.,Hey there! Where's home for you?
WBS,Write back soon,"Looking forward to hearing from you, WBS!","A polite request for someone to reply soon, often used in letters or emails.",Can't wait to hear from you soon!
WBU,What about you?,"I’m doing well, WBU?",A question asking someone to share their own situation or feelings.,How's it going for you?
WC,Welcome,"Thanks for the invite, WC!","A simple way to say ""welcome"" in response to thanks.","Thanks for the invite, buddy!"
WCA,Who cares anyway,"It didn’t go as planned, but WCA.","A more dismissive version of ""who cares,"" often used when something doesn’t matter.","Oh well, it didn't work out as expected, oh well."
W/E,Whatever,You don’t agree? W/E.,"A casual or dismissive way of saying ""whatever.""","That's cool, we can disagree anyway."
W/END,Weekend,I’m planning to relax this W/END.,"A shorthand way to refer to the weekend, often used in informal conversation.",I've got plans for a chill weekend ahead.
WE,Whatever,"I didn’t like the movie, but WE.","Another way to say ""whatever,"" used in casual speech.","It wasn't my cup of tea, that movie, but never mind."
WEBO,Webopedia,I looked it up on WEBO.,"Refers to the online tech dictionary Webopedia, used for technical definitions.",I checked it out on the Webopedia.
WEEBO,a person obsessed with of Japanese culture,"He’s such a WEEBO, always watching anime.","Refers to someone who is highly passionate about Japanese culture, often in a fanatical way.","This guy's got quite an obsession with Japanese culture, particularly anime."
WEP,Weapon,What’s your favorite WEP in the game?,"Refers to a weapon, commonly used in gaming contexts.",What's your preferred weapon of choice in the game?
WH5,"Who, what, when, where, why",I need the WH5 of the event before I can plan.,A shorthand for the basic information needed in a situation.,I require details about the specifics of the event for planning purposes.
WHATEVES,Whatever,"They can do what they want, WHATEVES.","A casual or indifferent way of saying ""whatever.""","They can go ahead and do whatever they like, it's all good."
WIBNI,Wouldn’t it be nice if,WIBNI we could take a vacation right now?,Used to express a wish or hopeful scenario.,Isn't it just wonderful to think about going on a vacation right now?
WDALYIC,Who died and left you in charge,"You’re acting like the boss, WDALYIC?",A sarcastic way to challenge someone’s authority or assertiveness.,"Are you acting all big shot here, who made you the boss?"
WDYK,What do you know?,"I just found out the news, WDYK?",Used to ask for someone’s knowledge or opinion on a topic.,"Just heard some news, what's the scoop?"
WDYT,What do you think?,"I’m considering getting a new phone, WDYT?",A simple way to ask for someone’s opinion.,"What about getting a new phone, what's your take on it?"
WGACA,What do you think?,"I’m not sure about the plan, WGACA?",Another way to ask for someone’s opinion or input.,Got any thoughts on this plan?
WIIFM,What’s in it for me?,"I’ll help, but WIIFM?",Used to ask about personal benefits or incentives.,"Why should I help, though?"
WISP,Winning is so pleasurable,"After that victory, I can say WISP!",A playful phrase expressing the joy of winning.,"Man, that win sure feels great!"
WITP,What is the point?,"I don’t get it, WITP of this task?",Used to ask why something is being done or its purpose.,Why on earth does this task matter to me?
WITW,What in the world,WITW is happening over there?,Used to express shock or confusion about something surprising.,What on earth is going on over there?
WIU,Wrap it up,"We’re running out of time, WIU!",A phrase used to tell someone to finish or conclude something quickly.,"Time's a-tickin', let's wrap it up!"
WK,Week,I’ve got a busy WK ahead.,"A shorthand way to say ""week,"" often used in text.",I've got a hectic week coming up.
WKD,Weekend,Can’t wait for the WKD!,A shorthand way of referring to the weekend.,I can't wait for the weekend!
WRT,With regard to,"WRT your last email, I have some questions.","A formal way of referring to a previous point, often used in business communication.","Regarding your last email, I've got a few queries."
WL,Whatta loser,"He didn’t even try, WL!",A playful or critical way to describe someone who isn’t succeeding or trying.,"Man, he just gave up without a fight!"
W/O,Without,I can’t finish this W/O more information.,"A shorthand for ""without,"" commonly used in text or casual writing.",I can't wrap this up without having more info.
WOA,Work of Art,Her painting is a real WOA.,A compliment used to describe something exceptionally well done or beautiful.,That woman's artwork is truly impressive.
WOKE,"people who are aware of current social issues, and politics","He’s so WOKE, always talking about social justice.","Refers to someone who is highly aware or informed about societal issues, often used in a positive or sometimes sarcastic way.",He's always on top of current social issues and advocating for justice.
WOMBAT,"Waste of money, brains and time",That project was a total WOMBAT.,A humorous or critical way to describe something that’s completely pointless or wasteful.,"That project was an absolute waste of money, intelligence, and effort."
WOW,World of Warcraft,I’ve been playing WOW all night!,Refers to the popular online multiplayer game *World of Warcraft*.,Played World of Warcraft all night long!
WRK,Work,"I’m at WRK right now, can’t talk.","A shorthand for ""work,"" often used in text or messaging.","I'm currently working, can't chat."
WRU,Where are you?,"We’re all waiting for you, WRU?",A simple way to ask someone about their location.,"Hey, where are you at the moment?"
WRU@,Where are you at?,"I’m already here, WRU@?","Another way to ask where someone is, often used in casual conversations.","Where are you currently, mate?"
WRUD,What are you doing?,WRUD later tonight?,A quick way to ask someone what they are up to or planning.,Got anything planned for tonight?
WTB,Want to buy,"WTB a new gaming console, any recommendations?",Commonly used in online marketplaces or games when looking to buy something.,Looking for a new gaming console. Any suggestions?
WTFE,What the freak ever,"You didn’t agree? WTFE, I don’t care.","A dismissive way to say ""whatever.""","Didn't you agree? What's up with that, I honestly couldn't care less."
WTFO,"What the freak?, over",You seriously forgot the meeting? WTFO?,"A stronger or more emphatic version of WTF, often used for emphasis.","Goodness gracious, you actually forgot the meeting?!"
WTGP,Want to go private,"We can talk more freely, WTGP?",A phrase used in online chats to suggest moving to a private conversation.,Can we chat privately instead?
WTH,What the heck?,WTH is happening right now?,"A less explicit version of ""WTF,"" expressing confusion or surprise.",What on earth is going on at this moment?
WTM,Who’s the man?,"I got the promotion, WTM?",A phrase used to boast or celebrate an accomplishment.,"Did I score the promotion, then?"
WTS,Want to sell? ,I WTS my old gaming gear.,Commonly used in online marketplaces or games when offering something for sale.,Looking to sell my old gaming equipment.
WTT,Want to trade?,"I have an extra keyboard, WTT for your headphones?",Used to ask if someone wants to trade goods or services.,"Got an extra keyboard here. Got anything audio-wise you'd be willing to swap for it, like headphones perhaps?"
WU,What’s up?,"Hey, WU?",A casual greeting asking how someone is or what they are doing.,"Hey, what's new?"
WUCIWUG,What you see is what you get,The software’s WUCIWUG interface makes it easy to use.,Refers to something straightforward with no hidden elements.,The software's user interface is straightforward and simple to navigate.
WUP,What’s up?,"Long time no chat, WUP?","Another variation of ""What’s up?"", often used in casual conversation.","Long time no talk, what's new?"
WUT,what,WUT did you just say?,"A shorthand way to ask ""what,"" often used in texting or informal chat.",What on earth did you just say?
WUW,What you want?,WUW for dinner tonight?,A casual way to ask what someone wants or prefers.,What do you fancy for dinner tonight?
WUU2,What are you up to?,"Hey, WUU2 this weekend?",A quick way to ask what someone is doing or planning.,"Hey, got anything planned for the weekend?"
WUZ,Meaning “was”,WUZ that a good idea?,"A playful shorthand for ""was,"" used in informal text.",Wasn't that a good idea?
WWJD,What would Jesus do?,"In tough situations, ask yourself WWJD.",A phrase used to reflect on how to act morally or compassionately.,"In difficult circumstances, consider what Jesus would do instead."
WWNC,Will wonders never cease,She finished her project early—WWNC!,Used to express amazement or surprise at something unexpected.,"Incredible, she completed her project ahead of time!"
WWYC,Write when you can,"I’ll be waiting for your email, WWYC.",A polite way to tell someone to get in touch when they have time.,"Let me know when you're ready to send that email, take your time."
WYCM,Will you call me?,"I’ve got some news, WYCM later?",A request for someone to call when they have the chance.,"Hey there, got something to share. Can we chat later on?"
WYD,What are you doing?,WYD this afternoon?,A common way to ask someone about their current or upcoming plans.,What's up this afternoon?
WYGAM,When you get a minute,"Could you send me the file, WYGAM?",A polite way to ask someone to do something when they have time.,"Hey, can you shoot over that file when you have a moment?"
WYHAM,When you have a minute,"Let’s chat about the project, WYHAM.","A similar phrase to WYGAM, used to ask for someone’s attention at their convenience.",How about we talk about that project when you have some time?
WYLEI,When you least expect it,Opportunities come WYLEI.,A phrase that suggests something unexpected will happen at any moment.,Opportunities strike when you least anticipate them.
WYSIWYG,What you see is what you get,"The job offer is straightforward, WYSIWYG.","Refers to something that is exactly as it appears, with no hidden surprises.","The job offer's pretty clear-cut; it's as is, see is what you get."
X-1-10,Exciting,That rollercoaster was X-1-10!,A playful way to describe something as thrilling or exciting.,"Man, that rollercoaster was a thrill ride!"
X,Kiss,"Love you, X!","Used to represent a kiss in a message, often at the end of a note.","Gosh, I adore you so much!"
X!,a typical woman,She’s X! Always multitasking.,Used playfully or stereotypically to describe a woman’s behavior.,She's quite the juggler! Always keeping several balls in the air.
XD,really hard laugh,That joke had me XD!,"Represents laughter, often used in gaming or online chats.",That joke really cracked me up!
XME,Excuse Me,"XME, could you move a little?",A polite way to ask for someone’s attention or space.,"Excuse me, could you please scootch over a bit?"
XOXOXO,Hugs & Kisses,"Missing you, XOXOXO!",A common way to express affection at the end of a message.,"Wishing I could give you a hug, take care!"
XLNT,Excellent,The presentation was XLNT!,A shorthand way to describe something as excellent or impressive.,The presentation was terrific!
XLR8,going faster,Let’s XLR8 and finish this project.,"A stylized way of saying ""accelerate"" or to go faster.",Let's step it up and wrap up this project!
XPOST,Cross-post,I’ll XPOST this to another group.,"Refers to sharing the same content in multiple places, often used in online forums or social media.",I'm going to share this in another group as well.
XYL,Ex-young lady,Ran into my XYL today.,"Refers to a former girlfriend or wife, used in a playful or casual way.",Bumped into an old flame today.
XYZ,Examine your zipper,"Hey, XYZ!",A discreet or playful way of telling someone their zipper is down.,"Hey, check your fly!"
Y?,Why?,Y? I don’t understand.,"A shorthand way to ask ""why.""",Why on earth didn't I get that?
Y,Meaning Yawn,"That movie was boring, Y.",Used to express boredom or sleepiness.,"That film was a real snooze, isn't it?"
Y2K,You’re too kind,"Thanks for helping me with the project, Y2K!",A playful way to express gratitude for someone’s kindness.,"Thanks a bunch for assisting me with the project, you're truly wonderful!"
YA,Your,What’s YA plan for the weekend?,"A shorthand version of ""your,"" commonly used in casual conversation.",What's your plan for the weekend?
YAA,Yet another acronym,This list is full of YAA.,Used humorously to refer to the overuse of acronyms.,This list's brimming with yet more abbreviations.
YABA,Yet another bloody acronym,"Ugh, YABA in this manual!","A more frustrated version of YAA, expressing annoyance with too many acronyms.","Oh dear, another tiresome acronym in this guide!"
YARLY,"Ya, really?",You won the lottery? YARLY?,"A playful or sarcastic way of saying ""really?""","Really, you won the lottery?"
YAS,Meaning “praise”,"YAS, queen!","Used to express enthusiastic approval or praise, often in pop culture contexts.","Absolutely, my queen!"
YBIC,Your brother in Christ,"Take care, YBIC.",Used in religious or Christian communities to refer to fellow believers.,"Be well, my friend in faith."
YBS,You’ll be sorry,"If you skip this, YBS!",A warning that someone may regret their actions.,Skip this and you'll regret it!
YCDBWYCID,You can’t do business when your computer is down,"The system crashed, and YCDBWYCID.",Used to express the frustration of trying to work when technology fails.,"The system went down, can't operate without it."
YCHT,You can have them,Those leftovers? YCHT.,A casual way of offering something to someone.,"Sure thing, those leftovers are all yours."
YCLIU,You can look it up,"If you don’t believe me, YCLIU.",A challenge or suggestion to verify information.,Look it up if you don't trust me.
YCMU,You crack me up,"That joke was hilarious, YCMU!",Used to tell someone they made you laugh.,"Man, that joke had me laughing out loud!"
YCT,Meaning Your comment to?,I noticed YCT on that post.,A way to ask if someone also commented on a particular thread or post.,Did you have something to say in that post?
YD,Yesterday,I finished the project YD.,"A shorthand for ""yesterday.""",I wrapped up the project yesterday.
YEET,approval or display of energy,"He nailed the jump, YEET!","Used to express excitement, approval, or energy, often in sports or enthusiastic situations.","Nailed it, wowza!"
YF,Wife,I’ll check with my YF before making plans.,A shorthand way to refer to one’s wife.,I'll consult my wife before setting any plans.
YG,Young gentleman,The YG was polite and well-dressed.,"Refers to a young man, often used formally.",The young gentleman displayed good manners and was dressed smartly.
YGG,You go girl,"You’re killing it at work, YGG!",A supportive phrase used to cheer on a female friend.,"Nailing it at work, you're fantastic!"
YGTBKM,You’ve got to be kidding me,They canceled the event? YGTBKM!,Used to express disbelief or shock.,They cancelled the event?! That's unbelievable!
YGTR,You got that right,"This heat is unbearable, YGTR.",Used to agree emphatically with someone’s statement.,"This heat is unbearably intense, I must say."
YHBT,You have been trolled,"Don’t fall for it, YHBT.","Used to inform someone they’ve been tricked or ""trolled"" online.","Don't get hooked, you've been pranked!"
YHBW,You have been warned,"If you stay up late, YHBW.",A warning that someone should heed.,"If you keep on staying up late, consider yourself warned!"
YHL,You have lost,"Game over, YHL!",Used to inform someone they’ve lost in a game or competition.,"Game's up, you're beaten!"
YIU,"Yes, I understand","Got it, YIU.",A quick way to confirm that you understand something.,"Understood, got it."
YKW,You know what,"YKW, I think we should just stay home.",Used to start a statement or suggestion.,"You know what, maybe it's best we stay at home."
YKWYCD,You know what you can do,"If you don’t like it, YKWYCD.",A strong or sometimes confrontational suggestion that someone can take action.,"If you're not a fan, figure something out for yourself."
YL,Young lady,The YL at the party was very charming.,"Refers to a young woman, often used in formal or polite contexts.",The young lady at the party was quite captivating.
YMMV,Your mileage may vary,"That diet worked for me, but YMMV.",Used to indicate that results may differ from person to person.,"That diet might work for some folks, but everyone's different."
YOLO,You only live once,Let’s take the trip—YOLO!,"A phrase encouraging people to take risks or seize opportunities, as life is short.","Seize the moment, let's go for that trip!"
YR,Your,What’s YR plan for the weekend?,"A shorthand way to say ""your,"" often used in text or online messaging.","What's your plan for the weekend, mate?"
YRYOCC,You’re running your own cuckoo clock,You think you can pull that off? YRYOCC.,A playful way to suggest that someone is being unrealistic or eccentric.,"Can't see it going smoothly for you, mate."
YSIC,Your sister in Christ,"Praying for you, YSIC.",Used in religious communities to refer to a female believer.,"Sending prayers your way, sister in faith."
YSYD,Yeah sure you do,You remember? YSYD.,A sarcastic response to someone claiming they recall or know something.,Do you really though?
YT,YouTube,Check out this video on YT!,Refers to the popular video-sharing platform YouTube.,Watch this video over on YouTube!
YTB,You’re the best,"Thanks for all your help, YTB!",A compliment or expression of gratitude.,"You're simply amazing, thank you so much for your assistance!"
YTTL,You take too long,"Hurry up, YTTL!",Used to express impatience with someone who is slow.,"Hang on, you're moving slowly!"
YTG,You’re the greatest,"You fixed my computer, YTG!",A compliment expressing admiration or gratitude.,"Man, you really sorted out my computer! Top work!"
YW,You’re welcome,Thanks for the ride! YW!,A polite response to someone’s thanks.,Thanks a bunch for the lift! My pleasure!
YWHNB,"Yes, we have no bananas","We’re out of stock, YWHNB!",A playful phrase meaning something is unavailable.,"Unfortunately, we've run out of stock!"
YWHOL,Yelling “woohoo” out loud,I won the game and was YWHOL!,Describes someone literally or figuratively shouting in excitement.,I won the game and couldn't help but cheer out loud!
YWSYLS,"You win some, you lose some","I didn’t win this time, but YWSYLS.",A way of expressing acceptance of both victories and defeats.,"Ah, it's a no-go for me this round, but you get lucky sometimes, doesn't ya?"
YYSSW,"Yeah, yeah, sure, sure, whatever",You’re going to finish on time? YYSSW.,A dismissive or sarcastic response to something you don’t fully believe.,"Alright then, you'll get it done on time, will you? Okay, okay, go ahead."
Z,Zero,I scored a Z on that test.,"Refers to the number zero, often used to indicate failure or nothing.",I got nothing on that test.
Z%,Zoo,This place is a Z% with all the chaos.,Refers to a chaotic or busy environment.,This joint's absolutely crazy with all the madness here.
ZH,Sleeping Hour,"It’s ZH, goodnight!",Refers to the time when someone usually goes to sleep.,"It's bedtime, good night!"
ZOMG,Oh My God,"ZOMG, I can’t believe you did that!","An exaggerated or enthusiastic version of ""OMG,"" often used for emphasis.","Good grief, I can't believe you did that!"
ZOT,Zero tolerance,Our school has a ZOT policy for bullying.,"Refers to a strict policy where certain behaviors, such as violence or harassment, are not tolerated under any circumstances.",Our school doesn't tolerate bullying at all.
ZUP,What’s up?,"Hey, ZUP with you today?",A casual way to ask how someone is doing or what’s going on.,"Hey, what's going on with you today?"
ZZZZ,Sleeping,"I was so tired, I went to bed and was out in seconds, ZZZZ.","Represents sleep or someone being asleep, often used humorously.","Man, I was knackered, hit the sack and was fast asleep in no time. Zzz."
Bounce,To leave or exit.,"I'm bouncing, see you later.","Often employed casually among friends or peers during informal gatherings as a friendly farewell, indicating departure or departure plans. Most commonly used in urban settings and youth cultures, expressing a relaxed tone.","I've got to split, catch you soon."
Cancelled,Publicly denounced and rejected.,She got cancelled after that post.,"Primarily employed in digital discussions, often among younger demographics, particularly those active on social media platforms. Used to express public rejection or condemnation towards an individual, typically following controversial actions or statements.",She was publicly denounced following that post.
Chill,Relaxed or easy-going.,I'm just chilling today.,"Casual setting among friends or peers, often used on weekends or leisure time, expressing a laid-back attitude and a focus on personal relaxation, predominantly among youth demographics.",I'm taking it easy today.
Dope,Cool or excellent.,That jacket is dope.,"Typically utilized among peers during casual conversations to express admiration or appreciation for something, often within a youthful or urban demographic. The sentiment is generally positive and upbeat.",That jacket is quite cool.
High-Key,Emphatically or openly.,I'm high-key excited for this.,"Often employed among young adults during casual gatherings or online conversations, particularly when expressing enthusiastic anticipation about an upcoming event or situation, reflecting a lively and informal social setting.",I am genuinely thrilled about this.
Hype,Intense excitement.,The hype is real.,"This term is frequently utilized among peers during discussions about eagerly anticipated events, such as the release of a new movie or product launch. It's common in informal settings, particularly among younger demographics expressing enthusiasm and anticipation.",The excitement's genuine.
Noob,Newbie or beginner.,He's such a noob at this game.,"Often used in digital gaming communities among peers during casual or competitive play, expressing a sense of superiority or frustration based on the perceived skill level difference between players. Demographics typically include young adults and teenagers who frequently engage in online multiplayer games.",He's really new to this game.
Oof,An expression of sympathy.,"Oof, that must have hurt.","In casual conversations, particularly when empathizing with someone experiencing pain or disappointment, this term is often used by peers and friends across various age groups and cultural backgrounds. It's usually found in informal settings like social gatherings, online chats, or even sports events.",That certainly sounds painful.
Receipts,Proof or evidence.,Show me the receipts for your claims.,"Typically utilized in casual conversations, particularly online discussions or debates, to demand evidence supporting assertions. Widely used across various demographics but prevalent among younger generations and internet communities. Tone can range from serious to playful depending on the context.",Hand over the evidence to back up your statements.
Spill,Reveal the truth.,"Spill the tea, what happened?","Often used among peers in casual, intimate settings, such as at home or over digital platforms, to engage in gossip or ask for information about a recent event or secret. It's popular among younger demographics and carries a light-hearted, curious tone.","Dish the dirt, what went down?"
Vibes,Good energy.,I'm loving the vibes here.,"Frequently employed among peers during social gatherings or group activities, especially those centered around leisure and relaxation, to express a sense of positivity and enjoyment. Widely used in contemporary youth culture and casual conversations.",I'm really feeling the positive energy here.
Zoomer,A member of Generation Z.,"As a Zoomer, she knows all the trends.","This term is commonly used among peers in casual social settings such as school, work, or online forums, to refer to members of Generation Z who are perceived as being familiar with contemporary trends and culture. The usage often conveys a sense of camaraderie and shared experience, although it can also be used ironically or mockingly by older generations. The demographic primarily utilizing this term is individuals born between the early 1990s and the mid-2000s.","As a Gen-Zer, she's right on top of the latest fads."
Clout,Influence or power.,He's just doing it for the clout.,"Young adults in online or social media environments often employ this term during discussions about personal achievements or viral trends, demonstrating a desire for recognition and validation from peers. The usage may vary between positive affirmation to ironic or cynical remarks, reflecting diverse demographics.",He's merely doing it for the recognition/impact.
Deadass,Seriously; genuinely.,I'm deadass not joking.,"Typically employed in casual conversations among friends or peers expressing strong conviction and sincerity, often online or offline. Popular among younger generations and urban communities, especially in North America.",I'm seriously not kidding.
Hits Different,Something that resonates on a deep level.,That song hits different.,"This term is often employed among peers during leisure activities or shared music experiences, expressing a sense of profound connection or unique appreciation for the music. It's particularly prevalent within younger demographics and informal settings.",That song strikes a chord in a unique way.
JOMO,Joy Of Missing Out.,I'm all about JOMO these days.,"In casual social settings, particularly among young adults and digital natives, the sentiment expresses a preference for personal well-being over attending or participating in every social event, often in response to the constant pressure of staying connected online.",I'm really embracing the pleasure of not keeping up lately.
Living Rent-Free,Taking up a lot of mental space.,She's living rent-free in my mind.,"Typically used in casual conversations between young adults or peers, often referring to someone who persistently occupies one's thoughts, particularly when the person is causing distress or annoyance.",She's really taking up a lot of mental real estate in here.
Main Character,Acting like the main character in life.,She's totally giving main character vibes.,"Typically utilized among peers during casual social gatherings, often to humorously comment on an individual exhibiting excessive self-focus or dramatics. The demographic ranges from young adults to millennials, particularly in informal settings such as parties, group chats, and online forums.",She's absolutely acting like the star of her own life drama.
Normalize,Make something the norm.,We need to normalize self-care.,"In contemporary discussions, particularly within wellness and mental health communities, this sentiment is often expressed to advocate for prioritizing personal care as a societal expectation. It's predominantly used among young adults and millennials who value open dialogues about self-improvement and emotional wellbeing.",Let's make self-care a regular thing.
Pressed,Angry or annoyed.,He's so pressed about the situation.,"Often utilized among friends or peers in casual conversations, typically when discussing frustrating or upsetting circumstances, particularly within urban, youth-oriented demographics. The sentiment expressed is one of anger or annoyance.",He's really worked up over the circumstance.
Resonate,Something that deeply connects or makes sense.,That quote really resonates with me.,"Typically expressed during personal conversations or online discussions among diverse age groups and communities, often indicating a shared sentiment or connection to an idea or experience.",That quote deeply connects with me.
Shooketh,Extremely shocked.,I am shooketh by that twist.,"This slang term is frequently employed among younger generations in casual settings, particularly when discussing unexpected or shocking events. It's common in digital communication platforms and face-to-face interactions with peers, often signaling shared surprise or astonishment. The usage is predominantly informal.",I'm absolutely floored by that twist.
Swerve,To avoid or move away from something.,I had to swerve to avoid the drama.,"Typically employed during lively discussions or heated situations among young adults and urban communities, often conveying a sense of urgency or escape from unwanted encounters.",I needed to steer clear of the fuss.
Tight,Angry or frustrated.,He's tight about what happened.,"Primarily used among friends or peers during casual conversations, often referring to a situation that caused distress or frustration. Typically employed by individuals aged 16-30 in informal settings such as parties, social gatherings, or online chats.",He's pretty upset about what took place.
Unbothered,Not caring; unaffected.,She's completely unbothered by the hate.,"Generally employed among contemporary, youthful demographics in casual conversations, often to express indifference towards negativity or conflicts, especially on social media platforms.",She doesn't let the hate bother her at all.
Wavy,Cool or trendy.,That outfit is wavy.,"Typically used among friends or peers in modern, casual social settings to express admiration for something trendy or fashionable, often associated with younger demographics.",That look is rad.
Whip,Car.,Check out my new whip.,"This term is commonly used among young adults or urban communities during casual conversations, often to show off a new acquisition or express excitement, particularly in social settings such as gatherings or online platforms. The sentiment behind the usage tends to be positive and boisterous.",Check out my fresh set of wheels.
Wildin,Acting wild or out of control.,He was wildin' at the party.,"Often used among young adults during social gatherings such as parties or events, particularly within urban settings, to describe someone who is exhibiting energetic, exuberant, and sometimes unruly behavior. The sentiment behind the usage tends to be playful and lively, reflecting a youthful, carefree attitude.",He was going crazy at the party.
Wylin,Acting wild or out of control.,She's wylin out here.,"In casual social settings, often among younger generations, particularly those familiar with urban or street culture, this term is used to describe an individual behaving exuberantly, perhaps during parties or gatherings. The tone is generally positive and enthusiastic, reflecting excitement or admiration for the person's energetic behavior.",She's really cutting loose here.
Zooted,Under the influence.,He's zooted right now.,"Typically used among friends or acquaintances during social gatherings, often indicating a relaxed and festive atmosphere, particularly within urban youth cultures.",He's high as a kite at the moment.
Zoomies,"Sudden burst of energy, often used to describe pets.",My dog has the zoomies.,"In casual, pet-owning households or social media platforms, this term is often used to humorously describe an energetic and playful behavior exhibited by pets, particularly dogs. The sentiment behind the usage is lighthearted and playful. It tends to be popular among pet lovers of all ages and demographics.",My dog's got a burst of energy!
Spill the Tea,To share gossip or the latest news.,"Come on, spill the tea.","In casual, informal settings, particularly among friends or online communities, this phrase is often used to express curiosity and eagerness for juicy updates or gossip. The usage can be found in various age groups, but it's more prevalent among younger generations.","Alright, fill me in on the latest."
Big Yikes,Something extremely embarrassing or cringeworthy.,That was a big yikes moment.,"Typically utilized among peers during online interactions or casual gatherings, often while discussing awkward or cringeworthy situations, particularly those observed on social media. Popular among younger generations and internet-savvy individuals.",That was quite an awkward/cringy moment.
Bodega,"A small grocery store, typically in an urban area.",I'm heading to the bodega.,"Typically utilized in urban settings by young adults, often in casual conversations about daily errands or quick food stops, expressing a sense of familiarity and local culture.",Heading over to the corner shop.
Gassed Up,Feeling excited or confident.,I'm so gassed up for the concert.,"Young adults or teens at a music event, expressing enthusiasm and anticipation about an upcoming performance, primarily in casual settings among friends.",I'm seriously pumped for the concert!
Fire,Really good or excellent.,That song is fire.,"Youth gatherings, such as parties or hangouts, frequently use this term to express enthusiasm for a particularly enjoyable song or activity, indicating a positive and energetic sentiment. The term has gained popularity among diverse demographics, but is more commonly used by younger generations in informal settings.",That song is top-notch.
Hypebeast,"Someone obsessed with fashion, especially streetwear.",He's such a hypebeast.,"Typically used among young adults in urban settings discussing fashion trends, often carrying a tone of admiration or derision, particularly within peer groups interested in streetwear culture.","He's really into fashion trends, especially streetwear."
Keep it 100,To be honest and truthful.,I'm just keeping it 100 with you.,"Typically used among peers in casual settings to express candidness and honesty, often among young adults and urban communities. Often employed in dialogues discussing sensitive topics or difficult truths.",I'm being straight-up honest with you.
No Cap,No lie; truth.,"That's the best movie, no cap.","Typically used among peers, especially online, to emphasize truthfulness and authenticity during casual discussions about personal opinions or preferences. Often found in conversations surrounding entertainment, sports, or lifestyle choices. Primarily popular with young adults and urban demographics, particularly those who engage in digital culture.","That's honestly the best movie, for real."
Plug,Someone who can supply something needed.,He's the plug for all the best snacks.,"Typically employed within casual friend groups to denote a reliable resource for acquiring desired items, often in urban settings, particularly among younger demographics, signifying camaraderie and mutual aid.",He's always got the hook-up on the top treats.
Sneak Diss,A subtle or indirect insult.,Was that a sneak diss?,"Usually employed in casual conversations among young adults or peers, often in social settings such as parties or online chats, when one person subtly criticizes another in a playful manner to assert dominance or wit.",Was that a veiled jibe?
Stay Woke,"Stay aware, especially of social issues.",Stay woke about what's happening.,"Primarily used in contemporary online discussions and activist communities to emphasize awareness of social and political issues, particularly those pertaining to race, class, and gender. It is often employed among younger generations, particularly in urban settings, carrying a tone of vigilance and social consciousness.",Keep your eyes open to what's going on.
Thicc,Describing someone with a curvy figure.,She's so thicc.,"In informal, online settings, particularly social media platforms or chat forums, predominantly among younger demographics, this term is often used to express admiration or appreciation towards an individual perceived as having a curvy figure. The tone tends to be playful and casual.",She's got a lovely curvaceous figure.
Vibe,The mood or atmosphere.,I love the vibe here.,"Young adults or millennials often use this expression during social gatherings or leisure activities to describe an enjoyable, lively, and upbeat atmosphere, particularly in casual settings such as parties, music festivals, or creative workshops.",I really dig the ambiance here.
Wild,Crazy or out of control.,That party was wild.,"Typically used among friends or acquaintances during social gatherings to describe an event's energetic atmosphere and unpredictability, especially when it exceeds expectations. Often heard at nightlife venues such as clubs, bars, or parties, particularly those featuring live music or dancing. Most prevalent among younger adults and urban populations.",That party was absolutely bonkers.
Big Mood,A strong feeling or sentiment that others relate to.,That nap was a big mood.,"Often employed among peers during casual online conversations or face-to-face interactions, particularly in younger demographics expressing shared sentiments of relaxation and relief.",That nap really hit the spot.
Clap Back,"A quick, sharp, and witty retort.",That clap back was on point.,"Typically used among youth and social media users during lively online discussions, signifying a clever response intended to assert dominance or challenge assumptions, often with a humorous undertone.",That comeback was spot-on.
Low-Key,Subtly or secretly.,I'm low-key worried about the test.,"This phrase is commonly employed during casual conversations among peers or friends, particularly when discussing personal concerns or anxieties that one might want to keep discreet. It's often used in settings such as study groups, hangouts, or online chats. The demographic range varies widely, but it's most prevalent among teenagers and young adults, especially those who engage in informal, digital communication.",I've got a bit of a quiet concern about that test.
Yolo,You Only Live Once; a call to take risks.,"I'm gonna do it, YOLO!","Typically expressed among youth or friends during spontaneous decisions, often in casual settings such as parties or gatherings, signifying a desire for adventure and seizing opportunities. Demographic range is broad, but predominantly popular with millennials and Generation Z.",I'm gonna go for it - seize the day!
Bruh,"A casual term for ""bro"" or ""dude.""","Come on, bruh, let's go.","Casual social setting among peers, typically expresses camaraderie and shared excitement or urgency, predominantly among younger demographics, such as teenagers and young adults.","Hey there, buddy, let's get moving."
Goat,Greatest Of All Time.,Messi is the goat of football.,"Generally utilized among sports enthusiasts, particularly soccer fans, during discussions about outstanding athletes or memorable performances. Most prevalent online, in social media groups, and at live sporting events, often indicating admiration or respect. Demographics range from teenagers to adults.",Messi is the best ever in football.
Glow Up,A significant improvement in appearance or style.,She had a major glow-up over the summer.,"Typically observed among younger demographics, particularly on social media platforms, to express noticeable personal transformation or fashion evolution, often during periods of growth or self-improvement.",She underwent a remarkable transformation in appearance over the summer.
Cap,A lie or something untrue.,"That's cap, you didn't do that.","In informal settings among young adults or urban communities, often used to express skepticism or disbelief towards a claim made by another person, typically delivered with a sarcastic tone.","That's pure bunkum, you didn't actually do it."
Dead,Used to describe something very funny.,"I'm dead, that was hilarious.","This term is often employed in casual settings among friends or peers, particularly during lively discussions or shared experiences that evoke laughter, such as watching comedies or exchanging jokes. It indicates a strong positive sentiment and is commonly used by individuals belonging to a wide range of demographics who appreciate humor and camaraderie.",That was absolutely bloody hilarious!
Mood,An expression of a relatable feeling or vibe.,That's such a mood.,"Social setting (who, when, where): Young adults or peers, often on social media platforms, comment sections, or messaging apps, while discussing relatable situations, shared experiences, or expressing empathy with one another. Sentiment/tone: Empathetic, understanding, or supportive. Demographics: Primarily millennials and Generation Z, although can be used by anyone who shares a common understanding of the context.",That really hits the spot in terms of expressing a relatable feeling.
Savage,"Acting fierce, confident, and unfiltered.",Her clap back was savage.,"This term is often utilized in informal, online settings, particularly among younger demographics, during exchanges where one individual asserts dominance or confidence in a bold, unfiltered manner.",Her comeback was fierce.
